# Blender 3.3.1
# www.blender.org
mtllib AE86-night.mtl
o obj2
v 13.566165 -3.867065 36.185001
v 13.566166 -6.206932 30.679436
v 13.566167 -3.867067 25.173870
v 13.566166 9.483931 30.679432
v 13.566165 7.144066 36.184998
v 13.566167 7.144064 25.173868
v 21.136320 1.638500 30.679436
v 21.136320 -3.867066 30.679436
v 21.136318 -2.215395 34.533333
v 21.136320 1.638500 30.679436
v 21.136320 1.638499 25.173872
v 21.136320 -2.215397 26.825541
v 21.136320 1.638500 30.679436
v 21.136320 7.144065 30.679434
v 21.136320 5.492394 26.825539
v 21.136320 1.638500 30.679436
v 21.136318 1.638500 36.185001
v 21.136318 5.492396 34.533333
v 21.136320 1.638500 30.679436
v 21.136320 5.492394 26.825539
v 21.136320 1.638499 25.173872
v 21.136320 1.638500 30.679436
v 21.136318 5.492396 34.533333
v 21.136320 7.144065 30.679434
v 21.136320 1.638500 30.679436
v 21.136318 -2.215395 34.533333
v 21.136318 1.638500 36.185001
v 21.136320 1.638500 30.679436
v 21.136320 -2.215397 26.825541
v 21.136320 -3.867066 30.679436
v 13.566165 -3.867065 36.185001
v 13.566167 -3.867067 25.173870
v 13.566165 1.638501 38.524860
v 13.566167 -3.867067 25.173870
v 13.566167 1.638498 22.834003
v 13.566165 1.638501 38.524860
v 13.566165 1.638501 38.524860
v 13.566167 1.638498 22.834003
v 13.566165 7.144066 36.184998
v 13.566167 1.638498 22.834003
v 13.566167 7.144064 25.173868
v 13.566165 7.144066 36.184998
v 21.136320 9.483931 30.679434
v 21.136320 7.144065 30.679434
v 21.136318 7.144066 36.185001
v 21.136320 7.144065 30.679434
v 21.136318 5.492396 34.533333
v 21.136318 7.144066 36.185001
v 21.136318 5.492396 34.533333
v 21.136318 1.638500 36.185001
v 21.136318 7.144066 36.185001
v 21.136318 1.638500 36.185001
v 21.136318 1.638501 38.524864
v 21.136318 7.144066 36.185001
v 21.136318 -2.215395 34.533333
v 21.136318 -3.867065 36.185001
v 21.136318 1.638500 36.185001
v 21.136318 -3.867065 36.185001
v 21.136318 1.638501 38.524864
v 21.136318 1.638500 36.185001
v 21.136320 -3.867066 30.679436
v 21.136320 -6.206932 30.679436
v 21.136318 -2.215395 34.533333
v 21.136320 -6.206932 30.679436
v 21.136318 -3.867065 36.185001
v 21.136318 -2.215395 34.533333
v 21.136320 -3.867067 25.173872
v 21.136320 -6.206932 30.679436
v 21.136320 -2.215397 26.825541
v 21.136320 -6.206932 30.679436
v 21.136320 -3.867066 30.679436
v 21.136320 -2.215397 26.825541
v 21.136320 1.638498 22.834005
v 21.136320 -3.867067 25.173872
v 21.136320 1.638499 25.173872
v 21.136320 -3.867067 25.173872
v 21.136320 -2.215397 26.825541
v 21.136320 1.638499 25.173872
v 21.136320 1.638498 22.834005
v 21.136320 1.638499 25.173872
v 21.136320 7.144064 25.173870
v 21.136320 1.638499 25.173872
v 21.136320 5.492394 26.825539
v 21.136320 7.144064 25.173870
v 21.136320 7.144064 25.173870
v 21.136320 5.492394 26.825539
v 21.136320 9.483931 30.679434
v 21.136320 5.492394 26.825539
v 21.136320 7.144065 30.679434
v 21.136320 9.483931 30.679434
v 21.136320 7.144064 25.173870
v 13.566167 7.144064 25.173868
v 21.136320 1.638498 22.834005
v 13.566167 7.144064 25.173868
v 13.566167 1.638498 22.834003
v 21.136320 1.638498 22.834005
v 21.136320 9.483931 30.679434
v 13.566166 9.483931 30.679432
v 21.136320 7.144064 25.173870
v 13.566166 9.483931 30.679432
v 13.566167 7.144064 25.173868
v 21.136320 7.144064 25.173870
v 21.136318 7.144066 36.185001
v 13.566165 7.144066 36.184998
v 21.136320 9.483931 30.679434
v 13.566165 7.144066 36.184998
v 13.566166 9.483931 30.679432
v 21.136320 9.483931 30.679434
v 21.136318 1.638501 38.524864
v 13.566165 1.638501 38.524860
v 21.136318 7.144066 36.185001
v 13.566165 1.638501 38.524860
v 13.566165 7.144066 36.184998
v 21.136318 7.144066 36.185001
v 21.136318 -3.867065 36.185001
v 13.566165 -3.867065 36.185001
v 21.136318 1.638501 38.524864
v 13.566165 -3.867065 36.185001
v 13.566165 1.638501 38.524860
v 21.136318 1.638501 38.524864
v 21.136320 -6.206932 30.679436
v 13.566166 -6.206932 30.679436
v 21.136318 -3.867065 36.185001
v 13.566166 -6.206932 30.679436
v 13.566165 -3.867065 36.185001
v 21.136318 -3.867065 36.185001
v 21.136320 -3.867067 25.173872
v 13.566167 -3.867067 25.173870
v 21.136320 -6.206932 30.679436
v 13.566167 -3.867067 25.173870
v 13.566166 -6.206932 30.679436
v 21.136320 -6.206932 30.679436
v 21.136320 1.638498 22.834005
v 13.566167 1.638498 22.834003
v 21.136320 -3.867067 25.173872
v 13.566167 1.638498 22.834003
v 13.566167 -3.867067 25.173870
v 21.136320 -3.867067 25.173872
v -13.566165 -3.867065 36.185001
v -13.566166 -6.206932 30.679436
v -13.566167 -3.867067 25.173870
v -13.566166 9.483931 30.679432
v -13.566165 7.144066 36.184998
v -13.566167 7.144064 25.173868
v -21.136320 1.638500 30.679436
v -21.136320 -3.867066 30.679436
v -21.136318 -2.215395 34.533333
v -21.136320 1.638500 30.679436
v -21.136320 1.638499 25.173872
v -21.136320 -2.215397 26.825541
v -21.136320 1.638500 30.679436
v -21.136320 7.144065 30.679434
v -21.136320 5.492394 26.825539
v -21.136320 1.638500 30.679436
v -21.136318 1.638500 36.185001
v -21.136318 5.492396 34.533333
v -21.136320 1.638500 30.679436
v -21.136320 5.492394 26.825539
v -21.136320 1.638499 25.173872
v -21.136320 1.638500 30.679436
v -21.136318 5.492396 34.533333
v -21.136320 7.144065 30.679434
v -21.136320 1.638500 30.679436
v -21.136318 -2.215395 34.533333
v -21.136318 1.638500 36.185001
v -21.136320 1.638500 30.679436
v -21.136320 -2.215397 26.825541
v -21.136320 -3.867066 30.679436
v -13.566165 -3.867065 36.185001
v -13.566167 -3.867067 25.173870
v -13.566165 1.638501 38.524860
v -13.566167 -3.867067 25.173870
v -13.566167 1.638498 22.834003
v -13.566165 1.638501 38.524860
v -13.566165 1.638501 38.524860
v -13.566167 1.638498 22.834003
v -13.566165 7.144066 36.184998
v -13.566167 1.638498 22.834003
v -13.566167 7.144064 25.173868
v -13.566165 7.144066 36.184998
v -21.136320 9.483931 30.679434
v -21.136320 7.144065 30.679434
v -21.136318 7.144066 36.185001
v -21.136320 7.144065 30.679434
v -21.136318 5.492396 34.533333
v -21.136318 7.144066 36.185001
v -21.136318 5.492396 34.533333
v -21.136318 1.638500 36.185001
v -21.136318 7.144066 36.185001
v -21.136318 1.638500 36.185001
v -21.136318 1.638501 38.524864
v -21.136318 7.144066 36.185001
v -21.136318 -2.215395 34.533333
v -21.136318 -3.867065 36.185001
v -21.136318 1.638500 36.185001
v -21.136318 -3.867065 36.185001
v -21.136318 1.638501 38.524864
v -21.136318 1.638500 36.185001
v -21.136320 -3.867066 30.679436
v -21.136320 -6.206932 30.679436
v -21.136318 -2.215395 34.533333
v -21.136320 -6.206932 30.679436
v -21.136318 -3.867065 36.185001
v -21.136318 -2.215395 34.533333
v -21.136320 -3.867067 25.173872
v -21.136320 -6.206932 30.679436
v -21.136320 -2.215397 26.825541
v -21.136320 -6.206932 30.679436
v -21.136320 -3.867066 30.679436
v -21.136320 -2.215397 26.825541
v -21.136320 1.638498 22.834005
v -21.136320 -3.867067 25.173872
v -21.136320 1.638499 25.173872
v -21.136320 -3.867067 25.173872
v -21.136320 -2.215397 26.825541
v -21.136320 1.638499 25.173872
v -21.136320 1.638498 22.834005
v -21.136320 1.638499 25.173872
v -21.136320 7.144064 25.173870
v -21.136320 1.638499 25.173872
v -21.136320 5.492394 26.825539
v -21.136320 7.144064 25.173870
v -21.136320 7.144064 25.173870
v -21.136320 5.492394 26.825539
v -21.136320 9.483931 30.679434
v -21.136320 5.492394 26.825539
v -21.136320 7.144065 30.679434
v -21.136320 9.483931 30.679434
v -21.136320 7.144064 25.173870
v -13.566167 7.144064 25.173868
v -21.136320 1.638498 22.834005
v -13.566167 7.144064 25.173868
v -13.566167 1.638498 22.834003
v -21.136320 1.638498 22.834005
v -21.136320 9.483931 30.679434
v -13.566166 9.483931 30.679432
v -21.136320 7.144064 25.173870
v -13.566166 9.483931 30.679432
v -13.566167 7.144064 25.173868
v -21.136320 7.144064 25.173870
v -21.136318 7.144066 36.185001
v -13.566165 7.144066 36.184998
v -21.136320 9.483931 30.679434
v -13.566165 7.144066 36.184998
v -13.566166 9.483931 30.679432
v -21.136320 9.483931 30.679434
v -21.136318 1.638501 38.524864
v -13.566165 1.638501 38.524860
v -21.136318 7.144066 36.185001
v -13.566165 1.638501 38.524860
v -13.566165 7.144066 36.184998
v -21.136318 7.144066 36.185001
v -21.136318 -3.867065 36.185001
v -13.566165 -3.867065 36.185001
v -21.136318 1.638501 38.524864
v -13.566165 -3.867065 36.185001
v -13.566165 1.638501 38.524860
v -21.136318 1.638501 38.524864
v -21.136320 -6.206932 30.679436
v -13.566166 -6.206932 30.679436
v -21.136318 -3.867065 36.185001
v -13.566166 -6.206932 30.679436
v -13.566165 -3.867065 36.185001
v -21.136318 -3.867065 36.185001
v -21.136320 -3.867067 25.173872
v -13.566167 -3.867067 25.173870
v -21.136320 -6.206932 30.679436
v -13.566167 -3.867067 25.173870
v -13.566166 -6.206932 30.679436
v -21.136320 -6.206932 30.679436
v -21.136320 1.638498 22.834005
v -13.566167 1.638498 22.834003
v -21.136320 -3.867067 25.173872
v -13.566167 1.638498 22.834003
v -13.566167 -3.867067 25.173870
v -21.136320 -3.867067 25.173872
v -13.566165 -3.867065 36.185001
v -13.566166 -6.206932 30.679436
v -13.566167 -3.867067 25.173870
v -13.566166 9.483931 30.679432
v -13.566165 7.144066 36.184998
v -13.566167 7.144064 25.173868
v -21.136320 1.638500 30.679436
v -21.136320 -3.867066 30.679436
v -21.136318 -2.215395 34.533333
v -21.136320 1.638500 30.679436
v -21.136320 1.638499 25.173872
v -21.136320 -2.215397 26.825541
v -21.136320 1.638500 30.679436
v -21.136320 7.144065 30.679434
v -21.136320 5.492394 26.825539
v -21.136320 1.638500 30.679436
v -21.136318 1.638500 36.185001
v -21.136318 5.492396 34.533333
v -21.136320 1.638500 30.679436
v -21.136320 5.492394 26.825539
v -21.136320 1.638499 25.173872
v -21.136320 1.638500 30.679436
v -21.136318 5.492396 34.533333
v -21.136320 7.144065 30.679434
v -21.136320 1.638500 30.679436
v -21.136318 -2.215395 34.533333
v -21.136318 1.638500 36.185001
v -21.136320 1.638500 30.679436
v -21.136320 -2.215397 26.825541
v -21.136320 -3.867066 30.679436
v -13.566165 -3.867065 36.185001
v -13.566167 -3.867067 25.173870
v -13.566165 1.638501 38.524860
v -13.566167 -3.867067 25.173870
v -13.566167 1.638498 22.834003
v -13.566165 1.638501 38.524860
v -13.566165 1.638501 38.524860
v -13.566167 1.638498 22.834003
v -13.566165 7.144066 36.184998
v -13.566167 1.638498 22.834003
v -13.566167 7.144064 25.173868
v -13.566165 7.144066 36.184998
v -21.136320 9.483931 30.679434
v -21.136320 7.144065 30.679434
v -21.136318 7.144066 36.185001
v -21.136320 7.144065 30.679434
v -21.136318 5.492396 34.533333
v -21.136318 7.144066 36.185001
v -21.136318 5.492396 34.533333
v -21.136318 1.638500 36.185001
v -21.136318 7.144066 36.185001
v -21.136318 1.638500 36.185001
v -21.136318 1.638501 38.524864
v -21.136318 7.144066 36.185001
v -21.136318 -2.215395 34.533333
v -21.136318 -3.867065 36.185001
v -21.136318 1.638500 36.185001
v -21.136318 -3.867065 36.185001
v -21.136318 1.638501 38.524864
v -21.136318 1.638500 36.185001
v -21.136320 -3.867066 30.679436
v -21.136320 -6.206932 30.679436
v -21.136318 -2.215395 34.533333
v -21.136320 -6.206932 30.679436
v -21.136318 -3.867065 36.185001
v -21.136318 -2.215395 34.533333
v -21.136320 -3.867067 25.173872
v -21.136320 -6.206932 30.679436
v -21.136320 -2.215397 26.825541
v -21.136320 -6.206932 30.679436
v -21.136320 -3.867066 30.679436
v -21.136320 -2.215397 26.825541
v -21.136320 1.638498 22.834005
v -21.136320 -3.867067 25.173872
v -21.136320 1.638499 25.173872
v -21.136320 -3.867067 25.173872
v -21.136320 -2.215397 26.825541
v -21.136320 1.638499 25.173872
v -21.136320 1.638498 22.834005
v -21.136320 1.638499 25.173872
v -21.136320 7.144064 25.173870
v -21.136320 1.638499 25.173872
v -21.136320 5.492394 26.825539
v -21.136320 7.144064 25.173870
v -21.136320 7.144064 25.173870
v -21.136320 5.492394 26.825539
v -21.136320 9.483931 30.679434
v -21.136320 5.492394 26.825539
v -21.136320 7.144065 30.679434
v -21.136320 9.483931 30.679434
v -21.136320 7.144064 25.173870
v -13.566167 7.144064 25.173868
v -21.136320 1.638498 22.834005
v -13.566167 7.144064 25.173868
v -13.566167 1.638498 22.834003
v -21.136320 1.638498 22.834005
v -21.136320 9.483931 30.679434
v -13.566166 9.483931 30.679432
v -21.136320 7.144064 25.173870
v -13.566166 9.483931 30.679432
v -13.566167 7.144064 25.173868
v -21.136320 7.144064 25.173870
v -21.136318 7.144066 36.185001
v -13.566165 7.144066 36.184998
v -21.136320 9.483931 30.679434
v -13.566165 7.144066 36.184998
v -13.566166 9.483931 30.679432
v -21.136320 9.483931 30.679434
v -21.136318 1.638501 38.524864
v -13.566165 1.638501 38.524860
v -21.136318 7.144066 36.185001
v -13.566165 1.638501 38.524860
v -13.566165 7.144066 36.184998
v -21.136318 7.144066 36.185001
v -21.136318 -3.867065 36.185001
v -13.566165 -3.867065 36.185001
v -21.136318 1.638501 38.524864
v -13.566165 -3.867065 36.185001
v -13.566165 1.638501 38.524860
v -21.136318 1.638501 38.524864
v -21.136320 -6.206932 30.679436
v -13.566166 -6.206932 30.679436
v -21.136318 -3.867065 36.185001
v -13.566166 -6.206932 30.679436
v -13.566165 -3.867065 36.185001
v -21.136318 -3.867065 36.185001
v -21.136320 -3.867067 25.173872
v -13.566167 -3.867067 25.173870
v -21.136320 -6.206932 30.679436
v -13.566167 -3.867067 25.173870
v -13.566166 -6.206932 30.679436
v -21.136320 -6.206932 30.679436
v -21.136320 1.638498 22.834005
v -13.566167 1.638498 22.834003
v -21.136320 -3.867067 25.173872
v -13.566167 1.638498 22.834003
v -13.566167 -3.867067 25.173870
v -21.136320 -3.867067 25.173872
v 13.566165 -3.867065 36.185001
v 13.566166 -6.206932 30.679436
v 13.566167 -3.867067 25.173870
v 13.566166 9.483931 30.679432
v 13.566165 7.144066 36.184998
v 13.566167 7.144064 25.173868
v 21.136320 1.638500 30.679436
v 21.136320 -3.867066 30.679436
v 21.136318 -2.215395 34.533333
v 21.136320 1.638500 30.679436
v 21.136320 1.638499 25.173872
v 21.136320 -2.215397 26.825541
v 21.136320 1.638500 30.679436
v 21.136320 7.144065 30.679434
v 21.136320 5.492394 26.825539
v 21.136320 1.638500 30.679436
v 21.136318 1.638500 36.185001
v 21.136318 5.492396 34.533333
v 21.136320 1.638500 30.679436
v 21.136320 5.492394 26.825539
v 21.136320 1.638499 25.173872
v 21.136320 1.638500 30.679436
v 21.136318 5.492396 34.533333
v 21.136320 7.144065 30.679434
v 21.136320 1.638500 30.679436
v 21.136318 -2.215395 34.533333
v 21.136318 1.638500 36.185001
v 21.136320 1.638500 30.679436
v 21.136320 -2.215397 26.825541
v 21.136320 -3.867066 30.679436
v 13.566165 -3.867065 36.185001
v 13.566167 -3.867067 25.173870
v 13.566165 1.638501 38.524860
v 13.566167 -3.867067 25.173870
v 13.566167 1.638498 22.834003
v 13.566165 1.638501 38.524860
v 13.566165 1.638501 38.524860
v 13.566167 1.638498 22.834003
v 13.566165 7.144066 36.184998
v 13.566167 1.638498 22.834003
v 13.566167 7.144064 25.173868
v 13.566165 7.144066 36.184998
v 21.136320 9.483931 30.679434
v 21.136320 7.144065 30.679434
v 21.136318 7.144066 36.185001
v 21.136320 7.144065 30.679434
v 21.136318 5.492396 34.533333
v 21.136318 7.144066 36.185001
v 21.136318 5.492396 34.533333
v 21.136318 1.638500 36.185001
v 21.136318 7.144066 36.185001
v 21.136318 1.638500 36.185001
v 21.136318 1.638501 38.524864
v 21.136318 7.144066 36.185001
v 21.136318 -2.215395 34.533333
v 21.136318 -3.867065 36.185001
v 21.136318 1.638500 36.185001
v 21.136318 -3.867065 36.185001
v 21.136318 1.638501 38.524864
v 21.136318 1.638500 36.185001
v 21.136320 -3.867066 30.679436
v 21.136320 -6.206932 30.679436
v 21.136318 -2.215395 34.533333
v 21.136320 -6.206932 30.679436
v 21.136318 -3.867065 36.185001
v 21.136318 -2.215395 34.533333
v 21.136320 -3.867067 25.173872
v 21.136320 -6.206932 30.679436
v 21.136320 -2.215397 26.825541
v 21.136320 -6.206932 30.679436
v 21.136320 -3.867066 30.679436
v 21.136320 -2.215397 26.825541
v 21.136320 1.638498 22.834005
v 21.136320 -3.867067 25.173872
v 21.136320 1.638499 25.173872
v 21.136320 -3.867067 25.173872
v 21.136320 -2.215397 26.825541
v 21.136320 1.638499 25.173872
v 21.136320 1.638498 22.834005
v 21.136320 1.638499 25.173872
v 21.136320 7.144064 25.173870
v 21.136320 1.638499 25.173872
v 21.136320 5.492394 26.825539
v 21.136320 7.144064 25.173870
v 21.136320 7.144064 25.173870
v 21.136320 5.492394 26.825539
v 21.136320 9.483931 30.679434
v 21.136320 5.492394 26.825539
v 21.136320 7.144065 30.679434
v 21.136320 9.483931 30.679434
v 21.136320 7.144064 25.173870
v 13.566167 7.144064 25.173868
v 21.136320 1.638498 22.834005
v 13.566167 7.144064 25.173868
v 13.566167 1.638498 22.834003
v 21.136320 1.638498 22.834005
v 21.136320 9.483931 30.679434
v 13.566166 9.483931 30.679432
v 21.136320 7.144064 25.173870
v 13.566166 9.483931 30.679432
v 13.566167 7.144064 25.173868
v 21.136320 7.144064 25.173870
v 21.136318 7.144066 36.185001
v 13.566165 7.144066 36.184998
v 21.136320 9.483931 30.679434
v 13.566165 7.144066 36.184998
v 13.566166 9.483931 30.679432
v 21.136320 9.483931 30.679434
v 21.136318 1.638501 38.524864
v 13.566165 1.638501 38.524860
v 21.136318 7.144066 36.185001
v 13.566165 1.638501 38.524860
v 13.566165 7.144066 36.184998
v 21.136318 7.144066 36.185001
v 21.136318 -3.867065 36.185001
v 13.566165 -3.867065 36.185001
v 21.136318 1.638501 38.524864
v 13.566165 -3.867065 36.185001
v 13.566165 1.638501 38.524860
v 21.136318 1.638501 38.524864
v 21.136320 -6.206932 30.679436
v 13.566166 -6.206932 30.679436
v 21.136318 -3.867065 36.185001
v 13.566166 -6.206932 30.679436
v 13.566165 -3.867065 36.185001
v 21.136318 -3.867065 36.185001
v 21.136320 -3.867067 25.173872
v 13.566167 -3.867067 25.173870
v 21.136320 -6.206932 30.679436
v 13.566167 -3.867067 25.173870
v 13.566166 -6.206932 30.679436
v 21.136320 -6.206932 30.679436
v 21.136320 1.638498 22.834005
v 13.566167 1.638498 22.834003
v 21.136320 -3.867067 25.173872
v 13.566167 1.638498 22.834003
v 13.566167 -3.867067 25.173870
v 21.136320 -3.867067 25.173872
v 13.566165 -3.867065 -38.281837
v 13.566166 -6.206932 -32.776268
v 13.566167 -3.867067 -27.270704
v 13.566166 9.483931 -32.776268
v 13.566165 7.144066 -38.281830
v 13.566167 7.144064 -27.270702
v 21.136320 1.638500 -32.776268
v 21.136320 -3.867066 -32.776268
v 21.136318 -2.215395 -36.630165
v 21.136320 1.638500 -32.776268
v 21.136320 1.638499 -27.270706
v 21.136320 -2.215397 -28.922375
v 21.136320 1.638500 -32.776268
v 21.136320 7.144065 -32.776268
v 21.136320 5.492394 -28.922373
v 21.136320 1.638500 -32.776268
v 21.136318 1.638500 -38.281837
v 21.136318 5.492396 -36.630165
v 21.136320 1.638500 -32.776268
v 21.136320 5.492394 -28.922373
v 21.136320 1.638499 -27.270706
v 21.136320 1.638500 -32.776268
v 21.136318 5.492396 -36.630165
v 21.136320 7.144065 -32.776268
v 21.136320 1.638500 -32.776268
v 21.136318 -2.215395 -36.630165
v 21.136318 1.638500 -38.281837
v 21.136320 1.638500 -32.776268
v 21.136320 -2.215397 -28.922375
v 21.136320 -3.867066 -32.776268
v 13.566165 -3.867065 -38.281837
v 13.566167 -3.867067 -27.270704
v 13.566165 1.638501 -40.621696
v 13.566167 -3.867067 -27.270704
v 13.566167 1.638498 -24.930838
v 13.566165 1.638501 -40.621696
v 13.566165 1.638501 -40.621696
v 13.566167 1.638498 -24.930838
v 13.566165 7.144066 -38.281830
v 13.566167 1.638498 -24.930838
v 13.566167 7.144064 -27.270702
v 13.566165 7.144066 -38.281830
v 21.136320 9.483931 -32.776268
v 21.136320 7.144065 -32.776268
v 21.136318 7.144066 -38.281837
v 21.136320 7.144065 -32.776268
v 21.136318 5.492396 -36.630165
v 21.136318 7.144066 -38.281837
v 21.136318 5.492396 -36.630165
v 21.136318 1.638500 -38.281837
v 21.136318 7.144066 -38.281837
v 21.136318 1.638500 -38.281837
v 21.136318 1.638501 -40.621696
v 21.136318 7.144066 -38.281837
v 21.136318 -2.215395 -36.630165
v 21.136318 -3.867065 -38.281837
v 21.136318 1.638500 -38.281837
v 21.136318 -3.867065 -38.281837
v 21.136318 1.638501 -40.621696
v 21.136318 1.638500 -38.281837
v 21.136320 -3.867066 -32.776268
v 21.136320 -6.206932 -32.776268
v 21.136318 -2.215395 -36.630165
v 21.136320 -6.206932 -32.776268
v 21.136318 -3.867065 -38.281837
v 21.136318 -2.215395 -36.630165
v 21.136320 -3.867067 -27.270706
v 21.136320 -6.206932 -32.776268
v 21.136320 -2.215397 -28.922375
v 21.136320 -6.206932 -32.776268
v 21.136320 -3.867066 -32.776268
v 21.136320 -2.215397 -28.922375
v 21.136320 1.638498 -24.930840
v 21.136320 -3.867067 -27.270706
v 21.136320 1.638499 -27.270706
v 21.136320 -3.867067 -27.270706
v 21.136320 -2.215397 -28.922375
v 21.136320 1.638499 -27.270706
v 21.136320 1.638498 -24.930840
v 21.136320 1.638499 -27.270706
v 21.136320 7.144064 -27.270704
v 21.136320 1.638499 -27.270706
v 21.136320 5.492394 -28.922373
v 21.136320 7.144064 -27.270704
v 21.136320 7.144064 -27.270704
v 21.136320 5.492394 -28.922373
v 21.136320 9.483931 -32.776268
v 21.136320 5.492394 -28.922373
v 21.136320 7.144065 -32.776268
v 21.136320 9.483931 -32.776268
v 21.136320 7.144064 -27.270704
v 13.566167 7.144064 -27.270702
v 21.136320 1.638498 -24.930840
v 13.566167 7.144064 -27.270702
v 13.566167 1.638498 -24.930838
v 21.136320 1.638498 -24.930840
v 21.136320 9.483931 -32.776268
v 13.566166 9.483931 -32.776268
v 21.136320 7.144064 -27.270704
v 13.566166 9.483931 -32.776268
v 13.566167 7.144064 -27.270702
v 21.136320 7.144064 -27.270704
v 21.136318 7.144066 -38.281837
v 13.566165 7.144066 -38.281830
v 21.136320 9.483931 -32.776268
v 13.566165 7.144066 -38.281830
v 13.566166 9.483931 -32.776268
v 21.136320 9.483931 -32.776268
v 21.136318 1.638501 -40.621696
v 13.566165 1.638501 -40.621696
v 21.136318 7.144066 -38.281837
v 13.566165 1.638501 -40.621696
v 13.566165 7.144066 -38.281830
v 21.136318 7.144066 -38.281837
v 21.136318 -3.867065 -38.281837
v 13.566165 -3.867065 -38.281837
v 21.136318 1.638501 -40.621696
v 13.566165 -3.867065 -38.281837
v 13.566165 1.638501 -40.621696
v 21.136318 1.638501 -40.621696
v 21.136320 -6.206932 -32.776268
v 13.566166 -6.206932 -32.776268
v 21.136318 -3.867065 -38.281837
v 13.566166 -6.206932 -32.776268
v 13.566165 -3.867065 -38.281837
v 21.136318 -3.867065 -38.281837
v 21.136320 -3.867067 -27.270706
v 13.566167 -3.867067 -27.270704
v 21.136320 -6.206932 -32.776268
v 13.566167 -3.867067 -27.270704
v 13.566166 -6.206932 -32.776268
v 21.136320 -6.206932 -32.776268
v 21.136320 1.638498 -24.930840
v 13.566167 1.638498 -24.930838
v 21.136320 -3.867067 -27.270706
v 13.566167 1.638498 -24.930838
v 13.566167 -3.867067 -27.270704
v 21.136320 -3.867067 -27.270706
v -13.566165 -3.867065 -38.281837
v -13.566166 -6.206932 -32.776268
v -13.566167 -3.867067 -27.270704
v -13.566166 9.483931 -32.776268
v -13.566165 7.144066 -38.281830
v -13.566167 7.144064 -27.270702
v -21.136320 1.638500 -32.776268
v -21.136320 -3.867066 -32.776268
v -21.136318 -2.215395 -36.630165
v -21.136320 1.638500 -32.776268
v -21.136320 1.638499 -27.270706
v -21.136320 -2.215397 -28.922375
v -21.136320 1.638500 -32.776268
v -21.136320 7.144065 -32.776268
v -21.136320 5.492394 -28.922373
v -21.136320 1.638500 -32.776268
v -21.136318 1.638500 -38.281837
v -21.136318 5.492396 -36.630165
v -21.136320 1.638500 -32.776268
v -21.136320 5.492394 -28.922373
v -21.136320 1.638499 -27.270706
v -21.136320 1.638500 -32.776268
v -21.136318 5.492396 -36.630165
v -21.136320 7.144065 -32.776268
v -21.136320 1.638500 -32.776268
v -21.136318 -2.215395 -36.630165
v -21.136318 1.638500 -38.281837
v -21.136320 1.638500 -32.776268
v -21.136320 -2.215397 -28.922375
v -21.136320 -3.867066 -32.776268
v -13.566165 -3.867065 -38.281837
v -13.566167 -3.867067 -27.270704
v -13.566165 1.638501 -40.621696
v -13.566167 -3.867067 -27.270704
v -13.566167 1.638498 -24.930838
v -13.566165 1.638501 -40.621696
v -13.566165 1.638501 -40.621696
v -13.566167 1.638498 -24.930838
v -13.566165 7.144066 -38.281830
v -13.566167 1.638498 -24.930838
v -13.566167 7.144064 -27.270702
v -13.566165 7.144066 -38.281830
v -21.136320 9.483931 -32.776268
v -21.136320 7.144065 -32.776268
v -21.136318 7.144066 -38.281837
v -21.136320 7.144065 -32.776268
v -21.136318 5.492396 -36.630165
v -21.136318 7.144066 -38.281837
v -21.136318 5.492396 -36.630165
v -21.136318 1.638500 -38.281837
v -21.136318 7.144066 -38.281837
v -21.136318 1.638500 -38.281837
v -21.136318 1.638501 -40.621696
v -21.136318 7.144066 -38.281837
v -21.136318 -2.215395 -36.630165
v -21.136318 -3.867065 -38.281837
v -21.136318 1.638500 -38.281837
v -21.136318 -3.867065 -38.281837
v -21.136318 1.638501 -40.621696
v -21.136318 1.638500 -38.281837
v -21.136320 -3.867066 -32.776268
v -21.136320 -6.206932 -32.776268
v -21.136318 -2.215395 -36.630165
v -21.136320 -6.206932 -32.776268
v -21.136318 -3.867065 -38.281837
v -21.136318 -2.215395 -36.630165
v -21.136320 -3.867067 -27.270706
v -21.136320 -6.206932 -32.776268
v -21.136320 -2.215397 -28.922375
v -21.136320 -6.206932 -32.776268
v -21.136320 -3.867066 -32.776268
v -21.136320 -2.215397 -28.922375
v -21.136320 1.638498 -24.930840
v -21.136320 -3.867067 -27.270706
v -21.136320 1.638499 -27.270706
v -21.136320 -3.867067 -27.270706
v -21.136320 -2.215397 -28.922375
v -21.136320 1.638499 -27.270706
v -21.136320 1.638498 -24.930840
v -21.136320 1.638499 -27.270706
v -21.136320 7.144064 -27.270704
v -21.136320 1.638499 -27.270706
v -21.136320 5.492394 -28.922373
v -21.136320 7.144064 -27.270704
v -21.136320 7.144064 -27.270704
v -21.136320 5.492394 -28.922373
v -21.136320 9.483931 -32.776268
v -21.136320 5.492394 -28.922373
v -21.136320 7.144065 -32.776268
v -21.136320 9.483931 -32.776268
v -21.136320 7.144064 -27.270704
v -13.566167 7.144064 -27.270702
v -21.136320 1.638498 -24.930840
v -13.566167 7.144064 -27.270702
v -13.566167 1.638498 -24.930838
v -21.136320 1.638498 -24.930840
v -21.136320 9.483931 -32.776268
v -13.566166 9.483931 -32.776268
v -21.136320 7.144064 -27.270704
v -13.566166 9.483931 -32.776268
v -13.566167 7.144064 -27.270702
v -21.136320 7.144064 -27.270704
v -21.136318 7.144066 -38.281837
v -13.566165 7.144066 -38.281830
v -21.136320 9.483931 -32.776268
v -13.566165 7.144066 -38.281830
v -13.566166 9.483931 -32.776268
v -21.136320 9.483931 -32.776268
v -21.136318 1.638501 -40.621696
v -13.566165 1.638501 -40.621696
v -21.136318 7.144066 -38.281837
v -13.566165 1.638501 -40.621696
v -13.566165 7.144066 -38.281830
v -21.136318 7.144066 -38.281837
v -21.136318 -3.867065 -38.281837
v -13.566165 -3.867065 -38.281837
v -21.136318 1.638501 -40.621696
v -13.566165 -3.867065 -38.281837
v -13.566165 1.638501 -40.621696
v -21.136318 1.638501 -40.621696
v -21.136320 -6.206932 -32.776268
v -13.566166 -6.206932 -32.776268
v -21.136318 -3.867065 -38.281837
v -13.566166 -6.206932 -32.776268
v -13.566165 -3.867065 -38.281837
v -21.136318 -3.867065 -38.281837
v -21.136320 -3.867067 -27.270706
v -13.566167 -3.867067 -27.270704
v -21.136320 -6.206932 -32.776268
v -13.566167 -3.867067 -27.270704
v -13.566166 -6.206932 -32.776268
v -21.136320 -6.206932 -32.776268
v -21.136320 1.638498 -24.930840
v -13.566167 1.638498 -24.930838
v -21.136320 -3.867067 -27.270706
v -13.566167 1.638498 -24.930838
v -13.566167 -3.867067 -27.270704
v -21.136320 -3.867067 -27.270706
v -13.566165 -3.867065 -38.281837
v -13.566166 -6.206932 -32.776268
v -13.566167 -3.867067 -27.270704
v -13.566166 9.483931 -32.776268
v -13.566165 7.144066 -38.281830
v -13.566167 7.144064 -27.270702
v -21.136320 1.638500 -32.776268
v -21.136320 -3.867066 -32.776268
v -21.136318 -2.215395 -36.630165
v -21.136320 1.638500 -32.776268
v -21.136320 1.638499 -27.270706
v -21.136320 -2.215397 -28.922375
v -21.136320 1.638500 -32.776268
v -21.136320 7.144065 -32.776268
v -21.136320 5.492394 -28.922373
v -21.136320 1.638500 -32.776268
v -21.136318 1.638500 -38.281837
v -21.136318 5.492396 -36.630165
v -21.136320 1.638500 -32.776268
v -21.136320 5.492394 -28.922373
v -21.136320 1.638499 -27.270706
v -21.136320 1.638500 -32.776268
v -21.136318 5.492396 -36.630165
v -21.136320 7.144065 -32.776268
v -21.136320 1.638500 -32.776268
v -21.136318 -2.215395 -36.630165
v -21.136318 1.638500 -38.281837
v -21.136320 1.638500 -32.776268
v -21.136320 -2.215397 -28.922375
v -21.136320 -3.867066 -32.776268
v -13.566165 -3.867065 -38.281837
v -13.566167 -3.867067 -27.270704
v -13.566165 1.638501 -40.621696
v -13.566167 -3.867067 -27.270704
v -13.566167 1.638498 -24.930838
v -13.566165 1.638501 -40.621696
v -13.566165 1.638501 -40.621696
v -13.566167 1.638498 -24.930838
v -13.566165 7.144066 -38.281830
v -13.566167 1.638498 -24.930838
v -13.566167 7.144064 -27.270702
v -13.566165 7.144066 -38.281830
v -21.136320 9.483931 -32.776268
v -21.136320 7.144065 -32.776268
v -21.136318 7.144066 -38.281837
v -21.136320 7.144065 -32.776268
v -21.136318 5.492396 -36.630165
v -21.136318 7.144066 -38.281837
v -21.136318 5.492396 -36.630165
v -21.136318 1.638500 -38.281837
v -21.136318 7.144066 -38.281837
v -21.136318 1.638500 -38.281837
v -21.136318 1.638501 -40.621696
v -21.136318 7.144066 -38.281837
v -21.136318 -2.215395 -36.630165
v -21.136318 -3.867065 -38.281837
v -21.136318 1.638500 -38.281837
v -21.136318 -3.867065 -38.281837
v -21.136318 1.638501 -40.621696
v -21.136318 1.638500 -38.281837
v -21.136320 -3.867066 -32.776268
v -21.136320 -6.206932 -32.776268
v -21.136318 -2.215395 -36.630165
v -21.136320 -6.206932 -32.776268
v -21.136318 -3.867065 -38.281837
v -21.136318 -2.215395 -36.630165
v -21.136320 -3.867067 -27.270706
v -21.136320 -6.206932 -32.776268
v -21.136320 -2.215397 -28.922375
v -21.136320 -6.206932 -32.776268
v -21.136320 -3.867066 -32.776268
v -21.136320 -2.215397 -28.922375
v -21.136320 1.638498 -24.930840
v -21.136320 -3.867067 -27.270706
v -21.136320 1.638499 -27.270706
v -21.136320 -3.867067 -27.270706
v -21.136320 -2.215397 -28.922375
v -21.136320 1.638499 -27.270706
v -21.136320 1.638498 -24.930840
v -21.136320 1.638499 -27.270706
v -21.136320 7.144064 -27.270704
v -21.136320 1.638499 -27.270706
v -21.136320 5.492394 -28.922373
v -21.136320 7.144064 -27.270704
v -21.136320 7.144064 -27.270704
v -21.136320 5.492394 -28.922373
v -21.136320 9.483931 -32.776268
v -21.136320 5.492394 -28.922373
v -21.136320 7.144065 -32.776268
v -21.136320 9.483931 -32.776268
v -21.136320 7.144064 -27.270704
v -13.566167 7.144064 -27.270702
v -21.136320 1.638498 -24.930840
v -13.566167 7.144064 -27.270702
v -13.566167 1.638498 -24.930838
v -21.136320 1.638498 -24.930840
v -21.136320 9.483931 -32.776268
v -13.566166 9.483931 -32.776268
v -21.136320 7.144064 -27.270704
v -13.566166 9.483931 -32.776268
v -13.566167 7.144064 -27.270702
v -21.136320 7.144064 -27.270704
v -21.136318 7.144066 -38.281837
v -13.566165 7.144066 -38.281830
v -21.136320 9.483931 -32.776268
v -13.566165 7.144066 -38.281830
v -13.566166 9.483931 -32.776268
v -21.136320 9.483931 -32.776268
v -21.136318 1.638501 -40.621696
v -13.566165 1.638501 -40.621696
v -21.136318 7.144066 -38.281837
v -13.566165 1.638501 -40.621696
v -13.566165 7.144066 -38.281830
v -21.136318 7.144066 -38.281837
v -21.136318 -3.867065 -38.281837
v -13.566165 -3.867065 -38.281837
v -21.136318 1.638501 -40.621696
v -13.566165 -3.867065 -38.281837
v -13.566165 1.638501 -40.621696
v -21.136318 1.638501 -40.621696
v -21.136320 -6.206932 -32.776268
v -13.566166 -6.206932 -32.776268
v -21.136318 -3.867065 -38.281837
v -13.566166 -6.206932 -32.776268
v -13.566165 -3.867065 -38.281837
v -21.136318 -3.867065 -38.281837
v -21.136320 -3.867067 -27.270706
v -13.566167 -3.867067 -27.270704
v -21.136320 -6.206932 -32.776268
v -13.566167 -3.867067 -27.270704
v -13.566166 -6.206932 -32.776268
v -21.136320 -6.206932 -32.776268
v -21.136320 1.638498 -24.930840
v -13.566167 1.638498 -24.930838
v -21.136320 -3.867067 -27.270706
v -13.566167 1.638498 -24.930838
v -13.566167 -3.867067 -27.270704
v -21.136320 -3.867067 -27.270706
v 13.566165 -3.867065 -38.281837
v 13.566166 -6.206932 -32.776268
v 13.566167 -3.867067 -27.270704
v 13.566166 9.483931 -32.776268
v 13.566165 7.144066 -38.281830
v 13.566167 7.144064 -27.270702
v 21.136320 1.638500 -32.776268
v 21.136320 -3.867066 -32.776268
v 21.136318 -2.215395 -36.630165
v 21.136320 1.638500 -32.776268
v 21.136320 1.638499 -27.270706
v 21.136320 -2.215397 -28.922375
v 21.136320 1.638500 -32.776268
v 21.136320 7.144065 -32.776268
v 21.136320 5.492394 -28.922373
v 21.136320 1.638500 -32.776268
v 21.136318 1.638500 -38.281837
v 21.136318 5.492396 -36.630165
v 21.136320 1.638500 -32.776268
v 21.136320 5.492394 -28.922373
v 21.136320 1.638499 -27.270706
v 21.136320 1.638500 -32.776268
v 21.136318 5.492396 -36.630165
v 21.136320 7.144065 -32.776268
v 21.136320 1.638500 -32.776268
v 21.136318 -2.215395 -36.630165
v 21.136318 1.638500 -38.281837
v 21.136320 1.638500 -32.776268
v 21.136320 -2.215397 -28.922375
v 21.136320 -3.867066 -32.776268
v 13.566165 -3.867065 -38.281837
v 13.566167 -3.867067 -27.270704
v 13.566165 1.638501 -40.621696
v 13.566167 -3.867067 -27.270704
v 13.566167 1.638498 -24.930838
v 13.566165 1.638501 -40.621696
v 13.566165 1.638501 -40.621696
v 13.566167 1.638498 -24.930838
v 13.566165 7.144066 -38.281830
v 13.566167 1.638498 -24.930838
v 13.566167 7.144064 -27.270702
v 13.566165 7.144066 -38.281830
v 21.136320 9.483931 -32.776268
v 21.136320 7.144065 -32.776268
v 21.136318 7.144066 -38.281837
v 21.136320 7.144065 -32.776268
v 21.136318 5.492396 -36.630165
v 21.136318 7.144066 -38.281837
v 21.136318 5.492396 -36.630165
v 21.136318 1.638500 -38.281837
v 21.136318 7.144066 -38.281837
v 21.136318 1.638500 -38.281837
v 21.136318 1.638501 -40.621696
v 21.136318 7.144066 -38.281837
v 21.136318 -2.215395 -36.630165
v 21.136318 -3.867065 -38.281837
v 21.136318 1.638500 -38.281837
v 21.136318 -3.867065 -38.281837
v 21.136318 1.638501 -40.621696
v 21.136318 1.638500 -38.281837
v 21.136320 -3.867066 -32.776268
v 21.136320 -6.206932 -32.776268
v 21.136318 -2.215395 -36.630165
v 21.136320 -6.206932 -32.776268
v 21.136318 -3.867065 -38.281837
v 21.136318 -2.215395 -36.630165
v 21.136320 -3.867067 -27.270706
v 21.136320 -6.206932 -32.776268
v 21.136320 -2.215397 -28.922375
v 21.136320 -6.206932 -32.776268
v 21.136320 -3.867066 -32.776268
v 21.136320 -2.215397 -28.922375
v 21.136320 1.638498 -24.930840
v 21.136320 -3.867067 -27.270706
v 21.136320 1.638499 -27.270706
v 21.136320 -3.867067 -27.270706
v 21.136320 -2.215397 -28.922375
v 21.136320 1.638499 -27.270706
v 21.136320 1.638498 -24.930840
v 21.136320 1.638499 -27.270706
v 21.136320 7.144064 -27.270704
v 21.136320 1.638499 -27.270706
v 21.136320 5.492394 -28.922373
v 21.136320 7.144064 -27.270704
v 21.136320 7.144064 -27.270704
v 21.136320 5.492394 -28.922373
v 21.136320 9.483931 -32.776268
v 21.136320 5.492394 -28.922373
v 21.136320 7.144065 -32.776268
v 21.136320 9.483931 -32.776268
v 21.136320 7.144064 -27.270704
v 13.566167 7.144064 -27.270702
v 21.136320 1.638498 -24.930840
v 13.566167 7.144064 -27.270702
v 13.566167 1.638498 -24.930838
v 21.136320 1.638498 -24.930840
v 21.136320 9.483931 -32.776268
v 13.566166 9.483931 -32.776268
v 21.136320 7.144064 -27.270704
v 13.566166 9.483931 -32.776268
v 13.566167 7.144064 -27.270702
v 21.136320 7.144064 -27.270704
v 21.136318 7.144066 -38.281837
v 13.566165 7.144066 -38.281830
v 21.136320 9.483931 -32.776268
v 13.566165 7.144066 -38.281830
v 13.566166 9.483931 -32.776268
v 21.136320 9.483931 -32.776268
v 21.136318 1.638501 -40.621696
v 13.566165 1.638501 -40.621696
v 21.136318 7.144066 -38.281837
v 13.566165 1.638501 -40.621696
v 13.566165 7.144066 -38.281830
v 21.136318 7.144066 -38.281837
v 21.136318 -3.867065 -38.281837
v 13.566165 -3.867065 -38.281837
v 21.136318 1.638501 -40.621696
v 13.566165 -3.867065 -38.281837
v 13.566165 1.638501 -40.621696
v 21.136318 1.638501 -40.621696
v 21.136320 -6.206932 -32.776268
v 13.566166 -6.206932 -32.776268
v 21.136318 -3.867065 -38.281837
v 13.566166 -6.206932 -32.776268
v 13.566165 -3.867065 -38.281837
v 21.136318 -3.867065 -38.281837
v 21.136320 -3.867067 -27.270706
v 13.566167 -3.867067 -27.270704
v 21.136320 -6.206932 -32.776268
v 13.566167 -3.867067 -27.270704
v 13.566166 -6.206932 -32.776268
v 21.136320 -6.206932 -32.776268
v 21.136320 1.638498 -24.930840
v 13.566167 1.638498 -24.930838
v 21.136320 -3.867067 -27.270706
v 13.566167 1.638498 -24.930838
v 13.566167 -3.867067 -27.270704
v 21.136320 -3.867067 -27.270706
v -20.921143 6.744311 -41.567024
v 19.544764 15.415577 -33.446312
v 19.269476 13.626279 30.555885
v 19.407114 14.865030 21.471703
v 15.140312 2.202218 -50.926476
v 19.131847 0.688188 -46.109108
v -6.881960 7.845435 24.224483
v -6.881962 7.845437 37.575478
v 6.881960 7.845427 -26.564356
v -15.966133 21.334059 -41.704666
v -18.168367 17.204893 15.828493
v -21.058790 8.533629 16.929607
v -16.791983 11.699334 44.870354
v -20.508223 3.028053 -49.137177
v -19.820028 2.615136 -48.448982
v -19.131832 0.688188 -46.109116
v -16.516705 10.735860 49.137169
v -19.131847 7.845439 48.311333
v -18.306013 8.533634 47.210220
v -17.893080 17.893080 -49.274818
v -20.921152 8.533630 22.435173
v 20.645878 6.193753 -49.550087
v 17.755442 11.561695 45.007996
v 19.544764 15.415576 -41.704659
v 13.488643 0.688187 -52.991066
v 15.140312 0.688187 -52.991066
v 15.140313 0.688187 -54.642738
v 15.140313 2.339856 -54.642738
v 13.488643 2.339857 -52.991066
v 12.800447 2.202218 -52.715790
v 15.140312 2.339857 -52.991066
v 15.828508 2.202218 -52.715790
v 13.488642 0.688188 -46.109108
v 12.800447 0.137631 -52.715790
v 15.828508 0.137631 -52.715790
v 13.488643 2.202218 -51.064117
v 15.140311 0.688188 -46.109108
v 18.718929 2.202218 -50.513557
v 13.488644 0.688187 -54.642738
v 13.488644 2.339856 -54.642738
v 6.469048 13.350987 -53.679268
v -6.469031 13.350987 -53.679268
v 8.533635 13.350987 -54.780380
v 6.606687 8.671257 -53.679268
v -19.269472 15.415575 -48.448982
v -17.755442 15.415574 -54.229828
v -19.269472 13.488626 -53.266350
v -19.682388 7.157227 -53.266350
v 19.269487 13.488626 -53.266350
v 18.856569 15.415574 -53.128708
v 17.893095 13.350987 -54.229820
v -8.533618 13.350987 -54.780380
v -8.671257 7.157226 -54.780380
v -17.893080 13.350987 -54.229828
v 8.395996 15.415574 -54.780380
v -8.395979 15.415574 -54.780380
v -6.606670 8.671257 -53.679268
v 17.755457 15.415574 -54.229820
v -18.443636 7.157226 -54.229828
v -18.718914 6.193752 -55.468575
v -7.845422 3.028052 -55.881493
v -19.957666 6.193752 -54.367462
v 18.443651 7.157226 -54.229820
v 7.845439 3.028052 -55.881493
v 18.581291 3.028052 -54.918015
v 19.957682 6.193752 -54.367455
v -5.092648 27.114910 -2.615151
v -19.544760 15.415585 12.387514
v -21.471704 8.533627 -0.000007
v -16.791977 19.131842 12.387514
v -23.123377 15.966142 11.561680
v -23.123377 17.204893 13.626266
v -12.800439 26.289074 -4.404460
v -23.123377 15.966142 13.626266
v -23.123377 18.718924 11.561679
v -6.881950 -0.000007 -41.016464
v -20.645864 2.752776 -41.016464
v -21.196421 6.469033 -39.777718
v -6.881952 9.772373 -33.033401
v -19.820030 -0.000007 -41.016464
v -20.095310 3.028057 -23.949215
v -19.269476 -0.000004 -23.949215
v -19.820032 -0.000004 -24.637411
v -20.645866 2.752779 -24.637411
v -21.058783 11.699321 -33.171036
v -21.471701 7.845427 -26.564360
v -21.471699 9.772373 -33.033401
v -6.881962 2.752789 39.089516
v -18.856567 0.000006 39.089508
v -6.881960 2.752786 22.159897
v -19.544764 2.752789 39.089508
v -6.881961 9.772384 30.693523
v -20.508236 7.845437 37.575478
v -21.471708 9.772384 30.693520
v -20.370596 2.752786 22.159895
v -21.196430 7.845435 24.224482
v -19.544762 0.000004 22.159895
v -19.131845 3.028067 39.777702
v -20.095320 8.533633 39.502426
v -9.221829 10.735860 49.137169
v -16.379065 14.452118 51.064110
v -20.508223 7.157227 -48.586624
v -7.983061 6.193752 -56.844971
v -8.395979 3.028052 -54.918015
v -19.820028 3.028052 -53.816910
v -15.553230 0.000008 49.274803
v -8.808912 0.000008 50.100647
v -16.241426 3.028069 51.614670
v -9.221829 3.028069 51.614677
v -17.755457 0.000008 46.522018
v -18.306011 0.000006 39.777702
v -8.808897 2.202218 -50.926483
v -18.718914 2.202218 -50.513565
v -19.407110 2.615135 -52.991074
v -19.269474 -0.000007 -41.704666
v -6.881950 2.752776 -41.016464
v -6.881953 2.752779 -24.637409
v -6.881953 -0.000004 -24.637409
v -19.269478 -0.000003 -18.168371
v -6.881960 0.000004 22.159897
v -6.881962 0.000006 39.089516
v -19.131844 0.000003 21.471699
v -19.269482 0.000003 16.929607
v -19.820040 3.028064 21.471699
v -19.269480 0.000000 -0.000005
v -20.095314 3.028061 -0.000005
v -20.095312 3.028058 -18.168371
v -18.581291 3.028069 47.898415
v -16.379065 8.533635 50.375916
v -9.359468 7.432522 52.165230
v -17.480162 16.929604 -53.128716
v -18.856554 15.415574 -53.128716
v -19.544752 15.415577 -33.446312
v -19.544752 15.415576 -41.704666
v -19.544754 15.415579 -23.811579
v -9.221828 14.176839 45.558548
v -16.791983 14.176839 45.558548
v -9.221829 15.415590 48.724251
v -18.581289 12.112250 40.190620
v -17.617813 14.865031 30.693520
v -19.269484 13.626279 30.555880
v -19.544760 15.415586 15.828493
v -19.407122 14.865030 21.471697
v -19.544758 15.415583 -0.000007
v -12.800437 26.289070 -17.617817
v -20.645863 6.193753 -49.550095
v -10.322927 17.893080 -49.274818
v -9.634733 21.334059 -41.704666
v -20.095308 3.028054 -41.704666
v -11.148764 -0.000007 -41.704659
v -12.662796 26.013790 -30.005339
v -6.881950 6.469033 -39.777718
v -6.881953 7.845427 -26.564358
v -5.092645 27.527822 -17.617817
v -12.800436 26.289070 -22.848104
v -21.058784 8.533623 -24.912689
v -21.471703 8.533624 -18.443649
v -17.755457 11.561695 45.007988
v -17.204897 12.387528 41.979927
v -20.645874 12.112248 30.693520
v -9.221828 12.387528 41.979927
v -17.893091 16.654339 21.609337
v -20.095316 3.028064 16.929607
v -19.544756 15.415580 -17.617817
v -9.221829 14.452118 51.064110
v -16.516705 15.415590 48.724251
v -16.379065 7.432522 52.165230
v -18.581276 3.028052 -54.918022
v 12.800441 26.289074 -4.404457
v 16.791973 19.131842 12.387519
v 23.123373 15.966142 11.561687
v 19.544756 15.415585 12.387520
v 23.123373 17.204893 13.626273
v 23.123373 18.718924 11.561686
v 18.168364 17.204893 15.828499
v 23.123373 15.966142 13.626273
v 19.820042 -0.000007 -41.016457
v 19.820040 -0.000004 -24.637403
v 20.645874 2.752779 -24.637405
v 6.881960 2.752779 -24.637407
v 6.881961 9.772373 -33.033394
v 21.471710 9.772373 -33.033394
v 6.881963 6.469033 -39.777710
v 21.196432 6.469033 -39.777710
v 20.645876 2.752776 -41.016457
v 20.095320 3.028054 -41.704659
v 19.269485 -0.000007 -41.704659
v 19.269484 -0.000004 -23.949207
v 20.921154 6.744311 -41.567017
v 21.471708 7.845427 -26.564354
v 21.058792 8.533623 -24.912683
v 21.058794 11.699321 -33.171036
v 6.881951 2.752789 39.089516
v 18.856556 0.000006 39.089516
v 6.881953 0.000004 22.159901
v 6.881951 7.845437 37.575485
v 19.544752 2.752789 39.089516
v 6.881952 9.772384 30.693525
v 6.881953 7.845435 24.224485
v 21.196423 7.845435 24.224487
v 6.881953 2.752786 22.159899
v 19.131836 0.000003 21.471706
v 19.544754 0.000004 22.159903
v 19.131834 3.028067 39.777710
v 20.508224 7.845437 37.575485
v 21.471701 9.772384 30.693527
v 20.095308 8.533633 39.502426
v 20.645866 12.112248 30.693527
v 20.370588 2.752786 22.159901
v 20.921144 8.533630 22.435179
v 9.221815 11.699334 44.870354
v 16.791967 11.699334 44.870354
v 16.516689 10.735860 49.137169
v 9.221814 10.735860 49.137169
v 9.221814 8.533635 50.375923
v 16.379049 14.452118 51.064117
v 16.379049 8.533635 50.375923
v -7.294877 17.204895 18.443638
v 8.671274 7.157226 -54.780380
v 9.221829 2.615135 -53.128708
v 8.395996 3.028052 -54.918015
v 19.407125 2.615135 -52.991066
v 8.808912 2.202218 -50.926483
v -9.221814 2.615135 -53.128708
v -7.845423 16.929604 -53.679268
v 9.634747 21.334059 -41.704666
v 11.011138 0.688188 -46.109116
v 11.148777 -0.000007 -41.704659
v -11.011125 0.688188 -46.109116
v 5.780849 26.426708 -30.005337
v -5.780839 26.426708 -30.005339
v -5.092645 27.114906 -22.848104
v 5.092651 27.114906 -22.848103
v -9.221828 11.699334 44.870354
v 9.221815 12.387528 41.979935
v -9.221827 14.865031 30.693521
v -9.221825 16.654339 21.609339
v 5.092649 27.114910 -2.615149
v 9.221814 3.028069 51.614677
v -9.221829 8.533635 50.375916
v 7.983078 6.193752 -56.844963
v 8.808897 0.000008 50.100647
v 18.581276 3.028069 47.898422
v 15.553215 0.000008 49.274811
v 17.755442 0.000008 46.522026
v 18.306000 0.000006 39.777710
v 19.820044 2.615136 -48.448975
v 6.881960 -0.000004 -24.637405
v 6.881963 2.752776 -41.016464
v 6.881963 -0.000007 -41.016464
v 20.095318 3.028057 -23.949209
v 19.269482 -0.000003 -18.168364
v 6.881951 0.000006 39.089516
v 19.820032 3.028064 21.471704
v 19.269478 0.000003 16.929615
v 20.095314 3.028061 0.000001
v 19.269480 0.000000 0.000001
v 20.095316 3.028058 -18.168365
v 19.131832 7.845439 48.311333
v 18.305998 8.533634 47.210220
v 9.359453 7.432522 52.165230
v 7.845439 16.929604 -53.679268
v 12.800444 26.289070 -22.848101
v 16.516689 15.415590 48.724251
v 9.221814 15.415590 48.724251
v 9.221815 14.176839 45.558556
v 17.204885 12.387528 41.979935
v 17.893084 16.654339 21.609343
v 19.544756 15.415586 15.828499
v 12.800443 26.289070 -17.617813
v 10.322943 17.893080 -49.274811
v 17.480177 16.929604 -53.128708
v 19.682404 7.157227 -53.266350
v 19.820044 3.028052 -53.816902
v 17.893095 17.893080 -49.274811
v 19.269487 15.415575 -48.448975
v 20.508238 7.157227 -48.586617
v 20.508238 3.028053 -49.137169
v 15.966146 21.334059 -41.704659
v 12.662806 26.013790 -30.005335
v 19.544762 15.415579 -23.811573
v 5.092651 27.527822 -17.617815
v 21.471706 8.533624 -18.443644
v 19.544760 15.415580 -17.617811
v 18.581278 12.112250 40.190628
v 16.791967 14.176839 45.558556
v 17.617805 14.865031 30.693525
v 9.221817 14.865031 30.693523
v 21.058786 8.533629 16.929613
v 7.294871 17.204895 18.443640
v 9.221819 16.654339 21.609341
v 20.095312 3.028064 16.929613
v 19.544758 15.415583 -0.000001
v 21.471704 8.533627 -0.000000
v 9.221814 14.452118 51.064117
v 16.241411 3.028069 51.614677
v 16.379049 7.432522 52.165230
v 18.718929 6.193752 -55.468575
vn -1.0000 -0.0000 -0.0000
vn 1.0000 -0.0000 -0.0000
vn -0.0000 -0.0000 -1.0000
vn -0.0000 0.7071 -0.7071
vn -0.0000 1.0000 -0.0000
vn -0.0000 0.7071 0.7071
vn -0.0000 -0.0000 1.0000
vn -0.0000 -0.7071 0.7071
vn -0.0000 -1.0000 -0.0000
vn -0.0000 -0.7071 -0.7071
vn 0.0002 -0.0000 -1.0000
vn -0.0002 0.7071 -0.7071
vn -0.0002 -0.0000 -1.0000
vn 0.0002 0.7071 -0.7071
vn -0.0001 1.0000 -0.0000
vn 0.0001 1.0000 -0.0000
vn -0.0002 -0.0000 1.0000
vn 0.0002 0.7071 0.7071
vn 0.0002 -0.0000 1.0000
vn -0.0002 0.7071 0.7071
vn -0.0003 -0.0000 1.0000
vn 0.0003 0.7071 0.7071
vn -0.9682 0.2307 -0.0967
vn -0.9521 0.2952 -0.0794
vn -0.9668 0.2502 -0.0527
vn -0.9231 0.3801 -0.0586
vn -0.8567 0.5149 -0.0298
vn -0.9079 0.4192 -0.0012
vn 0.9701 0.2253 -0.0901
vn 0.9885 0.1506 -0.0147
vn 0.9467 0.3120 -0.0803
vn 0.9250 0.3745 -0.0649
vn 0.9751 0.2190 0.0361
vn 0.8438 0.5364 -0.0176
vn 0.2168 -0.9650 -0.1475
vn 0.2911 -0.9322 -0.2153
vn 0.0137 -0.9712 -0.2378
vn 0.0071 -0.9805 -0.1965
vn 0.0054 -0.9717 -0.2363
vn -0.0017 -0.9705 -0.2412
vn -0.0000 -0.9889 -0.1485
vn 0.4968 -0.8342 -0.2392
vn 0.5506 -0.7764 -0.3067
vn -0.0000 -0.9715 -0.2371
vn -0.2326 -0.9711 -0.0532
vn -0.0000 -0.9870 -0.1609
vn -0.7534 -0.4663 -0.4636
vn -0.4617 -0.8870 0.0085
vn -0.7443 -0.4890 0.4548
vn 0.8878 0.1132 -0.4460
vn 0.8655 0.1704 -0.4710
vn 0.9904 0.1308 -0.0444
vn -0.7623 0.4883 -0.4248
vn -0.4362 0.7196 -0.5402
vn -0.3240 0.5852 -0.7434
vn 0.3887 0.7852 -0.4821
vn 0.6887 0.6323 -0.3547
vn 0.3245 0.5894 -0.7398
vn -0.6023 -0.7927 -0.0938
vn -0.2825 -0.9453 -0.1628
vn -0.5569 -0.8135 -0.1677
vn 0.5569 -0.8135 -0.1677
vn 0.3477 -0.9302 -0.1177
vn 0.6726 -0.7351 -0.0857
vn -0.8631 0.5050 -0.0027
vn -0.4949 0.8378 -0.2305
vn -0.6147 0.7609 -0.2077
vn 0.8672 0.4978 -0.0098
vn 0.8191 0.5720 -0.0430
vn 0.5686 0.8057 -0.1660
vn -0.3374 0.9147 0.2224
vn -0.0393 0.9463 0.3208
vn -0.3684 0.8684 0.3320
vn -0.9729 0.2305 0.0183
vn -0.9719 0.2351 0.0122
vn -0.9719 0.2344 0.0203
vn 0.8944 0.4150 -0.1667
vn -0.6567 0.7163 0.2358
vn -0.7644 0.6035 0.2270
vn -0.9933 -0.0176 0.1145
vn -0.8576 -0.5130 -0.0376
vn -0.8382 -0.5430 -0.0501
vn -0.9919 0.1235 -0.0283
vn -0.9077 0.4089 -0.0945
vn -0.9810 0.1711 -0.0918
vn -0.7959 -0.5688 -0.2073
vn -0.1910 0.9526 0.2369
vn -0.1909 0.9525 0.2373
vn -0.1936 0.9551 0.2244
vn -0.7564 0.5596 0.3389
vn -0.9417 0.2695 0.2012
vn -0.8531 0.3870 0.3501
vn -0.8927 0.4360 -0.1138
vn -0.8632 0.5049 -0.0027
vn -0.8704 0.1328 -0.4741
vn -0.8611 0.1199 -0.4942
vn -0.9815 0.1638 -0.0991
vn -0.9870 0.1587 -0.0244
vn -0.9667 0.2502 -0.0527
vn -0.9728 0.2272 0.0452
vn -0.9079 0.4191 -0.0012
vn 0.0667 0.9453 0.3193
vn 0.3206 0.9122 0.2552
vn 0.4199 0.8595 0.2915
vn 0.9668 0.2556 -0.0000
vn 0.9750 0.2221 0.0093
vn 0.9701 0.2426 0.0064
vn 0.8120 0.5518 0.1902
vn 0.7673 0.6150 0.1821
vn 0.9944 -0.0330 0.1004
vn 0.8785 -0.4771 0.0261
vn 0.8464 -0.5308 -0.0430
vn 0.9290 0.3592 -0.0889
vn 0.9987 0.0498 0.0098
vn 0.9916 0.1086 -0.0701
vn 0.6712 -0.7362 -0.0870
vn 0.8715 -0.4636 -0.1597
vn 0.3135 0.9268 0.2070
vn 0.1936 0.9551 0.2244
vn 0.9079 0.3477 0.2341
vn 0.7281 0.6424 0.2393
vn 0.8422 0.4448 0.3047
vn 0.5098 0.8304 -0.2249
vn 0.9151 0.3850 -0.1199
vn 0.7383 0.6724 -0.0530
vn 0.9249 0.3745 -0.0649
vn 0.1506 -0.6304 -0.7615
vn -0.1753 -0.6177 -0.7666
vn 0.1467 -0.6151 -0.7747
vn 0.1507 -0.6304 -0.7615
vn -0.1799 -0.6331 -0.7529
vn -0.0000 -0.7059 -0.7083
vn 0.1468 -0.6151 -0.7747
vn 0.8206 -0.0000 -0.5715
vn 0.1467 -0.6150 -0.7747
vn 0.8266 0.1633 -0.5386
vn -0.4190 0.8910 0.1750
vn -0.0005 0.9996 0.0271
vn -0.4476 0.8939 0.0244
vn -0.4190 0.8910 0.1751
vn -0.0005 0.9997 0.0244
vn -0.0005 1.0000 0.0095
vn -0.7072 0.7070 0.0068
vn -0.4124 -0.0000 -0.9110
vn -0.1800 -0.6330 -0.7529
vn -0.7072 0.7070 0.0069
vn -0.2327 -0.9711 -0.0532
vn -0.0000 -0.9889 -0.1484
vn 0.9622 0.2588 0.0847
vn 0.6062 0.7934 0.0561
vn 0.8265 0.1634 -0.5386
vn 0.6061 0.7934 0.0562
vn -0.6637 0.7064 0.2458
vn 0.6061 0.7934 0.0561
vn -0.9391 -0.0000 0.3438
vn -0.6637 0.7065 0.2458
vn -0.4189 0.8910 0.1752
vn 0.2168 -0.9650 -0.1474
vn 0.5506 -0.7764 -0.3066
vn 0.2910 -0.9322 -0.2153
vn 0.4968 -0.8342 -0.2393
vn -0.2138 -0.4646 -0.8593
vn -0.0774 0.5200 -0.8506
vn -0.1670 0.1897 -0.9675
vn -0.0889 -0.2493 -0.9643
vn 0.3279 -0.7138 -0.6189
vn -0.0888 -0.2493 -0.9644
vn 0.1668 0.1897 -0.9676
vn 0.3279 -0.7138 -0.6188
vn 0.3278 -0.7138 -0.6189
vn 0.0915 0.5571 -0.8254
vn -0.8513 0.1069 -0.5137
vn -0.9825 0.1509 -0.1094
vn -0.8611 0.1199 -0.4941
vn -0.8513 0.1070 -0.5137
vn -0.3511 0.0293 -0.9359
vn -0.3511 0.0303 -0.9358
vn -0.3509 0.0310 -0.9359
vn -0.8513 0.1069 -0.5136
vn 0.3821 0.0264 -0.9238
vn 0.8878 0.1133 -0.4460
vn 0.9063 0.0557 -0.4190
vn 0.3820 0.0264 -0.9238
vn 0.3654 0.0474 -0.9296
vn 0.3655 0.0474 -0.9296
vn 0.3486 0.0683 -0.9348
vn -0.0574 0.0032 -0.9983
vn -0.0383 0.0022 -0.9993
vn -0.3511 0.0303 -0.9359
vn -0.0286 0.0017 -0.9996
vn 0.0286 0.0041 -0.9996
vn 0.0371 0.0054 -0.9993
vn 0.0286 0.0042 -0.9996
vn -0.0000 0.0009 -1.0000
vn -0.2139 -0.4646 -0.8593
vn 0.0542 0.0078 -0.9985
vn 0.3655 0.0473 -0.9296
vn 0.3486 0.0684 -0.9348
vn -0.3855 0.4011 -0.8310
vn -0.6692 0.6675 -0.3264
vn -0.2293 0.8638 -0.4487
vn -0.3854 0.4011 -0.8310
vn -0.8474 0.2971 -0.4400
vn -0.0293 -0.8000 -0.5993
vn -0.5318 -0.7767 -0.3376
vn -0.3174 -0.6152 -0.7216
vn -0.0015 -0.9881 -0.1536
vn -0.5317 -0.7767 -0.3377
vn -0.3173 -0.6152 -0.7217
vn -0.8474 0.2972 -0.4400
vn -0.3174 -0.6152 -0.7217
vn -0.5318 -0.7767 -0.3377
vn 0.2534 0.8008 -0.5427
vn 0.8591 0.2691 -0.4353
vn 0.3886 0.3735 -0.8423
vn 0.7052 0.6288 -0.3277
vn 0.8591 0.2690 -0.4353
vn 0.0410 -0.7846 -0.6186
vn 0.0049 -0.9945 -0.1050
vn 0.3887 0.3736 -0.8422
vn 0.5767 -0.7591 -0.3020
vn 0.3391 -0.5803 -0.7405
vn 0.3887 0.3735 -0.8423
vn 0.3392 -0.5803 -0.7404
vn 0.3391 -0.5803 -0.7404
vn 0.5767 -0.7591 -0.3021
vn -0.0635 0.9715 0.2285
vn -0.5332 0.8348 0.1372
vn -0.9647 0.2632 0.0122
vn 0.0378 -0.7576 -0.6516
vn 0.1948 -0.1387 -0.9710
vn 0.0379 -0.7576 -0.6516
vn -0.7545 -0.6563 -0.0000
vn -0.1384 -0.9904 -0.0000
vn -0.6492 0.5071 0.5669
vn -0.8855 0.3772 0.2715
vn -0.3254 0.8371 0.4397
vn -0.3899 0.2861 0.8753
vn -0.7473 0.5957 0.2944
vn -0.3032 0.8808 0.3637
vn -0.7473 0.5957 0.2945
vn -0.8135 0.5794 0.0506
vn -0.5333 0.8348 0.1372
vn -0.8332 0.5524 0.0254
vn -0.8135 0.5794 0.0505
vn -0.0000 -0.1679 0.9858
vn -0.0000 -0.1809 -0.9835
vn -0.0000 -0.6595 0.7517
vn -0.0000 -0.9961 0.0884
vn -0.0000 -0.1680 0.9858
vn -0.0000 -0.6594 0.7518
vn -0.0000 -0.7322 -0.6811
vn -0.0000 -0.7321 -0.6811
vn -0.7566 -0.2004 -0.6224
vn -0.8714 -0.3889 -0.2991
vn -0.6482 -0.6707 -0.3606
vn -0.7566 -0.2005 -0.6224
vn -0.7685 -0.1631 -0.6187
vn -0.8646 -0.1621 0.4755
vn -0.9111 -0.2412 0.3342
vn -0.9530 -0.2002 0.2276
vn -0.7508 -0.1987 0.6299
vn -0.9179 0.0373 -0.3950
vn -0.9654 0.2556 -0.0523
vn -0.9755 0.1482 -0.1626
vn -0.9179 0.0374 -0.3950
vn -0.9762 0.2156 -0.0252
vn -0.9654 0.2556 -0.0522
vn -0.7686 -0.1631 -0.6186
vn -0.8714 -0.3890 -0.2991
vn -0.9781 0.0576 0.2002
vn -0.9530 -0.2002 0.2275
vn -0.9935 0.0876 0.0720
vn -0.9762 0.2156 -0.0251
vn -0.0000 -0.1387 -0.9903
vn -0.0000 -0.1809 0.9835
vn -0.7530 -0.4673 -0.4633
vn -0.0000 -0.7092 -0.7050
vn -0.4639 -0.8859 0.0046
vn -0.0000 -1.0000 0.0098
vn -0.0000 -0.7321 0.6811
vn -0.0000 -0.7322 0.6811
vn -0.8742 -0.1724 0.4539
vn -0.9041 -0.2278 0.3616
vn -0.9420 -0.1914 0.2757
vn -0.8743 -0.1724 0.4538
vn -0.7703 -0.1941 0.6074
vn -0.7986 -0.2095 -0.5642
vn -0.9451 -0.1858 -0.2688
vn -0.9298 -0.2437 -0.2759
vn -0.8219 -0.1333 -0.5538
vn -0.9635 0.0974 0.2495
vn -0.9417 0.2696 0.2012
vn -0.8742 -0.1723 0.4539
vn -0.9420 -0.1914 0.2756
vn -0.9491 0.3108 0.0517
vn -0.9102 0.4141 0.0117
vn -0.9358 0.1170 -0.3325
vn -0.9698 0.2024 -0.1363
vn -0.9358 0.1169 -0.3325
vn -0.9491 0.3108 0.0518
vn -0.9698 0.2023 -0.1362
vn -0.9698 0.2024 -0.1362
vn -0.8993 0.3489 0.2637
vn -0.8809 0.4107 0.2351
vn -0.7644 0.6035 0.2271
vn -0.8993 0.3488 0.2637
vn 0.7071 -0.0767 0.7030
vn 0.7071 -0.0766 0.7030
vn -0.5190 0.4228 0.7429
vn 0.7071 -0.0767 0.7029
vn -0.6843 -0.0791 0.7249
vn -0.6997 0.6462 0.3047
vn -0.9980 -0.0068 0.0632
vn -0.2825 -0.9454 -0.1628
vn -0.8382 -0.5430 -0.0500
vn -0.8474 0.2971 -0.4399
vn -0.0383 0.4258 -0.9040
vn -0.2292 0.8638 -0.4487
vn -0.0110 0.9174 -0.3977
vn -0.0032 -0.9526 -0.3042
vn -0.0425 -0.5422 0.8391
vn -0.4629 -0.3633 0.8086
vn -0.4224 -0.5720 0.7031
vn -0.0215 -0.3372 0.9412
vn -0.9115 -0.2491 0.3274
vn -0.8724 -0.3648 0.3254
vn -0.9115 -0.2490 0.3274
vn -0.9749 -0.2034 0.0908
vn -0.9660 -0.2434 0.0869
vn -0.8724 -0.3648 0.3255
vn -0.9749 -0.2033 0.0908
vn -0.2881 -0.9334 -0.2139
vn -0.0034 -0.9716 -0.2366
vn -0.0019 -0.9706 -0.2407
vn -0.2136 -0.9628 -0.1653
vn -0.8639 -0.4895 -0.1184
vn -0.6023 -0.7927 -0.0937
vn -0.7959 -0.5689 -0.2073
vn -0.8640 -0.4895 -0.1184
vn -0.6023 -0.7928 -0.0937
vn -0.9667 -0.2561 -0.0000
vn -0.9742 -0.2236 -0.0315
vn -0.9710 -0.2385 -0.0159
vn -0.9747 -0.2197 0.0417
vn -0.9668 -0.2546 0.0203
vn -0.9665 -0.2534 0.0405
vn -0.9747 -0.2197 0.0418
vn -0.9712 -0.2366 0.0269
vn -0.9668 -0.2547 0.0203
vn -0.9673 -0.2534 0.0061
vn -0.6142 0.4473 0.6501
vn -0.8530 0.3870 0.3501
vn -0.4314 0.4473 0.7835
vn -0.6142 0.4472 0.6501
vn -0.7563 0.5596 0.3389
vn -0.8374 0.2173 0.5015
vn -0.8931 0.2678 0.3614
vn -0.4775 -0.1172 0.8708
vn -0.4775 -0.1171 0.8708
vn -0.9368 -0.1313 0.3242
vn 0.0003 0.4490 0.8936
vn 0.5128 0.3882 0.7657
vn -0.0120 0.8310 -0.5561
vn -0.0227 0.5862 -0.8099
vn -0.6147 0.7609 -0.2078
vn -0.4948 0.8379 -0.2305
vn -0.8472 0.5313 -0.0071
vn -0.5007 0.8534 -0.1448
vn -0.8631 0.5049 -0.0027
vn -0.5007 0.8534 -0.1447
vn -0.8507 0.5254 -0.0176
vn -0.5217 0.8511 -0.0581
vn -0.8506 0.5254 -0.0176
vn -0.5218 0.8511 -0.0581
vn -0.8514 0.5245 -0.0000
vn -0.5461 0.8376 -0.0142
vn -0.8515 0.5244 -0.0000
vn -0.0000 0.9150 -0.4035
vn 0.8944 0.4150 -0.1668
vn -0.0000 0.9279 -0.3728
vn -0.2168 0.9496 0.2263
vn -0.3223 0.9185 0.2290
vn -0.2747 0.9399 0.2026
vn -0.2746 0.9399 0.2026
vn -0.5290 0.8273 0.1890
vn -0.3840 0.9124 0.1418
vn -0.5290 0.8273 0.1889
vn -0.2747 0.9399 0.2027
vn -0.3840 0.9124 0.1419
vn -0.7124 0.6926 0.1130
vn -0.8050 0.5911 0.0505
vn -0.0000 0.9457 -0.3249
vn -0.8474 0.2972 -0.4399
vn -0.9810 0.1712 -0.0918
vn -0.4434 -0.8613 -0.2483
vn -0.0020 -0.9706 -0.2407
vn 0.0002 0.9143 -0.4051
vn 0.0002 0.9143 -0.4050
vn -0.9919 0.1236 -0.0283
vn -0.8575 -0.5130 -0.0376
vn -0.4948 0.8379 -0.2304
vn -0.0129 0.9683 -0.2493
vn -0.5007 0.8535 -0.1447
vn -0.0400 0.9954 -0.0874
vn -0.0130 0.9683 -0.2493
vn -0.9676 0.2524 0.0103
vn -0.0679 0.9974 -0.0256
vn -0.0401 0.9954 -0.0874
vn -0.9576 0.2864 -0.0308
vn -0.9676 0.2525 0.0102
vn -0.9676 0.2525 0.0103
vn -0.9748 -0.2209 -0.0315
vn -0.9796 -0.1907 -0.0630
vn -0.9368 -0.1314 0.3242
vn -0.9820 -0.1634 0.0945
vn -0.9221 0.3267 0.2075
vn -0.9221 0.3266 0.2075
vn -0.0000 0.9932 -0.1167
vn -0.0000 0.9010 -0.4338
vn -0.0000 0.9983 0.0576
vn -0.0000 0.9759 0.2182
vn -0.0000 0.9797 0.2007
vn -0.0000 0.9854 0.1704
vn -0.9817 -0.1855 0.0430
vn -0.9712 -0.2366 0.0268
vn -0.9753 -0.2182 0.0337
vn -0.9728 0.2273 0.0452
vn -0.9753 -0.2183 0.0337
vn -0.9680 -0.2507 0.0120
vn -0.9576 0.2864 -0.0307
vn -0.0000 0.9285 0.3714
vn 0.0002 -0.1155 0.9933
vn -0.4629 -0.3632 0.8086
vn -0.5461 0.8376 -0.0141
vn -0.0384 0.4258 -0.9040
vn 0.0742 0.9761 0.2043
vn 0.5554 0.8259 0.0972
vn 0.0742 0.9761 0.2044
vn 0.9591 0.2832 -0.0000
vn 0.9701 0.2427 0.0063
vn -0.1262 -0.0000 -0.9920
vn -0.1263 -0.0000 -0.9920
vn 0.7860 -0.4686 0.4033
vn 0.1384 -0.9904 -0.0000
vn 0.7545 -0.6563 -0.0000
vn 0.7859 -0.4686 0.4034
vn 0.7382 0.3286 0.5891
vn 0.9094 0.3133 0.2735
vn 0.3886 0.7766 0.4958
vn 0.9095 0.3133 0.2734
vn 0.7906 0.4988 0.3552
vn 0.3887 0.7766 0.4958
vn 0.7383 0.3286 0.5891
vn 0.3782 0.8494 0.3682
vn 0.3887 0.7766 0.4959
vn 0.8515 0.5244 -0.0000
vn 0.4199 0.8595 0.2914
vn 0.7906 0.4988 0.3553
vn 0.7860 -0.4685 0.4034
vn 0.7566 -0.2005 -0.6224
vn 0.9199 -0.3564 -0.1636
vn 0.8944 -0.1501 -0.4213
vn 0.7566 -0.2004 -0.6224
vn 0.9199 -0.3565 -0.1635
vn 0.7883 -0.0635 0.6120
vn 0.9111 -0.2412 0.3342
vn 0.7508 -0.1987 0.6299
vn 0.9314 -0.1684 0.3227
vn 0.9811 0.0688 -0.1809
vn 0.9377 0.3393 -0.0747
vn 0.9560 0.2920 -0.0290
vn 0.9873 0.1318 -0.0886
vn 0.9377 0.3394 -0.0747
vn 0.9873 0.1319 -0.0886
vn 0.9071 0.2212 0.3581
vn 0.9071 0.2211 0.3581
vn 0.9748 0.1692 0.1455
vn 0.9314 -0.1685 0.3228
vn 0.9560 0.2920 -0.0291
vn 0.4934 -0.7127 0.4986
vn 0.8002 -0.0867 0.5934
vn 0.9006 -0.2617 0.3469
vn 0.7703 -0.1941 0.6074
vn 0.9283 -0.1516 0.3394
vn 0.7986 -0.2095 -0.5642
vn 0.9636 -0.1885 -0.1897
vn 0.8986 -0.1479 -0.4130
vn 0.9297 -0.2451 -0.2749
vn 0.9185 0.0852 0.3860
vn 0.8002 -0.0866 0.5934
vn 0.9079 0.3476 0.2341
vn 0.9692 0.2453 0.0227
vn 0.9692 0.2454 0.0227
vn 0.8810 0.4729 -0.0154
vn 0.9314 0.3374 -0.1365
vn 0.8809 0.4730 -0.0154
vn 0.9747 0.2031 -0.0937
vn 0.8810 0.4730 -0.0154
vn 0.8986 -0.1480 -0.4131
vn 0.4935 -0.7127 0.4986
vn 0.9944 -0.0330 0.1003
vn 0.8932 0.3906 0.2227
vn 0.8778 0.4048 0.2561
vn 0.4992 0.4189 0.7585
vn -0.0000 -0.1086 0.9941
vn 0.6565 -0.0647 0.7515
vn -0.0000 0.5149 0.8572
vn 0.6794 0.6447 0.3503
vn 0.9902 0.0110 0.1394
vn 0.6794 0.6448 0.3503
vn 0.6566 -0.0647 0.7515
vn -0.0000 0.9854 0.1703
vn 0.0666 0.9453 0.3193
vn 0.0105 0.9825 0.1860
vn 0.0391 0.8675 -0.4959
vn -0.0110 0.9175 -0.3977
vn 0.0647 0.3972 -0.9155
vn -0.0383 0.4257 -0.9040
vn 0.0098 -0.9779 -0.2087
vn 0.8464 -0.5308 -0.0429
vn 0.6726 -0.7350 -0.0857
vn 0.9290 0.3591 -0.0889
vn -0.0012 -0.2942 0.9557
vn -0.0010 -0.4617 0.8870
vn 0.0002 0.4490 0.8936
vn -0.0000 0.5898 0.8076
vn -0.0000 0.6973 0.7168
vn -0.0008 0.4480 0.8940
vn 0.0234 0.5906 -0.8066
vn -0.0119 0.8310 -0.5561
vn 0.0159 0.8355 -0.5493
vn 0.0235 0.5906 -0.8066
vn -0.0227 0.5862 -0.8098
vn -0.0000 0.9752 0.2215
vn -0.0000 0.9767 0.2146
vn 0.0029 0.9476 -0.3196
vn 0.0120 0.9181 -0.3963
vn 0.0119 0.9180 -0.3963
vn 0.0398 0.9735 -0.2254
vn 0.0679 0.9963 -0.0525
vn 0.0679 0.9976 -0.0127
vn -0.0000 0.9759 0.2183
vn -0.0000 0.9751 0.2217
vn 0.0105 0.9825 0.1861
vn -0.0012 -0.1167 0.9932
vn -0.0000 0.4768 0.8790
vn 0.0647 0.3972 -0.9154
vn 0.4390 -0.3467 0.8289
vn 0.3987 -0.5355 0.7445
vn 0.9145 -0.2732 0.2983
vn 0.3988 -0.5355 0.7445
vn 0.8662 -0.4216 0.2681
vn 0.9775 -0.2033 0.0569
vn 0.9505 -0.3059 0.0552
vn 0.9774 -0.2034 0.0569
vn 0.9666 -0.2559 -0.0157
vn 0.9666 -0.2559 -0.0156
vn 0.9667 -0.2561 -0.0000
vn 0.9674 -0.2534 -0.0000
vn 0.9751 -0.2180 0.0398
vn 0.9665 -0.2558 0.0212
vn 0.9757 -0.2183 0.0200
vn 0.9658 -0.2559 0.0422
vn 0.9665 -0.2558 0.0213
vn 0.9718 -0.2359 -0.0000
vn 0.6025 0.5383 0.5893
vn 0.7281 0.6424 0.2392
vn 0.4082 0.4949 0.7671
vn 0.8623 0.3878 0.3257
vn 0.8933 0.3672 0.2593
vn 0.8623 0.3877 0.3259
vn 0.4600 -0.1377 0.8772
vn 0.9397 -0.1172 0.3213
vn -0.0007 0.4480 0.8940
vn 0.3887 0.7851 -0.4822
vn 0.8494 0.5278 -0.0000
vn 0.5098 0.8304 -0.2248
vn 0.5251 0.8437 -0.1113
vn 0.8463 0.5328 -0.0000
vn 0.5417 0.8405 -0.0090
vn 0.8463 0.5327 -0.0000
vn 0.5417 0.8405 -0.0091
vn 0.5459 0.8379 -0.0000
vn 0.8514 0.5245 -0.0000
vn -0.0000 1.0000 -0.0007
vn 0.3572 0.9136 0.1943
vn 0.5190 0.8366 0.1755
vn 0.3135 0.9267 0.2070
vn 0.3621 0.9142 0.1819
vn 0.6763 0.7236 0.1382
vn 0.4158 0.8962 0.1545
vn 0.7424 0.6618 0.1040
vn 0.4158 0.8963 0.1545
vn 0.3620 0.9143 0.1819
vn 0.6762 0.7236 0.1382
vn 0.7424 0.6619 0.1040
vn 0.3206 0.9122 0.2551
vn 0.7427 0.6628 0.0955
vn 0.0158 0.8355 -0.5493
vn 0.0029 0.9475 -0.3196
vn 0.9904 0.1309 -0.0444
vn 0.9945 0.1011 -0.0273
vn 0.9916 0.1087 -0.0701
vn 0.5686 0.8057 -0.1661
vn 0.9885 0.1506 -0.0146
vn 0.9945 0.1011 -0.0274
vn 0.8464 -0.5307 -0.0430
vn 0.9987 0.0498 0.0097
vn 0.0398 0.9735 -0.2253
vn 0.9494 0.3140 -0.0000
vn 0.9673 -0.2534 -0.0000
vn 0.9681 -0.2507 -0.0000
vn 0.9681 -0.2508 -0.0000
vn 0.9775 -0.2034 0.0569
vn 0.9934 -0.0989 0.0576
vn 0.8369 0.5179 0.1770
vn 0.8370 0.5179 0.1770
vn 0.8370 0.5178 0.1770
vn 0.3620 0.9143 0.1818
vn 0.3572 0.9136 0.1944
vn 0.4157 0.8963 0.1545
vn -0.0000 0.9797 0.2006
vn 0.3620 0.9142 0.1819
vn 0.9830 -0.1799 0.0371
vn 0.9835 -0.1802 0.0186
vn 0.9250 0.3745 -0.0650
vn 0.4158 0.8962 0.1546
vn 0.9835 -0.1802 0.0185
vn 0.9765 -0.2156 -0.0000
vn 0.0001 0.5149 0.8572
vn 0.0377 -0.9993 -0.0006
vn 0.0157 -0.9531 0.3022
vn 0.0220 -0.9997 -0.0047
vn 0.2005 -0.9648 0.1703
vn 0.0048 -1.0000 -0.0055
vn 0.1839 -0.9336 0.3074
vn 0.0040 -1.0000 -0.0061
vn -0.0000 -1.0000 0.0073
vn 0.1528 -0.9765 0.1522
vn 0.0119 -0.9510 0.3090
vn -0.0716 -0.9931 0.0934
vn 0.0821 -0.9425 0.3240
vn 0.0822 -0.9425 0.3240
vn -0.1380 -0.9544 0.2646
vn 0.0183 -0.9998 0.0106
vn -0.0073 -1.0000 0.0011
vn -0.0544 -0.8144 -0.5777
vn -0.0147 -0.9999 -0.0051
vn -0.0050 -1.0000 -0.0043
vn -0.0394 -0.9685 -0.2458
vn -0.0301 -0.9994 -0.0184
vn -0.0066 -1.0000 0.0004
vn 0.2345 -0.8551 -0.4624
vn 0.0336 -0.9993 0.0171
vt 0.733330 0.141180
vt 0.686270 0.125490
vt 0.643140 0.141180
vt 0.686270 0.247060
vt 0.733330 0.231370
vt 0.643140 0.231370
vt 0.878430 0.121570
vt 0.878430 0.000000
vt 0.788240 0.039220
vt 0.878430 0.121570
vt 1.000000 0.121570
vt 0.960780 0.039220
vt 0.878430 0.121570
vt 0.878430 0.247060
vt 0.960780 0.211760
vt 0.878430 0.121570
vt 0.752940 0.121570
vt 0.788240 0.211760
vt 0.878430 0.121570
vt 0.960780 0.211760
vt 1.000000 0.121570
vt 0.878430 0.121570
vt 0.788240 0.211760
vt 0.878430 0.247060
vt 0.878430 0.121570
vt 0.788240 0.039220
vt 0.752940 0.121570
vt 0.878430 0.121570
vt 0.960780 0.039220
vt 0.878430 0.000000
vt 0.733330 0.141180
vt 0.643140 0.141180
vt 0.749020 0.188240
vt 0.643140 0.141180
vt 0.627450 0.188240
vt 0.749020 0.188240
vt 0.749020 0.188240
vt 0.627450 0.188240
vt 0.733330 0.231370
vt 0.627450 0.188240
vt 0.643140 0.231370
vt 0.733330 0.231370
vt 0.749020 0.188240
vt 0.733330 0.188240
vt 0.733330 0.231370
vt 0.733330 0.188240
vt 0.717650 0.219610
vt 0.733330 0.231370
vt 0.717650 0.219610
vt 0.686270 0.231370
vt 0.733330 0.231370
vt 0.686270 0.231370
vt 0.686270 0.247060
vt 0.733330 0.231370
vt 0.654900 0.219610
vt 0.643140 0.231370
vt 0.686270 0.231370
vt 0.643140 0.231370
vt 0.686270 0.247060
vt 0.686270 0.231370
vt 0.643140 0.188240
vt 0.627450 0.188240
vt 0.654900 0.219610
vt 0.627450 0.188240
vt 0.643140 0.231370
vt 0.654900 0.219610
vt 0.643140 0.141180
vt 0.627450 0.188240
vt 0.654900 0.156860
vt 0.627450 0.188240
vt 0.643140 0.188240
vt 0.654900 0.156860
vt 0.686270 0.125490
vt 0.643140 0.141180
vt 0.686270 0.141180
vt 0.643140 0.141180
vt 0.654900 0.156860
vt 0.686270 0.141180
vt 0.686270 0.125490
vt 0.686270 0.141180
vt 0.733330 0.141180
vt 0.686270 0.141180
vt 0.717650 0.156860
vt 0.733330 0.141180
vt 0.733330 0.141180
vt 0.717650 0.156860
vt 0.749020 0.188240
vt 0.717650 0.156860
vt 0.733330 0.188240
vt 0.749020 0.188240
vt 0.749020 0.000000
vt 0.627450 0.000000
vt 0.749020 0.062750
vt 0.627450 0.000000
vt 0.627450 0.062750
vt 0.749020 0.062750
vt 0.749020 0.058820
vt 0.627450 0.058820
vt 0.749020 0.121570
vt 0.627450 0.058820
vt 0.627450 0.121570
vt 0.749020 0.121570
vt 0.749020 0.000000
vt 0.627450 0.000000
vt 0.749020 0.058820
vt 0.627450 0.000000
vt 0.627450 0.058820
vt 0.749020 0.058820
vt 0.749020 0.058820
vt 0.627450 0.058820
vt 0.749020 0.121570
vt 0.627450 0.058820
vt 0.627450 0.121570
vt 0.749020 0.121570
vt 0.749020 0.000000
vt 0.627450 0.000000
vt 0.749020 0.058820
vt 0.627450 0.000000
vt 0.627450 0.058820
vt 0.749020 0.058820
vt 0.749020 0.062750
vt 0.627450 0.062750
vt 0.749020 0.121570
vt 0.627450 0.062750
vt 0.627450 0.121570
vt 0.749020 0.121570
vt 0.749020 0.000000
vt 0.627450 0.000000
vt 0.749020 0.062750
vt 0.627450 0.000000
vt 0.627450 0.062750
vt 0.749020 0.062750
vt 0.749020 0.062750
vt 0.627450 0.062750
vt 0.749020 0.121570
vt 0.627450 0.062750
vt 0.627450 0.121570
vt 0.749020 0.121570
vt 0.733330 0.141180
vt 0.686270 0.125490
vt 0.643140 0.141180
vt 0.686270 0.247060
vt 0.733330 0.231370
vt 0.643140 0.231370
vt 0.878430 0.121570
vt 0.878430 0.000000
vt 0.788240 0.039220
vt 0.878430 0.121570
vt 1.000000 0.121570
vt 0.960780 0.039220
vt 0.878430 0.121570
vt 0.878430 0.247060
vt 0.960780 0.211760
vt 0.878430 0.121570
vt 0.752940 0.121570
vt 0.788240 0.211760
vt 0.878430 0.121570
vt 0.960780 0.211760
vt 1.000000 0.121570
vt 0.878430 0.121570
vt 0.788240 0.211760
vt 0.878430 0.247060
vt 0.878430 0.121570
vt 0.788240 0.039220
vt 0.752940 0.121570
vt 0.878430 0.121570
vt 0.960780 0.039220
vt 0.878430 0.000000
vt 0.733330 0.141180
vt 0.643140 0.141180
vt 0.749020 0.188240
vt 0.643140 0.141180
vt 0.627450 0.188240
vt 0.749020 0.188240
vt 0.749020 0.188240
vt 0.627450 0.188240
vt 0.733330 0.231370
vt 0.627450 0.188240
vt 0.643140 0.231370
vt 0.733330 0.231370
vt 0.749020 0.188240
vt 0.733330 0.188240
vt 0.733330 0.231370
vt 0.733330 0.188240
vt 0.717650 0.219610
vt 0.733330 0.231370
vt 0.717650 0.219610
vt 0.686270 0.231370
vt 0.733330 0.231370
vt 0.686270 0.231370
vt 0.686270 0.247060
vt 0.733330 0.231370
vt 0.654900 0.219610
vt 0.643140 0.231370
vt 0.686270 0.231370
vt 0.643140 0.231370
vt 0.686270 0.247060
vt 0.686270 0.231370
vt 0.643140 0.188240
vt 0.627450 0.188240
vt 0.654900 0.219610
vt 0.627450 0.188240
vt 0.643140 0.231370
vt 0.654900 0.219610
vt 0.643140 0.141180
vt 0.627450 0.188240
vt 0.654900 0.156860
vt 0.627450 0.188240
vt 0.643140 0.188240
vt 0.654900 0.156860
vt 0.686270 0.125490
vt 0.643140 0.141180
vt 0.686270 0.141180
vt 0.643140 0.141180
vt 0.654900 0.156860
vt 0.686270 0.141180
vt 0.686270 0.125490
vt 0.686270 0.141180
vt 0.733330 0.141180
vt 0.686270 0.141180
vt 0.717650 0.156860
vt 0.733330 0.141180
vt 0.733330 0.141180
vt 0.717650 0.156860
vt 0.749020 0.188240
vt 0.717650 0.156860
vt 0.733330 0.188240
vt 0.749020 0.188240
vt 0.749020 0.000000
vt 0.627450 0.000000
vt 0.749020 0.062750
vt 0.627450 0.000000
vt 0.627450 0.062750
vt 0.749020 0.062750
vt 0.749020 0.058820
vt 0.627450 0.058820
vt 0.749020 0.121570
vt 0.627450 0.058820
vt 0.627450 0.121570
vt 0.749020 0.121570
vt 0.749020 0.000000
vt 0.627450 0.000000
vt 0.749020 0.058820
vt 0.627450 0.000000
vt 0.627450 0.058820
vt 0.749020 0.058820
vt 0.749020 0.058820
vt 0.627450 0.058820
vt 0.749020 0.121570
vt 0.627450 0.058820
vt 0.627450 0.121570
vt 0.749020 0.121570
vt 0.749020 0.000000
vt 0.627450 0.000000
vt 0.749020 0.058820
vt 0.627450 0.000000
vt 0.627450 0.058820
vt 0.749020 0.058820
vt 0.749020 0.062750
vt 0.627450 0.062750
vt 0.749020 0.121570
vt 0.627450 0.062750
vt 0.627450 0.121570
vt 0.749020 0.121570
vt 0.749020 0.000000
vt 0.627450 0.000000
vt 0.749020 0.062750
vt 0.627450 0.000000
vt 0.627450 0.062750
vt 0.749020 0.062750
vt 0.749020 0.062750
vt 0.627450 0.062750
vt 0.749020 0.121570
vt 0.627450 0.062750
vt 0.627450 0.121570
vt 0.749020 0.121570
vt 0.733330 0.141180
vt 0.686270 0.125490
vt 0.643140 0.141180
vt 0.686270 0.247060
vt 0.733330 0.231370
vt 0.643140 0.231370
vt 0.878430 0.121570
vt 0.878430 0.000000
vt 0.788240 0.039220
vt 0.878430 0.121570
vt 1.000000 0.121570
vt 0.960780 0.039220
vt 0.878430 0.121570
vt 0.878430 0.247060
vt 0.960780 0.211760
vt 0.878430 0.121570
vt 0.752940 0.121570
vt 0.788240 0.211760
vt 0.878430 0.121570
vt 0.960780 0.211760
vt 1.000000 0.121570
vt 0.878430 0.121570
vt 0.788240 0.211760
vt 0.878430 0.247060
vt 0.878430 0.121570
vt 0.788240 0.039220
vt 0.752940 0.121570
vt 0.878430 0.121570
vt 0.960780 0.039220
vt 0.878430 0.000000
vt 0.733330 0.141180
vt 0.643140 0.141180
vt 0.749020 0.188240
vt 0.643140 0.141180
vt 0.627450 0.188240
vt 0.749020 0.188240
vt 0.749020 0.188240
vt 0.627450 0.188240
vt 0.733330 0.231370
vt 0.627450 0.188240
vt 0.643140 0.231370
vt 0.733330 0.231370
vt 0.749020 0.188240
vt 0.733330 0.188240
vt 0.733330 0.231370
vt 0.733330 0.188240
vt 0.717650 0.219610
vt 0.733330 0.231370
vt 0.717650 0.219610
vt 0.686270 0.231370
vt 0.733330 0.231370
vt 0.686270 0.231370
vt 0.686270 0.247060
vt 0.733330 0.231370
vt 0.654900 0.219610
vt 0.643140 0.231370
vt 0.686270 0.231370
vt 0.643140 0.231370
vt 0.686270 0.247060
vt 0.686270 0.231370
vt 0.643140 0.188240
vt 0.627450 0.188240
vt 0.654900 0.219610
vt 0.627450 0.188240
vt 0.643140 0.231370
vt 0.654900 0.219610
vt 0.643140 0.141180
vt 0.627450 0.188240
vt 0.654900 0.156860
vt 0.627450 0.188240
vt 0.643140 0.188240
vt 0.654900 0.156860
vt 0.686270 0.125490
vt 0.643140 0.141180
vt 0.686270 0.141180
vt 0.643140 0.141180
vt 0.654900 0.156860
vt 0.686270 0.141180
vt 0.686270 0.125490
vt 0.686270 0.141180
vt 0.733330 0.141180
vt 0.686270 0.141180
vt 0.717650 0.156860
vt 0.733330 0.141180
vt 0.733330 0.141180
vt 0.717650 0.156860
vt 0.749020 0.188240
vt 0.717650 0.156860
vt 0.733330 0.188240
vt 0.749020 0.188240
vt 0.749020 0.000000
vt 0.627450 0.000000
vt 0.749020 0.062750
vt 0.627450 0.000000
vt 0.627450 0.062750
vt 0.749020 0.062750
vt 0.749020 0.058820
vt 0.627450 0.058820
vt 0.749020 0.121570
vt 0.627450 0.058820
vt 0.627450 0.121570
vt 0.749020 0.121570
vt 0.749020 0.000000
vt 0.627450 0.000000
vt 0.749020 0.058820
vt 0.627450 0.000000
vt 0.627450 0.058820
vt 0.749020 0.058820
vt 0.749020 0.058820
vt 0.627450 0.058820
vt 0.749020 0.121570
vt 0.627450 0.058820
vt 0.627450 0.121570
vt 0.749020 0.121570
vt 0.749020 0.000000
vt 0.627450 0.000000
vt 0.749020 0.058820
vt 0.627450 0.000000
vt 0.627450 0.058820
vt 0.749020 0.058820
vt 0.749020 0.062750
vt 0.627450 0.062750
vt 0.749020 0.121570
vt 0.627450 0.062750
vt 0.627450 0.121570
vt 0.749020 0.121570
vt 0.749020 0.000000
vt 0.627450 0.000000
vt 0.749020 0.062750
vt 0.627450 0.000000
vt 0.627450 0.062750
vt 0.749020 0.062750
vt 0.749020 0.062750
vt 0.627450 0.062750
vt 0.749020 0.121570
vt 0.627450 0.062750
vt 0.627450 0.121570
vt 0.749020 0.121570
vt 0.733330 0.141180
vt 0.686270 0.125490
vt 0.643140 0.141180
vt 0.686270 0.247060
vt 0.733330 0.231370
vt 0.643140 0.231370
vt 0.878430 0.121570
vt 0.878430 0.000000
vt 0.788240 0.039220
vt 0.878430 0.121570
vt 1.000000 0.121570
vt 0.960780 0.039220
vt 0.878430 0.121570
vt 0.878430 0.247060
vt 0.960780 0.211760
vt 0.878430 0.121570
vt 0.752940 0.121570
vt 0.788240 0.211760
vt 0.878430 0.121570
vt 0.960780 0.211760
vt 1.000000 0.121570
vt 0.878430 0.121570
vt 0.788240 0.211760
vt 0.878430 0.247060
vt 0.878430 0.121570
vt 0.788240 0.039220
vt 0.752940 0.121570
vt 0.878430 0.121570
vt 0.960780 0.039220
vt 0.878430 0.000000
vt 0.733330 0.141180
vt 0.643140 0.141180
vt 0.749020 0.188240
vt 0.643140 0.141180
vt 0.627450 0.188240
vt 0.749020 0.188240
vt 0.749020 0.188240
vt 0.627450 0.188240
vt 0.733330 0.231370
vt 0.627450 0.188240
vt 0.643140 0.231370
vt 0.733330 0.231370
vt 0.749020 0.188240
vt 0.733330 0.188240
vt 0.733330 0.231370
vt 0.733330 0.188240
vt 0.717650 0.219610
vt 0.733330 0.231370
vt 0.717650 0.219610
vt 0.686270 0.231370
vt 0.733330 0.231370
vt 0.686270 0.231370
vt 0.686270 0.247060
vt 0.733330 0.231370
vt 0.654900 0.219610
vt 0.643140 0.231370
vt 0.686270 0.231370
vt 0.643140 0.231370
vt 0.686270 0.247060
vt 0.686270 0.231370
vt 0.643140 0.188240
vt 0.627450 0.188240
vt 0.654900 0.219610
vt 0.627450 0.188240
vt 0.643140 0.231370
vt 0.654900 0.219610
vt 0.643140 0.141180
vt 0.627450 0.188240
vt 0.654900 0.156860
vt 0.627450 0.188240
vt 0.643140 0.188240
vt 0.654900 0.156860
vt 0.686270 0.125490
vt 0.643140 0.141180
vt 0.686270 0.141180
vt 0.643140 0.141180
vt 0.654900 0.156860
vt 0.686270 0.141180
vt 0.686270 0.125490
vt 0.686270 0.141180
vt 0.733330 0.141180
vt 0.686270 0.141180
vt 0.717650 0.156860
vt 0.733330 0.141180
vt 0.733330 0.141180
vt 0.717650 0.156860
vt 0.749020 0.188240
vt 0.717650 0.156860
vt 0.733330 0.188240
vt 0.749020 0.188240
vt 0.749020 0.000000
vt 0.627450 0.000000
vt 0.749020 0.062750
vt 0.627450 0.000000
vt 0.627450 0.062750
vt 0.749020 0.062750
vt 0.749020 0.058820
vt 0.627450 0.058820
vt 0.749020 0.121570
vt 0.627450 0.058820
vt 0.627450 0.121570
vt 0.749020 0.121570
vt 0.749020 0.000000
vt 0.627450 0.000000
vt 0.749020 0.058820
vt 0.627450 0.000000
vt 0.627450 0.058820
vt 0.749020 0.058820
vt 0.749020 0.058820
vt 0.627450 0.058820
vt 0.749020 0.121570
vt 0.627450 0.058820
vt 0.627450 0.121570
vt 0.749020 0.121570
vt 0.749020 0.000000
vt 0.627450 0.000000
vt 0.749020 0.058820
vt 0.627450 0.000000
vt 0.627450 0.058820
vt 0.749020 0.058820
vt 0.749020 0.062750
vt 0.627450 0.062750
vt 0.749020 0.121570
vt 0.627450 0.062750
vt 0.627450 0.121570
vt 0.749020 0.121570
vt 0.749020 0.000000
vt 0.627450 0.000000
vt 0.749020 0.062750
vt 0.627450 0.000000
vt 0.627450 0.062750
vt 0.749020 0.062750
vt 0.749020 0.062750
vt 0.627450 0.062750
vt 0.749020 0.121570
vt 0.627450 0.062750
vt 0.627450 0.121570
vt 0.749020 0.121570
vt 0.733330 0.141180
vt 0.686270 0.125490
vt 0.643140 0.141180
vt 0.686270 0.247060
vt 0.733330 0.231370
vt 0.643140 0.231370
vt 0.878430 0.121570
vt 0.878430 0.000000
vt 0.788240 0.039220
vt 0.878430 0.121570
vt 1.000000 0.121570
vt 0.960780 0.039220
vt 0.878430 0.121570
vt 0.878430 0.247060
vt 0.960780 0.211760
vt 0.878430 0.121570
vt 0.752940 0.121570
vt 0.788240 0.211760
vt 0.878430 0.121570
vt 0.960780 0.211760
vt 1.000000 0.121570
vt 0.878430 0.121570
vt 0.788240 0.211760
vt 0.878430 0.247060
vt 0.878430 0.121570
vt 0.788240 0.039220
vt 0.752940 0.121570
vt 0.878430 0.121570
vt 0.960780 0.039220
vt 0.878430 0.000000
vt 0.733330 0.141180
vt 0.643140 0.141180
vt 0.749020 0.188240
vt 0.643140 0.141180
vt 0.627450 0.188240
vt 0.749020 0.188240
vt 0.749020 0.188240
vt 0.627450 0.188240
vt 0.733330 0.231370
vt 0.627450 0.188240
vt 0.643140 0.231370
vt 0.733330 0.231370
vt 0.749020 0.188240
vt 0.733330 0.188240
vt 0.733330 0.231370
vt 0.733330 0.188240
vt 0.717650 0.219610
vt 0.733330 0.231370
vt 0.717650 0.219610
vt 0.686270 0.231370
vt 0.733330 0.231370
vt 0.686270 0.231370
vt 0.686270 0.247060
vt 0.733330 0.231370
vt 0.654900 0.219610
vt 0.643140 0.231370
vt 0.686270 0.231370
vt 0.643140 0.231370
vt 0.686270 0.247060
vt 0.686270 0.231370
vt 0.643140 0.188240
vt 0.627450 0.188240
vt 0.654900 0.219610
vt 0.627450 0.188240
vt 0.643140 0.231370
vt 0.654900 0.219610
vt 0.643140 0.141180
vt 0.627450 0.188240
vt 0.654900 0.156860
vt 0.627450 0.188240
vt 0.643140 0.188240
vt 0.654900 0.156860
vt 0.686270 0.125490
vt 0.643140 0.141180
vt 0.686270 0.141180
vt 0.643140 0.141180
vt 0.654900 0.156860
vt 0.686270 0.141180
vt 0.686270 0.125490
vt 0.686270 0.141180
vt 0.733330 0.141180
vt 0.686270 0.141180
vt 0.717650 0.156860
vt 0.733330 0.141180
vt 0.733330 0.141180
vt 0.717650 0.156860
vt 0.749020 0.188240
vt 0.717650 0.156860
vt 0.733330 0.188240
vt 0.749020 0.188240
vt 0.749020 0.000000
vt 0.627450 0.000000
vt 0.749020 0.062750
vt 0.627450 0.000000
vt 0.627450 0.062750
vt 0.749020 0.062750
vt 0.749020 0.058820
vt 0.627450 0.058820
vt 0.749020 0.121570
vt 0.627450 0.058820
vt 0.627450 0.121570
vt 0.749020 0.121570
vt 0.749020 0.000000
vt 0.627450 0.000000
vt 0.749020 0.058820
vt 0.627450 0.000000
vt 0.627450 0.058820
vt 0.749020 0.058820
vt 0.749020 0.058820
vt 0.627450 0.058820
vt 0.749020 0.121570
vt 0.627450 0.058820
vt 0.627450 0.121570
vt 0.749020 0.121570
vt 0.749020 0.000000
vt 0.627450 0.000000
vt 0.749020 0.058820
vt 0.627450 0.000000
vt 0.627450 0.058820
vt 0.749020 0.058820
vt 0.749020 0.062750
vt 0.627450 0.062750
vt 0.749020 0.121570
vt 0.627450 0.062750
vt 0.627450 0.121570
vt 0.749020 0.121570
vt 0.749020 0.000000
vt 0.627450 0.000000
vt 0.749020 0.062750
vt 0.627450 0.000000
vt 0.627450 0.062750
vt 0.749020 0.062750
vt 0.749020 0.062750
vt 0.627450 0.062750
vt 0.749020 0.121570
vt 0.627450 0.062750
vt 0.627450 0.121570
vt 0.749020 0.121570
vt 0.733330 0.141180
vt 0.686270 0.125490
vt 0.643140 0.141180
vt 0.686270 0.247060
vt 0.733330 0.231370
vt 0.643140 0.231370
vt 0.878430 0.121570
vt 0.878430 0.000000
vt 0.788240 0.039220
vt 0.878430 0.121570
vt 1.000000 0.121570
vt 0.960780 0.039220
vt 0.878430 0.121570
vt 0.878430 0.247060
vt 0.960780 0.211760
vt 0.878430 0.121570
vt 0.752940 0.121570
vt 0.788240 0.211760
vt 0.878430 0.121570
vt 0.960780 0.211760
vt 1.000000 0.121570
vt 0.878430 0.121570
vt 0.788240 0.211760
vt 0.878430 0.247060
vt 0.878430 0.121570
vt 0.788240 0.039220
vt 0.752940 0.121570
vt 0.878430 0.121570
vt 0.960780 0.039220
vt 0.878430 0.000000
vt 0.733330 0.141180
vt 0.643140 0.141180
vt 0.749020 0.188240
vt 0.643140 0.141180
vt 0.627450 0.188240
vt 0.749020 0.188240
vt 0.749020 0.188240
vt 0.627450 0.188240
vt 0.733330 0.231370
vt 0.627450 0.188240
vt 0.643140 0.231370
vt 0.733330 0.231370
vt 0.749020 0.188240
vt 0.733330 0.188240
vt 0.733330 0.231370
vt 0.733330 0.188240
vt 0.717650 0.219610
vt 0.733330 0.231370
vt 0.717650 0.219610
vt 0.686270 0.231370
vt 0.733330 0.231370
vt 0.686270 0.231370
vt 0.686270 0.247060
vt 0.733330 0.231370
vt 0.654900 0.219610
vt 0.643140 0.231370
vt 0.686270 0.231370
vt 0.643140 0.231370
vt 0.686270 0.247060
vt 0.686270 0.231370
vt 0.643140 0.188240
vt 0.627450 0.188240
vt 0.654900 0.219610
vt 0.627450 0.188240
vt 0.643140 0.231370
vt 0.654900 0.219610
vt 0.643140 0.141180
vt 0.627450 0.188240
vt 0.654900 0.156860
vt 0.627450 0.188240
vt 0.643140 0.188240
vt 0.654900 0.156860
vt 0.686270 0.125490
vt 0.643140 0.141180
vt 0.686270 0.141180
vt 0.643140 0.141180
vt 0.654900 0.156860
vt 0.686270 0.141180
vt 0.686270 0.125490
vt 0.686270 0.141180
vt 0.733330 0.141180
vt 0.686270 0.141180
vt 0.717650 0.156860
vt 0.733330 0.141180
vt 0.733330 0.141180
vt 0.717650 0.156860
vt 0.749020 0.188240
vt 0.717650 0.156860
vt 0.733330 0.188240
vt 0.749020 0.188240
vt 0.749020 0.000000
vt 0.627450 0.000000
vt 0.749020 0.062750
vt 0.627450 0.000000
vt 0.627450 0.062750
vt 0.749020 0.062750
vt 0.749020 0.058820
vt 0.627450 0.058820
vt 0.749020 0.121570
vt 0.627450 0.058820
vt 0.627450 0.121570
vt 0.749020 0.121570
vt 0.749020 0.000000
vt 0.627450 0.000000
vt 0.749020 0.058820
vt 0.627450 0.000000
vt 0.627450 0.058820
vt 0.749020 0.058820
vt 0.749020 0.058820
vt 0.627450 0.058820
vt 0.749020 0.121570
vt 0.627450 0.058820
vt 0.627450 0.121570
vt 0.749020 0.121570
vt 0.749020 0.000000
vt 0.627450 0.000000
vt 0.749020 0.058820
vt 0.627450 0.000000
vt 0.627450 0.058820
vt 0.749020 0.058820
vt 0.749020 0.062750
vt 0.627450 0.062750
vt 0.749020 0.121570
vt 0.627450 0.062750
vt 0.627450 0.121570
vt 0.749020 0.121570
vt 0.749020 0.000000
vt 0.627450 0.000000
vt 0.749020 0.062750
vt 0.627450 0.000000
vt 0.627450 0.062750
vt 0.749020 0.062750
vt 0.749020 0.062750
vt 0.627450 0.062750
vt 0.749020 0.121570
vt 0.627450 0.062750
vt 0.627450 0.121570
vt 0.749020 0.121570
vt 0.733330 0.141180
vt 0.686270 0.125490
vt 0.643140 0.141180
vt 0.686270 0.247060
vt 0.733330 0.231370
vt 0.643140 0.231370
vt 0.878430 0.121570
vt 0.878430 0.000000
vt 0.788240 0.039220
vt 0.878430 0.121570
vt 1.000000 0.121570
vt 0.960780 0.039220
vt 0.878430 0.121570
vt 0.878430 0.247060
vt 0.960780 0.211760
vt 0.878430 0.121570
vt 0.752940 0.121570
vt 0.788240 0.211760
vt 0.878430 0.121570
vt 0.960780 0.211760
vt 1.000000 0.121570
vt 0.878430 0.121570
vt 0.788240 0.211760
vt 0.878430 0.247060
vt 0.878430 0.121570
vt 0.788240 0.039220
vt 0.752940 0.121570
vt 0.878430 0.121570
vt 0.960780 0.039220
vt 0.878430 0.000000
vt 0.733330 0.141180
vt 0.643140 0.141180
vt 0.749020 0.188240
vt 0.643140 0.141180
vt 0.627450 0.188240
vt 0.749020 0.188240
vt 0.749020 0.188240
vt 0.627450 0.188240
vt 0.733330 0.231370
vt 0.627450 0.188240
vt 0.643140 0.231370
vt 0.733330 0.231370
vt 0.749020 0.188240
vt 0.733330 0.188240
vt 0.733330 0.231370
vt 0.733330 0.188240
vt 0.717650 0.219610
vt 0.733330 0.231370
vt 0.717650 0.219610
vt 0.686270 0.231370
vt 0.733330 0.231370
vt 0.686270 0.231370
vt 0.686270 0.247060
vt 0.733330 0.231370
vt 0.654900 0.219610
vt 0.643140 0.231370
vt 0.686270 0.231370
vt 0.643140 0.231370
vt 0.686270 0.247060
vt 0.686270 0.231370
vt 0.643140 0.188240
vt 0.627450 0.188240
vt 0.654900 0.219610
vt 0.627450 0.188240
vt 0.643140 0.231370
vt 0.654900 0.219610
vt 0.643140 0.141180
vt 0.627450 0.188240
vt 0.654900 0.156860
vt 0.627450 0.188240
vt 0.643140 0.188240
vt 0.654900 0.156860
vt 0.686270 0.125490
vt 0.643140 0.141180
vt 0.686270 0.141180
vt 0.643140 0.141180
vt 0.654900 0.156860
vt 0.686270 0.141180
vt 0.686270 0.125490
vt 0.686270 0.141180
vt 0.733330 0.141180
vt 0.686270 0.141180
vt 0.717650 0.156860
vt 0.733330 0.141180
vt 0.733330 0.141180
vt 0.717650 0.156860
vt 0.749020 0.188240
vt 0.717650 0.156860
vt 0.733330 0.188240
vt 0.749020 0.188240
vt 0.749020 0.000000
vt 0.627450 0.000000
vt 0.749020 0.062750
vt 0.627450 0.000000
vt 0.627450 0.062750
vt 0.749020 0.062750
vt 0.749020 0.058820
vt 0.627450 0.058820
vt 0.749020 0.121570
vt 0.627450 0.058820
vt 0.627450 0.121570
vt 0.749020 0.121570
vt 0.749020 0.000000
vt 0.627450 0.000000
vt 0.749020 0.058820
vt 0.627450 0.000000
vt 0.627450 0.058820
vt 0.749020 0.058820
vt 0.749020 0.058820
vt 0.627450 0.058820
vt 0.749020 0.121570
vt 0.627450 0.058820
vt 0.627450 0.121570
vt 0.749020 0.121570
vt 0.749020 0.000000
vt 0.627450 0.000000
vt 0.749020 0.058820
vt 0.627450 0.000000
vt 0.627450 0.058820
vt 0.749020 0.058820
vt 0.749020 0.062750
vt 0.627450 0.062750
vt 0.749020 0.121570
vt 0.627450 0.062750
vt 0.627450 0.121570
vt 0.749020 0.121570
vt 0.749020 0.000000
vt 0.627450 0.000000
vt 0.749020 0.062750
vt 0.627450 0.000000
vt 0.627450 0.062750
vt 0.749020 0.062750
vt 0.749020 0.062750
vt 0.627450 0.062750
vt 0.749020 0.121570
vt 0.627450 0.062750
vt 0.627450 0.121570
vt 0.749020 0.121570
vt 0.733330 0.141180
vt 0.686270 0.125490
vt 0.643140 0.141180
vt 0.686270 0.247060
vt 0.733330 0.231370
vt 0.643140 0.231370
vt 0.878430 0.121570
vt 0.878430 0.000000
vt 0.788240 0.039220
vt 0.878430 0.121570
vt 1.000000 0.121570
vt 0.960780 0.039220
vt 0.878430 0.121570
vt 0.878430 0.247060
vt 0.960780 0.211760
vt 0.878430 0.121570
vt 0.752940 0.121570
vt 0.788240 0.211760
vt 0.878430 0.121570
vt 0.960780 0.211760
vt 1.000000 0.121570
vt 0.878430 0.121570
vt 0.788240 0.211760
vt 0.878430 0.247060
vt 0.878430 0.121570
vt 0.788240 0.039220
vt 0.752940 0.121570
vt 0.878430 0.121570
vt 0.960780 0.039220
vt 0.878430 0.000000
vt 0.733330 0.141180
vt 0.643140 0.141180
vt 0.749020 0.188240
vt 0.643140 0.141180
vt 0.627450 0.188240
vt 0.749020 0.188240
vt 0.749020 0.188240
vt 0.627450 0.188240
vt 0.733330 0.231370
vt 0.627450 0.188240
vt 0.643140 0.231370
vt 0.733330 0.231370
vt 0.749020 0.188240
vt 0.733330 0.188240
vt 0.733330 0.231370
vt 0.733330 0.188240
vt 0.717650 0.219610
vt 0.733330 0.231370
vt 0.717650 0.219610
vt 0.686270 0.231370
vt 0.733330 0.231370
vt 0.686270 0.231370
vt 0.686270 0.247060
vt 0.733330 0.231370
vt 0.654900 0.219610
vt 0.643140 0.231370
vt 0.686270 0.231370
vt 0.643140 0.231370
vt 0.686270 0.247060
vt 0.686270 0.231370
vt 0.643140 0.188240
vt 0.627450 0.188240
vt 0.654900 0.219610
vt 0.627450 0.188240
vt 0.643140 0.231370
vt 0.654900 0.219610
vt 0.643140 0.141180
vt 0.627450 0.188240
vt 0.654900 0.156860
vt 0.627450 0.188240
vt 0.643140 0.188240
vt 0.654900 0.156860
vt 0.686270 0.125490
vt 0.643140 0.141180
vt 0.686270 0.141180
vt 0.643140 0.141180
vt 0.654900 0.156860
vt 0.686270 0.141180
vt 0.686270 0.125490
vt 0.686270 0.141180
vt 0.733330 0.141180
vt 0.686270 0.141180
vt 0.717650 0.156860
vt 0.733330 0.141180
vt 0.733330 0.141180
vt 0.717650 0.156860
vt 0.749020 0.188240
vt 0.717650 0.156860
vt 0.733330 0.188240
vt 0.749020 0.188240
vt 0.749020 0.000000
vt 0.627450 0.000000
vt 0.749020 0.062750
vt 0.627450 0.000000
vt 0.627450 0.062750
vt 0.749020 0.062750
vt 0.749020 0.058820
vt 0.627450 0.058820
vt 0.749020 0.121570
vt 0.627450 0.058820
vt 0.627450 0.121570
vt 0.749020 0.121570
vt 0.749020 0.000000
vt 0.627450 0.000000
vt 0.749020 0.058820
vt 0.627450 0.000000
vt 0.627450 0.058820
vt 0.749020 0.058820
vt 0.749020 0.058820
vt 0.627450 0.058820
vt 0.749020 0.121570
vt 0.627450 0.058820
vt 0.627450 0.121570
vt 0.749020 0.121570
vt 0.749020 0.000000
vt 0.627450 0.000000
vt 0.749020 0.058820
vt 0.627450 0.000000
vt 0.627450 0.058820
vt 0.749020 0.058820
vt 0.749020 0.062750
vt 0.627450 0.062750
vt 0.749020 0.121570
vt 0.627450 0.062750
vt 0.627450 0.121570
vt 0.749020 0.121570
vt 0.749020 0.000000
vt 0.627450 0.000000
vt 0.749020 0.062750
vt 0.627450 0.000000
vt 0.627450 0.062750
vt 0.749020 0.062750
vt 0.749020 0.062750
vt 0.627450 0.062750
vt 0.749020 0.121570
vt 0.627450 0.062750
vt 0.627450 0.121570
vt 0.749020 0.121570
vt 0.121570 0.258820
vt 0.447060 0.345100
vt 0.345100 0.337250
vt 0.627450 0.627450
vt 0.392160 0.498040
vt 0.105880 0.698040
vt 0.039220 0.717650
vt 0.690200 0.545100
vt 0.737250 0.501960
vt 0.309800 0.200000
vt 0.282350 0.094120
vt 0.360780 0.258820
vt 0.980390 0.431370
vt 0.980390 0.435290
vt 0.992160 0.411760
vt 0.690200 0.694120
vt 0.737250 0.850980
vt 0.250980 0.780390
vt 0.737250 0.596080
vt 0.000000 0.749020
vt 0.000000 1.000000
vt 0.968630 0.376470
vt 0.250980 0.749020
vt 0.003920 0.627450
vt 1.000000 0.874510
vt 0.882350 0.560780
vt 0.058820 0.168630
vt 0.372550 0.290200
vt 0.372550 0.286270
vt 0.360780 0.258820
vt 0.525490 0.094120
vt 0.945100 0.541180
vt 0.105880 0.133330
vt 0.007840 0.015690
vt 0.470590 0.741180
vt 0.019610 0.023530
vt 0.086270 0.062750
vt 0.749020 0.658820
vt 0.509800 0.341180
vt 0.780390 0.372550
vt 0.749020 0.752940
vt 0.003920 0.274510
vt 0.290200 0.749020
vt 0.047060 0.627450
vt 0.376470 0.333330
vt 0.058820 0.160780
vt 0.690200 0.627450
vt 0.450980 0.498040
vt 0.737250 0.560780
vt 0.749020 0.501960
vt 0.701960 0.560780
vt 0.690200 0.501960
vt 0.701960 0.560780
vt 0.690200 0.501960
vt 0.737250 0.560780
vt 0.749020 0.501960
vt 0.690200 0.560780
vt 0.745100 0.560780
vt 0.878430 0.317650
vt 0.690200 0.560780
vt 0.749020 0.560780
vt 0.878430 0.372550
vt 0.701960 0.560780
vt 0.690200 0.501960
vt 0.749020 0.560780
vt 0.749020 0.501960
vt 0.690200 0.552940
vt 0.745100 0.560780
vt 0.690200 0.560780
vt 0.690200 0.501960
vt 0.737250 0.560780
vt 0.749020 0.501960
vt 0.690200 0.560780
vt 0.749020 0.552940
vt 0.737250 0.501960
vt 0.701960 0.501960
vt 0.317650 0.094120
vt 0.749020 0.560780
vt 0.690200 0.560780
vt 0.690200 0.560780
vt 0.749020 0.560780
vt 0.701960 0.505880
vt 0.745100 0.545100
vt 0.317650 0.203920
vt 0.701960 0.501960
vt 0.737250 0.501960
vt 0.309800 0.094120
vt 0.380390 0.278430
vt 0.286270 0.188240
vt 0.749020 0.560780
vt 0.690200 0.560780
vt 0.933330 0.317650
vt 0.690200 0.560780
vt 0.749020 0.560780
vt 0.933330 0.372550
vt 0.172550 0.498040
vt 0.262750 0.498040
vt 0.156860 0.498040
vt 0.941180 0.313730
vt 0.152940 0.498040
vt 0.278430 0.250980
vt 0.168630 0.407840
vt 0.741180 0.627450
vt 0.529410 0.282350
vt 0.498040 0.498040
vt 0.407840 0.282350
vt 0.141180 0.309800
vt 0.780390 0.313730
vt 0.529410 0.462750
vt 0.125490 0.250980
vt 0.003920 0.498040
vt 0.529410 0.352940
vt 0.000000 0.313730
vt 0.392160 0.341180
vt 0.003920 0.498040
vt 0.125490 0.250980
vt 0.529410 0.462750
vt 0.529410 0.498040
vt 0.129410 0.309800
vt 0.427450 0.282350
vt 0.023530 0.498040
vt 0.137250 0.250980
vt 0.278430 0.498040
vt 0.152940 0.498040
vt 0.278430 0.250980
vt 1.000000 0.313730
vt 0.278430 0.376470
vt 0.149020 0.313730
vt 0.396080 0.341180
vt 0.023530 0.498040
vt 0.137250 0.250980
vt 0.941180 0.372550
vt 0.278430 0.309800
vt 0.615690 0.313730
vt 0.278430 0.309800
vt 1.000000 0.372550
vt 0.698040 0.313730
vt 0.262750 0.407840
vt 0.407840 0.282350
vt 0.141180 0.309800
vt 0.533330 0.313730
vt 0.015690 0.313730
vt 0.396080 0.341180
vt 0.400000 0.333330
vt 0.400000 0.290200
vt 0.396080 0.333330
vt 0.015690 0.313730
vt 0.396080 0.341180
vt 0.400000 0.290200
vt 0.396080 0.290200
vt 0.396080 0.333330
vt 0.811760 0.501960
vt 0.337250 0.984310
vt 0.815690 0.501960
vt 0.909800 0.498040
vt 0.447060 0.250980
vt 0.725490 0.564710
vt 0.250980 0.501960
vt 0.752940 0.376470
vt 0.247060 0.501960
vt 0.901960 0.874510
vt 0.258820 0.819610
vt 0.466670 0.278430
vt 0.749020 0.623530
vt 0.250980 0.545100
vt 0.415690 0.254900
vt 0.690200 0.572550
vt 0.690200 0.596080
vt 0.286270 1.000000
vt 0.388240 0.623530
vt 0.752940 0.517650
vt 0.690200 0.572550
vt 0.415690 0.278430
vt 0.690200 0.619610
vt 0.980390 0.407840
vt 0.773438 0.222180
vt 0.972550 0.407840
vt 0.117650 0.215690
vt 0.972550 0.407840
vt 0.109800 0.254900
vt 0.980390 0.407840
vt 0.972550 0.407840
vt 0.117650 0.188240
vt 0.773438 0.222180
vt 0.000000 0.219610
vt 0.756860 0.796080
vt 0.000000 0.188240
vt 0.756860 0.752940
vt 0.773438 0.222180
vt 0.972550 0.411760
vt 0.003920 0.188240
vt 0.773438 0.222180
vt 0.972550 0.411760
vt 0.003920 0.215690
vt 0.062750 0.309800
vt 0.388240 0.435290
vt 0.972550 0.411760
vt 0.015690 0.270590
vt 0.972550 0.407840
vt 0.062750 0.290200
vt 0.980390 0.435290
vt 0.972550 0.435290
vt 0.117650 0.188240
vt 0.773438 0.222180
vt 0.980390 0.431370
vt 0.972550 0.435290
vt 0.117650 0.215690
vt 0.980390 0.435290
vt 0.972550 0.435290
vt 0.105880 0.270590
vt 0.972550 0.435290
vt 0.058820 0.286270
vt 0.972550 0.431370
vt 0.003920 0.215690
vt 0.972550 0.431370
vt 0.015690 0.270590
vt 0.972550 0.431370
vt 0.003920 0.188240
vt 0.773438 0.222180
vt 0.121570 0.219610
vt 0.411760 0.670590
vt 0.000000 0.058820
vt 0.121570 0.274510
vt 0.407840 0.749020
vt 0.000000 0.062750
vt 0.168630 0.627450
vt 0.945100 0.541180
vt 0.058820 0.752940
vt 0.282350 0.341180
vt 0.847060 0.749020
vt 0.968630 0.607840
vt 0.196080 0.031370
vt 0.372550 0.341180
vt 0.498040 0.352940
vt 0.403920 0.333330
vt 0.396080 0.290200
vt 0.392160 0.290200
vt 0.541180 0.250980
vt 0.478430 0.627450
vt 0.773438 0.222180
vt 0.623530 0.250980
vt 0.501960 0.501960
vt 0.773438 0.222180
vt 0.533330 0.309800
vt 0.494120 0.670590
vt 0.784310 0.313730
vt 0.619610 0.309800
vt 0.874510 0.313730
vt 0.501960 0.560780
vt 0.501960 0.564710
vt 0.458820 0.627450
vt 0.773438 0.222180
vt 0.121570 0.188240
vt 0.411760 0.627450
vt 0.773438 0.222180
vt 0.462750 0.200000
vt 0.380390 0.278430
vt 0.525490 0.188240
vt 0.388240 0.286270
vt 0.529410 0.243140
vt 0.121570 0.188240
vt 0.345100 0.250980
vt 0.529410 0.003920
vt 0.773438 0.222180
vt 0.980390 0.407840
vt 0.980390 0.411760
vt 0.980390 0.411760
vt 0.773438 0.222180
vt 0.792160 0.752940
vt 0.773438 0.222180
vt 0.980390 0.431370
vt 0.773438 0.222180
vt 0.980390 0.435290
vt 0.773438 0.222180
vt 0.000000 0.188240
vt 0.282350 0.627450
vt 0.773438 0.222180
vt 0.250980 0.627450
vt 1.000000 0.752940
vt 0.773438 0.222180
vt 0.000000 0.219610
vt 0.282350 0.670590
vt 0.901960 0.752940
vt 0.773438 0.222180
vt 0.901960 0.796080
vt 0.792160 0.796080
vt 0.466670 0.670590
vt 0.847060 0.627450
vt 0.960780 0.501960
vt 0.121570 0.062750
vt 0.039220 0.007840
vt 0.121570 0.000000
vt 0.870590 0.372550
vt 0.972550 0.443140
vt 0.501960 0.623530
vt 0.427450 0.317650
vt 0.776470 0.352940
vt 0.529410 0.498040
vt 0.129410 0.309800
vt 0.427450 0.282350
vt 0.627450 0.627450
vt 0.392160 0.498040
vt 0.690200 0.627450
vt 0.450980 0.498040
vt 0.549020 0.627450
vt 0.321570 0.498040
vt 0.894120 0.603920
vt 0.278430 0.086270
vt 0.894120 0.603920
vt 0.192160 0.086270
vt 0.937250 0.623530
vt 0.278430 0.054900
vt 0.007840 0.180390
vt 0.172550 0.678430
vt 0.105880 0.717650
vt 0.000000 0.890200
vt 0.105880 0.698040
vt 0.952940 0.498040
vt 0.725490 0.564710
vt 0.000000 0.725490
vt 0.039220 0.717650
vt 0.752940 0.498040
vt 0.349020 0.501960
vt 0.247060 0.623530
vt 0.501960 0.749020
vt 0.498040 0.623530
vt 0.752940 0.639220
vt 0.376470 0.333330
vt 0.705880 0.372550
vt 0.698040 0.752940
vt 0.694120 0.850980
vt 0.121570 0.219610
vt 0.345100 0.290200
vt 0.474510 0.003920
vt 0.773438 0.222180
vt 0.596080 0.749020
vt 0.713730 1.000000
vt 0.752940 0.749020
vt 0.980390 0.407840
vt 0.980390 0.411760
vt 0.811760 0.639220
vt 0.815690 0.639220
vt 0.541180 0.749020
vt 0.752940 0.686270
vt 0.003920 0.278430
vt 0.333330 0.380390
vt 0.752940 0.874510
vt 0.286270 0.380390
vt 0.000000 0.501960
vt 0.788240 0.874510
vt 0.058820 0.160780
vt 0.847060 0.572550
vt 0.027450 0.184310
vt 0.188240 0.682350
vt 0.188240 0.121570
vt 0.003920 0.807840
vt 0.058820 0.309800
vt 0.105880 0.678430
vt 0.847060 0.572550
vt 0.278430 0.121570
vt 0.058820 0.807840
vt 0.039220 0.741180
vt 0.000000 0.956860
vt 0.250980 0.670590
vt 1.000000 0.796080
vt 0.501960 0.627450
vt 0.498040 0.501960
vt 0.282350 0.498040
vt 0.007840 0.623530
vt 0.968630 0.607840
vt 0.968630 0.749020
vt 0.278430 0.031370
vt 0.937250 0.623530
vt 0.196080 0.054900
vt 0.498040 0.733330
vt 0.039220 0.000000
vt 0.784310 0.372550
vt 0.396080 0.290200
vt 0.462750 1.000000
vt 0.388240 0.623530
vt 0.752940 0.517650
vt 0.490200 0.819610
vt 0.466670 0.278430
vt 0.749020 0.623530
vt 0.250980 0.545100
vt 0.415690 0.254900
vt 0.690200 0.572550
vt 0.690200 0.498040
vt 0.447060 0.250980
vt 0.725490 0.564710
vt 0.250980 0.501960
vt 0.690200 0.596080
vt 0.415690 0.278430
vt 0.690200 0.619610
vt 0.498040 0.780390
vt 0.737250 0.596080
vt 0.000000 0.749020
vt 0.247060 1.000000
vt 0.690200 0.572550
vt 1.000000 0.407840
vt 0.117650 0.188240
vt 0.773438 0.222180
vt 1.000000 0.411760
vt 0.003920 0.188240
vt 0.773438 0.222180
vt 1.000000 0.411760
vt 0.003920 0.215690
vt 0.992160 0.411760
vt 0.992160 0.407840
vt 1.000000 0.407840
vt 0.062750 0.290200
vt 0.992160 0.407840
vt 1.000000 0.407840
vt 0.109800 0.254900
vt 1.000000 0.407840
vt 0.117650 0.215690
vt 0.121570 0.219610
vt 0.345100 0.290200
vt 0.282350 0.003920
vt 0.121570 0.188240
vt 0.345100 0.250980
vt 0.773438 0.222180
vt 0.000000 0.188240
vt 0.756860 0.752940
vt 0.773438 0.222180
vt 0.121570 0.258820
vt 0.447060 0.345100
vt 0.345100 0.337250
vt 1.000000 0.411760
vt 0.015690 0.270590
vt 0.003920 0.278430
vt 0.333330 0.380390
vt 0.752940 0.874510
vt 0.062750 0.309800
vt 0.388240 0.435290
vt 0.992160 0.435290
vt 1.000000 0.435290
vt 0.117650 0.188240
vt 0.773438 0.222180
vt 0.992160 0.431370
vt 0.773438 0.222180
vt 0.992160 0.435290
vt 1.000000 0.435290
vt 0.117650 0.215690
vt 0.992160 0.435290
vt 0.992160 0.431370
vt 1.000000 0.431370
vt 0.015690 0.270590
vt 0.992160 0.431370
vt 0.000000 0.188240
vt 0.282350 0.627450
vt 0.773438 0.222180
vt 1.000000 0.431370
vt 0.003920 0.188240
vt 0.773438 0.222180
vt 0.121570 0.219610
vt 0.411760 0.670590
vt 1.000000 0.435290
vt 0.105880 0.270590
vt 1.000000 0.435290
vt 0.058820 0.286270
vt 0.000000 0.058820
vt 0.121570 0.274510
vt 0.407840 0.749020
vt 0.000000 0.062750
vt 0.168630 0.627450
vt 0.058820 0.309800
vt 0.105880 0.678430
vt 1.000000 0.431370
vt 0.003920 0.215690
vt 0.003920 0.274510
vt 0.290200 0.749020
vt 0.047060 0.627450
vt 0.882350 0.560780
vt 0.188240 0.784310
vt 0.882350 0.560780
vt 0.058820 0.168630
vt 0.945100 0.541180
vt 0.105880 0.133330
vt 0.945100 0.541180
vt 0.188240 0.752940
vt 0.341180 0.341180
vt 0.960780 0.501960
vt 0.968630 0.627450
vt 1.000000 0.498040
vt 0.341180 0.254900
vt 0.121570 0.007840
vt 0.847060 0.749020
vt 0.968630 0.607840
vt 0.196080 0.031370
vt 0.847060 0.627450
vt 0.960780 0.501960
vt 0.121570 0.062750
vt 0.039220 0.007840
vt 0.074510 0.984310
vt 0.325490 0.752940
vt 0.156860 0.376470
vt 0.149020 0.313730
vt 0.396080 0.341180
vt 0.392160 0.286270
vt 0.345100 0.247060
vt 0.396080 0.290200
vt 0.282350 0.243140
vt 0.388240 0.286270
vt 0.349020 0.200000
vt 0.392160 0.286270
vt 0.462750 0.247060
vt 0.694120 0.352940
vt 0.556860 0.850980
vt 0.333330 0.094120
vt 0.333330 0.003920
vt 0.773438 0.222180
vt 0.474510 0.094120
vt 0.843140 0.749020
vt 0.584310 1.000000
vt 0.807840 0.749020
vt 0.807840 0.749020
vt 0.666670 1.000000
vt 0.815690 0.749020
vt 0.811760 0.686270
vt 0.815690 0.686270
vt 0.843140 0.686270
vt 0.811760 0.686270
vt 0.882350 0.560780
vt 0.058820 0.784310
vt 0.847060 0.572550
vt 0.278430 0.121570
vt 0.188240 0.807840
vt 0.058820 0.890200
vt 0.058820 0.956860
vt 0.407840 0.984310
vt 0.843140 0.501960
vt 0.811760 0.501960
vt 0.686270 0.560780
vt 0.686270 0.564710
vt 0.619610 0.309800
vt 0.874510 0.313730
vt 0.960780 0.501960
vt 0.968630 0.627450
vt 0.121570 0.007840
vt 0.972550 0.498040
vt 0.282350 0.254900
vt 0.403920 0.333330
vt 0.682350 0.501960
vt 0.623530 0.250980
vt 0.773438 0.222180
vt 0.466670 0.670590
vt 0.541180 0.250980
vt 0.478430 0.627450
vt 0.773438 0.222180
vt 0.458820 0.627450
vt 0.773438 0.222180
vt 0.121570 0.188240
vt 0.411760 0.627450
vt 0.773438 0.222180
vt 0.372550 0.286270
vt 0.992160 0.411760
vt 0.773438 0.222180
vt 0.992160 0.407840
vt 0.992160 0.407840
vt 0.773438 0.222180
vt 0.000000 0.219610
vt 0.756860 0.796080
vt 0.792160 0.752940
vt 0.773438 0.222180
vt 0.992160 0.435290
vt 0.773438 0.222180
vt 0.000000 0.219610
vt 0.282350 0.670590
vt 0.250980 0.627450
vt 1.000000 0.752940
vt 0.773438 0.222180
vt 0.898040 0.796080
vt 0.898040 0.752940
vt 0.773438 0.222180
vt 0.792160 0.796080
vt 0.007840 0.015690
vt 0.470590 0.741180
vt 0.019610 0.023530
vt 0.086270 0.062750
vt 1.000000 0.443140
vt 0.686270 0.623530
vt 0.121570 0.000000
vt 0.870590 0.372550
vt 0.619610 0.352940
vt 0.541180 0.749020
vt 0.752940 0.686270
vt 0.937250 0.623530
vt 0.196080 0.054900
vt 0.937250 0.623530
vt 0.278430 0.054900
vt 0.894120 0.603920
vt 0.278430 0.086270
vt 0.847060 0.572550
vt 0.027450 0.184310
vt 0.188240 0.682350
vt 0.188240 0.121570
vt 0.243140 0.807840
vt 0.039220 0.741180
vt 0.247060 0.956860
vt 0.737250 0.498040
vt 0.725490 0.564710
vt 0.000000 0.725490
vt 0.501960 0.749020
vt 0.498040 0.623530
vt 0.752940 0.639220
vt 0.607840 0.372550
vt 0.552940 0.752940
vt 0.427450 0.317650
vt 0.533330 0.352940
vt 0.000000 0.313730
vt 0.392160 0.341180
vt 0.529410 0.352940
vt 0.392160 0.290200
vt 0.749020 0.658820
vt 0.509800 0.341180
vt 0.533330 0.372550
vt 0.501960 0.752940
vt 0.741180 0.627450
vt 0.529410 0.282350
vt 0.498040 0.498040
vt 0.372550 0.341180
vt 0.498040 0.352940
vt 0.372550 0.290200
vt 0.690200 0.694120
vt 0.513730 0.850980
vt 0.596080 0.749020
vt 0.537250 1.000000
vt 0.752940 0.749020
vt 0.549020 0.627450
vt 0.321570 0.498040
vt 0.843140 0.639220
vt 0.811760 0.639220
vt 0.286270 0.380390
vt 0.752940 0.878430
vt 0.788240 0.874510
vt 0.501960 0.627450
vt 0.498040 0.501960
vt 0.282350 0.498040
vt 0.760780 1.000000
vt 0.007840 0.180390
vt 0.172550 0.678430
vt 0.894120 0.603920
vt 0.192160 0.086270
vt 0.105880 0.717650
vt 0.243140 0.890200
vt 0.188240 0.890200
vt 0.749020 0.380390
vt 0.250980 0.749020
vt 0.003920 0.627450
vt 1.000000 0.874510
vt 0.423530 0.752940
vt 0.172550 0.984310
vt 0.188240 0.956860
vt 0.250980 0.670590
vt 1.000000 0.796080
vt 0.533330 0.498040
vt 0.352940 0.501960
vt 1.000000 1.000000
vt 0.533330 0.380390
vt 1.000000 0.878430
vt 0.898040 0.874510
vt 0.968630 0.607840
vt 0.968630 0.749020
vt 0.278430 0.031370
vt 0.533330 0.309800
vt 0.494120 0.670590
vt 0.784310 0.313730
vt 0.498040 0.733330
vt 0.039220 0.000000
vt 0.784310 0.372550
vt 0.400000 0.333330
s 0
usemtl AE86
f 3/3/1 2/2/1 1/1/1
f 6/6/1 5/5/1 4/4/1
f 9/9/2 8/8/2 7/7/2
f 12/12/2 11/11/2 10/10/2
f 15/15/2 14/14/2 13/13/2
f 18/18/2 17/17/2 16/16/2
f 21/21/2 20/20/2 19/19/2
f 24/24/2 23/23/2 22/22/2
f 27/27/2 26/26/2 25/25/2
f 30/30/2 29/29/2 28/28/2
f 33/33/1 32/32/1 31/31/1
f 36/36/1 35/35/1 34/34/1
f 39/39/1 38/38/1 37/37/1
f 42/42/1 41/41/1 40/40/1
f 45/45/2 44/44/2 43/43/2
f 48/48/2 47/47/2 46/46/2
f 51/51/2 50/50/2 49/49/2
f 54/54/2 53/53/2 52/52/2
f 57/57/2 56/56/2 55/55/2
f 60/60/2 59/59/2 58/58/2
f 63/63/2 62/62/2 61/61/2
f 66/66/2 65/65/2 64/64/2
f 69/69/2 68/68/2 67/67/2
f 72/72/2 71/71/2 70/70/2
f 75/75/2 74/74/2 73/73/2
f 78/78/2 77/77/2 76/76/2
f 81/81/2 80/80/2 79/79/2
f 84/84/2 83/83/2 82/82/2
f 87/87/2 86/86/2 85/85/2
f 90/90/2 89/89/2 88/88/2
f 93/93/3 92/92/4 91/91/4
f 96/96/3 95/95/3 94/94/4
f 99/99/4 98/98/5 97/97/5
f 102/102/4 101/101/4 100/100/5
f 105/105/5 104/104/6 103/103/6
f 108/108/5 107/107/5 106/106/6
f 111/111/6 110/110/7 109/109/7
f 114/114/6 113/113/6 112/112/7
f 117/117/7 116/116/8 115/115/8
f 120/120/7 119/119/7 118/118/8
f 123/123/8 122/122/9 121/121/9
f 126/126/8 125/125/8 124/124/9
f 129/129/9 128/128/10 127/127/10
f 132/132/9 131/131/9 130/130/10
f 135/135/10 134/134/3 133/133/3
f 138/138/10 137/137/10 136/136/3
f 141/141/2 139/139/2 140/140/2
f 144/144/2 142/142/2 143/143/2
f 147/147/1 145/145/1 146/146/1
f 150/150/1 148/148/1 149/149/1
f 153/153/1 151/151/1 152/152/1
f 156/156/1 154/154/1 155/155/1
f 159/159/1 157/157/1 158/158/1
f 162/162/1 160/160/1 161/161/1
f 165/165/1 163/163/1 164/164/1
f 168/168/1 166/166/1 167/167/1
f 171/171/2 169/169/2 170/170/2
f 174/174/2 172/172/2 173/173/2
f 177/177/2 175/175/2 176/176/2
f 180/180/2 178/178/2 179/179/2
f 183/183/1 181/181/1 182/182/1
f 186/186/1 184/184/1 185/185/1
f 189/189/1 187/187/1 188/188/1
f 192/192/1 190/190/1 191/191/1
f 195/195/1 193/193/1 194/194/1
f 198/198/1 196/196/1 197/197/1
f 201/201/1 199/199/1 200/200/1
f 204/204/1 202/202/1 203/203/1
f 207/207/1 205/205/1 206/206/1
f 210/210/1 208/208/1 209/209/1
f 213/213/1 211/211/1 212/212/1
f 216/216/1 214/214/1 215/215/1
f 219/219/1 217/217/1 218/218/1
f 222/222/1 220/220/1 221/221/1
f 225/225/1 223/223/1 224/224/1
f 228/228/1 226/226/1 227/227/1
f 231/231/11 229/229/4 230/230/4
f 234/234/3 232/232/12 233/233/3
f 237/237/4 235/235/5 236/236/5
f 240/240/4 238/238/5 239/239/4
f 243/243/5 241/241/6 242/242/6
f 246/246/5 244/244/6 245/245/5
f 249/249/6 247/247/7 248/248/7
f 252/252/6 250/250/7 251/251/6
f 255/255/7 253/253/8 254/254/8
f 258/258/7 256/256/8 257/257/7
f 261/261/8 259/259/9 260/260/9
f 264/264/8 262/262/9 263/263/8
f 267/267/9 265/265/10 266/266/10
f 270/270/9 268/268/10 269/269/9
f 273/273/10 271/271/3 272/272/3
f 276/276/10 274/274/3 275/275/10
f 279/279/2 277/277/2 278/278/2
f 282/282/2 280/280/2 281/281/2
f 285/285/1 283/283/1 284/284/1
f 288/288/1 286/286/1 287/287/1
f 291/291/1 289/289/1 290/290/1
f 294/294/1 292/292/1 293/293/1
f 297/297/1 295/295/1 296/296/1
f 300/300/1 298/298/1 299/299/1
f 303/303/1 301/301/1 302/302/1
f 306/306/1 304/304/1 305/305/1
f 309/309/2 307/307/2 308/308/2
f 312/312/2 310/310/2 311/311/2
f 315/315/2 313/313/2 314/314/2
f 318/318/2 316/316/2 317/317/2
f 321/321/1 319/319/1 320/320/1
f 324/324/1 322/322/1 323/323/1
f 327/327/1 325/325/1 326/326/1
f 330/330/1 328/328/1 329/329/1
f 333/333/1 331/331/1 332/332/1
f 336/336/1 334/334/1 335/335/1
f 339/339/1 337/337/1 338/338/1
f 342/342/1 340/340/1 341/341/1
f 345/345/1 343/343/1 344/344/1
f 348/348/1 346/346/1 347/347/1
f 351/351/1 349/349/1 350/350/1
f 354/354/1 352/352/1 353/353/1
f 357/357/1 355/355/1 356/356/1
f 360/360/1 358/358/1 359/359/1
f 363/363/1 361/361/1 362/362/1
f 366/366/1 364/364/1 365/365/1
f 369/369/11 367/367/4 368/368/4
f 372/372/3 370/370/12 371/371/3
f 375/375/4 373/373/5 374/374/5
f 378/378/4 376/376/5 377/377/4
f 381/381/5 379/379/6 380/380/6
f 384/384/5 382/382/6 383/383/5
f 387/387/6 385/385/7 386/386/7
f 390/390/6 388/388/7 389/389/6
f 393/393/7 391/391/8 392/392/8
f 396/396/7 394/394/8 395/395/7
f 399/399/8 397/397/9 398/398/9
f 402/402/8 400/400/9 401/401/8
f 405/405/9 403/403/10 404/404/10
f 408/408/9 406/406/10 407/407/9
f 411/411/10 409/409/3 410/410/3
f 414/414/10 412/412/3 413/413/10
f 417/417/1 416/416/1 415/415/1
f 420/420/1 419/419/1 418/418/1
f 423/423/2 422/422/2 421/421/2
f 426/426/2 425/425/2 424/424/2
f 429/429/2 428/428/2 427/427/2
f 432/432/2 431/431/2 430/430/2
f 435/435/2 434/434/2 433/433/2
f 438/438/2 437/437/2 436/436/2
f 441/441/2 440/440/2 439/439/2
f 444/444/2 443/443/2 442/442/2
f 447/447/1 446/446/1 445/445/1
f 450/450/1 449/449/1 448/448/1
f 453/453/1 452/452/1 451/451/1
f 456/456/1 455/455/1 454/454/1
f 459/459/2 458/458/2 457/457/2
f 462/462/2 461/461/2 460/460/2
f 465/465/2 464/464/2 463/463/2
f 468/468/2 467/467/2 466/466/2
f 471/471/2 470/470/2 469/469/2
f 474/474/2 473/473/2 472/472/2
f 477/477/2 476/476/2 475/475/2
f 480/480/2 479/479/2 478/478/2
f 483/483/2 482/482/2 481/481/2
f 486/486/2 485/485/2 484/484/2
f 489/489/2 488/488/2 487/487/2
f 492/492/2 491/491/2 490/490/2
f 495/495/2 494/494/2 493/493/2
f 498/498/2 497/497/2 496/496/2
f 501/501/2 500/500/2 499/499/2
f 504/504/2 503/503/2 502/502/2
f 507/507/13 506/506/4 505/505/4
f 510/510/3 509/509/3 508/508/14
f 513/513/4 512/512/5 511/511/15
f 516/516/4 515/515/4 514/514/5
f 519/519/5 518/518/6 517/517/6
f 522/522/5 521/521/16 520/520/6
f 525/525/6 524/524/7 523/523/7
f 528/528/6 527/527/6 526/526/7
f 531/531/7 530/530/8 529/529/8
f 534/534/7 533/533/7 532/532/8
f 537/537/8 536/536/9 535/535/9
f 540/540/8 539/539/8 538/538/9
f 543/543/9 542/542/10 541/541/10
f 546/546/9 545/545/9 544/544/10
f 549/549/10 548/548/3 547/547/3
f 552/552/10 551/551/10 550/550/3
f 555/555/1 553/553/1 554/554/1
f 558/558/1 556/556/1 557/557/1
f 561/561/2 559/559/2 560/560/2
f 564/564/2 562/562/2 563/563/2
f 567/567/2 565/565/2 566/566/2
f 570/570/2 568/568/2 569/569/2
f 573/573/2 571/571/2 572/572/2
f 576/576/2 574/574/2 575/575/2
f 579/579/2 577/577/2 578/578/2
f 582/582/2 580/580/2 581/581/2
f 585/585/1 583/583/1 584/584/1
f 588/588/1 586/586/1 587/587/1
f 591/591/1 589/589/1 590/590/1
f 594/594/1 592/592/1 593/593/1
f 597/597/2 595/595/2 596/596/2
f 600/600/2 598/598/2 599/599/2
f 603/603/2 601/601/2 602/602/2
f 606/606/2 604/604/2 605/605/2
f 609/609/2 607/607/2 608/608/2
f 612/612/2 610/610/2 611/611/2
f 615/615/2 613/613/2 614/614/2
f 618/618/2 616/616/2 617/617/2
f 621/621/2 619/619/2 620/620/2
f 624/624/2 622/622/2 623/623/2
f 627/627/2 625/625/2 626/626/2
f 630/630/2 628/628/2 629/629/2
f 633/633/2 631/631/2 632/632/2
f 636/636/2 634/634/2 635/635/2
f 639/639/2 637/637/2 638/638/2
f 642/642/2 640/640/2 641/641/2
f 645/645/17 643/643/6 644/644/6
f 648/648/7 646/646/18 647/647/7
f 651/651/6 649/649/5 650/650/5
f 654/654/6 652/652/5 653/653/6
f 657/657/5 655/655/4 656/656/4
f 660/660/5 658/658/4 659/659/5
f 663/663/4 661/661/3 662/662/3
f 666/666/4 664/664/3 665/665/4
f 669/669/3 667/667/10 668/668/10
f 672/672/3 670/670/10 671/671/3
f 675/675/10 673/673/9 674/674/9
f 678/678/10 676/676/9 677/677/10
f 681/681/9 679/679/8 680/680/8
f 684/684/9 682/682/8 683/683/9
f 687/687/8 685/685/7 686/686/7
f 690/690/8 688/688/7 689/689/8
f 693/693/2 692/692/2 691/691/2
f 696/696/2 695/695/2 694/694/2
f 699/699/1 698/698/1 697/697/1
f 702/702/1 701/701/1 700/700/1
f 705/705/1 704/704/1 703/703/1
f 708/708/1 707/707/1 706/706/1
f 711/711/1 710/710/1 709/709/1
f 714/714/1 713/713/1 712/712/1
f 717/717/1 716/716/1 715/715/1
f 720/720/1 719/719/1 718/718/1
f 723/723/2 722/722/2 721/721/2
f 726/726/2 725/725/2 724/724/2
f 729/729/2 728/728/2 727/727/2
f 732/732/2 731/731/2 730/730/2
f 735/735/1 734/734/1 733/733/1
f 738/738/1 737/737/1 736/736/1
f 741/741/1 740/740/1 739/739/1
f 744/744/1 743/743/1 742/742/1
f 747/747/1 746/746/1 745/745/1
f 750/750/1 749/749/1 748/748/1
f 753/753/1 752/752/1 751/751/1
f 756/756/1 755/755/1 754/754/1
f 759/759/1 758/758/1 757/757/1
f 762/762/1 761/761/1 760/760/1
f 765/765/1 764/764/1 763/763/1
f 768/768/1 767/767/1 766/766/1
f 771/771/1 770/770/1 769/769/1
f 774/774/1 773/773/1 772/772/1
f 777/777/1 776/776/1 775/775/1
f 780/780/1 779/779/1 778/778/1
f 783/783/19 782/782/6 781/781/6
f 786/786/7 785/785/7 784/784/20
f 789/789/6 788/788/5 787/787/16
f 792/792/6 791/791/6 790/790/5
f 795/795/5 794/794/4 793/793/4
f 798/798/5 797/797/15 796/796/4
f 801/801/4 800/800/3 799/799/3
f 804/804/4 803/803/4 802/802/3
f 807/807/3 806/806/10 805/805/10
f 810/810/3 809/809/3 808/808/10
f 813/813/10 812/812/9 811/811/9
f 816/816/10 815/815/10 814/814/9
f 819/819/9 818/818/8 817/817/8
f 822/822/9 821/821/9 820/820/8
f 825/825/8 824/824/7 823/823/7
f 828/828/8 827/827/8 826/826/7
f 831/831/2 830/830/2 829/829/2
f 834/834/2 833/833/2 832/832/2
f 837/837/1 836/836/1 835/835/1
f 840/840/1 839/839/1 838/838/1
f 843/843/1 842/842/1 841/841/1
f 846/846/1 845/845/1 844/844/1
f 849/849/1 848/848/1 847/847/1
f 852/852/1 851/851/1 850/850/1
f 855/855/1 854/854/1 853/853/1
f 858/858/1 857/857/1 856/856/1
f 861/861/2 860/860/2 859/859/2
f 864/864/2 863/863/2 862/862/2
f 867/867/2 866/866/2 865/865/2
f 870/870/2 869/869/2 868/868/2
f 873/873/1 872/872/1 871/871/1
f 876/876/1 875/875/1 874/874/1
f 879/879/1 878/878/1 877/877/1
f 882/882/1 881/881/1 880/880/1
f 885/885/1 884/884/1 883/883/1
f 888/888/1 887/887/1 886/886/1
f 891/891/1 890/890/1 889/889/1
f 894/894/1 893/893/1 892/892/1
f 897/897/1 896/896/1 895/895/1
f 900/900/1 899/899/1 898/898/1
f 903/903/1 902/902/1 901/901/1
f 906/906/1 905/905/1 904/904/1
f 909/909/1 908/908/1 907/907/1
f 912/912/1 911/911/1 910/910/1
f 915/915/1 914/914/1 913/913/1
f 918/918/1 917/917/1 916/916/1
f 921/921/19 920/920/6 919/919/6
f 924/924/7 923/923/7 922/922/20
f 927/927/6 926/926/5 925/925/16
f 930/930/6 929/929/6 928/928/5
f 933/933/5 932/932/4 931/931/4
f 936/936/5 935/935/15 934/934/4
f 939/939/4 938/938/3 937/937/3
f 942/942/4 941/941/4 940/940/3
f 945/945/3 944/944/10 943/943/10
f 948/948/3 947/947/3 946/946/10
f 951/951/10 950/950/9 949/949/9
f 954/954/10 953/953/10 952/952/9
f 957/957/9 956/956/8 955/955/8
f 960/960/9 959/959/9 958/958/8
f 963/963/8 962/962/7 961/961/7
f 966/966/8 965/965/8 964/964/7
f 969/969/1 967/967/1 968/968/1
f 972/972/1 970/970/1 971/971/1
f 975/975/2 973/973/2 974/974/2
f 978/978/2 976/976/2 977/977/2
f 981/981/2 979/979/2 980/980/2
f 984/984/2 982/982/2 983/983/2
f 987/987/2 985/985/2 986/986/2
f 990/990/2 988/988/2 989/989/2
f 993/993/2 991/991/2 992/992/2
f 996/996/2 994/994/2 995/995/2
f 999/999/1 997/997/1 998/998/1
f 1002/1002/1 1000/1000/1 1001/1001/1
f 1005/1005/1 1003/1003/1 1004/1004/1
f 1008/1008/1 1006/1006/1 1007/1007/1
f 1011/1011/2 1009/1009/2 1010/1010/2
f 1014/1014/2 1012/1012/2 1013/1013/2
f 1017/1017/2 1015/1015/2 1016/1016/2
f 1020/1020/2 1018/1018/2 1019/1019/2
f 1023/1023/2 1021/1021/2 1022/1022/2
f 1026/1026/2 1024/1024/2 1025/1025/2
f 1029/1029/2 1027/1027/2 1028/1028/2
f 1032/1032/2 1030/1030/2 1031/1031/2
f 1035/1035/2 1033/1033/2 1034/1034/2
f 1038/1038/2 1036/1036/2 1037/1037/2
f 1041/1041/2 1039/1039/2 1040/1040/2
f 1044/1044/2 1042/1042/2 1043/1043/2
f 1047/1047/2 1045/1045/2 1046/1046/2
f 1050/1050/2 1048/1048/2 1049/1049/2
f 1053/1053/2 1051/1051/2 1052/1052/2
f 1056/1056/2 1054/1054/2 1055/1055/2
f 1059/1059/21 1057/1057/6 1058/1058/6
f 1062/1062/7 1060/1060/22 1061/1061/7
f 1065/1065/6 1063/1063/15 1064/1064/5
f 1068/1068/6 1066/1066/5 1067/1067/6
f 1071/1071/5 1069/1069/4 1070/1070/4
f 1074/1074/5 1072/1072/4 1073/1073/16
f 1077/1077/4 1075/1075/3 1076/1076/3
f 1080/1080/4 1078/1078/3 1079/1079/4
f 1083/1083/3 1081/1081/10 1082/1082/10
f 1086/1086/3 1084/1084/10 1085/1085/3
f 1089/1089/10 1087/1087/9 1088/1088/9
f 1092/1092/10 1090/1090/9 1091/1091/10
f 1095/1095/9 1093/1093/8 1094/1094/8
f 1098/1098/9 1096/1096/8 1097/1097/9
f 1101/1101/8 1099/1099/7 1100/1100/7
f 1104/1104/8 1102/1102/7 1103/1103/8
f 1105/1106/23 1189/1300/24 1237/1406/25
f 1125/1148/26 1264/1462/27 1245/1421/28
f 1293/1531/29 1128/1152/30 1106/1109/31
f 1314/1577/32 1108/1111/33 1107/1110/34
f 1326/1607/35 1142/1193/36 1109/1114/37
f 1324/1605/38 1140/1188/39 1327/1609/40
f 1141/1191/41 1110/1115/42 1291/1523/43
f 1331/1614/44 1137/1181/45 1332/1615/46
f 1257/1444/1 1183/1285/1 1256/1443/1
f 1112/1118/47 1196/1312/48 1111/1117/49
f 1287/1516/2 1285/1513/2 1113/1119/2
f 1303/1550/2 1302/1549/2 1300/1546/2
f 1153/1221/50 1154/1222/51 1380/1725/52
f 1236/1404/53 1235/1400/54 1150/1210/55
f 1376/1713/56 1154/1224/57 1162/1243/58
f 1119/1133/59 1218/1363/60 1217/1361/61
f 1142/1192/62 1326/1608/63 1351/1660/64
f 1238/1407/65 1114/1120/66 1124/1142/67
f 1128/1151/68 1380/1723/69 1379/1719/70
f 1115/1122/71 1322/1600/72 1174/1266/73
f 1246/1422/74 1172/1259/75 1116/1126/76
f 1338/1628/2 1265/1463/2 1240/1411/77
f 1263/1456/78 1117/1130/79 1241/1413/80
f 1119/1133/59 1253/1437/81 1118/1132/82
f 1105/1107/83 1206/1337/84 1250/1432/85
f 1119/1133/59 1217/1361/61 1120/1134/86
f 1117/1131/87 1262/1455/88 1121/1137/89
f 1123/1140/90 1203/1326/91 1122/1138/92
f 1149/1207/93 1238/1407/94 1124/1142/67
f 1236/1402/95 1151/1213/96 1149/1209/97
f 1238/1408/98 1105/1106/23 1237/1406/99
f 1247/1425/100 1125/1148/26 1245/1421/101
f 1394/1756/102 1279/1499/103 1274/1486/104
f 1276/1492/105 1373/1705/106 1393/1752/107
f 1339/1630/1 1315/1578/1 1370/1696/1
f 1316/1580/108 1371/1698/109 1390/1747/110
f 1290/1522/111 1351/1660/64 1382/1728/112
f 1381/1726/113 1293/1532/114 1126/1149/115
f 1142/1192/62 1351/1660/116 1110/1116/117
f 1127/1150/118 1316/1581/118 1317/1583/119
f 1311/1566/120 1364/1683/121 1363/1681/122
f 1383/1729/123 1128/1151/68 1379/1719/70
f 1296/1539/124 1293/1531/29 1106/1109/31
f 1312/1572/125 1314/1577/126 1107/1110/34
f 1139/1184/127 1129/1153/128 1130/1157/129
f 1139/1184/130 1138/1182/131 1129/1153/128
f 1143/1194/132 1130/1158/133 1129/1154/128
f 1143/1194/132 1131/1161/132 1130/1158/133
f 1135/1173/134 1139/1185/127 1130/1159/135
f 1135/1173/134 1136/1177/136 1139/1185/130
f 1131/1162/2 1135/1174/134 1130/1160/2
f 1131/1162/2 1132/1164/2 1135/1174/134
f 1134/1171/137 1135/1175/138 1133/1167/139
f 1134/1171/140 1136/1178/141 1135/1175/138
f 1132/1165/142 1133/1168/139 1135/1176/138
f 1132/1165/142 1144/1197/143 1133/1168/139
f 1129/1155/128 1134/1172/144 1133/1169/144
f 1129/1155/128 1138/1183/145 1134/1172/144
f 1144/1198/146 1129/1156/1 1133/1170/139
f 1144/1198/146 1143/1195/1 1129/1156/1
f 1137/1179/147 1139/1184/130 1141/1189/148
f 1137/1179/147 1138/1182/145 1139/1184/130
f 1139/1185/149 1109/1112/150 1141/1190/149
f 1139/1185/149 1136/1177/151 1109/1112/152
f 1109/1113/152 1134/1171/140 1140/1186/153
f 1109/1113/154 1136/1178/141 1134/1171/140
f 1138/1183/155 1140/1187/156 1134/1172/157
f 1138/1183/155 1137/1180/147 1140/1187/153
f 1324/1605/38 1109/1114/37 1140/1188/39
f 1324/1605/38 1326/1607/158 1109/1114/37
f 1332/1615/46 1141/1191/148 1291/1523/159
f 1332/1615/46 1137/1181/147 1141/1191/148
f 1141/1191/148 1142/1193/160 1110/1115/161
f 1141/1191/148 1109/1114/37 1142/1193/160
f 1143/1196/132 1132/1166/3 1131/1163/132
f 1143/1196/132 1144/1199/3 1132/1166/3
f 1327/1609/40 1137/1181/147 1331/1614/44
f 1327/1609/40 1140/1188/39 1137/1181/45
f 1145/1200/162 1323/1601/163 1148/1206/164
f 1145/1200/162 1147/1202/165 1323/1601/163
f 1146/1201/166 1147/1202/167 1145/1200/162
f 1146/1201/166 1156/1227/166 1147/1202/167
f 1161/1242/168 1156/1227/169 1146/1201/170
f 1161/1242/168 1157/1231/171 1156/1227/166
f 1148/1206/164 1157/1231/171 1161/1242/168
f 1148/1206/164 1323/1601/163 1157/1231/171
f 1149/1209/97 1152/1216/172 1206/1338/173
f 1149/1209/97 1151/1213/174 1152/1216/175
f 1151/1214/174 1150/1211/176 1158/1235/177
f 1151/1214/174 1236/1403/95 1150/1211/176
f 1163/1246/178 1151/1215/96 1158/1234/177
f 1163/1246/178 1152/1217/179 1151/1215/96
f 1167/1251/180 1153/1219/181 1377/1715/182
f 1167/1251/183 1155/1225/184 1153/1219/50
f 1155/1226/185 1154/1223/51 1153/1220/181
f 1155/1226/185 1162/1244/186 1154/1223/51
f 1157/1232/187 1158/1234/177 1156/1228/188
f 1157/1232/187 1163/1246/178 1158/1234/177
f 1158/1235/189 1160/1239/190 1156/1229/188
f 1158/1235/189 1150/1211/176 1160/1239/190
f 1156/1230/188 1159/1236/191 1147/1203/192
f 1156/1230/188 1160/1240/190 1159/1236/193
f 1148/1206/164 1146/1201/194 1145/1200/195
f 1148/1206/164 1161/1242/168 1146/1201/194
f 1323/1602/196 1155/1225/184 1167/1251/180
f 1323/1602/196 1147/1204/192 1155/1225/197
f 1147/1205/192 1162/1244/198 1155/1226/184
f 1147/1205/192 1159/1237/193 1162/1244/198
f 1164/1248/199 1152/1218/200 1163/1247/201
f 1164/1248/202 1166/1250/203 1152/1218/200
f 1165/1249/204 1209/1341/205 1272/1482/206
f 1165/1249/204 1208/1340/207 1209/1341/208
f 1272/1482/209 1166/1250/210 1164/1248/199
f 1272/1482/211 1209/1341/212 1166/1250/203
f 1167/1252/213 1170/1255/214 1402/1776/215
f 1167/1252/213 1377/1716/216 1170/1255/217
f 1168/1253/218 1208/1340/207 1165/1249/204
f 1168/1253/218 1325/1606/219 1208/1340/207
f 1402/1776/220 1378/1718/221 1169/1254/222
f 1402/1776/223 1170/1255/214 1378/1718/221
f 1169/1254/224 1325/1606/219 1168/1253/218
f 1169/1254/225 1378/1718/226 1325/1606/219
f 1171/1257/227 1174/1266/73 1322/1600/72
f 1171/1257/227 1177/1273/228 1174/1266/73
f 1172/1259/75 1173/1263/229 1116/1126/76
f 1172/1259/75 1248/1426/229 1173/1263/229
f 1175/1270/230 1174/1267/231 1172/1260/232
f 1175/1270/230 1179/1277/231 1174/1267/231
f 1178/1276/233 1172/1261/230 1246/1423/234
f 1178/1276/233 1175/1271/230 1172/1261/232
f 1176/1272/235 1246/1423/236 1115/1123/237
f 1176/1272/235 1178/1276/238 1246/1423/236
f 1179/1278/239 1115/1123/237 1174/1268/240
f 1179/1278/241 1176/1272/235 1115/1123/237
f 1177/1274/228 1172/1262/242 1174/1269/73
f 1177/1274/243 1248/1427/244 1172/1262/245
f 1179/1278/239 1178/1276/233 1176/1272/235
f 1179/1278/239 1175/1271/1 1178/1276/233
f 1180/1279/7 1181/1281/246 1184/1286/7
f 1180/1279/7 1220/1369/246 1181/1281/246
f 1221/1370/247 1187/1294/3 1188/1297/247
f 1221/1370/247 1222/1371/3 1187/1294/3
f 1256/1443/248 1191/1303/249 1182/1283/248
f 1256/1443/248 1183/1285/249 1191/1303/249
f 1220/1369/250 1182/1283/251 1181/1281/250
f 1220/1369/250 1256/1443/251 1182/1283/251
f 1257/1444/252 1188/1297/247 1190/1301/252
f 1257/1444/252 1221/1370/247 1188/1297/247
f 1183/1285/249 1190/1301/253 1191/1303/249
f 1183/1285/249 1257/1444/253 1190/1301/253
f 1184/1287/254 1253/1436/255 1219/1365/256
f 1184/1287/257 1181/1282/258 1253/1436/255
f 1188/1298/259 1186/1291/260 1185/1289/261
f 1188/1298/259 1187/1295/262 1186/1291/260
f 1182/1284/263 1189/1299/264 1105/1105/265
f 1182/1284/266 1191/1304/267 1189/1299/268
f 1181/1282/269 1105/1105/265 1253/1436/270
f 1181/1282/258 1182/1284/263 1105/1105/265
f 1190/1302/271 1185/1289/272 1260/1449/273
f 1190/1302/271 1188/1298/259 1185/1289/272
f 1191/1304/274 1260/1449/273 1189/1299/268
f 1191/1304/267 1190/1302/271 1260/1449/273
f 1192/1305/275 1193/1306/3 1195/1310/275
f 1192/1305/275 1225/1377/3 1193/1306/3
f 1224/1375/7 1199/1317/276 1201/1321/7
f 1224/1375/7 1194/1309/276 1199/1317/276
f 1112/1118/277 1195/1310/275 1197/1313/278
f 1112/1118/47 1192/1305/275 1195/1310/275
f 1196/1312/279 1197/1313/278 1198/1315/280
f 1196/1312/48 1112/1118/47 1197/1313/278
f 1111/1117/49 1198/1315/280 1200/1319/281
f 1111/1117/49 1196/1312/48 1198/1315/280
f 1194/1309/276 1200/1319/282 1199/1317/276
f 1194/1309/276 1111/1117/49 1200/1319/282
f 1195/1311/283 1215/1357/284 1202/1324/285
f 1195/1311/286 1193/1307/287 1215/1357/284
f 1201/1322/288 1228/1385/289 1226/1379/290
f 1201/1322/288 1199/1318/291 1228/1385/289
f 1197/1314/292 1202/1324/285 1203/1327/293
f 1197/1314/292 1195/1311/294 1202/1324/295
f 1198/1316/296 1203/1327/293 1264/1461/297
f 1198/1316/296 1197/1314/292 1203/1327/293
f 1200/1320/298 1264/1461/297 1125/1146/299
f 1200/1320/300 1198/1316/301 1264/1461/297
f 1199/1318/291 1125/1146/302 1228/1385/289
f 1199/1318/291 1200/1320/298 1125/1146/303
f 1242/1415/77 1338/1628/2 1240/1411/77
f 1242/1415/77 1204/1331/2 1338/1628/2
f 1241/1413/80 1121/1136/304 1270/1477/305
f 1241/1413/80 1117/1130/306 1121/1136/307
f 1269/1474/308 1204/1331/2 1242/1415/2
f 1269/1474/309 1344/1642/309 1204/1331/2
f 1205/1334/310 1344/1643/311 1269/1475/311
f 1205/1334/310 1233/1392/312 1344/1643/311
f 1270/1477/313 1233/1393/312 1205/1335/310
f 1270/1477/313 1121/1136/314 1233/1393/312
f 1118/1132/82 1218/1363/315 1119/1133/59
f 1118/1132/316 1209/1341/212 1218/1363/60
f 1166/1250/317 1206/1337/84 1152/1218/200
f 1166/1250/317 1250/1432/85 1206/1337/84
f 1207/1339/318 1163/1247/319 1157/1233/320
f 1207/1339/318 1164/1248/199 1163/1247/201
f 1209/1341/212 1328/1610/321 1218/1363/315
f 1209/1341/205 1208/1340/207 1328/1610/321
f 1211/1345/322 1212/1348/323 1210/1342/324
f 1211/1345/322 1213/1351/325 1212/1348/323
f 1210/1343/324 1232/1391/326 1214/1355/327
f 1210/1343/324 1212/1349/323 1232/1391/328
f 1214/1355/327 1202/1325/329 1215/1358/330
f 1214/1355/331 1232/1391/326 1202/1325/332
f 1217/1362/333 1328/1611/334 1216/1360/335
f 1217/1362/333 1218/1364/336 1328/1611/334
f 1219/1366/337 1119/1133/338 1120/1134/339
f 1219/1366/340 1253/1437/81 1119/1133/341
f 1222/1371/1 1220/1369/1 1180/1279/1
f 1222/1371/1 1221/1370/1 1220/1369/1
f 1223/1373/342 1185/1290/343 1186/1292/342
f 1223/1373/342 1231/1390/344 1185/1290/343
f 1224/1375/1 1192/1305/1 1194/1309/1
f 1224/1375/1 1225/1377/1 1192/1305/1
f 1228/1386/345 1227/1382/346 1226/1380/347
f 1228/1386/348 1267/1468/349 1227/1382/350
f 1227/1383/350 1230/1389/351 1229/1387/342
f 1227/1383/350 1267/1469/349 1230/1389/351
f 1229/1387/342 1231/1390/344 1223/1373/342
f 1229/1387/342 1230/1389/351 1231/1390/344
f 1233/1395/352 1122/1138/353 1271/1480/354
f 1233/1395/355 1123/1140/356 1122/1138/353
f 1121/1137/357 1123/1141/358 1233/1394/357
f 1121/1137/357 1262/1455/358 1123/1141/358
f 1271/1479/359 1232/1391/328 1212/1349/323
f 1271/1479/360 1122/1139/361 1232/1391/326
f 1234/1396/362 1233/1395/352 1271/1480/354
f 1234/1396/362 1344/1644/363 1233/1395/352
f 1329/1612/364 1150/1212/55 1235/1401/54
f 1329/1612/364 1160/1241/365 1150/1212/55
f 1235/1400/54 1149/1208/93 1124/1143/366
f 1235/1400/54 1236/1404/53 1149/1208/93
f 1114/1120/367 1237/1405/368 1255/1440/369
f 1114/1120/367 1238/1407/370 1237/1405/368
f 1255/1440/371 1239/1409/372 1259/1447/373
f 1255/1440/369 1237/1405/368 1239/1409/374
f 1259/1447/375 1268/1470/376 1249/1429/377
f 1259/1447/375 1239/1409/372 1268/1470/378
f 1241/1414/379 1242/1416/77 1240/1412/380
f 1241/1414/379 1270/1478/381 1242/1416/380
f 1263/1457/382 1262/1455/88 1117/1131/88
f 1263/1457/382 1243/1417/383 1262/1455/88
f 1244/1419/384 1243/1418/383 1263/1458/382
f 1244/1419/385 1245/1421/386 1243/1418/383
f 1266/1466/387 1245/1421/388 1244/1419/389
f 1266/1466/390 1247/1425/391 1245/1421/388
f 1247/1425/391 1115/1124/71 1246/1424/392
f 1247/1425/391 1266/1466/387 1115/1124/71
f 1249/1430/377 1248/1427/244 1177/1274/228
f 1249/1430/377 1268/1471/378 1248/1427/244
f 1251/1433/393 1235/1401/54 1124/1144/366
f 1251/1433/393 1329/1612/364 1235/1401/54
f 1209/1341/205 1250/1432/85 1166/1250/394
f 1209/1341/212 1118/1132/82 1250/1432/395
f 1120/1135/396 1216/1360/397 1333/1617/44
f 1120/1135/396 1217/1362/333 1216/1360/397
f 1124/1145/366 1252/1435/398 1251/1434/393
f 1124/1145/366 1114/1121/66 1252/1435/399
f 1238/1408/98 1206/1338/173 1105/1106/23
f 1238/1408/98 1149/1209/97 1206/1338/173
f 1118/1132/316 1105/1107/400 1250/1432/395
f 1118/1132/316 1253/1437/401 1105/1107/83
f 1219/1367/256 1333/1617/44 1254/1438/46
f 1219/1367/256 1120/1135/396 1333/1617/44
f 1114/1121/402 1335/1622/403 1252/1435/399
f 1114/1121/66 1255/1441/404 1335/1622/403
f 1255/1442/369 1336/1624/405 1335/1621/406
f 1255/1442/369 1259/1448/373 1336/1624/405
f 1239/1410/407 1189/1300/24 1260/1450/407
f 1239/1410/407 1237/1406/99 1189/1300/24
f 1221/1370/1 1256/1443/1 1220/1369/1
f 1221/1370/1 1257/1444/1 1256/1443/1
f 1259/1448/375 1258/1445/408 1336/1624/409
f 1259/1448/375 1249/1431/377 1258/1445/408
f 1268/1472/410 1260/1450/411 1261/1452/410
f 1268/1472/410 1239/1410/412 1260/1450/412
f 1185/1290/343 1261/1454/413 1260/1451/414
f 1185/1290/343 1231/1390/344 1261/1454/413
f 1202/1325/329 1122/1139/415 1203/1328/416
f 1202/1325/329 1232/1391/328 1122/1139/361
f 1262/1455/358 1203/1329/417 1123/1141/358
f 1262/1455/358 1243/1417/418 1203/1329/418
f 1263/1459/419 1240/1412/420 1265/1464/421
f 1263/1459/419 1241/1414/379 1240/1412/420
f 1243/1418/417 1264/1462/27 1203/1330/417
f 1243/1418/417 1245/1421/28 1264/1462/27
f 1244/1420/384 1265/1465/422 1340/1633/423
f 1244/1420/384 1263/1460/382 1265/1465/422
f 1194/1309/1 1112/1118/47 1111/1117/49
f 1194/1309/1 1192/1305/1 1112/1118/47
f 1266/1467/387 1340/1633/423 1341/1634/424
f 1266/1467/390 1244/1420/389 1340/1633/423
f 1125/1147/425 1267/1468/426 1228/1386/348
f 1125/1147/425 1116/1127/427 1267/1468/349
f 1125/1148/26 1246/1424/74 1116/1128/76
f 1125/1148/26 1247/1425/428 1246/1424/74
f 1341/1634/424 1115/1125/71 1266/1467/387
f 1341/1634/424 1322/1599/72 1115/1125/71
f 1230/1389/351 1116/1129/429 1173/1265/430
f 1230/1389/351 1267/1469/349 1116/1129/429
f 1268/1473/431 1173/1264/229 1248/1428/229
f 1268/1473/431 1261/1453/431 1173/1264/229
f 1231/1390/344 1173/1265/430 1261/1454/413
f 1231/1390/344 1230/1389/351 1173/1265/430
f 1270/1478/313 1269/1476/432 1242/1416/432
f 1270/1478/313 1205/1336/310 1269/1476/432
f 1212/1350/323 1234/1397/433 1271/1481/359
f 1212/1350/434 1213/1352/325 1234/1397/433
f 1249/1431/435 1171/1256/227 1258/1445/408
f 1249/1431/377 1177/1275/228 1171/1256/227
f 1272/1482/211 1207/1339/436 1165/1249/204
f 1272/1482/206 1164/1248/199 1207/1339/436
f 1342/1635/437 1274/1486/104 1273/1483/438
f 1342/1635/439 1394/1756/102 1274/1486/104
f 1276/1492/105 1398/1764/440 1397/1761/440
f 1276/1492/105 1393/1752/441 1398/1764/440
f 1275/1490/442 1274/1487/442 1278/1497/443
f 1275/1490/442 1276/1493/442 1274/1487/442
f 1280/1503/444 1276/1494/445 1275/1491/446
f 1280/1503/447 1373/1706/445 1276/1494/445
f 1277/1496/448 1373/1706/449 1280/1503/444
f 1277/1496/448 1279/1500/450 1373/1706/451
f 1278/1498/452 1279/1500/453 1277/1496/454
f 1278/1498/452 1274/1488/455 1279/1500/456
f 1273/1484/438 1276/1495/457 1397/1762/457
f 1273/1484/438 1274/1489/458 1276/1495/457
f 1278/1498/459 1280/1503/444 1275/1491/446
f 1278/1498/452 1277/1496/454 1280/1503/460
f 1354/1664/7 1289/1519/246 1353/1663/246
f 1354/1664/7 1281/1504/7 1289/1519/246
f 1284/1512/247 1282/1507/3 1352/1661/3
f 1284/1512/247 1283/1510/247 1282/1507/3
f 1287/1516/248 1286/1514/249 1285/1513/249
f 1287/1516/248 1288/1517/248 1286/1514/249
f 1353/1663/250 1288/1517/251 1287/1516/251
f 1353/1663/250 1289/1519/250 1288/1517/251
f 1113/1119/252 1283/1510/247 1284/1512/247
f 1113/1119/252 1294/1533/252 1283/1510/247
f 1285/1513/249 1294/1533/253 1113/1119/253
f 1285/1513/249 1286/1514/249 1294/1533/253
f 1281/1505/461 1290/1521/462 1289/1520/463
f 1281/1505/464 1291/1524/159 1290/1521/465
f 1283/1511/466 1292/1527/467 1282/1508/468
f 1283/1511/466 1355/1666/469 1292/1527/467
f 1288/1518/470 1296/1538/471 1286/1515/472
f 1288/1518/470 1293/1530/473 1296/1538/474
f 1289/1520/463 1293/1530/475 1288/1518/470
f 1289/1520/463 1290/1521/462 1293/1530/473
f 1294/1534/476 1355/1666/469 1283/1511/466
f 1294/1534/477 1295/1535/478 1355/1666/479
f 1286/1515/472 1295/1535/478 1294/1534/476
f 1286/1515/480 1296/1538/471 1295/1535/478
f 1297/1540/275 1298/1541/3 1357/1670/3
f 1297/1540/275 1301/1547/275 1298/1541/3
f 1299/1544/7 1313/1573/276 1305/1553/276
f 1299/1544/7 1307/1557/7 1313/1573/276
f 1300/1546/278 1301/1547/275 1297/1540/275
f 1300/1546/278 1309/1562/278 1301/1547/275
f 1302/1549/280 1309/1562/278 1300/1546/278
f 1302/1549/280 1310/1564/280 1309/1562/278
f 1303/1550/281 1310/1564/280 1302/1549/280
f 1303/1550/281 1304/1551/481 1310/1564/280
f 1305/1553/276 1304/1551/481 1303/1550/282
f 1305/1553/276 1313/1573/276 1304/1551/481
f 1301/1548/482 1350/1657/483 1298/1542/484
f 1301/1548/482 1308/1560/485 1350/1657/483
f 1307/1558/486 1358/1672/487 1313/1574/488
f 1307/1558/486 1306/1554/489 1358/1672/487
f 1309/1563/490 1308/1560/485 1301/1548/491
f 1309/1563/490 1311/1567/492 1308/1560/485
f 1310/1565/493 1311/1567/492 1309/1563/490
f 1310/1565/494 1312/1571/495 1311/1567/492
f 1304/1552/496 1312/1571/497 1310/1565/493
f 1304/1552/496 1314/1575/498 1312/1571/499
f 1313/1574/500 1314/1575/498 1304/1552/501
f 1313/1574/488 1358/1672/487 1314/1575/498
f 1369/1694/1 1315/1578/1 1318/1584/1
f 1369/1694/1 1370/1696/1 1315/1578/1
f 1390/1747/502 1317/1582/503 1316/1580/108
f 1390/1747/502 1368/1692/504 1317/1582/503
f 1399/1767/1 1318/1584/1 1319/1587/1
f 1399/1767/1 1369/1694/1 1318/1584/1
f 1320/1592/505 1319/1588/506 1321/1595/507
f 1320/1592/505 1399/1768/508 1319/1588/506
f 1368/1692/509 1321/1596/507 1317/1582/510
f 1368/1692/511 1320/1593/505 1321/1596/512
f 1341/1634/513 1394/1757/514 1322/1599/72
f 1341/1634/424 1395/1758/515 1394/1757/102
f 1323/1603/516 1207/1339/436 1157/1233/517
f 1323/1603/516 1345/1647/518 1207/1339/519
f 1328/1610/321 1325/1606/219 1324/1604/520
f 1328/1610/321 1208/1340/207 1325/1606/219
f 1382/1728/112 1326/1608/63 1378/1718/221
f 1382/1728/521 1351/1660/522 1326/1608/63
f 1170/1255/217 1381/1726/523 1126/1149/115
f 1170/1255/214 1377/1716/216 1381/1726/113
f 1345/1647/518 1167/1252/213 1402/1776/215
f 1345/1647/518 1323/1603/516 1167/1252/213
f 1378/1718/221 1324/1604/520 1325/1606/219
f 1378/1718/221 1326/1608/63 1324/1604/520
f 1343/1638/524 1211/1346/322 1346/1648/525
f 1343/1638/524 1213/1353/325 1211/1346/322
f 1328/1611/334 1327/1609/40 1216/1360/335
f 1328/1611/334 1324/1605/38 1327/1609/40
f 1234/1398/526 1319/1589/527 1344/1645/528
f 1234/1398/526 1365/1685/529 1319/1589/527
f 1159/1238/530 1329/1612/531 1366/1689/532
f 1159/1238/533 1160/1241/534 1329/1612/531
f 1315/1579/535 1204/1332/536 1318/1585/536
f 1315/1579/535 1338/1629/535 1204/1332/536
f 1375/1711/537 1329/1612/364 1251/1433/393
f 1375/1711/537 1366/1689/532 1329/1612/364
f 1331/1614/44 1216/1360/335 1327/1609/40
f 1331/1614/44 1333/1617/44 1216/1360/397
f 1375/1712/537 1252/1435/399 1330/1613/538
f 1375/1712/537 1251/1434/393 1252/1435/398
f 1332/1615/46 1333/1617/44 1331/1614/44
f 1332/1615/46 1254/1438/46 1333/1617/44
f 1330/1613/539 1335/1622/403 1334/1619/540
f 1330/1613/539 1252/1435/399 1335/1622/403
f 1334/1618/540 1336/1625/405 1337/1626/541
f 1334/1618/540 1335/1623/406 1336/1625/405
f 1337/1626/541 1258/1446/408 1386/1736/542
f 1337/1626/541 1336/1625/405 1258/1446/408
f 1339/1632/543 1338/1629/544 1315/1579/544
f 1339/1632/543 1265/1465/543 1338/1629/544
f 1392/1751/423 1265/1465/422 1339/1632/422
f 1392/1751/423 1340/1633/423 1265/1465/422
f 1395/1758/545 1340/1633/423 1392/1751/423
f 1395/1758/545 1341/1634/424 1340/1633/423
f 1322/1600/72 1342/1635/439 1171/1257/227
f 1322/1600/72 1394/1756/102 1342/1635/439
f 1365/1686/546 1213/1354/325 1343/1639/524
f 1365/1686/546 1234/1399/433 1213/1354/325
f 1318/1586/547 1344/1646/547 1319/1590/547
f 1318/1586/547 1204/1333/547 1344/1646/547
f 1386/1736/542 1171/1258/227 1342/1636/439
f 1386/1736/542 1258/1446/408 1171/1258/227
f 1345/1647/548 1165/1249/204 1207/1339/318
f 1345/1647/548 1168/1253/218 1165/1249/204
f 1346/1649/525 1400/1770/549 1343/1640/524
f 1346/1649/525 1348/1652/550 1400/1770/549
f 1348/1653/550 1347/1651/551 1400/1771/549
f 1348/1653/552 1349/1655/553 1347/1651/551
f 1349/1655/553 1308/1561/554 1347/1651/551
f 1349/1655/553 1350/1658/555 1308/1561/556
f 1291/1525/557 1351/1660/64 1290/1522/111
f 1291/1525/558 1110/1116/117 1351/1660/64
f 1352/1661/2 1353/1663/2 1284/1512/2
f 1352/1661/2 1354/1664/2 1353/1663/2
f 1356/1668/559 1355/1667/560 1362/1680/560
f 1356/1668/559 1292/1528/559 1355/1667/560
f 1357/1670/2 1305/1553/2 1297/1540/2
f 1357/1670/2 1299/1544/2 1305/1553/2
f 1358/1673/561 1359/1674/562 1396/1759/563
f 1358/1673/561 1306/1555/564 1359/1674/562
f 1359/1675/565 1360/1677/566 1396/1760/563
f 1359/1675/565 1361/1678/559 1360/1677/566
f 1361/1678/559 1362/1680/560 1360/1677/566
f 1361/1678/559 1356/1668/559 1362/1680/560
f 1321/1598/567 1363/1681/122 1364/1683/568
f 1321/1598/567 1401/1774/569 1363/1681/122
f 1317/1583/570 1364/1684/571 1127/1150/571
f 1317/1583/572 1321/1597/572 1364/1684/571
f 1401/1773/573 1347/1651/551 1363/1682/574
f 1401/1773/573 1400/1771/549 1347/1651/551
f 1365/1687/575 1321/1598/567 1319/1591/527
f 1365/1687/575 1401/1774/569 1321/1598/567
f 1366/1689/532 1162/1245/58 1159/1238/533
f 1366/1689/532 1376/1714/576 1162/1245/58
f 1376/1713/576 1380/1724/69 1154/1224/57
f 1376/1713/576 1379/1720/70 1380/1724/69
f 1383/1729/123 1106/1108/577 1128/1151/68
f 1383/1729/578 1384/1731/579 1106/1108/577
f 1384/1731/579 1385/1734/580 1106/1108/577
f 1384/1731/579 1367/1690/581 1385/1734/580
f 1367/1690/581 1388/1741/457 1385/1734/582
f 1367/1690/583 1374/1708/584 1388/1741/585
f 1390/1748/379 1369/1695/586 1368/1693/381
f 1390/1748/379 1370/1697/379 1369/1695/586
f 1371/1699/587 1127/1150/118 1389/1745/588
f 1371/1699/587 1316/1581/589 1127/1150/589
f 1391/1749/590 1389/1746/588 1107/1110/591
f 1391/1749/590 1371/1700/587 1389/1746/588
f 1372/1703/592 1107/1110/591 1108/1111/593
f 1372/1703/594 1391/1749/595 1107/1110/596
f 1108/1111/597 1279/1501/598 1372/1703/594
f 1108/1111/593 1373/1707/599 1279/1501/598
f 1374/1709/584 1397/1762/457 1388/1742/457
f 1374/1709/584 1273/1484/438 1397/1762/457
f 1375/1711/537 1376/1714/576 1366/1689/600
f 1375/1711/601 1379/1721/70 1376/1714/576
f 1380/1725/52 1377/1717/182 1153/1221/181
f 1380/1725/602 1381/1727/603 1377/1717/182
f 1378/1718/226 1126/1149/604 1382/1728/112
f 1378/1718/221 1170/1255/214 1126/1149/115
f 1379/1722/605 1330/1613/538 1383/1730/578
f 1379/1722/70 1375/1712/537 1330/1613/538
f 1128/1152/606 1381/1727/603 1380/1725/52
f 1128/1152/30 1293/1531/29 1381/1727/607
f 1382/1728/608 1293/1532/609 1290/1522/111
f 1382/1728/608 1126/1149/604 1293/1532/609
f 1383/1730/123 1334/1619/610 1384/1732/579
f 1383/1730/123 1330/1613/539 1334/1619/540
f 1384/1733/579 1337/1627/541 1367/1691/581
f 1384/1733/579 1334/1620/540 1337/1627/541
f 1385/1735/611 1296/1539/124 1106/1109/31
f 1385/1735/611 1295/1536/611 1296/1539/124
f 1284/1512/2 1287/1516/2 1113/1119/2
f 1284/1512/2 1353/1663/2 1287/1516/2
f 1367/1691/581 1386/1737/542 1374/1710/584
f 1367/1691/581 1337/1627/541 1386/1737/542
f 1388/1743/105 1295/1536/611 1385/1735/611
f 1388/1743/105 1387/1738/105 1295/1536/611
f 1355/1667/612 1387/1740/613 1362/1680/612
f 1355/1667/560 1295/1537/614 1387/1740/614
f 1308/1561/615 1363/1682/574 1347/1651/551
f 1308/1561/615 1311/1568/616 1363/1682/574
f 1127/1150/571 1311/1569/617 1389/1745/618
f 1127/1150/571 1364/1684/571 1311/1569/619
f 1371/1701/419 1370/1697/379 1390/1748/379
f 1371/1701/419 1339/1631/421 1370/1697/379
f 1389/1746/619 1312/1572/125 1107/1110/34
f 1389/1746/618 1311/1570/618 1312/1572/125
f 1391/1750/620 1339/1632/422 1371/1702/621
f 1391/1750/595 1392/1751/423 1339/1632/422
f 1305/1553/2 1300/1546/2 1297/1540/2
f 1305/1553/2 1303/1550/2 1300/1546/2
f 1372/1704/622 1392/1751/623 1391/1750/624
f 1372/1704/594 1395/1758/545 1392/1751/423
f 1314/1576/625 1396/1759/563 1393/1753/626
f 1314/1576/625 1358/1673/561 1396/1759/563
f 1314/1577/627 1373/1707/106 1108/1111/33
f 1314/1577/32 1393/1754/441 1373/1707/106
f 1395/1758/545 1279/1502/598 1394/1757/514
f 1395/1758/545 1372/1704/628 1279/1502/598
f 1360/1677/566 1393/1755/629 1396/1760/563
f 1360/1677/566 1398/1766/630 1393/1755/626
f 1388/1744/105 1398/1765/440 1387/1739/105
f 1388/1744/105 1397/1763/440 1398/1765/440
f 1362/1680/612 1398/1766/630 1360/1677/566
f 1362/1680/612 1387/1740/613 1398/1766/630
f 1368/1693/511 1399/1769/631 1320/1594/505
f 1368/1693/511 1369/1695/432 1399/1769/508
f 1400/1772/549 1365/1688/546 1343/1641/524
f 1400/1772/549 1401/1775/573 1365/1688/546
f 1374/1710/584 1342/1637/437 1273/1485/438
f 1374/1710/584 1386/1737/542 1342/1637/439
f 1169/1254/225 1345/1647/518 1402/1776/223
f 1169/1254/225 1168/1253/218 1345/1647/518
f 1222/1372/9 1180/1280/9 1354/1665/9
f 1306/1556/632 1307/1559/9 1299/1545/9
f 1357/1671/9 1298/1543/9 1350/1659/633
f 1359/1676/634 1306/1556/632 1299/1545/9
f 1357/1671/9 1350/1659/633 1349/1656/635
f 1361/1679/636 1359/1676/634 1299/1545/9
f 1357/1671/9 1349/1656/635 1348/1654/637
f 1356/1669/638 1361/1679/636 1352/1662/9
f 1361/1679/636 1299/1545/9 1224/1376/9
f 1352/1662/9 1361/1679/636 1229/1388/639
f 1357/1671/9 1348/1654/637 1346/1650/640
f 1292/1529/641 1356/1669/638 1352/1662/9
f 1357/1671/9 1346/1650/640 1211/1347/642
f 1299/1545/9 1357/1671/9 1225/1378/9
f 1357/1671/9 1211/1347/642 1225/1378/9
f 1211/1347/642 1210/1344/643 1225/1378/9
f 1210/1344/644 1214/1356/645 1225/1378/9
f 1215/1359/646 1193/1308/647 1225/1378/9
f 1214/1356/645 1215/1359/646 1225/1378/9
f 1361/1679/636 1224/1376/9 1229/1388/639
f 1352/1662/9 1282/1509/9 1292/1529/641
f 1291/1526/648 1281/1506/649 1332/1616/650
f 1281/1506/649 1354/1665/9 1332/1616/650
f 1224/1376/9 1201/1323/9 1226/1381/651
f 1299/1545/9 1225/1378/9 1224/1376/9
f 1224/1376/9 1226/1381/651 1227/1384/652
f 1254/1439/653 1332/1616/650 1354/1665/9
f 1354/1665/9 1352/1662/9 1222/1372/9
f 1224/1376/9 1227/1384/652 1229/1388/639
f 1229/1388/639 1223/1374/639 1222/1372/9
f 1223/1374/639 1186/1293/639 1222/1372/9
f 1352/1662/9 1229/1388/639 1222/1372/9
f 1219/1368/654 1254/1439/653 1184/1288/9
f 1254/1439/653 1354/1665/9 1180/1280/9
f 1180/1280/9 1184/1288/9 1254/1439/653
f 1186/1293/639 1187/1296/655 1222/1372/9
