<?xml version="1.0" encoding="utf-8"?>
<COLLADA xmlns="http://www.collada.org/2005/11/COLLADASchema" version="1.4.1" xmlns:xsi="http://www.w3.org/2001/XMLSchema-instance">
  <asset>
    <contributor>
      <author>Blender User</author>
      <authoring_tool>Blender 4.0.2 commit date:2023-12-05, commit time:07:41, hash:9be62e85b727</authoring_tool>
    </contributor>
    <created>2024-04-07T09:55:47</created>
    <modified>2024-04-07T09:55:47</modified>
    <unit name="meter" meter="1"/>
    <up_axis>Z_UP</up_axis>
  </asset>
  <library_cameras>
    <camera id="Camera-camera" name="Camera.001">
      <optics>
        <technique_common>
          <perspective>
            <xfov sid="xfov">39.59775</xfov>
            <aspect_ratio>1.153846</aspect_ratio>
            <znear sid="znear">0.1</znear>
            <zfar sid="zfar">500000</zfar>
          </perspective>
        </technique_common>
      </optics>
      <extra>
        <technique profile="blender">
          <shiftx sid="shiftx" type="float">0</shiftx>
          <shifty sid="shifty" type="float">0</shifty>
          <dof_distance sid="dof_distance" type="float">10</dof_distance>
        </technique>
      </extra>
    </camera>
  </library_cameras>
  <library_effects>
    <effect id="Material_917-effect">
      <profile_COMMON>
        <technique sid="common">
          <lambert>
            <emission>
              <color sid="emission">0 0 0 1</color>
            </emission>
            <diffuse>
              <color sid="diffuse">0.8 0.8 0.8 1</color>
            </diffuse>
            <index_of_refraction>
              <float sid="ior">1.45</float>
            </index_of_refraction>
          </lambert>
        </technique>
      </profile_COMMON>
    </effect>
    <effect id="Image_1-effect">
      <profile_COMMON>
        <newparam sid="Image_1-surface">
          <surface type="2D">
            <init_from>Image_1</init_from>
          </surface>
        </newparam>
        <newparam sid="Image_1-sampler">
          <sampler2D>
            <source>Image_1-surface</source>
          </sampler2D>
        </newparam>
        <technique sid="common">
          <lambert>
            <emission>
              <color sid="emission">0 0 0 1</color>
            </emission>
            <diffuse>
              <texture texture="Image_1-sampler" texcoord="UVMap"/>
            </diffuse>
            <index_of_refraction>
              <float sid="ior">1.45</float>
            </index_of_refraction>
          </lambert>
        </technique>
      </profile_COMMON>
    </effect>
    <effect id="Image_0-effect">
      <profile_COMMON>
        <newparam sid="Image_0-surface">
          <surface type="2D">
            <init_from>Image_0</init_from>
          </surface>
        </newparam>
        <newparam sid="Image_0-sampler">
          <sampler2D>
            <source>Image_0-surface</source>
          </sampler2D>
        </newparam>
        <technique sid="common">
          <lambert>
            <emission>
              <color sid="emission">0 0 0 1</color>
            </emission>
            <diffuse>
              <texture texture="Image_0-sampler" texcoord="UVMap"/>
            </diffuse>
            <index_of_refraction>
              <float sid="ior">1.45</float>
            </index_of_refraction>
          </lambert>
        </technique>
      </profile_COMMON>
    </effect>
    <effect id="Image_5-effect">
      <profile_COMMON>
        <newparam sid="Image_5-surface">
          <surface type="2D">
            <init_from>Image_5</init_from>
          </surface>
        </newparam>
        <newparam sid="Image_5-sampler">
          <sampler2D>
            <source>Image_5-surface</source>
          </sampler2D>
        </newparam>
        <technique sid="common">
          <lambert>
            <emission>
              <color sid="emission">0 0 0 1</color>
            </emission>
            <diffuse>
              <texture texture="Image_5-sampler" texcoord="UVMap"/>
            </diffuse>
            <index_of_refraction>
              <float sid="ior">1.45</float>
            </index_of_refraction>
          </lambert>
        </technique>
      </profile_COMMON>
    </effect>
    <effect id="Image_4-effect">
      <profile_COMMON>
        <newparam sid="Image_4-surface">
          <surface type="2D">
            <init_from>Image_4</init_from>
          </surface>
        </newparam>
        <newparam sid="Image_4-sampler">
          <sampler2D>
            <source>Image_4-surface</source>
          </sampler2D>
        </newparam>
        <technique sid="common">
          <lambert>
            <emission>
              <color sid="emission">0 0 0 1</color>
            </emission>
            <diffuse>
              <texture texture="Image_4-sampler" texcoord="UVMap"/>
            </diffuse>
            <index_of_refraction>
              <float sid="ior">1.45</float>
            </index_of_refraction>
          </lambert>
        </technique>
      </profile_COMMON>
    </effect>
    <effect id="Image_2-effect">
      <profile_COMMON>
        <newparam sid="Image_2-surface">
          <surface type="2D">
            <init_from>Image_2</init_from>
          </surface>
        </newparam>
        <newparam sid="Image_2-sampler">
          <sampler2D>
            <source>Image_2-surface</source>
          </sampler2D>
        </newparam>
        <technique sid="common">
          <lambert>
            <emission>
              <color sid="emission">0 0 0 1</color>
            </emission>
            <diffuse>
              <texture texture="Image_2-sampler" texcoord="UVMap"/>
            </diffuse>
            <index_of_refraction>
              <float sid="ior">1.45</float>
            </index_of_refraction>
          </lambert>
        </technique>
      </profile_COMMON>
    </effect>
    <effect id="Image_3-effect">
      <profile_COMMON>
        <newparam sid="Image_3-surface">
          <surface type="2D">
            <init_from>Image_3</init_from>
          </surface>
        </newparam>
        <newparam sid="Image_3-sampler">
          <sampler2D>
            <source>Image_3-surface</source>
          </sampler2D>
        </newparam>
        <technique sid="common">
          <lambert>
            <emission>
              <color sid="emission">0 0 0 1</color>
            </emission>
            <diffuse>
              <texture texture="Image_3-sampler" texcoord="UVMap"/>
            </diffuse>
            <index_of_refraction>
              <float sid="ior">1.45</float>
            </index_of_refraction>
          </lambert>
        </technique>
      </profile_COMMON>
    </effect>
  </library_effects>
  <library_images>
    <image id="Image_0" name="Image_0">
      <init_from>Image_0.png</init_from>
    </image>
    <image id="Image_1" name="Image_1">
      <init_from>Image_1.png</init_from>
    </image>
    <image id="Image_2" name="Image_2">
      <init_from>Image_2.png</init_from>
    </image>
    <image id="Image_3" name="Image_3">
      <init_from>Image_3.png</init_from>
    </image>
    <image id="Image_4" name="Image_4">
      <init_from>Image_4.png</init_from>
    </image>
    <image id="Image_5" name="Image_5">
      <init_from>Image_5.png</init_from>
    </image>
  </library_images>
  <library_materials>
    <material id="Material_917-material" name="Material_917">
      <instance_effect url="#Material_917-effect"/>
    </material>
    <material id="Image_1-material" name="Image_1">
      <instance_effect url="#Image_1-effect"/>
    </material>
    <material id="Image_0-material" name="Image_0">
      <instance_effect url="#Image_0-effect"/>
    </material>
    <material id="Image_5-material" name="Image_5">
      <instance_effect url="#Image_5-effect"/>
    </material>
    <material id="Image_4-material" name="Image_4">
      <instance_effect url="#Image_4-effect"/>
    </material>
    <material id="Image_2-material" name="Image_2">
      <instance_effect url="#Image_2-effect"/>
    </material>
    <material id="Image_3-material" name="Image_3">
      <instance_effect url="#Image_3-effect"/>
    </material>
  </library_materials>
  <library_geometries>
    <geometry id="Mesh_917-mesh" name="Mesh_917">
      <mesh>
        <source id="Mesh_917-mesh-positions">
          <float_array id="Mesh_917-mesh-positions-array" count="18">0 0 0 50 0 0 0 0 0 0 0 50 0 0 0 0 -50 0</float_array>
          <technique_common>
            <accessor source="#Mesh_917-mesh-positions-array" count="6" stride="3">
              <param name="X" type="float"/>
              <param name="Y" type="float"/>
              <param name="Z" type="float"/>
            </accessor>
          </technique_common>
        </source>
        <source id="Mesh_917-mesh-normals">
          <float_array id="Mesh_917-mesh-normals-array" count="0"/>
          <technique_common>
            <accessor source="#Mesh_917-mesh-normals-array" count="0" stride="3">
              <param name="X" type="float"/>
              <param name="Y" type="float"/>
              <param name="Z" type="float"/>
            </accessor>
          </technique_common>
        </source>
        <vertices id="Mesh_917-mesh-vertices">
          <input semantic="POSITION" source="#Mesh_917-mesh-positions"/>
        </vertices>
        <lines count="3">
          <input semantic="VERTEX" source="#Mesh_917-mesh-vertices" offset="0"/>
          <p>1 0 3 2 5 4</p>
        </lines>
      </mesh>
    </geometry>
    <geometry id="Mesh_909-mesh" name="Mesh_909">
      <mesh>
        <source id="Mesh_909-mesh-positions">
          <float_array id="Mesh_909-mesh-positions-array" count="102">204.3442 -365.6959 82.88659 200.3634 -366.3459 60.06395 182.5427 -325.5202 83.49288 178.5621 -326.1701 60.67021 164.5655 -394.8075 157.5123 204.3442 -365.6959 82.88659 139.1682 -354.5017 158.4228 182.5427 -325.5202 83.49288 229.9161 -350.9359 57.04617 227.9236 -363.9876 155.5995 282.0794 -346.4197 239.4027 248.0135 -361.6665 242.8022 179.8818 -392.1602 249.6013 178.3557 -392.7196 231.8005 145.8158 -407.407 253.0007 141.2581 -397.1659 66.09943 111.7055 -412.5759 69.11713 164.5655 -394.8075 157.5123 145.8158 -407.407 253.0007 111.7055 -412.5759 69.11713 120.4185 -367.1012 253.9113 89.90405 -372.4002 69.72347 248.0135 -361.6665 242.8022 227.9236 -363.9876 155.5995 222.6162 -321.3607 243.7127 205.0021 -323.7714 156.3007 145.8158 -407.407 253.0007 111.7055 -412.5759 69.11713 178.3557 -392.7196 231.8005 164.5655 -394.8075 157.5123 227.9236 -363.9876 155.5995 204.3442 -365.6959 82.88659 229.9161 -350.9359 57.04617 200.3634 -366.3459 60.06395</float_array>
          <technique_common>
            <accessor source="#Mesh_909-mesh-positions-array" count="34" stride="3">
              <param name="X" type="float"/>
              <param name="Y" type="float"/>
              <param name="Z" type="float"/>
            </accessor>
          </technique_common>
        </source>
        <source id="Mesh_909-mesh-normals">
          <float_array id="Mesh_909-mesh-normals-array" count="102">0.5773328 -0.577412 0.5773062 0.5773323 -0.5774121 0.5773065 0.5773163 -0.5773624 0.5773722 0.5773205 -0.5773825 0.5773481 0.5773383 -0.5773697 0.5773429 0.5772902 -0.5773854 0.5773753 0.5774084 -0.5773265 0.5773159 0.5773555 -0.5773196 0.5773758 0.5773452 -0.5773519 0.5773538 0.5773963 -0.5773176 0.577337 0.5773549 -0.5773515 0.5773445 0.5773616 -0.5773586 0.5773307 0.5773597 -0.5773619 0.5773293 0.5773251 -0.5773769 0.5773488 0.5773485 -0.5773665 0.5773358 0.5773537 -0.5773528 0.5773445 0.5773771 -0.5773395 0.5773342 0.5773794 -0.5773385 0.5773329 0.5773022 -0.577359 0.5773897 0.5774046 -0.5773196 0.5773267 0.5773327 -0.5774044 0.5773138 0.5773423 -0.577357 0.5773515 0.5773026 -0.5773411 0.5774073 0.5773149 -0.5773342 0.5774018 0.5773981 -0.5773599 0.5772929 0.5773294 -0.5773636 0.5773578 0.5773758 -0.5773515 0.5773236 0.5773512 -0.5773519 0.5773478 0.5773395 -0.577366 0.5773454 0.5773487 -0.5773422 0.5773599 0.5773406 -0.5773457 0.5773646 0.5773706 -0.5773309 0.5773495 0.5773415 -0.577358 0.5773515 0.5773606 -0.577343 0.5773472</float_array>
          <technique_common>
            <accessor source="#Mesh_909-mesh-normals-array" count="34" stride="3">
              <param name="X" type="float"/>
              <param name="Y" type="float"/>
              <param name="Z" type="float"/>
            </accessor>
          </technique_common>
        </source>
        <source id="Mesh_909-mesh-map-0">
          <float_array id="Mesh_909-mesh-map-0-array" count="108">0.9536202 0.9971348 0.9523851 0.9604194 0.9405966 0.9627118 0.9536202 0.9971348 0.9405966 0.9627118 0.9403669 0.9969859 0.9523851 0.9604194 0.8879256 0.877496 0.8881868 0.9000383 0.9523851 0.9604194 0.8881868 0.9000383 0.9405966 0.9627118 0.9523593 0.8762305 0.9980865 0.9973315 0.9980558 0.7692273 0.9523593 0.8762305 0.9980558 0.7692273 0.9536215 0.7683432 0.8881506 0.7941911 0.8876953 0.7666016 0.8408203 0.7666016 0.8417056 0.9921504 0.8876368 0.9933236 0.8879256 0.877496 0.8417056 0.9921504 0.8408203 0.7666016 0.8337628 0.7706547 0.8417056 0.9921504 0.8337628 0.7706547 0.8328471 0.9954194 0.9523593 0.8762305 0.9536215 0.7683432 0.9411875 0.7762369 0.9523593 0.8762305 0.9411875 0.7762369 0.9396092 0.8580869 0.8408203 0.7666016 0.8417056 0.9921504 0.8881506 0.7941911 0.8881506 0.7941911 0.8417056 0.9921504 0.8879256 0.877496 0.8881506 0.7941911 0.8879256 0.877496 0.9523593 0.8762305 0.9523593 0.8762305 0.8879256 0.877496 0.9523851 0.9604194 0.9523593 0.8762305 0.9523851 0.9604194 0.9980865 0.9973315 0.9980865 0.9973315 0.9523851 0.9604194 0.9536202 0.9971348</float_array>
          <technique_common>
            <accessor source="#Mesh_909-mesh-map-0-array" count="54" stride="2">
              <param name="S" type="float"/>
              <param name="T" type="float"/>
            </accessor>
          </technique_common>
        </source>
        <source id="Mesh_909-mesh-colors-Col" name="Col">
          <float_array id="Mesh_909-mesh-colors-Col-array" count="216">0.5647059 0.5019608 0.4745098 1 1 0.6470589 0.6470589 1 0.6117647 0.6117647 0.6117647 1 0.5647059 0.5019608 0.4745098 1 0.6117647 0.6117647 0.6117647 1 1 0.9137255 0.8117647 1 1 0.6470589 0.6470589 1 1 0.9137255 0.8117647 1 0.7137255 0.7137255 0.7137255 1 1 0.6470589 0.6470589 1 0.7137255 0.7137255 0.7137255 1 0.7137255 0.7137255 0.7137255 1 0.2862745 0.2862745 0.2862745 1 1 0.6470589 0.6470589 1 0.5529412 0.5529412 0.5529412 1 0.2862745 0.2862745 0.2862745 1 0.5529412 0.5529412 0.5529412 1 0.5529412 0.5529412 0.5529412 1 0.2862745 0.2862745 0.2862745 1 0.2862745 0.2862745 0.2862745 1 1 0.6470589 0.9294118 1 1 0.6470589 0.6470589 1 1 0.6470589 0.6470589 1 0.5529412 0.5529412 0.5529412 1 1 0.6470589 0.9294118 1 1 0.6470589 0.9294118 1 1 1 0.8117647 1 1 0.6470589 0.9294118 1 1 1 0.8117647 1 1 1 0.8117647 1 1 0.9333333 0.8745098 1 1 0.6470589 0.6470589 1 1 1 0.8117647 1 1 0.9333333 0.8745098 1 1 1 0.8117647 1 1 1 0.8117647 1 1 0.6470589 0.9294118 1 1 0.6470589 0.6470589 1 0.2862745 0.2862745 0.2862745 1 0.2862745 0.2862745 0.2862745 1 1 0.6470589 0.6470589 1 0.5529412 0.5529412 0.5529412 1 0.2862745 0.2862745 0.2862745 1 0.5529412 0.5529412 0.5529412 1 0.2862745 0.2862745 0.2862745 1 0.2862745 0.2862745 0.2862745 1 0.5529412 0.5529412 0.5529412 1 0.2862745 0.2862745 0.2862745 1 0.2862745 0.2862745 0.2862745 1 0.2862745 0.2862745 0.2862745 1 1 0.6470589 0.6470589 1 1 0.6470589 0.6470589 1 0.2862745 0.2862745 0.2862745 1 1 0.6470589 0.6470589 1</float_array>
          <technique_common>
            <accessor source="#Mesh_909-mesh-colors-Col-array" count="54" stride="4">
              <param name="R" type="float"/>
              <param name="G" type="float"/>
              <param name="B" type="float"/>
              <param name="A" type="float"/>
            </accessor>
          </technique_common>
        </source>
        <vertices id="Mesh_909-mesh-vertices">
          <input semantic="POSITION" source="#Mesh_909-mesh-positions"/>
        </vertices>
        <triangles material="Image_1-material" count="18">
          <input semantic="VERTEX" source="#Mesh_909-mesh-vertices" offset="0"/>
          <input semantic="NORMAL" source="#Mesh_909-mesh-normals" offset="1"/>
          <input semantic="TEXCOORD" source="#Mesh_909-mesh-map-0" offset="2" set="0"/>
          <input semantic="COLOR" source="#Mesh_909-mesh-colors-Col" offset="3" set="0"/>
          <p>1 0 0 0 0 1 1 1 2 2 2 2 1 0 3 3 2 2 4 4 3 3 5 5 5 4 6 6 4 5 7 7 6 6 8 8 5 4 9 9 6 6 10 10 7 7 11 11 9 8 12 12 8 9 13 13 10 10 14 14 9 8 15 15 10 10 16 16 11 11 17 17 13 12 18 18 12 13 19 19 14 14 20 20 16 15 21 21 15 16 22 22 17 17 23 23 19 18 24 24 18 19 25 25 20 20 26 26 19 18 27 27 20 20 28 28 21 21 29 29 23 22 30 30 22 23 31 31 24 24 32 32 23 22 33 33 24 24 34 34 25 25 35 35 26 26 36 36 27 27 37 37 28 28 38 38 28 28 39 39 27 27 40 40 29 29 41 41 28 28 42 42 29 29 43 43 30 30 44 44 30 30 45 45 29 29 46 46 31 31 47 47 30 30 48 48 31 31 49 49 32 32 50 50 32 32 51 51 31 31 52 52 33 33 53 53</p>
        </triangles>
      </mesh>
    </geometry>
    <geometry id="Mesh_901-mesh" name="Mesh_901">
      <mesh>
        <source id="Mesh_901-mesh-positions">
          <float_array id="Mesh_901-mesh-positions-array" count="105">-2.83123 -413.6659 111.1292 -34.92486 -411.9421 130.2796 -1.320477 -368.2398 109.572 -33.41411 -366.516 128.7224 32.06002 -414.3641 124.6134 -2.83123 -413.6659 111.1292 33.57078 -368.938 123.0562 -1.320477 -368.2398 109.572 -69.37104 -411.0808 121.9873 -39.05775 -413.4573 82.06925 -67.86029 -365.6546 120.4301 -37.54701 -368.0311 80.51213 -71.72172 -405.874 271.6013 -69.37104 -411.0808 121.9873 -70.21096 -360.4479 270.0441 -67.86029 -365.6546 120.4301 92.38262 -411.8075 257.7197 64.59873 -415.9247 110.6547 32.06002 -414.3641 124.6134 27.92712 -415.8792 76.40301 -2.83123 -413.6659 111.1292 -39.05775 -413.4573 82.06925 -34.92486 -411.9421 130.2796 -69.37104 -411.0808 121.9873 -71.72172 -405.874 271.6013 -30.69563 -407.3573 268.1309 -34.92486 -411.9421 130.2796 -71.72172 -405.874 271.6013 51.35656 -410.3241 261.1901 92.38262 -411.8075 257.7197 32.06002 -414.3641 124.6134 51.35656 -410.3241 261.1901 32.06002 -414.3641 124.6134 52.86727 -364.898 259.6329 33.57078 -368.938 123.0562</float_array>
          <technique_common>
            <accessor source="#Mesh_901-mesh-positions-array" count="35" stride="3">
              <param name="X" type="float"/>
              <param name="Y" type="float"/>
              <param name="Z" type="float"/>
            </accessor>
          </technique_common>
        </source>
        <source id="Mesh_901-mesh-normals">
          <float_array id="Mesh_901-mesh-normals-array" count="105">-0.5773409 0.5773242 -0.5773859 -0.5773649 0.5773147 -0.5773712 -0.5773651 0.5773144 -0.5773712 -0.577389 0.577305 -0.5773568 -0.5772885 0.5773898 -0.5773725 -0.5773156 0.577354 -0.5773814 -0.577315 0.5773549 -0.577381 -0.5773423 0.5773189 -0.5773898 1 3.09572e-5 -2.72896e-5 -0.5773417 0.5773523 -0.5773568 -0.5773251 0.5773473 -0.5773785 1 -2.74181e-5 -2.77758e-5 -0.5773403 0.5773486 -0.577362 -0.5773406 0.5773482 -0.5773621 -0.577341 0.5773214 -0.5773886 -0.5773399 0.5773759 -0.5773351 0.5773409 -0.5773406 0.5773695 0.5773277 -0.5773392 0.5773839 0.5773805 -0.5773432 0.5773271 0.5775656 -0.577356 0.5771293 0.5773662 -0.5773415 0.5773431 0.5773512 -0.5773401 0.5773596 0.5773669 -0.5773416 0.5773424 0.5773651 -0.5773417 0.5773441 0.5773397 -0.5773405 0.5773707 0.5773911 -0.5773432 0.5773167 0.5773375 -0.5773396 0.5773739 0.5773174 -0.5773382 0.5773953 0.5773183 -0.577339 0.5773935 0.5773313 -0.5773401 0.5773796 0.5773914 -0.5773439 0.5773156 -0.5773308 0.5773918 -0.5773283 -0.5773366 0.5773601 -0.5773542 -0.5773362 0.5773602 -0.5773544 -0.5773404 0.5773295 -0.577381</float_array>
          <technique_common>
            <accessor source="#Mesh_901-mesh-normals-array" count="35" stride="3">
              <param name="X" type="float"/>
              <param name="Y" type="float"/>
              <param name="Z" type="float"/>
            </accessor>
          </technique_common>
        </source>
        <source id="Mesh_901-mesh-map-0">
          <float_array id="Mesh_901-mesh-map-0-array" count="114">0.7369099 0.9345056 0.7641689 0.9569856 0.762876 0.9424158 0.7369099 0.9345056 0.762876 0.9424158 0.7444063 0.9297013 0.7641689 0.9569856 0.7858915 0.9336038 0.7738564 0.9302644 0.7641689 0.9569856 0.7738564 0.9302644 0.762876 0.9424158 0.7222504 1.002411 0.689693 0.9482607 0.6786345 0.9532221 0.7222504 1.002411 0.6786345 0.9532221 0.7019144 0.9995602 0.689693 0.9482607 0.6869115 0.7665136 0.6826172 0.7666016 0.689693 0.9482607 0.6826172 0.7666016 0.6786345 0.9532221 0.8320893 0.9523167 0.8333247 0.7693031 0.7858915 0.9336038 0.8320893 0.9523167 0.7858915 0.9336038 0.8029701 1.000045 0.8029701 1.000045 0.7858915 0.9336038 0.7641689 0.9569856 0.8029701 1.000045 0.7641689 0.9569856 0.7222504 1.002411 0.7222504 1.002411 0.7641689 0.9569856 0.7369099 0.9345056 0.7222504 1.002411 0.7369099 0.9345056 0.689693 0.9482607 0.689693 0.9482607 0.7369099 0.9345056 0.6869115 0.7665136 0.7369099 0.9345056 0.733537 0.766181 0.6869115 0.7665136 0.8333247 0.7693031 0.7881765 0.7676827 0.7858915 0.9336038 0.7858915 0.9336038 0.7881765 0.7676827 0.7785831 0.7731324 0.7858915 0.9336038 0.7785831 0.7731324 0.7738564 0.9302644</float_array>
          <technique_common>
            <accessor source="#Mesh_901-mesh-map-0-array" count="57" stride="2">
              <param name="S" type="float"/>
              <param name="T" type="float"/>
            </accessor>
          </technique_common>
        </source>
        <source id="Mesh_901-mesh-colors-Col" name="Col">
          <float_array id="Mesh_901-mesh-colors-Col-array" count="228">0.7960785 0.7960785 0.7960785 1 0.7960785 0.7960785 0.7960785 1 1 0.9490196 0.7176471 1 0.7960785 0.7960785 0.7960785 1 1 0.9490196 0.7176471 1 1 0.9490196 0.7176471 1 1 1 1 1 0.7137255 0.2705882 0 1 1 1 0.8117647 1 1 1 1 1 1 1 0.8117647 1 0.7568628 0.7568628 0.7568628 1 0.854902 0.4235294 0.6117647 1 0.854902 0.4235294 0.6117647 1 1 0.8313726 0.7098039 1 0.854902 0.4235294 0.6117647 1 1 0.8313726 0.7098039 1 0.6117647 0.6117647 0.6117647 1 0.854902 0.4235294 0.6117647 1 0.854902 0.4235294 0.6117647 1 1 1 0.8117647 1 0.854902 0.4235294 0.6117647 1 1 1 0.8117647 1 1 0.8235294 0.7058824 1 0.6117647 0.6117647 0.6117647 1 0.2862745 0.2862745 0.2862745 1 0.7137255 0.2705882 0 1 0.6117647 0.6117647 0.6117647 1 0.7137255 0.2705882 0 1 1 1 0.7372549 1 1 1 0.7372549 1 0.7137255 0.2705882 0 1 1 1 0.7372549 1 1 1 0.7372549 1 1 1 0.7372549 1 0.854902 0.4235294 0.6117647 1 0.854902 0.4235294 0.6117647 1 1 1 0.7372549 1 0.6666667 0.6666667 0.6666667 1 0.854902 0.4235294 0.6117647 1 0.6666667 0.6666667 0.6666667 1 0.854902 0.4235294 0.6117647 1 0.854902 0.4235294 0.6117647 1 0.6666667 0.6666667 0.6666667 1 0.854902 0.4235294 0.6117647 1 0.6666667 0.6666667 0.6666667 1 0 0 0 1 0.854902 0.4235294 0.6117647 1 0.2862745 0.2862745 0.2862745 1 1 0.6470589 0.9294118 1 0.7137255 0.2705882 0 1 0.7137255 0.2705882 0 1 1 0.6470589 0.9294118 1 1 1 0.8117647 1 0.7137255 0.2705882 0 1 1 1 0.8117647 1 1 0.7372549 0.7372549 1</float_array>
          <technique_common>
            <accessor source="#Mesh_901-mesh-colors-Col-array" count="57" stride="4">
              <param name="R" type="float"/>
              <param name="G" type="float"/>
              <param name="B" type="float"/>
              <param name="A" type="float"/>
            </accessor>
          </technique_common>
        </source>
        <vertices id="Mesh_901-mesh-vertices">
          <input semantic="POSITION" source="#Mesh_901-mesh-positions"/>
        </vertices>
        <triangles material="Image_1-material" count="19">
          <input semantic="VERTEX" source="#Mesh_901-mesh-vertices" offset="0"/>
          <input semantic="NORMAL" source="#Mesh_901-mesh-normals" offset="1"/>
          <input semantic="TEXCOORD" source="#Mesh_901-mesh-map-0" offset="2" set="0"/>
          <input semantic="COLOR" source="#Mesh_901-mesh-colors-Col" offset="3" set="0"/>
          <p>1 0 0 0 0 1 1 1 2 2 2 2 1 0 3 3 2 2 4 4 3 3 5 5 5 4 6 6 4 5 7 7 6 6 8 8 5 4 9 9 6 6 10 10 7 7 11 11 9 8 12 12 8 9 13 13 10 10 14 14 9 8 15 15 10 10 16 16 11 11 17 17 13 12 18 18 12 13 19 19 14 14 20 20 13 12 21 21 14 14 22 22 15 15 23 23 17 16 24 24 16 17 25 25 18 18 26 26 17 16 27 27 18 18 28 28 19 19 29 29 19 19 30 30 18 18 31 31 20 20 32 32 19 19 33 33 20 20 34 34 21 21 35 35 21 21 36 36 20 20 37 37 22 22 38 38 21 21 39 39 22 22 40 40 23 23 41 41 23 23 42 42 22 22 43 43 24 24 44 44 26 25 45 45 25 26 46 46 27 27 47 47 29 28 48 48 28 29 49 49 30 30 50 50 32 31 51 51 31 32 52 52 33 33 53 53 32 31 54 54 33 33 55 55 34 34 56 56</p>
        </triangles>
      </mesh>
    </geometry>
    <geometry id="Mesh_891-mesh" name="Mesh_891">
      <mesh>
        <source id="Mesh_891-mesh-positions">
          <float_array id="Mesh_891-mesh-positions-array" count="132">-206.9038 -355.3064 83.68094 -222.7131 -352.1769 159.6397 -182.623 -316.6312 81.61014 -194.8745 -313.6303 157.2681 -269.292 -328.5156 273.0741 -239.9074 -335.973 84.03464 -241.4534 -289.969 270.7025 -215.6264 -297.2977 81.96392 -222.7131 -352.1769 159.6397 -136.1953 -404.1117 158.5312 -194.8745 -313.6303 157.2681 -108.3567 -365.565 156.1596 -133.5585 -401.6491 232.9297 -132.24 -400.4178 270.129 -105.7198 -363.1024 230.558 -104.4014 -361.8711 267.7573 -134.8769 -402.8804 195.7305 -230.1028 -350.6307 197.5756 -107.0383 -364.3337 193.3588 -202.2641 -312.0841 195.2039 -136.1953 -404.1117 158.5312 -134.8769 -402.8804 195.7305 -108.3567 -365.565 156.1596 -107.0383 -364.3337 193.3588 -222.7131 -352.1769 159.6397 -230.1028 -350.6307 197.5756 -136.1953 -404.1117 158.5312 -134.8769 -402.8804 195.7305 -133.5585 -401.6491 232.9297 -233.0847 -349.2439 235.1386 -269.292 -328.5156 273.0741 -230.1028 -350.6307 197.5756 -239.9074 -335.973 84.03464 -222.7131 -352.1769 159.6397 -206.9038 -355.3064 83.68094 -132.24 -400.4178 270.129 -133.5585 -401.6491 232.9297 -269.292 -328.5156 273.0741 -105.7198 -363.1024 230.558 -133.5585 -401.6491 232.9297 -205.2461 -310.6973 232.7669 -233.0847 -349.2439 235.1386 -202.2641 -312.0841 195.2039 -230.1028 -350.6307 197.5756</float_array>
          <technique_common>
            <accessor source="#Mesh_891-mesh-positions-array" count="44" stride="3">
              <param name="X" type="float"/>
              <param name="Y" type="float"/>
              <param name="Z" type="float"/>
            </accessor>
          </technique_common>
        </source>
        <source id="Mesh_891-mesh-normals">
          <float_array id="Mesh_891-mesh-normals-array" count="132">0.5773546 -0.5773553 0.5773409 0.5773535 -0.5773633 0.5773341 0.5773385 -0.577346 0.5773664 0.5773336 -0.5773515 0.5773658 -0.5773355 0.5773654 -0.57735 -0.5773507 0.5773453 -0.577355 -0.5773591 0.5773485 -0.5773433 -0.5773482 0.5773478 -0.5773549 0.5773469 -0.5773302 0.5773738 0.5773198 -0.5773555 0.5773756 0.5773398 -0.5773368 0.5773742 0.5773493 -0.5773279 0.5773737 0.5773165 -0.5773773 0.577357 0.5773587 -0.5773199 0.5773723 0.5773326 -0.577355 0.5773633 0.5773234 -0.5773668 0.5773606 -0.5773275 0.5773683 -0.5773552 -0.5773373 0.5773593 -0.5773543 -0.5773111 0.5773836 -0.5773561 -0.5773085 0.5773858 -0.5773565 0.5773161 -0.5773769 0.5773578 0.5773583 -0.5773191 0.5773736 0.5773327 -0.5773546 0.5773636 0.5773238 -0.5773673 0.5773599 0.5773767 -0.5773717 0.5773024 0.5773453 -0.5773721 0.5773335 0.5773198 -0.5773234 0.5774076 0.5773469 -0.5773696 0.5773343 0.5773262 -0.5773571 0.5773675 0.577381 -0.5773527 0.5773172 0.5773611 -0.5773567 0.5773332 0.5773631 -0.5773453 0.5773426 0.5773658 -0.5773491 0.577336 0.5773653 -0.5773655 0.5773201 0.5773626 -0.5773687 0.5773196 0.5773287 -0.5773468 0.5773754 0.577363 -0.5773671 0.5773209 0.5773587 -0.5773642 0.577328 0.5772962 -0.5773478 0.577407 0.5773314 -0.577315 0.5774045 0.5773659 -0.5773164 0.5773687 0.5773271 -0.577311 0.5774129 0.577358 -0.5773569 0.5773358 0.5773469 -0.5773748 0.5773293</float_array>
          <technique_common>
            <accessor source="#Mesh_891-mesh-normals-array" count="44" stride="3">
              <param name="X" type="float"/>
              <param name="Y" type="float"/>
              <param name="Z" type="float"/>
            </accessor>
          </technique_common>
        </source>
        <source id="Mesh_891-mesh-map-0">
          <float_array id="Mesh_891-mesh-map-0-array" count="144">0.5830078 0.8916016 0.582781 0.9933144 0.5919865 0.9917059 0.5830078 0.8916016 0.5919865 0.9917059 0.5947266 0.9072266 0.5387002 0.9827482 0.5383528 0.7638999 0.5285981 0.7662229 0.5387002 0.9827482 0.5285981 0.7662229 0.5312685 0.9837998 0.6787109 0.8916016 0.5830078 0.8916016 0.5947266 0.9072266 0.6787109 0.8916016 0.5947266 0.9072266 0.6845703 0.9091797 0.6789258 0.765143 0.6806641 0.8173828 0.6845703 0.8251953 0.6789258 0.765143 0.6845703 0.8251953 0.6884766 0.7685547 0.5830078 0.8388672 0.6787109 0.8388672 0.6845703 0.8251953 0.5830078 0.8388672 0.6845703 0.8251953 0.5927734 0.8251953 0.6787109 0.8388672 0.6787109 0.8916016 0.6845703 0.9091797 0.6787109 0.8388672 0.6845703 0.9091797 0.6845703 0.8251953 0.5830078 0.8388672 0.5830078 0.8916016 0.6787109 0.8916016 0.5830078 0.8388672 0.6787109 0.8916016 0.6787109 0.8388672 0.5827435 0.8200099 0.6806641 0.8173828 0.5380554 0.7651926 0.5827435 0.8200099 0.5380554 0.7651926 0.5830078 0.8388672 0.5830078 0.8388672 0.5380554 0.7651926 0.536451 0.9941214 0.5830078 0.8388672 0.536451 0.9941214 0.5830078 0.8916016 0.5830078 0.8916016 0.536451 0.9941214 0.582781 0.9933144 0.6806641 0.8173828 0.6789258 0.765143 0.5380554 0.7651926 0.6845703 0.8251953 0.6806641 0.8173828 0.5927734 0.8251953 0.5927734 0.8251953 0.6806641 0.8173828 0.5827435 0.8200099 0.5927734 0.8251953 0.5827435 0.8200099 0.590734 0.8247984 0.590734 0.8247984 0.5827435 0.8200099 0.5830078 0.8388672</float_array>
          <technique_common>
            <accessor source="#Mesh_891-mesh-map-0-array" count="72" stride="2">
              <param name="S" type="float"/>
              <param name="T" type="float"/>
            </accessor>
          </technique_common>
        </source>
        <source id="Mesh_891-mesh-colors-Col" name="Col">
          <float_array id="Mesh_891-mesh-colors-Col-array" count="288">1 0.6470589 0.9294118 1 1 0.6470589 0.9294118 1 1 1 0.8117647 1 1 0.6470589 0.9294118 1 1 1 0.8117647 1 0.6117647 0.6117647 0.6117647 1 1 1 0.7372549 1 0.4235294 0.4235294 0.4235294 1 0.4235294 0.4235294 0.4235294 1 1 1 0.7372549 1 0.4235294 0.4235294 0.4235294 1 1 1 0.7372549 1 1 0.7882353 0.8039216 1 1 0.7882353 0.8039216 1 1 0.8039216 0.8156863 1 1 0.7882353 0.8039216 1 1 0.8039216 0.8156863 1 1 0.7960785 0.8196079 1 1 1 1 1 0.8588235 0.4666666 0.8117647 1 1 1 0.8117647 1 1 1 1 1 1 1 0.8117647 1 1 0.8784314 0.7372549 1 0.4235294 0.4235294 0.4235294 1 0.4235294 0.4235294 0.4235294 1 0.4235294 0.4235294 0.4235294 1 0.4235294 0.4235294 0.4235294 1 0.4235294 0.4235294 0.4235294 1 0.4235294 0.4235294 0.4235294 1 0.4862745 0.4862745 0.4862745 1 0.4862745 0.4862745 0.4862745 1 1 1 0.8117647 1 0.4862745 0.4862745 0.4862745 1 1 1 0.8117647 1 1 1 0.8117647 1 0.8588235 0.4666666 0.8117647 1 0.8588235 0.4666666 0.8117647 1 0.4862745 0.4862745 0.4862745 1 0.8588235 0.4666666 0.8117647 1 0.4862745 0.4862745 0.4862745 1 0.4862745 0.4862745 0.4862745 1 0.8588235 0.4666666 0.8117647 1 0.8588235 0.4666666 0.8117647 1 0 0 0 1 0.8588235 0.4666666 0.8117647 1 0 0 0 1 0.8588235 0.4666666 0.8117647 1 0.8588235 0.4666666 0.8117647 1 0 0 0 1 1 1 0.7372549 1 0.8588235 0.4666666 0.8117647 1 1 1 0.7372549 1 0.8588235 0.4666666 0.8117647 1 0.8588235 0.4666666 0.8117647 1 1 1 0.7372549 1 1 1 0.7372549 1 0.8588235 0.4666666 0.8117647 1 1 1 1 1 0 0 0 1 1 0.9490196 0.9568628 1 0.8588235 0.4666666 0.8117647 1 0.6117647 0.6117647 0.6117647 1 0.6117647 0.6117647 0.6117647 1 0.8588235 0.4666666 0.8117647 1 1 0.6470589 0.9294118 1 0.6117647 0.6117647 0.6117647 1 1 0.6470589 0.9294118 1 1 1 0.8117647 1 1 1 0.8117647 1 1 0.6470589 0.9294118 1 0.8588235 0.4666666 0.8117647 1</float_array>
          <technique_common>
            <accessor source="#Mesh_891-mesh-colors-Col-array" count="72" stride="4">
              <param name="R" type="float"/>
              <param name="G" type="float"/>
              <param name="B" type="float"/>
              <param name="A" type="float"/>
            </accessor>
          </technique_common>
        </source>
        <vertices id="Mesh_891-mesh-vertices">
          <input semantic="POSITION" source="#Mesh_891-mesh-positions"/>
        </vertices>
        <triangles material="Image_1-material" count="24">
          <input semantic="VERTEX" source="#Mesh_891-mesh-vertices" offset="0"/>
          <input semantic="NORMAL" source="#Mesh_891-mesh-normals" offset="1"/>
          <input semantic="TEXCOORD" source="#Mesh_891-mesh-map-0" offset="2" set="0"/>
          <input semantic="COLOR" source="#Mesh_891-mesh-colors-Col" offset="3" set="0"/>
          <p>1 0 0 0 0 1 1 1 2 2 2 2 1 0 3 3 2 2 4 4 3 3 5 5 5 4 6 6 4 5 7 7 6 6 8 8 5 4 9 9 6 6 10 10 7 7 11 11 9 8 12 12 8 9 13 13 10 10 14 14 9 8 15 15 10 10 16 16 11 11 17 17 13 12 18 18 12 13 19 19 14 14 20 20 13 12 21 21 14 14 22 22 15 15 23 23 17 16 24 24 16 17 25 25 18 18 26 26 17 16 27 27 18 18 28 28 19 19 29 29 21 20 30 30 20 21 31 31 22 22 32 32 21 20 33 33 22 22 34 34 23 23 35 35 25 24 36 36 24 25 37 37 26 26 38 38 25 24 39 39 26 26 40 40 27 27 41 41 29 28 42 42 28 29 43 43 30 30 44 44 29 28 45 45 30 30 46 46 31 31 47 47 31 31 48 48 30 30 49 49 32 32 50 50 31 31 51 51 32 32 52 52 33 33 53 53 33 33 54 54 32 32 55 55 34 34 56 56 36 35 57 57 35 36 58 58 37 37 59 59 38 38 60 60 39 39 61 61 40 40 62 62 40 40 63 63 39 39 64 64 41 41 65 65 40 40 66 66 41 41 67 67 42 42 68 68 42 42 69 69 41 41 70 70 43 43 71 71</p>
        </triangles>
      </mesh>
    </geometry>
    <geometry id="Mesh_883-mesh" name="Mesh_883">
      <mesh>
        <source id="Mesh_883-mesh-positions">
          <float_array id="Mesh_883-mesh-positions-array" count="102">204.3441 -365.6959 82.88659 200.3634 -366.3459 60.06395 182.5426 -325.5202 83.49288 178.562 -326.1701 60.67021 164.5654 -394.8075 157.5123 204.3441 -365.6959 82.88659 139.1681 -354.5017 158.4228 182.5426 -325.5202 83.49288 229.9161 -350.9359 57.04617 227.9235 -363.9876 155.5995 282.0793 -346.4197 239.4027 248.0134 -361.6665 242.8022 179.8817 -392.1602 249.6013 178.3557 -392.7196 231.8005 145.8157 -407.407 253.0007 141.2581 -397.1659 66.09943 111.7054 -412.5759 69.11713 164.5654 -394.8075 157.5123 145.8157 -407.407 253.0007 111.7054 -412.5759 69.11713 120.4184 -367.1012 253.9113 89.90397 -372.4002 69.72347 248.0134 -361.6665 242.8022 227.9235 -363.9876 155.5995 222.6161 -321.3607 243.7127 205.002 -323.7714 156.3007 145.8157 -407.407 253.0007 111.7054 -412.5759 69.11713 178.3557 -392.7196 231.8005 164.5654 -394.8075 157.5123 227.9235 -363.9876 155.5995 204.3441 -365.6959 82.88659 229.9161 -350.9359 57.04617 200.3634 -366.3459 60.06395</float_array>
          <technique_common>
            <accessor source="#Mesh_883-mesh-positions-array" count="34" stride="3">
              <param name="X" type="float"/>
              <param name="Y" type="float"/>
              <param name="Z" type="float"/>
            </accessor>
          </technique_common>
        </source>
        <source id="Mesh_883-mesh-normals">
          <float_array id="Mesh_883-mesh-normals-array" count="102">0.5773324 -0.5774123 0.5773063 0.5773322 -0.5774121 0.5773065 0.5773158 -0.5773626 0.5773724 0.5773197 -0.5773828 0.5773484 0.5773385 -0.5773696 0.5773427 0.5772914 -0.5773839 0.5773756 0.5774089 -0.5773259 0.5773161 0.5773554 -0.5773196 0.5773758 0.5773453 -0.5773518 0.5773539 0.577396 -0.5773177 0.5773371 0.5773548 -0.5773512 0.577345 0.5773616 -0.5773581 0.5773313 0.5773589 -0.5773621 0.5773298 0.5773249 -0.5773771 0.5773488 0.5773485 -0.5773665 0.5773358 0.5773531 -0.5773527 0.5773451 0.5773766 -0.5773397 0.5773346 0.5773789 -0.5773383 0.5773336 0.5773021 -0.577359 0.5773897 0.5774036 -0.5773203 0.577327 0.5773322 -0.5774047 0.5773139 0.5773423 -0.577357 0.5773515 0.5773027 -0.5773409 0.5774072 0.5773153 -0.577334 0.5774016 0.5773984 -0.5773597 0.5772929 0.5773294 -0.5773636 0.5773578 0.5773753 -0.5773513 0.5773243 0.5773512 -0.577352 0.5773476 0.5773395 -0.5773659 0.5773456 0.5773491 -0.5773425 0.5773593 0.5773407 -0.5773457 0.5773645 0.5773704 -0.5773307 0.5773499 0.5773409 -0.5773579 0.5773521 0.5773596 -0.5773424 0.5773488</float_array>
          <technique_common>
            <accessor source="#Mesh_883-mesh-normals-array" count="34" stride="3">
              <param name="X" type="float"/>
              <param name="Y" type="float"/>
              <param name="Z" type="float"/>
            </accessor>
          </technique_common>
        </source>
        <source id="Mesh_883-mesh-map-0">
          <float_array id="Mesh_883-mesh-map-0-array" count="108">0.9536202 0.9971348 0.9523851 0.9604194 0.9405966 0.9627118 0.9536202 0.9971348 0.9405966 0.9627118 0.9403669 0.9969859 0.9523851 0.9604194 0.8879256 0.877496 0.8881868 0.9000383 0.9523851 0.9604194 0.8881868 0.9000383 0.9405966 0.9627118 0.9523593 0.8762305 0.9980865 0.9973315 0.9980558 0.7692273 0.9523593 0.8762305 0.9980558 0.7692273 0.9536215 0.7683432 0.8881506 0.7941911 0.8876953 0.7666016 0.8408203 0.7666016 0.8417056 0.9921504 0.8876368 0.9933236 0.8879256 0.877496 0.8417056 0.9921504 0.8408203 0.7666016 0.8337628 0.7706547 0.8417056 0.9921504 0.8337628 0.7706547 0.8328471 0.9954194 0.9523593 0.8762305 0.9536215 0.7683432 0.9411875 0.7762369 0.9523593 0.8762305 0.9411875 0.7762369 0.9396092 0.8580869 0.8408203 0.7666016 0.8417056 0.9921504 0.8881506 0.7941911 0.8881506 0.7941911 0.8417056 0.9921504 0.8879256 0.877496 0.8881506 0.7941911 0.8879256 0.877496 0.9523593 0.8762305 0.9523593 0.8762305 0.8879256 0.877496 0.9523851 0.9604194 0.9523593 0.8762305 0.9523851 0.9604194 0.9980865 0.9973315 0.9980865 0.9973315 0.9523851 0.9604194 0.9536202 0.9971348</float_array>
          <technique_common>
            <accessor source="#Mesh_883-mesh-map-0-array" count="54" stride="2">
              <param name="S" type="float"/>
              <param name="T" type="float"/>
            </accessor>
          </technique_common>
        </source>
        <source id="Mesh_883-mesh-colors-Col" name="Col">
          <float_array id="Mesh_883-mesh-colors-Col-array" count="216">0.5647059 0.5019608 0.4745098 1 1 0.6470589 0.6470589 1 0.6117647 0.6117647 0.6117647 1 0.5647059 0.5019608 0.4745098 1 0.6117647 0.6117647 0.6117647 1 1 0.9137255 0.8117647 1 1 0.6470589 0.6470589 1 1 0.9137255 0.8117647 1 0.7137255 0.7137255 0.7137255 1 1 0.6470589 0.6470589 1 0.7137255 0.7137255 0.7137255 1 0.7137255 0.7137255 0.7137255 1 1 0.8784314 0.8784314 1 1 0.6470589 0.6470589 1 1 0.6470589 0.6470589 1 1 0.8784314 0.8784314 1 1 0.6470589 0.6470589 1 1 0.6470589 0.6470589 1 1 0.6470589 0.9294118 1 1 0.6470589 0.9294118 1 1 0.6470589 0.9294118 1 1 0.6470589 0.6470589 1 1 0.6470589 0.6470589 1 1 1 1 1 1 0.6470589 0.9294118 1 1 0.6470589 0.9294118 1 1 1 0.8117647 1 1 0.6470589 0.9294118 1 1 1 0.8117647 1 1 1 0.8117647 1 1 0.9333333 0.8745098 1 1 0.6470589 0.6470589 1 1 1 0.8117647 1 1 0.9333333 0.8745098 1 1 1 0.8117647 1 1 1 0.8117647 1 1 0.6470589 0.9294118 1 1 0.6470589 0.6470589 1 1 0.6470589 0.9294118 1 1 0.6470589 0.9294118 1 1 0.6470589 0.6470589 1 1 1 1 1 1 0.6470589 0.9294118 1 1 1 1 1 1 0.8784314 0.8784314 1 1 0.8784314 0.8784314 1 1 1 1 1 1 0.6470589 0.6470589 1 1 0.8784314 0.8784314 1 1 0.6470589 0.6470589 1 1 0.6470589 0.6470589 1 1 0.6470589 0.6470589 1 1 0.6470589 0.6470589 1 1 0.6470589 0.6470589 1</float_array>
          <technique_common>
            <accessor source="#Mesh_883-mesh-colors-Col-array" count="54" stride="4">
              <param name="R" type="float"/>
              <param name="G" type="float"/>
              <param name="B" type="float"/>
              <param name="A" type="float"/>
            </accessor>
          </technique_common>
        </source>
        <vertices id="Mesh_883-mesh-vertices">
          <input semantic="POSITION" source="#Mesh_883-mesh-positions"/>
        </vertices>
        <triangles material="Image_1-material" count="18">
          <input semantic="VERTEX" source="#Mesh_883-mesh-vertices" offset="0"/>
          <input semantic="NORMAL" source="#Mesh_883-mesh-normals" offset="1"/>
          <input semantic="TEXCOORD" source="#Mesh_883-mesh-map-0" offset="2" set="0"/>
          <input semantic="COLOR" source="#Mesh_883-mesh-colors-Col" offset="3" set="0"/>
          <p>1 0 0 0 0 1 1 1 2 2 2 2 1 0 3 3 2 2 4 4 3 3 5 5 5 4 6 6 4 5 7 7 6 6 8 8 5 4 9 9 6 6 10 10 7 7 11 11 9 8 12 12 8 9 13 13 10 10 14 14 9 8 15 15 10 10 16 16 11 11 17 17 13 12 18 18 12 13 19 19 14 14 20 20 16 15 21 21 15 16 22 22 17 17 23 23 19 18 24 24 18 19 25 25 20 20 26 26 19 18 27 27 20 20 28 28 21 21 29 29 23 22 30 30 22 23 31 31 24 24 32 32 23 22 33 33 24 24 34 34 25 25 35 35 26 26 36 36 27 27 37 37 28 28 38 38 28 28 39 39 27 27 40 40 29 29 41 41 28 28 42 42 29 29 43 43 30 30 44 44 30 30 45 45 29 29 46 46 31 31 47 47 30 30 48 48 31 31 49 49 32 32 50 50 32 32 51 51 31 31 52 52 33 33 53 53</p>
        </triangles>
      </mesh>
    </geometry>
    <geometry id="Mesh_875-mesh" name="Mesh_875">
      <mesh>
        <source id="Mesh_875-mesh-positions">
          <float_array id="Mesh_875-mesh-positions-array" count="105">-2.831307 -413.6659 111.1292 -34.92494 -411.9421 130.2796 -1.320553 -368.2398 109.572 -33.41419 -366.516 128.7224 -71.7218 -405.874 271.6013 -69.37112 -411.0808 121.9873 -70.21104 -360.4479 270.0441 -67.86036 -365.6546 120.4301 32.05995 -414.3641 124.6134 -2.831307 -413.6659 111.1292 33.5707 -368.938 123.0562 -1.320553 -368.2398 109.572 -69.37112 -411.0808 121.9873 -39.05783 -413.4573 82.06925 -67.86036 -365.6546 120.4301 -37.54708 -368.0311 80.51213 92.38255 -411.8075 257.7197 64.59866 -415.9247 110.6547 32.05995 -414.3641 124.6134 27.92704 -415.8792 76.40301 -2.831307 -413.6659 111.1292 -39.05783 -413.4573 82.06925 -34.92494 -411.9421 130.2796 -69.37112 -411.0808 121.9873 -71.7218 -405.874 271.6013 -30.69571 -407.3573 268.1309 -34.92494 -411.9421 130.2796 -71.7218 -405.874 271.6013 51.35649 -410.3241 261.1901 92.38255 -411.8075 257.7197 32.05995 -414.3641 124.6134 51.35649 -410.3241 261.1901 32.05995 -414.3641 124.6134 52.8672 -364.898 259.6329 33.5707 -368.938 123.0562</float_array>
          <technique_common>
            <accessor source="#Mesh_875-mesh-positions-array" count="35" stride="3">
              <param name="X" type="float"/>
              <param name="Y" type="float"/>
              <param name="Z" type="float"/>
            </accessor>
          </technique_common>
        </source>
        <source id="Mesh_875-mesh-normals">
          <float_array id="Mesh_875-mesh-normals-array" count="105">-0.5773409 0.5773242 -0.5773859 -0.5773649 0.5773147 -0.5773712 -0.5773651 0.5773144 -0.5773712 -0.577389 0.577305 -0.5773568 -0.5773404 0.5773485 -0.577362 -0.5773405 0.5773484 -0.5773621 -0.5773408 0.5773214 -0.5773887 -0.5773401 0.5773756 -0.5773351 -0.5772885 0.5773898 -0.5773725 -0.5773156 0.577354 -0.5773814 -0.577315 0.5773549 -0.577381 -0.5773423 0.5773189 -0.5773898 1 3.09162e-5 -2.72886e-5 -0.5773417 0.5773523 -0.5773568 -0.577325 0.5773475 -0.5773784 1 -2.74181e-5 -2.77758e-5 0.5773409 -0.5773406 0.5773695 0.5773277 -0.5773392 0.5773839 0.5773805 -0.5773432 0.5773271 0.5775656 -0.577356 0.5771293 0.5773662 -0.5773415 0.5773431 0.5773512 -0.5773401 0.5773596 0.5773669 -0.5773416 0.5773424 0.5773649 -0.5773419 0.5773442 0.5773397 -0.5773405 0.5773707 0.5773911 -0.5773432 0.5773167 0.5773375 -0.5773396 0.5773739 0.5773174 -0.5773382 0.5773953 0.5773184 -0.577339 0.5773935 0.5773313 -0.5773401 0.5773796 0.5773914 -0.5773439 0.5773156 -0.577331 0.5773916 -0.5773283 -0.5773366 0.57736 -0.5773542 -0.5773364 0.5773602 -0.5773543 -0.5773404 0.5773294 -0.577381</float_array>
          <technique_common>
            <accessor source="#Mesh_875-mesh-normals-array" count="35" stride="3">
              <param name="X" type="float"/>
              <param name="Y" type="float"/>
              <param name="Z" type="float"/>
            </accessor>
          </technique_common>
        </source>
        <source id="Mesh_875-mesh-map-0">
          <float_array id="Mesh_875-mesh-map-0-array" count="114">0.7369099 0.9345056 0.7641689 0.9569856 0.762876 0.9424158 0.7369099 0.9345056 0.762876 0.9424158 0.7444063 0.9297013 0.689693 0.9482607 0.6869115 0.7665136 0.6826172 0.7666016 0.689693 0.9482607 0.6826172 0.7666016 0.6786345 0.9532221 0.7641689 0.9569856 0.7858915 0.9336038 0.7738564 0.9302644 0.7641689 0.9569856 0.7738564 0.9302644 0.762876 0.9424158 0.7222504 1.002411 0.689693 0.9482607 0.6786345 0.9532221 0.7222504 1.002411 0.6786345 0.9532221 0.7019144 0.9995602 0.8320893 0.9523167 0.8333247 0.7693031 0.7858915 0.9336038 0.8320893 0.9523167 0.7858915 0.9336038 0.8029701 1.000045 0.8029701 1.000045 0.7858915 0.9336038 0.7641689 0.9569856 0.8029701 1.000045 0.7641689 0.9569856 0.7222504 1.002411 0.7222504 1.002411 0.7641689 0.9569856 0.7369099 0.9345056 0.7222504 1.002411 0.7369099 0.9345056 0.689693 0.9482607 0.689693 0.9482607 0.7369099 0.9345056 0.6869115 0.7665136 0.7369099 0.9345056 0.733537 0.766181 0.6869115 0.7665136 0.8333247 0.7693031 0.7881765 0.7676827 0.7858915 0.9336038 0.7858915 0.9336038 0.7881765 0.7676827 0.7785831 0.7731324 0.7858915 0.9336038 0.7785831 0.7731324 0.7738564 0.9302644</float_array>
          <technique_common>
            <accessor source="#Mesh_875-mesh-map-0-array" count="57" stride="2">
              <param name="S" type="float"/>
              <param name="T" type="float"/>
            </accessor>
          </technique_common>
        </source>
        <source id="Mesh_875-mesh-colors-Col" name="Col">
          <float_array id="Mesh_875-mesh-colors-Col-array" count="228">0.7960785 0.7960785 0.7960785 1 0.7960785 0.7960785 0.7960785 1 1 0.9490196 0.7176471 1 0.7960785 0.7960785 0.7960785 1 1 0.9490196 0.7176471 1 1 0.9490196 0.7176471 1 1 0.6470589 0.9294118 1 0.9098039 0.7294118 0.6196079 1 1 1 0.8117647 1 1 0.6470589 0.9294118 1 1 1 0.8117647 1 1 0.8235294 0.7058824 1 1 1 1 1 1 1 0.8117647 1 1 1 0.8117647 1 1 1 1 1 1 1 0.8117647 1 0.7568628 0.7568628 0.7568628 1 1 0.6470589 0.9294118 1 1 0.6470589 0.9294118 1 1 0.8313726 0.7098039 1 1 0.6470589 0.9294118 1 1 0.8313726 0.7098039 1 0.6117647 0.6117647 0.6117647 1 1 0.8784314 0.8784314 1 1 0.7372549 0.7372549 1 1 1 1 1 1 0.8784314 0.8784314 1 1 1 1 1 1 1 0.7372549 1 1 1 0.7372549 1 1 1 1 1 1 1 0.7372549 1 1 1 0.7372549 1 1 1 0.7372549 1 1 0.6470589 0.9294118 1 1 0.6470589 0.9294118 1 1 1 0.7372549 1 1 1 1 1 1 0.6470589 0.9294118 1 1 1 1 1 1 0.6470589 0.9294118 1 1 0.6470589 0.9294118 1 1 1 1 1 1 0.8470588 0.6470589 1 1 1 1 1 1 0.9411765 0.9411765 1 1 0.8117647 0.9137255 1 1 0.7372549 0.7372549 1 1 0.6470589 0.9294118 1 1 1 1 1 1 1 0.8117647 1 1 0.6470589 0.9294118 1 1 1 0.8117647 1 1 1 0.8117647 1 1 1 0.8117647 1 1 0.7372549 0.7372549 1</float_array>
          <technique_common>
            <accessor source="#Mesh_875-mesh-colors-Col-array" count="57" stride="4">
              <param name="R" type="float"/>
              <param name="G" type="float"/>
              <param name="B" type="float"/>
              <param name="A" type="float"/>
            </accessor>
          </technique_common>
        </source>
        <vertices id="Mesh_875-mesh-vertices">
          <input semantic="POSITION" source="#Mesh_875-mesh-positions"/>
        </vertices>
        <triangles material="Image_1-material" count="19">
          <input semantic="VERTEX" source="#Mesh_875-mesh-vertices" offset="0"/>
          <input semantic="NORMAL" source="#Mesh_875-mesh-normals" offset="1"/>
          <input semantic="TEXCOORD" source="#Mesh_875-mesh-map-0" offset="2" set="0"/>
          <input semantic="COLOR" source="#Mesh_875-mesh-colors-Col" offset="3" set="0"/>
          <p>1 0 0 0 0 1 1 1 2 2 2 2 1 0 3 3 2 2 4 4 3 3 5 5 5 4 6 6 4 5 7 7 6 6 8 8 5 4 9 9 6 6 10 10 7 7 11 11 9 8 12 12 8 9 13 13 10 10 14 14 9 8 15 15 10 10 16 16 11 11 17 17 13 12 18 18 12 13 19 19 14 14 20 20 13 12 21 21 14 14 22 22 15 15 23 23 17 16 24 24 16 17 25 25 18 18 26 26 17 16 27 27 18 18 28 28 19 19 29 29 19 19 30 30 18 18 31 31 20 20 32 32 19 19 33 33 20 20 34 34 21 21 35 35 21 21 36 36 20 20 37 37 22 22 38 38 21 21 39 39 22 22 40 40 23 23 41 41 23 23 42 42 22 22 43 43 24 24 44 44 26 25 45 45 25 26 46 46 27 27 47 47 29 28 48 48 28 29 49 49 30 30 50 50 32 31 51 51 31 32 52 52 33 33 53 53 32 31 54 54 33 33 55 55 34 34 56 56</p>
        </triangles>
      </mesh>
    </geometry>
    <geometry id="Mesh_865-mesh" name="Mesh_865">
      <mesh>
        <source id="Mesh_865-mesh-positions">
          <float_array id="Mesh_865-mesh-positions-array" count="132">-206.9039 -355.3064 83.68094 -222.7131 -352.1769 159.6397 -182.6231 -316.6312 81.61014 -194.8746 -313.6303 157.2681 -136.1954 -404.1117 158.5312 -134.877 -402.8804 195.7305 -108.3568 -365.565 156.1596 -107.0384 -364.3337 193.3588 -269.292 -328.5156 273.0741 -239.9075 -335.973 84.03464 -241.4535 -289.969 270.7025 -215.6265 -297.2977 81.96392 -222.7131 -352.1769 159.6397 -136.1954 -404.1117 158.5312 -194.8746 -313.6303 157.2681 -108.3568 -365.565 156.1596 -133.5585 -401.6491 232.9297 -132.2401 -400.4178 270.129 -105.7199 -363.1024 230.558 -104.4015 -361.8711 267.7573 -134.877 -402.8804 195.7305 -230.1029 -350.6307 197.5756 -107.0384 -364.3337 193.3588 -202.2642 -312.0841 195.2039 -222.7131 -352.1769 159.6397 -230.1029 -350.6307 197.5756 -136.1954 -404.1117 158.5312 -134.877 -402.8804 195.7305 -133.5585 -401.6491 232.9297 -233.0848 -349.2439 235.1386 -269.292 -328.5156 273.0741 -230.1029 -350.6307 197.5756 -239.9075 -335.973 84.03464 -222.7131 -352.1769 159.6397 -206.9039 -355.3064 83.68094 -132.2401 -400.4178 270.129 -133.5585 -401.6491 232.9297 -269.292 -328.5156 273.0741 -105.7199 -363.1024 230.558 -133.5585 -401.6491 232.9297 -205.2462 -310.6973 232.7669 -233.0848 -349.2439 235.1386 -202.2642 -312.0841 195.2039 -230.1029 -350.6307 197.5756</float_array>
          <technique_common>
            <accessor source="#Mesh_865-mesh-positions-array" count="44" stride="3">
              <param name="X" type="float"/>
              <param name="Y" type="float"/>
              <param name="Z" type="float"/>
            </accessor>
          </technique_common>
        </source>
        <source id="Mesh_865-mesh-normals">
          <float_array id="Mesh_865-mesh-normals-array" count="132">0.5773546 -0.5773559 0.5773404 0.5773535 -0.5773633 0.5773341 0.5773386 -0.5773462 0.5773661 0.5773335 -0.5773522 0.5773651 0.5773164 -0.5773769 0.5773577 0.5773581 -0.577319 0.5773736 0.5773327 -0.5773545 0.5773636 0.5773237 -0.5773674 0.5773598 -0.5773354 0.5773653 -0.5773502 -0.577351 0.5773447 -0.577355 -0.5773595 0.5773481 -0.5773434 -0.5773481 0.5773478 -0.577355 0.577347 -0.57733 0.5773738 0.5773198 -0.5773555 0.5773756 0.5773398 -0.5773369 0.5773742 0.5773494 -0.5773278 0.5773737 0.5773165 -0.5773773 0.577357 0.5773585 -0.5773202 0.5773723 0.5773326 -0.5773549 0.5773633 0.5773234 -0.5773668 0.5773607 -0.5773278 0.577368 -0.5773551 -0.5773372 0.5773594 -0.5773543 -0.577311 0.5773837 -0.5773562 -0.5773085 0.5773858 -0.5773565 0.577376 -0.5773724 0.5773024 0.5773456 -0.5773721 0.5773331 0.5773899 -0.5773658 0.5772952 0.5773466 -0.5773696 0.5773347 0.5773262 -0.5773572 0.5773676 0.5773808 -0.5773529 0.5773171 0.5773612 -0.5773566 0.5773331 0.5773631 -0.5773454 0.5773423 0.5773659 -0.5773489 0.577336 0.5773633 -0.577365 0.5773226 0.5773629 -0.5773683 0.5773196 0.5773282 -0.5773469 0.5773758 0.577363 -0.577367 0.5773209 0.5773589 -0.5773644 0.5773276 0.5772962 -0.5773476 0.577407 0.5773314 -0.5773149 0.5774045 0.5773658 -0.5773163 0.5773689 0.5773272 -0.5773111 0.5774126 0.5773581 -0.5773567 0.577336 0.5773476 -0.5773742 0.5773292</float_array>
          <technique_common>
            <accessor source="#Mesh_865-mesh-normals-array" count="44" stride="3">
              <param name="X" type="float"/>
              <param name="Y" type="float"/>
              <param name="Z" type="float"/>
            </accessor>
          </technique_common>
        </source>
        <source id="Mesh_865-mesh-map-0">
          <float_array id="Mesh_865-mesh-map-0-array" count="144">0.5830078 0.8916016 0.582781 0.9933144 0.5919865 0.9917059 0.5830078 0.8916016 0.5919865 0.9917059 0.5947266 0.9072266 0.6787109 0.8388672 0.6787109 0.8916016 0.6845703 0.9091797 0.6787109 0.8388672 0.6845703 0.9091797 0.6845703 0.8251953 0.5387002 0.9827482 0.5383528 0.7638999 0.5285981 0.7662229 0.5387002 0.9827482 0.5285981 0.7662229 0.5312685 0.9837998 0.6787109 0.8916016 0.5830078 0.8916016 0.5947266 0.9072266 0.6787109 0.8916016 0.5947266 0.9072266 0.6845703 0.9091797 0.6789258 0.765143 0.6806641 0.8173828 0.6845703 0.8251953 0.6789258 0.765143 0.6845703 0.8251953 0.6884766 0.7685547 0.5830078 0.8388672 0.6787109 0.8388672 0.6845703 0.8251953 0.5830078 0.8388672 0.6845703 0.8251953 0.5927734 0.8251953 0.5830078 0.8388672 0.5830078 0.8916016 0.6787109 0.8916016 0.5830078 0.8388672 0.6787109 0.8916016 0.6787109 0.8388672 0.5827435 0.8200099 0.6806641 0.8173828 0.5380554 0.7651926 0.5827435 0.8200099 0.5380554 0.7651926 0.5830078 0.8388672 0.5830078 0.8388672 0.5380554 0.7651926 0.536451 0.9941214 0.5830078 0.8388672 0.536451 0.9941214 0.5830078 0.8916016 0.5830078 0.8916016 0.536451 0.9941214 0.582781 0.9933144 0.6806641 0.8173828 0.6789258 0.765143 0.5380554 0.7651926 0.6845703 0.8251953 0.6806641 0.8173828 0.5927734 0.8251953 0.5927734 0.8251953 0.6806641 0.8173828 0.5827435 0.8200099 0.5927734 0.8251953 0.5827435 0.8200099 0.590734 0.8247984 0.590734 0.8247984 0.5827435 0.8200099 0.5830078 0.8388672</float_array>
          <technique_common>
            <accessor source="#Mesh_865-mesh-map-0-array" count="72" stride="2">
              <param name="S" type="float"/>
              <param name="T" type="float"/>
            </accessor>
          </technique_common>
        </source>
        <source id="Mesh_865-mesh-colors-Col" name="Col">
          <float_array id="Mesh_865-mesh-colors-Col-array" count="288">1 0.6470589 0.9294118 1 1 0.6470589 0.9294118 1 1 1 0.8117647 1 1 0.6470589 0.9294118 1 1 1 0.8117647 1 0.6117647 0.6117647 0.6117647 1 0.7372549 0.7019608 0.7607843 1 0.7568628 0.7254902 0.7843137 1 1 1 0.8117647 1 0.7372549 0.7019608 0.7607843 1 1 1 0.8117647 1 1 1 0.8117647 1 1 1 0.7372549 1 1 1 1 1 0.4235294 0.4235294 0.4235294 1 1 1 0.7372549 1 0.4235294 0.4235294 0.4235294 1 1 1 0.7372549 1 1 0.7882353 0.8039216 1 1 0.7882353 0.8039216 1 1 0.8039216 0.8156863 1 1 0.7882353 0.8039216 1 1 0.8039216 0.8156863 1 1 0.7960785 0.8196079 1 1 1 1 1 0.7019608 0.6666667 0.7215687 1 1 1 0.8117647 1 1 1 1 1 1 1 0.8117647 1 1 0.8784314 0.7372549 1 0.4235294 0.4235294 0.4235294 1 0.4235294 0.4235294 0.4235294 1 0.4235294 0.4235294 0.4235294 1 0.4235294 0.4235294 0.4235294 1 0.4235294 0.4235294 0.4235294 1 0.4235294 0.4235294 0.4235294 1 1 1 1 1 1 1 1 1 1 1 1 1 1 1 1 1 1 1 1 1 1 1 1 1 1 1 1 1 1 1 1 1 1 0.8117647 0.9137255 1 1 1 1 1 1 0.8117647 0.9137255 1 1 1 1 1 1 1 1 1 1 0.8117647 0.9137255 1 1 1 0.7372549 1 1 1 1 1 1 1 0.7372549 1 1 1 1 1 1 1 1 1 1 1 0.7372549 1 1 1 0.7372549 1 1 1 1 1 1 1 1 1 1 0.8117647 0.9137255 1 1 0.9490196 0.9568628 1 1 0.9568628 0.8117647 1 0.6117647 0.6117647 0.6117647 1 0.6117647 0.6117647 0.6117647 1 1 0.9568628 0.8117647 1 1 0.6470589 0.9294118 1 0.6117647 0.6117647 0.6117647 1 1 0.6470589 0.9294118 1 1 1 0.8117647 1 1 1 0.8117647 1 1 0.6470589 0.9294118 1 0.9333333 0.8235294 0.8313726 1</float_array>
          <technique_common>
            <accessor source="#Mesh_865-mesh-colors-Col-array" count="72" stride="4">
              <param name="R" type="float"/>
              <param name="G" type="float"/>
              <param name="B" type="float"/>
              <param name="A" type="float"/>
            </accessor>
          </technique_common>
        </source>
        <vertices id="Mesh_865-mesh-vertices">
          <input semantic="POSITION" source="#Mesh_865-mesh-positions"/>
        </vertices>
        <triangles material="Image_1-material" count="24">
          <input semantic="VERTEX" source="#Mesh_865-mesh-vertices" offset="0"/>
          <input semantic="NORMAL" source="#Mesh_865-mesh-normals" offset="1"/>
          <input semantic="TEXCOORD" source="#Mesh_865-mesh-map-0" offset="2" set="0"/>
          <input semantic="COLOR" source="#Mesh_865-mesh-colors-Col" offset="3" set="0"/>
          <p>1 0 0 0 0 1 1 1 2 2 2 2 1 0 3 3 2 2 4 4 3 3 5 5 5 4 6 6 4 5 7 7 6 6 8 8 5 4 9 9 6 6 10 10 7 7 11 11 9 8 12 12 8 9 13 13 10 10 14 14 9 8 15 15 10 10 16 16 11 11 17 17 13 12 18 18 12 13 19 19 14 14 20 20 13 12 21 21 14 14 22 22 15 15 23 23 17 16 24 24 16 17 25 25 18 18 26 26 17 16 27 27 18 18 28 28 19 19 29 29 21 20 30 30 20 21 31 31 22 22 32 32 21 20 33 33 22 22 34 34 23 23 35 35 25 24 36 36 24 25 37 37 26 26 38 38 25 24 39 39 26 26 40 40 27 27 41 41 29 28 42 42 28 29 43 43 30 30 44 44 29 28 45 45 30 30 46 46 31 31 47 47 31 31 48 48 30 30 49 49 32 32 50 50 31 31 51 51 32 32 52 52 33 33 53 53 33 33 54 54 32 32 55 55 34 34 56 56 36 35 57 57 35 36 58 58 37 37 59 59 38 38 60 60 39 39 61 61 40 40 62 62 40 40 63 63 39 39 64 64 41 41 65 65 40 40 66 66 41 41 67 67 42 42 68 68 42 42 69 69 41 41 70 70 43 43 71 71</p>
        </triangles>
      </mesh>
    </geometry>
    <geometry id="Mesh_843-mesh" name="Mesh_843">
      <mesh>
        <source id="Mesh_843-mesh-positions">
          <float_array id="Mesh_843-mesh-positions-array" count="294">22.2665 -447.5624 48.51822 -255.0715 -359.4874 60.37781 25.33517 -443.0989 87.13192 -252.0028 -355.0239 98.99149 21.11663 -137.5016 -5.687195 -79.44544 -107.3103 -1.308442 22.2665 -447.5624 48.51822 -255.0715 -359.4874 60.37781 116.9367 153.2384 -49.63895 179.9931 73.28679 -44.78738 286.5265 400.5922 -70.52338 460.4277 167.3552 -57.38308 464.4691 -121.9555 -24.26209 297.1064 -356.8329 16.18864 467.5378 -117.4921 14.35162 300.175 -352.3695 54.80236 -433.0151 163.0601 14.11653 -428.9738 -126.2506 47.23751 -143.9673 71.81449 -18.38876 -142.5017 -27.35875 -6.16002 -429.9464 167.5235 52.73016 -425.9051 -121.7872 85.85131 -433.0151 163.0601 14.11653 -428.9738 -126.2506 47.23751 25.33517 -443.0989 87.13192 300.175 -352.3695 54.80236 22.2665 -447.5624 48.51822 297.1064 -356.8329 16.18864 -428.9738 -126.2506 47.23751 -255.0715 -359.4874 60.37781 -142.5017 -27.35875 -6.16002 -79.44544 -107.3103 -1.308442 -249.9919 444.5578 -26.33419 -433.0151 163.0601 14.11653 -71.92532 184.2904 -33.32368 -143.9673 71.81449 -18.38876 464.4691 -121.9555 -24.26209 460.4277 167.3552 -57.38308 181.4584 -25.88642 -32.55863 179.9931 73.28679 -44.78738 120.7732 -106.4003 -17.62368 21.11663 -137.5016 -5.687195 297.1064 -356.8329 16.18864 22.2665 -447.5624 48.51822 -425.9051 -121.7872 85.85131 -252.0028 -355.0239 98.99149 -428.9738 -126.2506 47.23751 -255.0715 -359.4874 60.37781 -262.5834 402.4013 12.27945 -429.9464 167.5235 52.73016 -249.9919 444.5578 -26.33419 181.4584 -25.88642 -32.55863 120.7732 -106.4003 -17.62368 464.4691 -121.9555 -24.26209 464.4691 -121.9555 -24.26209 120.7732 -106.4003 -17.62368 297.1064 -356.8329 16.18864 -433.0151 163.0601 14.11653 -249.9919 444.5578 -26.33419 -429.9464 167.5235 52.73016 266.323 103.9098 8.305665 454.8286 216.2839 483.1818 268.5546 -48.81851 26.92873 458.4316 -45.04421 511.8582 176.1366 -172.8112 49.67325 309.2212 -257.2042 546.8803 24.36933 -220.7076 67.85142 64.19073 -339.1575 574.8713 -128.7771 -174.2126 74.51972 -183.0668 -259.602 585.1393 -224.806 -51.08591 67.13127 -338.1076 -48.92393 573.7626 -227.0376 101.6423 48.50817 -325.3034 202.2815 535.1931 -94.89811 -344.8181 169.1657 -9.175901 -345.7794 118.6625 -100.4879 -327.8737 157.7555 -26.36418 -329.3774 116.7387 -9.175901 -345.7794 118.6625 -94.89811 -344.8181 169.1657 92.68499 -307.4668 138.2456 -119.8382 -346.4352 265.4734 -100.4879 -327.8737 157.7555 -124.6529 -306.4094 263.2868 -94.89811 -344.8181 169.1657 -119.8382 -346.4352 265.4734 26.90277 -352.6596 376.0552 29.97625 -320.4956 376.8905 -69.38661 -349.6832 351.1698 -69.05744 -315.0734 349.6911 -119.8382 -346.4352 265.4734 -124.6529 -306.4094 263.2868 92.68499 -307.4668 138.2456 137.5651 -352.0037 229.2444 -119.8382 -346.4352 265.4734 112.625 -353.6208 325.552 -69.38661 -349.6832 351.1698 26.90277 -352.6596 376.0552</float_array>
          <technique_common>
            <accessor source="#Mesh_843-mesh-positions-array" count="98" stride="3">
              <param name="X" type="float"/>
              <param name="Y" type="float"/>
              <param name="Z" type="float"/>
            </accessor>
          </technique_common>
        </source>
        <source id="Mesh_843-mesh-normals">
          <float_array id="Mesh_843-mesh-normals-array" count="294">0.5773581 -0.5773537 0.5773391 0.5773353 -0.5773426 0.577373 0.5773802 -0.5773664 0.5773043 0.5773586 -0.5773531 0.5773393 0.5773282 -0.5773475 0.5773751 0.5773704 -0.5773261 0.5773544 0.57734 -0.5773474 0.5773634 0.5773611 -0.5773912 0.5772987 0.5773125 -0.5773795 0.5773589 0.5773441 -0.5773805 0.5773262 0.5773602 -0.5773707 0.57732 0.5773129 -0.5773931 0.577345 0.5773468 -0.5773585 0.5773457 0.5773487 -0.5773593 0.5773429 0.5773326 -0.5773816 0.5773367 0.5773627 -0.5773357 0.5773526 0.5773331 -0.5773206 0.5773973 0.5773504 -0.5773469 0.5773536 0.5773366 -0.57734 0.5773743 0.5773327 -0.5774046 0.5773136 0.5773528 -0.5773441 0.5773541 -0.5773513 0.5773739 -0.5773257 -0.5773533 0.5773443 -0.5773533 0.5773507 -0.5773739 0.5773264 0.5773233 -0.5773503 0.5773773 0.5773717 -0.5773381 0.5773411 0.5773478 -0.5773445 0.5773586 0.5773467 -0.5773437 0.5773605 0.5773596 -0.5773791 0.5773121 0.577344 -0.5773078 0.577399 0.5854012 -0.5712406 0.5753171 0.5773727 -0.5773572 0.5773209 0.5773469 -0.5773481 0.5773559 0.5773559 -0.5773038 0.5773912 0.5773316 -0.5773469 0.5773724 0.5773351 -0.5773388 0.5773771 0.5773672 -0.5772964 0.5773874 0.5773434 -0.5773885 0.5773189 0.5773767 -0.5773185 0.5773557 0.577353 -0.5773154 0.5773825 0.5773404 -0.5773237 0.5773867 0.5773822 -0.5772916 0.5773772 0.5773607 -0.5773918 0.5772984 0.5773991 -0.5773545 0.5772973 0.5773782 -0.577295 0.5773777 0.5774034 -0.5773462 0.5773013 0.5773904 -0.5773206 0.5773398 0.5773912 -0.5773203 0.5773394 -0.5773669 0.577351 -0.5773331 -0.5773706 0.5773469 -0.5773335 -0.5773205 0.5774044 -0.5773259 0.577349 -0.577371 0.5773308 0.5773753 -0.577349 0.5773265 0.5773986 -0.5773296 0.5773227 0.5773336 -0.5773422 0.5773751 0.5773651 -0.5773155 0.5773702 0.5773365 -0.5773397 0.5773746 -0.5773456 0.5773475 -0.5773578 -0.5773621 0.5773224 -0.5773665 -0.5773422 0.5773528 -0.577356 0.5773411 -0.5773413 0.5773684 0.5773814 -0.5772961 0.5773733 0.5773536 -0.577363 0.5773342 0.5773587 -0.5773338 0.5773585 0.5773462 -0.5773492 0.5773555 0.5773504 -0.5773674 0.577333 0.5773317 -0.5773601 0.5773592 0.5773783 -0.5773622 0.5773103 0.577309 -0.5773616 0.5773804 0.5773754 -0.5773511 0.5773243 0.5773661 -0.5773321 0.5773527 0.5773449 -0.5773239 0.5773822 0.5773547 -0.5773487 0.5773475 -0.5773458 0.577347 -0.577358 0.577391 -0.577332 0.5773279 0.5773665 -0.5773912 0.5772932 0.5773698 -0.5773097 0.5773712 0.5773597 -0.5773483 0.577343 0.5773596 -0.5773529 0.5773384 0.5773689 -0.5773355 0.5773465 0.5773611 -0.5773356 0.5773541 0.5773944 -0.5773428 0.5773137 0.5773413 -0.577379 0.5773306 0.5773296 -0.5773697 0.5773516 0.5773651 -0.5773414 0.5773444 0.577315 -0.5773959 0.5773398 -0.5773695 0.5773511 -0.5773304 -0.5773451 0.5774151 -0.5772907 1 3.12999e-5 -5.27305e-5 1 1.94907e-5 -3.08827e-5 0.5773608 -0.5773172 0.5773728 0.5773624 -0.5773417 0.5773467 0.5773208 -0.5773702 0.5773599 0.5773476 -0.5773594 0.5773437 0.5773571 -0.5773382 0.5773555 0.5773708 -0.5773463 0.5773338 0.5773845 -0.5773469 0.5773195 0.5773422 -0.5773472 0.5773617</float_array>
          <technique_common>
            <accessor source="#Mesh_843-mesh-normals-array" count="98" stride="3">
              <param name="X" type="float"/>
              <param name="Y" type="float"/>
              <param name="Z" type="float"/>
            </accessor>
          </technique_common>
        </source>
        <source id="Mesh_843-mesh-map-0">
          <float_array id="Mesh_843-mesh-map-0-array" count="324">0.7763672 0.3818359 0.9990234 0.3818359 0.9990234 0.3466796 0.7763672 0.3818359 0.9990234 0.3466796 0.7763672 0.3466796 0.8623047 0.4365234 0.9990234 0.4365234 0.9990234 0.383789 0.8623047 0.4365234 0.9990234 0.383789 0.7763672 0.383789 0.8310547 0.06152337 0.7568359 0.06152337 0.7060547 9.76503e-4 0.8310547 0.06152337 0.7060547 9.76503e-4 0.8310547 9.76503e-4 0.7763672 0.3818359 0.9990234 0.3818359 0.9990234 0.3466796 0.7763672 0.3818359 0.9990234 0.3466796 0.7763672 0.3466796 0.9990234 0.383789 0.7763672 0.383789 0.8623047 0.4365234 0.9990234 0.383789 0.8623047 0.4365234 0.9990234 0.4365234 0.9990234 0.3466796 0.7763672 0.3466796 0.7763672 0.3818359 0.9990234 0.3466796 0.7763672 0.3818359 0.9990234 0.3818359 0.9990234 0.3466796 0.7763672 0.3466796 0.7763672 0.3818359 0.9990234 0.3466796 0.7763672 0.3818359 0.9990234 0.3818359 0.9990234 0.383789 0.7763672 0.383789 0.8623047 0.4365234 0.9990234 0.383789 0.8623047 0.4365234 0.9990234 0.4365234 0.8316968 0.004642426 0.7060547 9.76503e-4 0.7568359 0.06152337 0.8316968 0.004642426 0.7568359 0.06152337 0.8310547 0.05957025 0.9990234 0.383789 0.7763672 0.383789 0.8623047 0.4365234 0.9990234 0.383789 0.8623047 0.4365234 0.9990234 0.4365234 0.8623047 0.4365234 0.9990234 0.4365234 0.9990234 0.383789 0.8623047 0.4365234 0.9990234 0.383789 0.7763672 0.383789 0.9990234 0.3466796 0.7763672 0.3466796 0.7763672 0.3818359 0.9990234 0.3466796 0.7763672 0.3818359 0.9990234 0.3818359 0.9990234 0.3466796 0.7763672 0.3466796 0.7763672 0.3818359 0.9990234 0.4365234 0.8623047 0.4365234 0.9990234 0.383789 0.8623047 0.4365234 0.9990234 0.383789 0.7763672 0.383789 0.7763672 0.3818359 0.9990234 0.3818359 0.9990234 0.3466796 0.8867188 0.4033203 0.8378906 9.76503e-4 0.9990234 0.4033203 0.9990234 0.4033203 0.8378906 9.76503e-4 0.9990234 9.76503e-4 0.9990234 0.4033203 0.9990234 9.76503e-4 0.8867188 0.4033203 0.8867188 0.4033203 0.9990234 9.76503e-4 0.8378906 9.76503e-4 0.8867188 0.4033203 0.8378906 9.76503e-4 0.9990234 0.4033203 0.9990234 0.4033203 0.8378906 9.76503e-4 0.9990234 9.76503e-4 0.9990234 0.4033203 0.9990234 9.76503e-4 0.8867188 0.4033203 0.8867188 0.4033203 0.9990234 9.76503e-4 0.8378906 9.76503e-4 0.8867188 0.4033203 0.8378906 9.76503e-4 0.9990234 0.4033203 0.9990234 0.4033203 0.8378906 9.76503e-4 0.9990234 9.76503e-4 0.9990234 0.4033203 0.9990234 9.76503e-4 0.8867188 0.4033203 0.8867188 0.4033203 0.9990234 9.76503e-4 0.8378906 9.76503e-4 0.6220703 0.5263672 0.5498047 0.4892578 0.5458984 0.493164 0.6220703 0.5263672 0.5458984 0.493164 0.6025391 0.5302734 0.5498047 0.4892578 0.6220703 0.5263672 0.6881553 0.4855798 0.5498047 0.4892578 0.6881553 0.4855798 0.5244141 0.4052734 0.5244141 0.4052734 0.5458984 0.493164 0.5498047 0.4892578 0.5244141 0.4052734 0.5498047 0.4892578 0.5244141 0.4052734 0.6162109 0.2666015 0.6123047 0.2607421 0.5517578 0.3037109 0.5517578 0.3037109 0.6123047 0.2607421 0.5498047 0.3037109 0.5517578 0.3037109 0.5498047 0.3037109 0.5244141 0.4052734 0.5244141 0.4052734 0.5498047 0.3037109 0.5244141 0.4052734 0.6881553 0.4855798 0.7197266 0.3916015 0.5244141 0.4052734 0.5244141 0.4052734 0.7197266 0.3916015 0.6826172 0.2998046 0.5244141 0.4052734 0.6826172 0.2998046 0.5517578 0.3037109 0.5517578 0.3037109 0.6826172 0.2998046 0.6162109 0.2666015</float_array>
          <technique_common>
            <accessor source="#Mesh_843-mesh-map-0-array" count="162" stride="2">
              <param name="S" type="float"/>
              <param name="T" type="float"/>
            </accessor>
          </technique_common>
        </source>
        <source id="Mesh_843-mesh-colors-Col" name="Col">
          <float_array id="Mesh_843-mesh-colors-Col-array" count="648">1 1 1 1 1 1 1 1 1 1 1 1 1 1 1 1 1 1 1 1 1 1 1 1 1 1 1 1 1 1 1 1 1 1 1 1 1 1 1 1 1 1 1 1 1 1 1 1 0.6117647 0.6117647 0.6117647 1 0.9607843 0.654902 0.8078432 1 0.7372549 1 1 1 0.6117647 0.6117647 0.6117647 1 0.7372549 1 1 1 0.7372549 1 1 1 1 1 1 1 1 0.7372549 0.7372549 1 1 0.7372549 1 1 1 1 1 1 1 0.7372549 1 1 1 0.7372549 1 1 0.6117647 0.6117647 0.6117647 1 1 0.8784314 0.8784314 1 1 0.8784314 0.8784314 1 0.6117647 0.6117647 0.6117647 1 1 0.8784314 0.8784314 1 0.6117647 0.6117647 0.6117647 1 1 0.7372549 1 1 0.6470589 1 0.8470588 1 1 0.8784314 0.8784314 1 1 0.7372549 1 1 1 0.8784314 0.8784314 1 0.6117647 0.6117647 0.6117647 1 1 0.7372549 1 1 1 1 1 1 1 1 1 1 1 0.7372549 1 1 1 1 1 1 1 1 1 1 1 1 1 1 0.6117647 0.6117647 0.6117647 1 0.6117647 0.6117647 0.6117647 1 1 1 1 1 0.6117647 0.6117647 0.6117647 1 1 1 1 1 1 0.8784314 0.8784314 1 1 0.8117647 0.8117647 1 1 0.8784314 0.8784314 1 1 0.8784314 0.8784314 1 1 0.8784314 0.8784314 1 1 0.8784314 0.8784314 1 0.7372549 1 1 1 0.7372549 1 1 1 0.6117647 0.6117647 0.6117647 1 0.7372549 1 1 1 0.6117647 0.6117647 0.6117647 1 0.6117647 0.6117647 0.6117647 1 1 1 1 1 0.7372549 0.8980392 0.9568628 1 1 1 1 1 1 1 1 1 1 1 1 1 1 1 1 1 1 1 1 1 1 0.6470589 1 1 0.6117647 0.6117647 0.6117647 1 1 1 1 1 0.6117647 0.6117647 0.6117647 1 1 1 1 1 0.8784314 1 0.9411765 1 0.8784314 1 0.9411765 1 0.8784314 1 0.9411765 1 0.7372549 0.8980392 0.9568628 1 0.6117647 0.6117647 0.6117647 1 0.7372549 1 1 1 0.7372549 0.8980392 0.9568628 1 0.7372549 1 1 1 1 1 1 1 0.8784314 1 0.9411765 1 1 0.8784314 0.8784314 1 0.6470589 1 0.8470588 1 1 0.8117647 0.9568628 1 1 0.8117647 0.9568628 1 0.6039216 0.5215687 0.5725491 1 0.6039216 0.5215687 0.5725491 1 1 0.8117647 0.9568628 1 0.6039216 0.5215687 0.5725491 1 0.6039216 0.5215687 0.5725491 1 0.6039216 0.5215687 0.5725491 1 0.8705883 0.772549 0.7529412 1 0.8705883 0.772549 0.7529412 1 0.6039216 0.5215687 0.5725491 1 0.5882353 0.5333334 0.5450981 1 0.8705883 0.772549 0.7529412 1 0.5882353 0.5333334 0.5450981 1 1 1 1 1 1 1 1 1 0.5882353 0.5333334 0.5450981 1 0.8196079 0.7137255 0.7333334 1 1 1 1 1 0.8196079 0.7137255 0.7333334 1 1 1 0.9921569 1 1 1 0.9921569 1 0.8196079 0.7137255 0.7333334 1 0.854902 0.7176471 0.7058824 1 1 1 0.9921569 1 0.854902 0.7176471 0.7058824 1 0.9568628 0.7764706 0.7333334 1 0.9568628 0.7764706 0.7333334 1 0.854902 0.7176471 0.7058824 1 0.6196079 0.5137255 0.4901961 1 0.9568628 0.7764706 0.7333334 1 0.6196079 0.5137255 0.4901961 1 0.7372549 1 0.8784314 1 0.7372549 1 0.8784314 1 0.6196079 0.5137255 0.4901961 1 0.8784314 1 0.9137255 1 1 0.8313726 0.8078432 1 0.8117647 1 0.8117647 1 0.8117647 1 0.8117647 1 1 0.8313726 0.8078432 1 0.8117647 1 0.8117647 1 0.8117647 1 0.8117647 1 1 1 1 1 1 0.8784314 0.7372549 1 1 1 1 1 1 1 1 1 1 1 1 1 1 1 0.8117647 1 0.4862745 0.4862745 0.4862745 1 0.8117647 1 0.8117647 1 1 1 1 1 0.4862745 0.4862745 0.4862745 1 1 1 1 1 1 0.9137255 0.8117647 1 1 1 0.8784314 1 0.4862745 0.4862745 0.4862745 1 1 1 0.8784314 1 1 1 0.8784314 1 0.4862745 0.4862745 0.4862745 1 0.4862745 0.4862745 0.4862745 1 1 1 0.8784314 1 0.4862745 0.4862745 0.4862745 1 1 0.9568628 0.8117647 1 1 0.9568628 0.8117647 1 0.4862745 0.4862745 0.4862745 1 0.4862745 0.4862745 0.4862745 1 1 1 1 1 1 0.7372549 0.7372549 1 1 0.9137255 0.8117647 1 1 0.9137255 0.8117647 1 1 0.7372549 0.7372549 1 1 1 0.8784314 1 1 0.9137255 0.8117647 1 1 1 0.8784314 1 1 1 0.8784314 1 1 1 0.8784314 1 1 1 0.8784314 1 1 0.8784314 0.8784314 1</float_array>
          <technique_common>
            <accessor source="#Mesh_843-mesh-colors-Col-array" count="162" stride="4">
              <param name="R" type="float"/>
              <param name="G" type="float"/>
              <param name="B" type="float"/>
              <param name="A" type="float"/>
            </accessor>
          </technique_common>
        </source>
        <vertices id="Mesh_843-mesh-vertices">
          <input semantic="POSITION" source="#Mesh_843-mesh-positions"/>
        </vertices>
        <triangles material="Image_1-material" count="54">
          <input semantic="VERTEX" source="#Mesh_843-mesh-vertices" offset="0"/>
          <input semantic="NORMAL" source="#Mesh_843-mesh-normals" offset="1"/>
          <input semantic="TEXCOORD" source="#Mesh_843-mesh-map-0" offset="2" set="0"/>
          <input semantic="COLOR" source="#Mesh_843-mesh-colors-Col" offset="3" set="0"/>
          <p>1 0 0 0 0 1 1 1 2 2 2 2 1 0 3 3 2 2 4 4 3 3 5 5 5 4 6 6 4 5 7 7 6 6 8 8 5 4 9 9 6 6 10 10 7 7 11 11 9 8 12 12 8 9 13 13 10 10 14 14 9 8 15 15 10 10 16 16 11 11 17 17 13 12 18 18 12 13 19 19 14 14 20 20 13 12 21 21 14 14 22 22 15 15 23 23 17 16 24 24 16 17 25 25 18 18 26 26 17 16 27 27 18 18 28 28 19 19 29 29 21 20 30 30 20 21 31 31 22 22 32 32 21 20 33 33 22 22 34 34 23 23 35 35 25 24 36 36 24 25 37 37 26 26 38 38 25 24 39 39 26 26 40 40 27 27 41 41 29 28 42 42 28 29 43 43 30 30 44 44 29 28 45 45 30 30 46 46 31 31 47 47 33 32 48 48 32 33 49 49 34 34 50 50 33 32 51 51 34 34 52 52 35 35 53 53 37 36 54 54 36 37 55 55 38 38 56 56 37 36 57 57 38 38 58 58 39 39 59 59 41 40 60 60 40 41 61 61 42 42 62 62 41 40 63 63 42 42 64 64 43 43 65 65 45 44 66 66 44 45 67 67 46 46 68 68 45 44 69 69 46 46 70 70 47 47 71 71 49 48 72 72 48 49 73 73 50 50 74 74 52 51 75 75 51 52 76 76 53 53 77 77 55 54 78 78 54 55 79 79 56 56 80 80 58 57 81 81 57 58 82 82 59 59 83 83 60 60 84 84 61 61 85 85 62 62 86 86 62 62 87 87 61 61 88 88 63 63 89 89 62 62 90 90 63 63 91 91 64 64 92 92 64 64 93 93 63 63 94 94 65 65 95 95 64 64 96 96 65 65 97 97 66 66 98 98 66 66 99 99 65 65 100 100 67 67 101 101 66 66 102 102 67 67 103 103 68 68 104 104 68 68 105 105 67 67 106 106 69 69 107 107 68 68 108 108 69 69 109 109 70 70 110 110 70 70 111 111 69 69 112 112 71 71 113 113 70 70 114 114 71 71 115 115 72 72 116 116 72 72 117 117 71 71 118 118 73 73 119 119 75 74 120 120 74 75 121 121 76 76 122 122 75 74 123 123 76 76 124 124 77 77 125 125 79 78 126 126 78 79 127 127 80 80 128 128 79 78 129 129 80 80 130 130 81 81 131 131 83 82 132 132 82 83 133 133 84 84 134 134 83 82 135 135 84 84 136 136 85 85 137 137 86 86 138 138 87 87 139 139 88 88 140 140 88 88 141 141 87 87 142 142 89 89 143 143 88 88 144 144 89 89 145 145 90 90 146 146 90 90 147 147 89 89 148 148 91 91 149 149 92 92 150 150 93 93 151 151 94 94 152 152 94 94 153 153 93 93 154 154 95 95 155 155 94 94 156 156 95 95 157 157 96 96 158 158 96 96 159 159 95 95 160 160 97 97 161 161</p>
        </triangles>
      </mesh>
    </geometry>
    <geometry id="Mesh_832-mesh" name="Mesh_832">
      <mesh>
        <source id="Mesh_832-mesh-positions">
          <float_array id="Mesh_832-mesh-positions-array" count="234">86.80039 0 50 86.80039 -35.3553 35.35534 61.40045 0 50 61.40045 -35.3553 35.35534 86.80039 -35.3553 35.35534 86.80039 -50 0 61.40045 -35.3553 35.35534 61.40045 -50 0 86.80039 35.3553 35.35534 86.80039 0 50 61.40045 35.3553 35.35534 61.40045 0 50 -60.40024 -35.3553 35.35534 -60.40024 -50 0 -85.80018 -35.3553 35.35534 -85.80018 -50 0 -60.40024 0 -50 -60.40024 -35.3553 -35.35534 -60.40024 35.3553 -35.35534 -60.40024 -50 0 -60.40024 50 0 -60.40024 -35.3553 35.35534 -60.40024 35.3553 35.35534 -85.80018 0 50 -85.80018 -35.3553 35.35534 -85.80018 35.3553 35.35534 -85.80018 -50 0 -85.80018 50 0 -85.80018 -35.3553 -35.35534 -85.80018 35.3553 -35.35534 -85.80018 0 -50 86.80039 0 -50 86.80039 -35.3553 -35.35534 86.80039 35.3553 -35.35534 86.80039 -50 0 86.80039 50 0 86.80039 -35.3553 35.35534 86.80039 35.3553 35.35534 86.80039 0 50 61.40045 0 50 61.40045 -35.3553 35.35534 61.40045 35.3553 35.35534 61.40045 -50 0 61.40045 50 0 61.40045 -35.3553 -35.35534 61.40045 35.3553 -35.35534 61.40045 0 -50 -60.40024 0 50 -60.40024 35.3553 35.35534 -60.40024 -35.3553 35.35534 61.40045 35.3553 35.35534 86.80039 35.3553 35.35534 61.40045 50 0 86.80039 50 0 61.40045 35.3553 -35.35534 86.80039 35.3553 -35.35534 61.40045 0 -50 86.80039 0 -50 61.40045 -35.3553 -35.35534 86.80039 -35.3553 -35.35534 61.40045 -50 0 86.80039 -50 0 -60.40024 -50 0 -85.80018 -50 0 -60.40024 -35.3553 -35.35534 -85.80018 -35.3553 -35.35534 -60.40024 0 -50 -85.80018 0 -50 -60.40024 35.3553 -35.35534 -85.80018 35.3553 -35.35534 -60.40024 50 0 -85.80018 50 0 -60.40024 35.3553 35.35534 -85.80018 35.3553 35.35534 -60.40024 0 50 -85.80018 0 50 -60.40024 -35.3553 35.35534 -85.80018 -35.3553 35.35534</float_array>
          <technique_common>
            <accessor source="#Mesh_832-mesh-positions-array" count="78" stride="3">
              <param name="X" type="float"/>
              <param name="Y" type="float"/>
              <param name="Z" type="float"/>
            </accessor>
          </technique_common>
        </source>
        <source id="Mesh_832-mesh-normals">
          <float_array id="Mesh_832-mesh-normals-array" count="141">0.5773395 -0.5773809 0.5773304 1 -4.4118e-5 -1.83216e-5 1 0 0 0.5773696 -0.5773298 0.5773515 0.5773546 -0.5773407 0.5773555 0.5773396 -0.57733 0.5773813 0.5773695 -0.5773513 0.5773301 0.5773546 -0.5773408 0.5773555 1 4.43273e-5 -1.84083e-5 -0.5773351 0.5773243 -0.5773915 -0.5773712 0.5772987 -0.5773809 1 0 0 0.5773396 -0.5773302 0.5773811 0.5773695 -0.5773513 0.57733 1 0 0 1 1.82801e-5 -4.41352e-5 1 -1.82823e-5 -4.41343e-5 1 -4.41352e-5 -1.82802e-5 1 4.41343e-5 -1.82823e-5 1 -4.41343e-5 1.82823e-5 1 4.41352e-5 1.82802e-5 1 -1.82801e-5 4.41352e-5 1 1.82823e-5 4.41343e-5 -0.5773081 0.5773647 -0.577378 -0.5773442 0.5773541 -0.5773525 -0.5773191 0.5773627 -0.5773691 -0.577358 0.5773627 -0.5773303 -0.5773734 0.5773583 -0.5773193 -0.5773273 0.5773811 -0.5773424 1 4.48624e-6 1.31567e-5 1 4.45446e-6 1.31567e-5 0.5773119 -0.5773608 0.5773782 0.5773119 -0.5773608 0.5773782 0.5773442 -0.5773542 0.5773525 0.5773804 -0.5773437 0.5773268 0.5773804 -0.5773435 0.577327 0.5773442 -0.5773541 0.5773526 0.5773119 -0.5773608 0.5773783 1 4.45445e-6 1.31567e-5 1 4.48624e-6 1.31567e-5 -0.5773578 0.5773627 -0.5773303 -0.5773119 0.5773608 -0.5773783 -0.5773119 0.5773608 -0.5773782 1 -4.45445e-6 -1.31567e-5 1 -4.48624e-6 -1.31567e-5 0.5773395 -0.5773808 0.5773305 0.5773695 -0.5773297 0.5773518</float_array>
          <technique_common>
            <accessor source="#Mesh_832-mesh-normals-array" count="47" stride="3">
              <param name="X" type="float"/>
              <param name="Y" type="float"/>
              <param name="Z" type="float"/>
            </accessor>
          </technique_common>
        </source>
        <source id="Mesh_832-mesh-map-0">
          <float_array id="Mesh_832-mesh-map-0-array" count="336">0.4005504 0.3914842 0.3486478 0.3688766 0.3495522 0.385791 0.4005504 0.3914842 0.3495522 0.385791 0.3901942 0.4026218 0.4216959 0.4423512 0.4005504 0.3914842 0.3901942 0.4026218 0.4216959 0.4423512 0.3901942 0.4026218 0.4070287 0.4432553 0.3486478 0.3688766 0.2986676 0.3914842 0.3089101 0.4026218 0.3486478 0.3688766 0.3089101 0.4026218 0.3495522 0.385791 0.4216959 0.4423512 0.4005504 0.3914842 0.3901942 0.4026218 0.4216959 0.4423512 0.3901942 0.4026218 0.4070287 0.4432553 0.3901942 0.4838886 0.3495522 0.5007196 0.3089101 0.4838886 0.3901942 0.4838886 0.3089101 0.4838886 0.4070287 0.4432553 0.4070287 0.4432553 0.3089101 0.4838886 0.2920755 0.4432553 0.4070287 0.4432553 0.2920755 0.4432553 0.3901942 0.4026218 0.3901942 0.4026218 0.2920755 0.4432553 0.3089101 0.4026218 0.3901942 0.4026218 0.3495522 0.385791 0.3089101 0.4026218 0.3901942 0.4026218 0.3089101 0.4026218 0.4070287 0.4432553 0.4070287 0.4432553 0.3089101 0.4026218 0.2920755 0.4432553 0.4070287 0.4432553 0.2920755 0.4432553 0.3901942 0.4838886 0.3901942 0.4838886 0.2920755 0.4432553 0.3089101 0.4838886 0.3901942 0.4838886 0.3089101 0.4838886 0.3495522 0.5007196 0.3901942 0.4838886 0.3495522 0.5007196 0.3089101 0.4838886 0.3901942 0.4838886 0.3089101 0.4838886 0.4070287 0.4432553 0.4070287 0.4432553 0.3089101 0.4838886 0.2920755 0.4432553 0.4070287 0.4432553 0.2920755 0.4432553 0.3901942 0.4026218 0.3901942 0.4026218 0.2920755 0.4432553 0.3089101 0.4026218 0.3901942 0.4026218 0.3089101 0.4026218 0.3495522 0.385791 0.3901942 0.4026218 0.3495522 0.385791 0.3089101 0.4026218 0.3901942 0.4026218 0.3089101 0.4026218 0.4070287 0.4432553 0.4070287 0.4432553 0.3089101 0.4026218 0.2920755 0.4432553 0.4070287 0.4432553 0.2920755 0.4432553 0.3901942 0.4838886 0.3901942 0.4838886 0.2920755 0.4432553 0.3089101 0.4838886 0.3901942 0.4838886 0.3089101 0.4838886 0.3495522 0.5007196 0.3089101 0.4026218 0.3495522 0.385791 0.3901942 0.4026218 0.3089101 0.4026218 0.2986676 0.3914842 0.2920755 0.4432553 0.2920755 0.4432553 0.2986676 0.3914842 0.2775221 0.4423512 0.2920755 0.4432553 0.2775221 0.4423512 0.3089101 0.4838886 0.3089101 0.4838886 0.2775221 0.4423512 0.2967453 0.4951021 0.3089101 0.4838886 0.2967453 0.4951021 0.3495522 0.5007196 0.3495522 0.5007196 0.2967453 0.4951021 0.3505702 0.5158256 0.3495522 0.5007196 0.3505702 0.5158256 0.3901942 0.4838886 0.3901942 0.4838886 0.3505702 0.5158256 0.4005504 0.4932181 0.3901942 0.4838886 0.4005504 0.4932181 0.4070287 0.4432553 0.4070287 0.4432553 0.4005504 0.4932181 0.4216959 0.4423512 0.4216959 0.4423512 0.4070287 0.4432553 0.4005504 0.4932181 0.4005504 0.4932181 0.4070287 0.4432553 0.3901942 0.4838886 0.4005504 0.4932181 0.3901942 0.4838886 0.3505702 0.5158256 0.3505702 0.5158256 0.3901942 0.4838886 0.3495522 0.5007196 0.3505702 0.5158256 0.3495522 0.5007196 0.2967453 0.4951021 0.2967453 0.4951021 0.3495522 0.5007196 0.3089101 0.4838886 0.2967453 0.4951021 0.3089101 0.4838886 0.2775221 0.4423512 0.2775221 0.4423512 0.3089101 0.4838886 0.2920755 0.4432553 0.2775221 0.4423512 0.2920755 0.4432553 0.2986676 0.3914842 0.2986676 0.3914842 0.2920755 0.4432553 0.3089101 0.4026218 0.2986676 0.3914842 0.3089101 0.4026218 0.3486478 0.3688766 0.3486478 0.3688766 0.3089101 0.4026218 0.3495522 0.385791 0.3486478 0.3688766 0.3495522 0.385791 0.4005504 0.3914842 0.4005504 0.3914842 0.3495522 0.385791 0.3901942 0.4026218</float_array>
          <technique_common>
            <accessor source="#Mesh_832-mesh-map-0-array" count="168" stride="2">
              <param name="S" type="float"/>
              <param name="T" type="float"/>
            </accessor>
          </technique_common>
        </source>
        <source id="Mesh_832-mesh-colors-Col" name="Col">
          <float_array id="Mesh_832-mesh-colors-Col-array" count="672">1 0.9960784 0.7843137 1 0.9137255 0.8352941 0.6941177 1 0.9215686 0.8431373 0.7058824 1 1 0.9960784 0.7843137 1 0.9215686 0.8431373 0.7058824 1 0.6431373 0.6078432 0.5176471 1 0.6431373 0.6078432 0.5176471 1 1 1 0.7960785 1 0.6431373 0.6078432 0.5176471 1 0.6431373 0.6078432 0.5176471 1 0.6431373 0.6078432 0.5176471 1 0.8980392 0.8392157 0.6705883 1 0.9098039 0.8352941 0.6901961 1 0.6666667 0.5647059 0.5568628 1 1 1 0.7960785 1 0.9098039 0.8352941 0.6901961 1 1 1 0.7960785 1 0.9215686 0.8431373 0.7058824 1 0.9058824 0.854902 0.6980392 1 0.6784314 0.6392157 0.5333334 1 1 1 0.9411765 1 0.9058824 0.854902 0.6980392 1 1 1 0.9411765 1 1 1 0.9411765 1 0.6666667 0.627451 0.5294118 1 1 1 0.7960785 1 0.5529412 0.5529412 0.5529412 1 0.6666667 0.627451 0.5294118 1 0.5529412 0.5529412 0.5529412 1 0.6666667 0.627451 0.5294118 1 0.6666667 0.627451 0.5294118 1 0.5529412 0.5529412 0.5529412 1 1 1 0.9411765 1 0.6666667 0.627451 0.5294118 1 1 1 0.9411765 1 0.6784314 0.6392157 0.5333334 1 0.6784314 0.6392157 0.5333334 1 1 1 0.9411765 1 0.5529412 0.5529412 0.5529412 1 1 1 0.9411765 1 1 1 0.9411765 1 1 1 0.7960785 1 1 1 0.9411765 1 1 1 0.7960785 1 1 1 0.9411765 1 1 1 0.9411765 1 1 1 0.7960785 1 1 1 0.7960785 1 1 1 0.9411765 1 1 1 0.7960785 1 1 1 0.7960785 1 1 1 0.7960785 1 1 1 0.7960785 1 0.7960785 0.4666666 0.7254902 1 1 1 0.7960785 1 0.7960785 0.4666666 0.7254902 1 1 1 0.7960785 1 1 1 0.7960785 1 1 1 0.7960785 1 0.6431373 0.6078432 0.5176471 1 1 1 0.7960785 1 0.6431373 0.6078432 0.5176471 1 0.6431373 0.6078432 0.5176471 1 0.6431373 0.6078432 0.5176471 1 0.6431373 0.6078432 0.5176471 1 0.8352941 0.8352941 0.8352941 1 0.6431373 0.6078432 0.5176471 1 0.8352941 0.8352941 0.8352941 1 1 0.9960784 0.7843137 1 1 0.9960784 0.7843137 1 0.8352941 0.8352941 0.8352941 1 0.4235294 0.4235294 0.4235294 1 1 0.9960784 0.7843137 1 0.4235294 0.4235294 0.4235294 1 0.9137255 0.8352941 0.6941177 1 1 1 0.7960785 1 1 1 0.7960785 1 1 1 0.7960785 1 1 1 0.7960785 1 1 1 0.7960785 1 0.8784314 0.6117647 0.7607843 1 0.8784314 0.6117647 0.7607843 1 1 1 0.7960785 1 1 1 0.7960785 1 0.8784314 0.6117647 0.7607843 1 1 1 0.7960785 1 0.8627451 0.5843138 0.7450981 1 0.8627451 0.5843138 0.7450981 1 1 1 0.7960785 1 0.8627451 0.5725491 0.7450981 1 0.8627451 0.5843138 0.7450981 1 0.8627451 0.5725491 0.7450981 1 1 1 0.7960785 1 0.6078432 0.4392157 0.5725491 1 0.6666667 0.627451 0.5254902 1 0.6784314 0.6392157 0.5333334 1 1 1 0.7960785 1 0.6666667 0.5686275 0.5568628 1 1 1 0.7960785 1 1 1 0.7960785 1 0.6666667 0.5686275 0.5568628 1 0.6431373 0.5490196 0.5450981 1 1 1 0.7960785 1 0.6431373 0.5490196 0.5450981 1 0.4313725 0.4235294 0.4313725 1 0.4313725 0.4235294 0.4313725 1 0.6431373 0.5490196 0.5450981 1 0.6431373 0.6078432 0.5176471 1 0.4313725 0.4235294 0.4313725 1 0.6431373 0.6078432 0.5176471 1 0.6431373 0.6078432 0.5176471 1 0.6431373 0.6078432 0.5176471 1 0.6431373 0.6078432 0.5176471 1 0.8627451 0.5843138 0.7450981 1 0.6431373 0.6078432 0.5176471 1 0.8627451 0.5843138 0.7450981 1 0.8627451 0.5843138 0.7450981 1 0.8627451 0.5843138 0.7450981 1 0.8627451 0.5843138 0.7450981 1 0.6431373 0.6078432 0.5176471 1 0.8627451 0.5843138 0.7450981 1 0.6431373 0.6078432 0.5176471 1 0.8941177 0.8352941 0.6705883 1 0.8941177 0.8352941 0.6705883 1 0.6431373 0.6078432 0.5176471 1 0.6431373 0.6078432 0.5176471 1 0.9019608 0.8509804 0.6980392 1 1 1 0.9411765 1 0.5529412 0.5529412 0.5529412 1 0.5529412 0.5529412 0.5529412 1 1 1 0.9411765 1 0.5529412 0.5529412 0.5529412 1 0.5529412 0.5529412 0.5529412 1 0.5529412 0.5529412 0.5529412 1 1 1 0.7960785 1 1 1 0.7960785 1 0.5529412 0.5529412 0.5529412 1 0.5529412 0.5529412 0.5529412 1 1 1 0.7960785 1 0.5529412 0.5529412 0.5529412 1 0.5529412 0.5529412 0.5529412 1 0.5529412 0.5529412 0.5529412 1 0.5529412 0.5529412 0.5529412 1 0.7960785 0.4666666 0.7254902 1 0.5529412 0.5529412 0.5529412 1 0.7960785 0.4666666 0.7254902 1 1 1 0.9411765 1 1 1 0.9411765 1 0.7960785 0.4666666 0.7254902 1 0.5529412 0.5529412 0.5529412 1 1 1 0.9411765 1 0.5529412 0.5529412 0.5529412 1 0.6078432 0.4392157 0.5725491 1 0.6078432 0.4392157 0.5725491 1 0.5529412 0.5529412 0.5529412 1 0.5529412 0.5529412 0.5529412 1 0.6078432 0.4392157 0.5725491 1 0.5529412 0.5529412 0.5529412 1 0.6666667 0.627451 0.5254902 1 0.6666667 0.627451 0.5254902 1 0.5529412 0.5529412 0.5529412 1 1 1 0.9411765 1 0.6666667 0.627451 0.5254902 1 1 1 0.9411765 1 0.6784314 0.6392157 0.5333334 1 0.6784314 0.6392157 0.5333334 1 1 1 0.9411765 1 1 1 0.8352941 1</float_array>
          <technique_common>
            <accessor source="#Mesh_832-mesh-colors-Col-array" count="168" stride="4">
              <param name="R" type="float"/>
              <param name="G" type="float"/>
              <param name="B" type="float"/>
              <param name="A" type="float"/>
            </accessor>
          </technique_common>
        </source>
        <vertices id="Mesh_832-mesh-vertices">
          <input semantic="POSITION" source="#Mesh_832-mesh-positions"/>
        </vertices>
        <triangles material="Image_0-material" count="56">
          <input semantic="VERTEX" source="#Mesh_832-mesh-vertices" offset="0"/>
          <input semantic="NORMAL" source="#Mesh_832-mesh-normals" offset="1"/>
          <input semantic="TEXCOORD" source="#Mesh_832-mesh-map-0" offset="2" set="0"/>
          <input semantic="COLOR" source="#Mesh_832-mesh-colors-Col" offset="3" set="0"/>
          <p>1 0 0 0 0 1 1 1 2 2 2 2 1 0 3 3 2 2 4 4 3 3 5 5 5 4 6 6 4 5 7 7 6 6 8 8 5 4 9 9 6 6 10 10 7 7 11 11 9 8 12 12 8 9 13 13 10 10 14 14 9 8 15 15 10 10 16 16 11 11 17 17 13 7 18 18 12 12 19 19 14 13 20 20 13 7 21 21 14 13 22 22 15 7 23 23 17 14 24 24 16 14 25 25 18 14 26 26 17 14 27 27 18 14 28 28 19 14 29 29 19 14 30 30 18 14 31 31 20 14 32 32 19 14 33 33 20 14 34 34 21 14 35 35 21 14 36 36 20 14 37 37 22 14 38 38 24 15 39 39 23 16 40 40 25 17 41 41 24 15 42 42 25 17 43 43 26 18 44 44 26 18 45 45 25 17 46 46 27 19 47 47 26 18 48 48 27 19 49 49 28 20 50 50 28 20 51 51 27 19 52 52 29 21 53 53 28 20 54 54 29 21 55 55 30 22 56 56 32 14 57 57 31 14 58 58 33 14 59 59 32 14 60 60 33 14 61 61 34 14 62 62 34 14 63 63 33 14 64 64 35 14 65 65 34 14 66 66 35 14 67 67 36 14 68 68 36 14 69 69 35 14 70 70 37 14 71 71 36 14 72 72 37 14 73 73 38 14 74 74 40 15 75 75 39 16 76 76 41 17 77 77 40 15 78 78 41 17 79 79 42 18 80 80 42 18 81 81 41 17 82 82 43 19 83 83 42 18 84 84 43 19 85 85 44 20 86 86 44 20 87 87 43 19 88 88 45 21 89 89 44 20 90 90 45 21 91 91 46 22 92 92 48 14 93 93 47 14 94 94 49 14 95 95 50 23 96 96 51 24 97 97 52 25 98 98 52 25 99 99 51 24 100 100 53 26 101 101 52 25 102 102 53 26 103 103 54 27 104 104 54 27 105 105 53 26 106 106 55 28 107 107 54 27 108 108 55 28 109 109 56 29 110 110 56 29 111 111 55 28 112 112 57 30 113 113 56 29 114 114 57 30 115 115 58 31 116 116 58 31 117 117 57 30 118 118 59 32 119 119 58 31 120 120 59 32 121 121 60 33 122 122 60 33 123 123 59 32 124 124 61 34 125 125 62 35 126 126 63 36 127 127 64 37 128 128 64 37 129 129 63 36 130 130 65 31 131 131 64 37 132 132 65 31 133 133 66 38 134 134 66 38 135 135 65 31 136 136 67 39 137 137 66 38 138 138 67 39 139 139 68 27 140 140 68 27 141 141 67 39 142 142 69 28 143 143 68 27 144 144 69 28 145 145 70 26 146 146 70 26 147 147 69 28 148 148 71 40 149 149 70 26 150 150 71 40 151 151 72 41 152 152 72 41 153 153 71 40 154 154 73 42 155 155 72 41 156 156 73 42 157 157 74 43 158 158 74 43 159 159 73 42 160 160 75 44 161 161 74 43 162 162 75 44 163 163 76 45 164 164 76 45 165 165 75 44 166 166 77 46 167 167</p>
        </triangles>
      </mesh>
    </geometry>
    <geometry id="Mesh_796-mesh" name="Mesh_796">
      <mesh>
        <source id="Mesh_796-mesh-positions">
          <float_array id="Mesh_796-mesh-positions-array" count="567">0 49.59999 79.15819 56.56861 49.59999 55.72674 -56.56861 49.59999 55.72674 80.00001 49.59999 -0.8418083 0 -49.59999 79.15821 56.56861 -49.59999 55.72677 0 -148.8 79.15825 56.56861 -148.8 55.72679 -80.00001 -148.8 -0.8417511 -56.56861 -148.8 55.72679 80.00001 -148.8 -0.8417511 56.56861 -148.8 55.72679 56.56861 -49.59999 55.72677 80.00001 -49.59999 -0.8417702 56.56861 -148.8 55.72679 80.00001 -148.8 -0.8417511 -13.19992 -122.0631 61.79821 -26.4 -99.19998 61.79821 -9.600069 -115.8276 111.0462 -19.19998 -99.19998 111.0462 19.19998 -132.4554 136.1342 -19.19998 -132.4554 136.1342 19.19998 -132.4554 148.9342 -19.19998 -132.4554 148.9342 -24.57596 -99.19998 172.65 -12.28806 -77.91657 172.65 -24.57596 -99.19998 180.8421 -12.28806 -77.91657 180.8421 -38.39997 -99.19998 148.9342 -19.19998 -65.9446 148.9342 -24.57596 -99.19998 172.65 -12.28806 -77.91657 172.65 -26.4 -99.19998 61.79821 -13.20007 -76.3369 61.79821 -19.19998 -99.19998 111.0462 -9.600069 -82.57233 111.0462 -12.28806 -77.91657 172.65 12.28806 -77.91657 172.65 -12.28806 -77.91657 180.8421 12.28806 -77.91657 180.8421 -19.19998 -65.9446 148.9342 19.19998 -65.9446 148.9342 -12.28806 -77.91657 172.65 12.28806 -77.91657 172.65 -19.19998 -65.9446 136.1342 19.19998 -65.9446 136.1342 -19.19998 -65.9446 148.9342 19.19998 -65.9446 148.9342 -9.600069 -82.57233 111.0462 9.600069 -82.57233 111.0462 -19.19998 -65.9446 136.1342 19.19998 -65.9446 136.1342 -13.20007 -76.3369 61.79821 13.20007 -76.3369 61.79821 -9.600069 -82.57233 111.0462 9.600069 -82.57233 111.0462 12.28806 -77.91657 172.65 24.57596 -99.19998 172.65 12.28806 -77.91657 180.8421 24.57596 -99.19998 180.8421 13.20007 -76.3369 61.79821 26.4 -99.19998 61.79821 9.600069 -82.57233 111.0462 19.19998 -99.19998 111.0462 -56.56861 148.8 -57.41037 -80.00001 148.8 -0.8418274 -56.56861 49.59999 -57.41033 -80.00001 49.59999 -0.8418083 0 -148.8 -80.84174 -56.56861 -148.8 -57.41028 56.56861 -148.8 -57.41028 -80.00001 -148.8 -0.8417511 80.00001 -148.8 -0.8417511 -19.19998 -132.4554 136.1342 19.19998 -132.4554 136.1342 -9.600069 -115.8276 111.0462 9.600069 -115.8276 111.0462 -13.19992 -122.0631 61.79821 13.20007 -122.0631 61.79821 -19.19998 -132.4554 148.9342 -38.39997 -99.19998 148.9342 -12.28806 -120.4834 172.65 -24.57596 -99.19998 172.65 -12.28806 -120.4834 180.8421 -24.57596 -99.19998 180.8421 -9.600069 -115.8276 111.0462 -19.19998 -99.19998 111.0462 -19.19998 -132.4554 136.1342 -38.39997 -99.19998 136.1342 -19.19998 -132.4554 148.9342 -38.39997 -99.19998 148.9342 -19.19998 -99.19998 111.0462 -9.600069 -82.57233 111.0462 -38.39997 -99.19998 136.1342 -19.19998 -65.9446 136.1342 -38.39997 -99.19998 148.9342 -19.19998 -65.9446 148.9342 -12.28806 -120.4834 180.8421 12.28806 -120.4834 180.8421 -12.28806 -120.4834 172.65 12.28806 -120.4834 172.65 -19.19998 -132.4554 148.9342 19.19998 -132.4554 148.9342 26.4 -99.19998 61.79821 13.20007 -122.0631 61.79821 19.19998 -99.19998 111.0462 9.600069 -115.8276 111.0462 38.39997 -99.19998 136.1342 19.19998 -132.4554 136.1342 0 148.8 -80.84183 56.56861 148.8 -57.41037 -56.56861 148.8 -57.41037 79.99971 148.8 -0.8417893 -80.00001 148.8 -0.8418274 56.56861 148.8 55.7267 -56.56861 148.8 55.7267 12.28806 -120.4834 180.8421 24.57596 -99.19998 180.8421 12.28806 -120.4834 172.65 24.57596 -99.19998 172.65 19.19998 -132.4554 148.9342 38.39997 -99.19998 148.9342 19.19998 -132.4554 136.1342 38.39997 -99.19998 136.1342 9.600069 -82.57233 111.0462 19.19998 -99.19998 111.0462 19.19998 -65.9446 136.1342 38.39997 -99.19998 136.1342 19.19998 -65.9446 148.9342 38.39997 -99.19998 148.9342 12.28806 -77.91657 172.65 24.57596 -99.19998 172.65 0 148.8 79.15816 -56.56861 148.8 55.7267 56.56861 148.8 55.7267 -80.00001 49.59999 -0.8418083 -56.56861 49.59999 55.72674 80.00001 49.59999 -0.8418083 0 -148.8 79.15825 56.56861 -148.8 55.72679 -56.56861 -148.8 55.72679 -80.00001 49.59999 -0.8418083 80.00001 49.59999 -0.8418083 -80.00001 -49.59999 -0.8417702 80.00001 -49.59999 -0.8417702 0 -148.8 79.15825 0 -49.59999 79.15821 -56.56861 -148.8 55.72679 -56.56861 -49.59999 55.72676 -80.00001 -148.8 -0.8417511 -80.00001 -49.59999 -0.8417702 79.99971 148.8 -0.8417893 80.00001 49.59999 -0.8418083 56.56861 148.8 -57.41037 56.56861 49.59999 -57.41033 0 148.8 -80.84183 0 49.59999 -80.8418 -56.56861 148.8 -57.41037 -56.56861 49.59999 -57.41033 80.00001 49.59999 -0.8418083 80.00001 -49.59999 -0.8417702 56.56861 49.59999 -57.41033 56.56861 -49.59999 -57.41032 0 49.59999 -80.8418 0 -49.59999 -80.84177 -56.56861 49.59999 -57.41033 -56.56861 -49.59999 -57.41032 -80.00001 49.59999 -0.8418083 -80.00001 -49.59999 -0.8417702 80.00001 -49.59999 -0.8417702 80.00001 -148.8 -0.8417511 56.56861 -49.59999 -57.41032 56.56861 -148.8 -57.41028 0 -49.59999 -80.84177 0 -148.8 -80.84174 -56.56861 -49.59999 -57.41032 -56.56861 -148.8 -57.41028 -80.00001 -49.59999 -0.8417702 -80.00001 -148.8 -0.8417511 80.00001 49.59999 -0.8418083 79.99971 148.8 -0.8417893 56.56861 49.59999 55.72674 56.56861 148.8 55.7267 0 49.59999 79.15819 0 148.8 79.15816 -56.56861 49.59999 55.72674 -56.56861 148.8 55.7267 -80.00001 49.59999 -0.8418083 -80.00001 148.8 -0.8418274</float_array>
          <technique_common>
            <accessor source="#Mesh_796-mesh-positions-array" count="189" stride="3">
              <param name="X" type="float"/>
              <param name="Y" type="float"/>
              <param name="Z" type="float"/>
            </accessor>
          </technique_common>
        </source>
        <source id="Mesh_796-mesh-normals">
          <float_array id="Mesh_796-mesh-normals-array" count="546">0.5773155 -0.577351 0.5773844 0.5773566 -0.577351 0.5773432 0.5773018 -0.577351 0.5773981 0.5773019 -0.5773511 0.577398 1 -4.40205e-5 1.2517e-5 1 1.53002e-7 1.27256e-5 1 0 1.23978e-5 1 4.4345e-5 1.2219e-5 0.5773221 -0.577351 0.5773777 0.5773426 -0.577351 0.5773572 0.5773849 -0.577351 0.5773149 0.5773571 -0.577351 0.5773428 1 -1.84101e-5 -1.28448e-5 1 0 -1.2815e-5 1 0 -1.28448e-5 1 1.83747e-5 -1.28448e-5 1 -3.43909e-5 1.9297e-5 0.5774089 -0.5773254 0.5773166 0.5774145 -0.5773436 0.5772929 1 -3.77893e-5 2.27727e-5 0.5773361 -0.577351 0.5773638 0.5773361 -0.577351 0.5773638 0.5773084 -0.577351 0.5773915 0.5773639 -0.577351 0.5773361 -0.5773709 0.577341 -0.5773391 1 -6.1661e-5 0 -0.5773708 0.5773413 -0.5773389 -0.5773573 0.5773648 -0.5773288 -0.5773664 0.5773316 -0.5773528 1 -1.96993e-5 -1.22637e-5 1 -4.12017e-5 1.15931e-5 -0.5773643 0.5773334 -0.5773532 -0.5773445 0.577344 -0.5773623 1 3.86536e-5 1.79149e-5 1 3.76208e-5 2.2471e-5 -0.5773345 0.5773598 -0.5773566 -0.5773638 0.577351 -0.5773361 -0.5773915 0.577351 -0.5773084 -0.577336 0.577351 -0.5773638 -0.5773559 0.5773645 -0.5773305 -0.5773297 0.5773735 -0.5773476 -0.5773791 0.5773567 -0.5773151 -0.5773271 0.577374 -0.5773497 -0.5773915 0.577351 -0.5773084 -0.5773638 0.577351 -0.5773361 -0.5773363 0.5773589 -0.5773558 -0.5773301 0.5773474 -0.5773734 -0.5773277 0.577342 -0.5773811 -0.5773341 0.5773547 -0.5773621 -0.5773172 0.577372 -0.5773616 -0.5773025 0.5773738 -0.5773747 -0.5773351 0.5773701 -0.5773458 -0.5773352 0.57737 -0.5773457 1 1.30832e-5 2.38849e-5 -0.5774065 0.5773321 -0.5773122 -0.5773786 0.5772845 -0.5773878 1 1.27852e-5 -2.39982e-5 1 7.99494e-6 -6.41495e-6 -0.5773452 0.5773611 -0.5773446 -0.5773494 0.5773666 -0.577335 1 0 2.37674e-5 1 0 3.51667e-5 1 -1.82961e-5 3.51369e-5 1 1.83361e-5 3.51965e-5 1 0 3.52263e-5 0.5773707 -0.5773508 0.5773293 0.5773569 -0.5773488 0.5773453 0.5773702 -0.5773508 0.5773299 0.5773569 -0.577351 0.577343 0.577329 -0.577351 0.5773708 0.5773015 -0.5773565 0.5773929 0.5773528 -0.5773361 0.577362 0.5773598 -0.5773475 0.5773435 0.5773531 -0.577359 0.5773386 0.5773453 -0.5773674 0.5773382 0.5773112 -0.5773625 0.5773772 1 1.89468e-5 -1.17719e-5 0.5773639 -0.5773027 0.5773844 0.5773284 -0.5773794 0.5773432 1 5.29587e-5 -4.5903e-5 0.5774064 -0.5773324 0.5773121 0.5773915 -0.5773093 0.5773502 1 -3.17395e-6 1.57356e-5 0.5773579 -0.5772959 0.5773971 0.5773779 -0.5773102 0.5773628 1 4.18723e-5 3.71486e-5 0.5774065 -0.5773322 0.5773122 1 6.35982e-5 0 -0.5773648 0.5773397 -0.5773464 1 4.08292e-6 1.67638e-5 1 3.1352e-5 -1.90735e-6 -0.5773459 0.577346 -0.5773591 1 -6.31213e-5 0 -0.5773553 0.5773665 -0.577329 0.5773638 -0.577351 0.577336 0.5773558 -0.5773469 0.5773483 0.5773466 -0.5773402 0.577364 0.5773538 -0.5773389 0.5773582 0.5773622 -0.5773473 0.5773413 0.5773594 -0.5773287 0.5773627 1 -8.10623e-6 -6.46338e-6 1 1.43945e-5 9.76026e-7 0.5773249 -0.5773703 0.5773557 1 6.58631e-6 -1.93417e-5 0.5773349 -0.5773653 0.5773507 -0.5773291 0.577351 -0.5773708 -0.5773568 0.577351 -0.5773431 -0.5773154 0.577351 -0.5773844 -0.5773407 0.577351 -0.5773591 -0.5773432 0.577351 -0.5773566 -0.5773441 0.577351 -0.5773557 -0.5773634 0.577351 -0.5773364 1 -1.39177e-5 -2.38849e-5 0.5773711 -0.5773409 0.5773389 0.5773454 -0.5773583 0.5773473 1 1.56164e-5 1.03824e-5 0.5773506 -0.5773381 0.5773622 1 2.00868e-5 1.21519e-5 0.5773556 -0.5773664 0.577329 1 -1.49906e-5 2.39982e-5 1 -2.33948e-5 -3.25739e-5 -0.5773575 0.5773428 -0.5773506 -0.5773283 0.5773599 -0.5773628 1 1.73151e-5 -7.87526e-6 -0.5772932 0.5773909 -0.5773668 1 -1.28746e-5 1.50949e-5 -0.5773135 0.5774068 -0.5773305 1 4.33922e-5 -1.28448e-5 -0.5773708 0.5773484 -0.5773316 -0.5773569 0.5773487 -0.5773453 -0.577343 0.5773485 -0.5773595 0.577329 -0.577351 0.5773708 0.5773153 -0.577351 0.5773845 0.5773152 -0.577351 0.5773846 0.5773988 -0.577351 0.577301 1 -4.77711e-5 0 1 0 0 1 0 0 1 4.79976e-5 0 1 4.42303e-5 -6.07371e-5 1 -4.42671e-5 -6.06477e-5 1 0 1.65701e-5 1 2.70816e-4 1.65999e-5 1 0 -3.51667e-5 1 0 -3.51965e-5 1 -1.5449e-5 1.77324e-5 1 1.94486e-5 1.4782e-5 1 8.03751e-7 1.5676e-5 1 -1.49254e-7 1.33514e-5 1 -1.37814e-7 2.58252e-5 1 -3.92387e-4 2.57608e-5 1 0 6.05285e-5 1 4.54048e-7 6.05285e-5 1 -1.84553e-5 1.27852e-5 1 1.83377e-5 1.28448e-5 1 -1.97775e-7 1.35005e-5 1 2.30158e-4 1.33216e-5 1 0 2.59121e-5 1 0 2.58252e-5 1 0 -1.64509e-5 1 -3.4515e-4 -1.65999e-5 1 1.48543e-7 3.52263e-5 1 1.99622e-7 3.51071e-5 1 -1.83747e-5 1.28448e-5 1 1.839e-5 1.2815e-5 1 -2.28408e-7 1.33514e-5 1 -2.70165e-4 1.30835e-5 1 -1.36481e-7 2.57607e-5 1 3.91318e-4 2.57928e-5 1 0 -1.64509e-5 1 -3.45108e-4 -1.6272e-5 1 0 3.51667e-5 1 2.13039e-5 -1.28448e-5 1 -1.7136e-5 -1.52886e-5 1 1.18687e-6 -1.40369e-5 1 -8.03101e-7 -1.59144e-5 1 1.36481e-7 -2.57607e-5 1 -3.91318e-4 -2.5825e-5 1 0 1.64509e-5 1 3.45108e-4 1.6272e-5 1 0 -3.51667e-5 1 0 -3.52263e-5</float_array>
          <technique_common>
            <accessor source="#Mesh_796-mesh-normals-array" count="182" stride="3">
              <param name="X" type="float"/>
              <param name="Y" type="float"/>
              <param name="Z" type="float"/>
            </accessor>
          </technique_common>
        </source>
        <source id="Mesh_796-mesh-map-0">
          <float_array id="Mesh_796-mesh-map-0-array" count="702">0.8818359 0.4326171 0.7783203 0.1943358 0.6728516 0.4365234 0.8818359 0.4326171 0.6728516 0.4365234 0.9560547 0.6220703 0.8505859 0.3193359 0.8564453 0.3876953 0.7001953 0.3896484 0.8505859 0.3193359 0.7001953 0.3896484 0.7041016 0.321289 0.4384766 0.461914 0.4169922 0.5263672 0.6044922 0.5244141 0.4384766 0.461914 0.6044922 0.5244141 0.5849609 0.4599609 0.8408203 0.2080077 0.8505859 0.3193359 0.7041016 0.321289 0.8408203 0.2080077 0.7041016 0.321289 0.7158203 0.211914 0.4443359 0.8837891 0.5380859 0.8818359 0.5166016 0.7607422 0.4443359 0.8837891 0.5166016 0.7607422 0.4677734 0.7607422 0.4423828 0.7216797 0.5419922 0.7216797 0.5419922 0.6943359 0.4423828 0.7216797 0.5419922 0.6943359 0.4423828 0.6943359 0.4619141 0.6513672 0.5244141 0.6513672 0.5263672 0.6357422 0.4619141 0.6513672 0.5263672 0.6357422 0.4599609 0.6357422 0.4423828 0.6943359 0.5419922 0.6943359 0.5244141 0.6513672 0.4423828 0.6943359 0.5244141 0.6513672 0.4619141 0.6513672 0.4443359 0.8837891 0.5380859 0.8818359 0.5166016 0.7607422 0.4443359 0.8837891 0.5166016 0.7607422 0.4677734 0.7607422 0.4619141 0.6513672 0.4599609 0.6357422 0.5263672 0.6357422 0.4619141 0.6513672 0.5263672 0.6357422 0.5244141 0.6513672 0.4423828 0.6943359 0.5419922 0.6943359 0.5244141 0.6513672 0.4423828 0.6943359 0.5244141 0.6513672 0.4619141 0.6513672 0.5419922 0.7216797 0.4423828 0.7216797 0.4423828 0.6943359 0.5419922 0.7216797 0.4423828 0.6943359 0.5419922 0.6943359 0.5166016 0.7607422 0.4677734 0.7607422 0.4423828 0.7216797 0.5166016 0.7607422 0.4423828 0.7216797 0.5419922 0.7216797 0.4443359 0.8837891 0.5380859 0.8818359 0.5166016 0.7607422 0.4443359 0.8837891 0.5166016 0.7607422 0.4677734 0.7607422 0.4619141 0.6513672 0.5244141 0.6513672 0.5263672 0.6357422 0.4619141 0.6513672 0.5263672 0.6357422 0.4599609 0.6357422 0.4443359 0.8837891 0.5380859 0.8818359 0.5166016 0.7607422 0.4443359 0.8837891 0.5166016 0.7607422 0.4677734 0.7607422 0.5888672 0.6162109 0.5537109 0.8427734 0.6975203 0.8414463 0.5888672 0.6162109 0.6975203 0.8414463 0.7080078 0.6220703 0.4443359 0.5869141 0.5126953 0.6220703 0.5810547 0.5849609 0.4443359 0.5869141 0.5810547 0.5849609 0.4169922 0.5263672 0.4169922 0.5263672 0.5810547 0.5849609 0.6044922 0.5244141 0.5419922 0.7216797 0.4423828 0.7216797 0.4677734 0.7607422 0.5419922 0.7216797 0.4677734 0.7607422 0.5166016 0.7607422 0.5166016 0.7607422 0.4677734 0.7607422 0.4443359 0.8837891 0.5166016 0.7607422 0.4443359 0.8837891 0.5380859 0.8818359 0.4423828 0.6943359 0.5419922 0.6943359 0.5244141 0.6513672 0.4423828 0.6943359 0.5244141 0.6513672 0.4619141 0.6513672 0.4619141 0.6513672 0.5244141 0.6513672 0.5263672 0.6357422 0.4619141 0.6513672 0.5263672 0.6357422 0.4599609 0.6357422 0.4677734 0.7607422 0.5166016 0.7607422 0.5419922 0.7216797 0.4677734 0.7607422 0.5419922 0.7216797 0.4423828 0.7216797 0.4423828 0.7216797 0.5419922 0.7216797 0.5419922 0.6943359 0.4423828 0.7216797 0.5419922 0.6943359 0.4423828 0.6943359 0.4677734 0.7607422 0.5166016 0.7607422 0.5419922 0.7216797 0.4677734 0.7607422 0.5419922 0.7216797 0.4423828 0.7216797 0.4423828 0.7216797 0.5419922 0.7216797 0.5419922 0.6943359 0.4423828 0.7216797 0.5419922 0.6943359 0.4423828 0.6943359 0.5263672 0.6357422 0.4599609 0.6357422 0.4619141 0.6513672 0.5263672 0.6357422 0.4619141 0.6513672 0.5244141 0.6513672 0.5244141 0.6513672 0.4619141 0.6513672 0.4423828 0.6943359 0.5244141 0.6513672 0.4423828 0.6943359 0.5419922 0.6943359 0.4443359 0.8837891 0.5380859 0.8818359 0.5166016 0.7607422 0.4443359 0.8837891 0.5166016 0.7607422 0.4677734 0.7607422 0.4677734 0.7607422 0.5166016 0.7607422 0.5419922 0.7216797 0.4677734 0.7607422 0.5419922 0.7216797 0.4423828 0.7216797 0.6142578 0.8134766 0.7685547 0.8740234 0.9365234 0.8056641 0.6142578 0.8134766 0.9365234 0.8056641 0.5751953 0.6650391 0.5751953 0.6650391 0.9365234 0.8056641 0.9677734 0.6572266 0.5751953 0.6650391 0.9677734 0.6572266 0.6435547 0.5107422 0.6435547 0.5107422 0.9677734 0.6572266 0.9091797 0.5048828 0.5263672 0.6357422 0.4599609 0.6357422 0.4619141 0.6513672 0.5263672 0.6357422 0.4619141 0.6513672 0.5244141 0.6513672 0.5244141 0.6513672 0.4619141 0.6513672 0.4423828 0.6943359 0.5244141 0.6513672 0.4423828 0.6943359 0.5419922 0.6943359 0.5419922 0.6943359 0.4423828 0.6943359 0.4423828 0.7216797 0.5419922 0.6943359 0.4423828 0.7216797 0.5419922 0.7216797 0.4677734 0.7607422 0.5166016 0.7607422 0.5419922 0.7216797 0.4677734 0.7607422 0.5419922 0.7216797 0.4423828 0.7216797 0.4423828 0.7216797 0.5419922 0.7216797 0.5419922 0.6943359 0.4423828 0.7216797 0.5419922 0.6943359 0.4423828 0.6943359 0.4423828 0.6943359 0.5419922 0.6943359 0.5244141 0.6513672 0.4423828 0.6943359 0.5244141 0.6513672 0.4619141 0.6513672 0.9091797 0.5048828 0.7685547 0.4677734 0.6435547 0.5107422 0.6728516 0.4365234 0.5927734 0.6220703 0.9541016 0.6201172 0.5849609 0.4599609 0.5126953 0.4189453 0.4384766 0.461914 0.9541016 0.6201172 0.5927734 0.6220703 0.6669922 0.4091796 0.9541016 0.6201172 0.6669922 0.4091796 0.8916016 0.4072265 0.7001953 0.3896484 0.8564453 0.3876953 0.7041016 0.321289 0.7041016 0.321289 0.8564453 0.3876953 0.8505859 0.3193359 0.7041016 0.321289 0.8505859 0.3193359 0.7158203 0.211914 0.7158203 0.211914 0.8505859 0.3193359 0.8408203 0.2080077 0.5888672 0.6162109 0.7080078 0.6220703 0.5558687 0.8414464 0.5558687 0.8414464 0.7080078 0.6220703 0.6975203 0.8414463 0.5558687 0.8414464 0.6975203 0.8414463 0.5576172 0.8857422 0.5576172 0.8857422 0.6975203 0.8414463 0.6982422 0.8857422 0.5576172 0.8857422 0.6982422 0.8857422 0.5558687 0.8414464 0.5558687 0.8414464 0.6982422 0.8857422 0.6975203 0.8414463 0.7080078 0.6220703 0.8369141 0.6220703 0.6975203 0.8414463 0.6975203 0.8414463 0.8369141 0.6220703 0.8391719 0.8414463 0.6975203 0.8414463 0.8391719 0.8414463 0.6982422 0.8857422 0.6982422 0.8857422 0.8391719 0.8414463 0.8408203 0.8857422 0.6982422 0.8857422 0.8408203 0.8857422 0.6975203 0.8414463 0.6975203 0.8414463 0.8408203 0.8857422 0.8391719 0.8414463 0.6975203 0.8414463 0.8391719 0.8414463 0.7080078 0.6220703 0.7080078 0.6220703 0.8391719 0.8414463 0.8369141 0.6220703 0.8369141 0.6220703 0.9619141 0.6123047 0.8391719 0.8414463 0.8391719 0.8414463 0.9619141 0.6123047 0.9970703 0.8427734 0.8391719 0.8414463 0.9970703 0.8427734 0.8408203 0.8857422 0.8408203 0.8857422 0.9970703 0.8427734 0.9833984 0.8837891 0.8408203 0.8857422 0.9833984 0.8837891 0.8391719 0.8414463 0.8391719 0.8414463 0.9833984 0.8837891 0.9970703 0.8427734 0.8391719 0.8414463 0.9970703 0.8427734 0.8369141 0.6220703 0.8369141 0.6220703 0.9970703 0.8427734 0.9619141 0.6123047 0.8408203 0.2080077 0.7158203 0.211914 0.8505859 0.3193359 0.8505859 0.3193359 0.7158203 0.211914 0.7041016 0.321289 0.8505859 0.3193359 0.7041016 0.321289 0.8564453 0.3876953 0.8564453 0.3876953 0.7041016 0.321289 0.7001953 0.3896484 0.8564453 0.3876953 0.7001953 0.3896484 0.8505859 0.3193359 0.8505859 0.3193359 0.7001953 0.3896484 0.7041016 0.321289 0.8505859 0.3193359 0.7041016 0.321289 0.8408203 0.2080077 0.8408203 0.2080077 0.7041016 0.321289 0.7158203 0.211914</float_array>
          <technique_common>
            <accessor source="#Mesh_796-mesh-map-0-array" count="351" stride="2">
              <param name="S" type="float"/>
              <param name="T" type="float"/>
            </accessor>
          </technique_common>
        </source>
        <source id="Mesh_796-mesh-colors-Col" name="Col">
          <float_array id="Mesh_796-mesh-colors-Col-array" count="1404">1 0.9568628 0.7333334 1 1 1 0.8784314 1 1 1 0.9411765 1 1 0.9568628 0.7333334 1 1 1 0.9411765 1 1 0.9333333 0.7176471 1 0.6705883 0.6392157 0.5490196 1 0.8392157 0.7921569 0.6901961 1 0.9215686 0.8862745 0.7803922 1 0.6705883 0.6392157 0.5490196 1 0.9215686 0.8862745 0.7803922 1 0.7019608 0.6784314 0.5882353 1 1 0.9686275 0.8117647 1 0.9372549 0.8941177 0.7490196 1 0.9294118 0.8745098 0.7137255 1 1 0.9686275 0.8117647 1 0.9294118 0.8745098 0.7137255 1 1 0.9607843 0.7882353 1 0.9294118 0.5450981 0.5215687 1 0.6705883 0.6392157 0.5450981 1 0.7019608 0.6745098 0.5882353 1 0.9294118 0.5450981 0.5215687 1 0.7019608 0.6745098 0.5882353 1 0.9294118 0.5450981 0.5215687 1 0.8235294 0.5450981 0.772549 1 1 0.972549 0.8705883 1 1 0.9254902 0.827451 1 0.8235294 0.5450981 0.772549 1 1 0.9254902 0.827451 1 0.7921569 0.4941176 0.7294118 1 0.9607843 0.9019608 0.7254902 1 0.9607843 0.9019608 0.7254902 1 1 1 0.827451 1 0.9607843 0.9019608 0.7254902 1 1 1 0.827451 1 1 1 0.827451 1 0.8039216 0.5647059 0.6941177 1 0.8470588 0.6078432 0.8156863 1 0.7960785 0.4627451 0.7254902 1 0.8039216 0.5647059 0.6941177 1 0.7960785 0.4627451 0.7254902 1 0.8156863 0.5686275 0.7019608 1 0.854902 0.6156863 0.7215687 1 0.8431373 0.6 0.8078432 1 0.8470588 0.6078432 0.8156863 1 0.854902 0.6156863 0.7215687 1 0.8470588 0.6078432 0.8156863 1 0.8039216 0.5647059 0.6941177 1 0.7647059 0.5058824 0.6784314 1 0.8235294 0.5450981 0.772549 1 0.7921569 0.4901961 0.7294118 1 0.7647059 0.5058824 0.6784314 1 0.7921569 0.4901961 0.7294118 1 0.7607843 0.5176471 0.6745098 1 0.627451 0.5764706 0.5137255 1 0.8039216 0.5647059 0.6941177 1 0.8156863 0.5725491 0.7019608 1 0.627451 0.5764706 0.5137255 1 0.8156863 0.5725491 0.7019608 1 0.7137255 0.6 0.5882353 1 0.7058824 0.6392157 0.5490196 1 0.8588235 0.6196079 0.7215687 1 0.8078432 0.5686275 0.6941177 1 0.7058824 0.6392157 0.5490196 1 0.8078432 0.5686275 0.6941177 1 0.627451 0.5764706 0.5137255 1 0.6862745 0.627451 0.5411765 1 0.8392157 0.6078432 0.7098039 1 0.8588235 0.6196079 0.7215687 1 0.6862745 0.627451 0.5411765 1 0.8588235 0.6196079 0.7215687 1 0.7058824 0.6431373 0.5490196 1 0.5607843 0.5176471 0.4862745 1 0.7607843 0.5176471 0.6745098 1 0.8392157 0.6078432 0.7098039 1 0.5607843 0.5176471 0.4862745 1 0.8392157 0.6078432 0.7098039 1 0.6862745 0.627451 0.5411765 1 0.5529412 0.509804 0.4784314 1 0.7686275 0.509804 0.682353 1 0.7607843 0.5176471 0.6745098 1 0.5529412 0.509804 0.4784314 1 0.7607843 0.5176471 0.6745098 1 0.5568628 0.5176471 0.4862745 1 0.4235294 0.4235294 0.4235294 1 0.627451 0.5764706 0.509804 1 0.5490196 0.5254902 0.4705882 1 0.4235294 0.4235294 0.4235294 1 0.5490196 0.5254902 0.4705882 1 0.4235294 0.4235294 0.4235294 1 0.4431372 0.4392157 0.427451 1 0.5490196 0.509804 0.4784314 1 0.5568628 0.5137255 0.4784314 1 0.4431372 0.4392157 0.427451 1 0.5568628 0.5137255 0.4784314 1 0.4235294 0.4235294 0.4235294 1 1 0.6470589 0.6470589 1 1 1 0.7372549 1 1 1 0.7372549 1 1 0.6470589 0.6470589 1 1 1 0.7372549 1 1 0.6470589 0.6470589 1 1 1 1 1 1 1 0.7372549 1 1 1 1 1 1 1 1 1 1 1 1 1 0.9372549 0.8941177 0.7450981 1 0.9372549 0.8941177 0.7450981 1 1 1 1 1 0.9294118 0.8745098 0.7137255 1 0.9607843 0.8980392 0.7254902 1 0.9607843 0.9019608 0.7254902 1 1 0.9254902 0.827451 1 0.9607843 0.8980392 0.7254902 1 1 0.9254902 0.827451 1 0.9647059 0.9058824 0.7294118 1 0.9647059 0.9058824 0.7294118 1 1 0.9254902 0.827451 1 1 0.972549 0.8705883 1 0.9647059 0.9058824 0.7294118 1 1 0.972549 0.8705883 1 1 0.9607843 0.7803922 1 0.8431373 0.6 0.8078432 1 1 1 0.9450981 1 1 1 0.9490196 1 0.8431373 0.6 0.8078432 1 1 1 0.9490196 1 0.8470588 0.6078432 0.8156863 1 0.8470588 0.6078432 0.8156863 1 1 1 0.9490196 1 1 0.8588235 0.8980392 1 0.8470588 0.6078432 0.8156863 1 1 0.8588235 0.8980392 1 0.9843137 0.8313726 0.882353 1 0.7921569 0.4941176 0.7294118 1 1 0.9254902 0.827451 1 0.9607843 0.9019608 0.7254902 1 0.7921569 0.4941176 0.7294118 1 0.9607843 0.9019608 0.7254902 1 0.7843137 0.4705882 0.7137255 1 0.7843137 0.4705882 0.7137255 1 0.9607843 0.9019608 0.7254902 1 1 0.972549 0.9411765 1 0.7843137 0.4705882 0.7137255 1 1 0.972549 0.9411765 1 0.8431373 0.6 0.8078432 1 0.7607843 0.5176471 0.6745098 1 0.7921569 0.4941176 0.7294118 1 0.7843137 0.4705882 0.7137255 1 0.7607843 0.5176471 0.6745098 1 0.7843137 0.4705882 0.7137255 1 0.8588235 0.6196079 0.7215687 1 0.8588235 0.6196079 0.7215687 1 0.7843137 0.4705882 0.7137255 1 0.8431373 0.6 0.8078432 1 0.8588235 0.6196079 0.7215687 1 0.8431373 0.6 0.8078432 1 0.8588235 0.6196079 0.7215687 1 1 1 0.827451 1 1 1 0.9137255 1 1 1 0.9529412 1 1 1 0.827451 1 1 1 0.9529412 1 1 1 0.8470588 1 1 1 0.8470588 1 1 1 0.9529412 1 1 1 0.9450981 1 1 1 0.8470588 1 1 1 0.9450981 1 1 1 0.8431373 1 1 0.9607843 0.7803922 1 0.4431372 0.4392157 0.427451 1 0.4235294 0.4235294 0.4235294 1 1 0.9607843 0.7803922 1 0.4235294 0.4235294 0.4235294 1 0.9647059 0.9058824 0.7294118 1 0.9647059 0.9058824 0.7294118 1 0.4235294 0.4235294 0.4235294 1 0.4235294 0.4235294 0.4235294 1 0.9647059 0.9058824 0.7294118 1 0.4235294 0.4235294 0.4235294 1 0.9607843 0.8980392 0.7215687 1 1 1 0.7372549 1 1 1 0.7372549 1 1 1 0.7372549 1 1 1 0.7372549 1 1 1 0.7372549 1 1 0.9294118 0.827451 1 1 0.9294118 0.827451 1 1 1 0.7372549 1 1 0.8705883 0.8156863 1 1 0.9294118 0.827451 1 1 0.8705883 0.8156863 1 1 0.9254902 0.8039216 1 1 0.9254902 0.8039216 1 1 0.8705883 0.8156863 1 1 0.9058824 0.827451 1 0.4235294 0.4235294 0.4235294 1 1 1 0.827451 1 1 1 0.8470588 1 0.4235294 0.4235294 0.4235294 1 1 1 0.8470588 1 0.4235294 0.4235294 0.4235294 1 0.4235294 0.4235294 0.4235294 1 1 1 0.8470588 1 1 1 0.8431373 1 0.4235294 0.4235294 0.4235294 1 1 1 0.8431373 1 0.4235294 0.4235294 0.4235294 1 0.4235294 0.4235294 0.4235294 1 1 1 0.8431373 1 0.9607843 0.8980392 0.7254902 1 0.4235294 0.4235294 0.4235294 1 0.9607843 0.8980392 0.7254902 1 0.4235294 0.4235294 0.4235294 1 0.4235294 0.4235294 0.4235294 1 0.5568628 0.5176471 0.4862745 1 0.6862745 0.627451 0.5411765 1 0.4235294 0.4235294 0.4235294 1 0.6862745 0.627451 0.5411765 1 0.4235294 0.4235294 0.4235294 1 0.4235294 0.4235294 0.4235294 1 0.6862745 0.627451 0.5411765 1 0.7058824 0.6392157 0.5490196 1 0.4235294 0.4235294 0.4235294 1 0.7058824 0.6392157 0.5490196 1 0.4235294 0.4235294 0.4235294 1 0.4235294 0.4235294 0.4235294 1 0.7058824 0.6392157 0.5490196 1 0.627451 0.5764706 0.5137255 1 0.4235294 0.4235294 0.4235294 1 0.627451 0.5764706 0.5137255 1 0.4235294 0.4235294 0.4235294 1 1 0.9058824 0.827451 1 1 0.9294118 0.827451 1 1 0.9294118 0.8039216 1 1 1 0.8784314 1 1 1 0.8784314 1 1 0.9333333 0.7176471 1 1 0.9607843 0.7882353 1 1 1 0.8352941 1 1 0.9686275 0.8117647 1 1 0.9254902 0.7333334 1 1 0.8980392 0.7254902 1 0.9098039 0.8313726 0.7137255 1 1 0.9254902 0.7333334 1 0.9098039 0.8313726 0.7137255 1 0.9176471 0.8313726 0.6784314 1 1 0.8784314 0.972549 1 0.8392157 0.7921569 0.6901961 1 1 0.8784314 0.972549 1 1 0.8784314 0.972549 1 0.8392157 0.7921569 0.6901961 1 1 0.8784314 0.972549 1 1 0.8784314 0.972549 1 1 0.8784314 0.972549 1 0.9294118 0.5450981 0.5215687 1 0.9294118 0.5450981 0.5215687 1 1 0.8784314 0.972549 1 0.9294118 0.5450981 0.5215687 1 1 0.6470589 0.6470589 1 1 0.6470589 0.6470589 1 1 1 0.7372549 1 1 1 0.7372549 1 1 0.6470589 0.6470589 1 1 1 0.7372549 1 1 1 0.7372549 1 1 1 0.7372549 1 1 1 0.7372549 1 1 1 0.7372549 1 1 1 0.7372549 1 1 1 0.7372549 1 1 1 0.7372549 1 1 1 0.7372549 1 1 1 0.7372549 1 1 1 0.7372549 1 1 1 0.7372549 1 1 1 0.7372549 1 1 0.6470589 0.6470589 1 1 0.6470589 0.6470589 1 1 1 0.7372549 1 1 1 0.7372549 1 1 0.6470589 0.6470589 1 1 1 0.7372549 1 1 1 0.7372549 1 1 1 0.7372549 1 1 1 0.7372549 1 1 1 0.7372549 1 1 1 0.7372549 1 1 1 0.7372549 1 1 1 0.7372549 1 1 1 0.7372549 1 1 1 0.7372549 1 1 1 0.7372549 1 1 1 0.7372549 1 1 1 0.7372549 1 1 1 0.7372549 1 1 1 0.7372549 1 1 0.6470589 0.6470589 1 1 0.6470589 0.6470589 1 1 1 0.7372549 1 1 0.6470589 0.6470589 1 1 0.6470589 0.6470589 1 1 0.6470589 0.6470589 1 1 1 0.7372549 1 1 1 0.7372549 1 1 0.6470589 0.6470589 1 1 1 0.7372549 1 1 1 0.7372549 1 1 1 0.7372549 1 1 1 0.7372549 1 1 1 0.7372549 1 1 1 0.7372549 1 1 1 0.7372549 1 1 1 0.7372549 1 1 1 0.7372549 1 1 1 0.7372549 1 1 1 0.7372549 1 1 1 0.7372549 1 1 1 0.7372549 1 1 1 0.7372549 1 1 1 0.7372549 1 1 0.6470589 0.6470589 1 1 0.6470589 0.6470589 1 1 1 0.7372549 1 1 0.6470589 0.6470589 1 0.9294118 0.5450981 0.5215687 1 0.9294118 0.5450981 0.5215687 1 0.7254902 0.6784314 0.5529412 1 0.7254902 0.6784314 0.5529412 1 0.9294118 0.5450981 0.5215687 1 1 0.6470589 0.6470589 1 0.7254902 0.6784314 0.5529412 1 1 0.6470589 0.6470589 1 0.8509804 0.772549 0.6392157 1 0.8509804 0.772549 0.6392157 1 1 0.6470589 0.6470589 1 0.8627451 0.7803922 0.6392157 1 0.8509804 0.772549 0.6392157 1 0.8627451 0.7803922 0.6392157 1 1 0.8784314 0.972549 1 1 0.8784314 0.972549 1 0.8627451 0.7803922 0.6392157 1 1 0.8784314 0.972549 1 1 0.8784314 0.972549 1 1 0.8784314 0.972549 1 0.9294118 0.5450981 0.5215687 1 0.9294118 0.5450981 0.5215687 1 1 0.8784314 0.972549 1 0.9294118 0.5450981 0.5215687 1</float_array>
          <technique_common>
            <accessor source="#Mesh_796-mesh-colors-Col-array" count="351" stride="4">
              <param name="R" type="float"/>
              <param name="G" type="float"/>
              <param name="B" type="float"/>
              <param name="A" type="float"/>
            </accessor>
          </technique_common>
        </source>
        <vertices id="Mesh_796-mesh-vertices">
          <input semantic="POSITION" source="#Mesh_796-mesh-positions"/>
        </vertices>
        <triangles material="Image_0-material" count="117">
          <input semantic="VERTEX" source="#Mesh_796-mesh-vertices" offset="0"/>
          <input semantic="NORMAL" source="#Mesh_796-mesh-normals" offset="1"/>
          <input semantic="TEXCOORD" source="#Mesh_796-mesh-map-0" offset="2" set="0"/>
          <input semantic="COLOR" source="#Mesh_796-mesh-colors-Col" offset="3" set="0"/>
          <p>1 0 0 0 0 1 1 1 2 2 2 2 1 0 3 3 2 2 4 4 3 3 5 5 5 4 6 6 4 5 7 7 6 6 8 8 5 4 9 9 6 6 10 10 7 7 11 11 9 8 12 12 8 9 13 13 10 10 14 14 9 8 15 15 10 10 16 16 11 11 17 17 13 12 18 18 12 13 19 19 14 14 20 20 13 12 21 21 14 14 22 22 15 15 23 23 17 16 24 24 16 17 25 25 18 18 26 26 17 16 27 27 18 18 28 28 19 19 29 29 21 20 30 30 20 21 31 31 22 22 32 32 21 20 33 33 22 22 34 34 23 23 35 35 25 24 36 36 24 25 37 37 26 26 38 38 25 24 39 39 26 26 40 40 27 27 41 41 29 28 42 42 28 29 43 43 30 30 44 44 29 28 45 45 30 30 46 46 31 31 47 47 33 32 48 48 32 33 49 49 34 34 50 50 33 32 51 51 34 34 52 52 35 35 53 53 37 36 54 54 36 37 55 55 38 38 56 56 37 36 57 57 38 38 58 58 39 36 59 59 41 39 60 60 40 40 61 61 42 41 62 62 41 39 63 63 42 41 64 64 43 42 65 65 45 36 66 66 44 43 67 67 46 38 68 68 45 36 69 69 46 38 70 70 47 44 71 71 49 45 72 72 48 46 73 73 50 47 74 74 49 45 75 75 50 47 76 76 51 48 77 77 53 49 78 78 52 50 79 79 54 51 80 80 53 49 81 81 54 51 82 82 55 52 83 83 57 53 84 84 56 54 85 85 58 55 86 86 57 53 87 87 58 55 88 88 59 56 89 89 61 57 90 90 60 58 91 91 62 59 92 92 61 57 93 93 62 59 94 94 63 60 95 95 65 61 96 96 64 62 97 97 66 63 98 98 65 61 99 99 66 63 100 100 67 64 101 101 69 65 102 102 68 66 103 103 70 67 104 104 69 65 105 105 70 67 106 106 71 68 107 107 71 68 108 108 70 67 109 109 72 69 110 110 74 70 111 111 73 71 112 112 75 72 113 113 74 70 114 114 75 72 115 115 76 73 116 116 76 73 117 117 75 72 118 118 77 74 119 119 76 73 120 120 77 74 121 121 78 75 122 122 80 76 123 123 79 77 124 124 81 78 125 125 80 76 126 126 81 78 127 127 82 79 128 128 82 79 129 129 81 78 130 130 83 80 131 131 82 79 132 132 83 80 133 133 84 81 134 134 86 82 135 135 85 83 136 136 87 84 137 137 86 82 138 138 87 84 139 139 88 85 140 140 88 85 141 141 87 84 142 142 89 86 143 143 88 85 144 144 89 86 145 145 90 87 146 146 92 88 147 147 91 89 148 148 93 90 149 149 92 88 150 150 93 90 151 151 94 91 152 152 94 91 153 153 93 90 154 154 95 92 155 155 94 91 156 156 95 92 157 157 96 93 158 158 98 22 159 159 97 94 160 160 99 95 161 161 98 22 162 162 99 95 163 163 100 96 164 164 100 96 165 165 99 95 166 166 101 97 167 167 100 96 168 168 101 97 169 169 102 98 170 170 104 99 171 171 103 100 172 172 105 101 173 173 104 99 174 174 105 101 175 175 106 102 176 176 106 102 177 177 105 101 178 178 107 103 179 179 106 102 180 180 107 103 181 181 108 104 182 182 110 105 183 183 109 106 184 184 111 107 185 185 110 105 186 186 111 107 187 187 112 108 188 188 112 108 189 189 111 107 190 190 113 109 191 191 112 108 192 192 113 109 193 193 114 110 194 194 114 110 195 195 113 109 196 196 115 111 197 197 117 112 198 198 116 113 199 199 118 114 200 200 117 112 201 201 118 114 202 202 119 115 203 203 119 115 204 204 118 114 205 205 120 116 206 206 119 115 207 207 120 116 208 208 121 117 209 209 121 117 210 210 120 116 211 211 122 118 212 212 121 117 213 213 122 118 214 214 123 119 215 215 125 120 216 216 124 121 217 217 126 122 218 218 125 120 219 219 126 122 220 220 127 123 221 221 127 123 222 222 126 122 223 223 128 124 224 224 127 123 225 225 128 124 226 226 129 125 227 227 129 125 228 228 128 124 229 229 130 126 230 230 129 125 231 231 130 126 232 232 131 127 233 233 133 128 234 234 132 129 235 235 134 130 236 236 136 131 237 237 135 9 238 238 137 132 239 239 139 133 240 240 138 1 241 241 140 134 242 242 142 135 243 243 141 136 244 244 143 137 245 245 142 135 246 246 143 137 247 247 144 138 248 248 145 139 249 249 146 140 250 250 147 141 251 251 147 141 252 252 146 140 253 253 148 142 254 254 147 141 255 255 148 142 256 256 149 143 257 257 149 143 258 258 148 142 259 259 150 144 260 260 151 145 261 261 152 146 262 262 153 147 263 263 153 147 264 264 152 146 265 265 154 148 266 266 153 147 267 267 154 148 268 268 155 149 269 269 155 149 270 270 154 148 271 271 156 150 272 272 155 149 273 273 156 150 274 274 157 151 275 275 157 151 276 276 156 150 277 277 158 152 278 278 159 153 279 279 160 154 280 280 161 155 281 281 161 155 282 282 160 154 283 283 162 156 284 284 161 155 285 285 162 156 286 286 163 157 287 287 163 157 288 288 162 156 289 289 164 158 290 290 163 157 291 291 164 158 292 292 165 159 293 293 165 159 294 294 164 158 295 295 166 160 296 296 165 159 297 297 166 160 298 298 167 161 299 299 167 161 300 300 166 160 301 301 168 162 302 302 169 163 303 303 170 164 304 304 171 165 305 305 171 165 306 306 170 164 307 307 172 166 308 308 171 165 309 309 172 166 310 310 173 167 311 311 173 167 312 312 172 166 313 313 174 168 314 314 173 167 315 315 174 168 316 316 175 169 317 317 175 169 318 318 174 168 319 319 176 170 320 320 175 169 321 321 176 170 322 322 177 171 323 323 177 171 324 324 176 170 325 325 178 64 326 326 179 172 327 327 180 173 328 328 181 174 329 329 181 174 330 330 180 173 331 331 182 175 332 332 181 174 333 333 182 175 334 334 183 176 335 335 183 176 336 336 182 175 337 337 184 177 338 338 183 176 339 339 184 177 340 340 185 178 341 341 185 178 342 342 184 177 343 343 186 179 344 344 185 178 345 345 186 179 346 346 187 180 347 347 187 180 348 348 186 179 349 349 188 181 350 350</p>
        </triangles>
      </mesh>
    </geometry>
    <geometry id="Mesh_795-mesh" name="Mesh_795">
      <mesh>
        <source id="Mesh_795-mesh-positions">
          <float_array id="Mesh_795-mesh-positions-array" count="12">-77.5106 -179.5599 0.1020008 -77.5106 37.90001 0.1020008 60.38378 -179.5599 0.1020082 60.38378 37.90001 0.1020082</float_array>
          <technique_common>
            <accessor source="#Mesh_795-mesh-positions-array" count="4" stride="3">
              <param name="X" type="float"/>
              <param name="Y" type="float"/>
              <param name="Z" type="float"/>
            </accessor>
          </technique_common>
        </source>
        <source id="Mesh_795-mesh-normals">
          <float_array id="Mesh_795-mesh-normals-array" count="12">1 0 0 1 0 0 1 4.77711e-5 0 1 -4.79976e-5 0</float_array>
          <technique_common>
            <accessor source="#Mesh_795-mesh-normals-array" count="4" stride="3">
              <param name="X" type="float"/>
              <param name="Y" type="float"/>
              <param name="Z" type="float"/>
            </accessor>
          </technique_common>
        </source>
        <source id="Mesh_795-mesh-map-0">
          <float_array id="Mesh_795-mesh-map-0-array" count="12">0.7937467 0.7623313 0.7933962 0.4518637 0.9916159 0.763229 0.9916159 0.763229 0.7933962 0.4518637 0.9932186 0.4527614</float_array>
          <technique_common>
            <accessor source="#Mesh_795-mesh-map-0-array" count="6" stride="2">
              <param name="S" type="float"/>
              <param name="T" type="float"/>
            </accessor>
          </technique_common>
        </source>
        <source id="Mesh_795-mesh-colors-Col" name="Col">
          <float_array id="Mesh_795-mesh-colors-Col-array" count="24">1 1 1 1 1 1 1 1 1 1 1 1 1 1 1 1 1 1 1 1 1 1 1 1</float_array>
          <technique_common>
            <accessor source="#Mesh_795-mesh-colors-Col-array" count="6" stride="4">
              <param name="R" type="float"/>
              <param name="G" type="float"/>
              <param name="B" type="float"/>
              <param name="A" type="float"/>
            </accessor>
          </technique_common>
        </source>
        <vertices id="Mesh_795-mesh-vertices">
          <input semantic="POSITION" source="#Mesh_795-mesh-positions"/>
        </vertices>
        <triangles material="Image_5-material" count="2">
          <input semantic="VERTEX" source="#Mesh_795-mesh-vertices" offset="0"/>
          <input semantic="NORMAL" source="#Mesh_795-mesh-normals" offset="1"/>
          <input semantic="TEXCOORD" source="#Mesh_795-mesh-map-0" offset="2" set="0"/>
          <input semantic="COLOR" source="#Mesh_795-mesh-colors-Col" offset="3" set="0"/>
          <p>0 0 0 0 1 1 1 1 2 2 2 2 2 2 3 3 1 1 4 4 3 3 5 5</p>
        </triangles>
      </mesh>
    </geometry>
    <geometry id="Mesh_794-mesh" name="Mesh_794">
      <mesh>
        <source id="Mesh_794-mesh-positions">
          <float_array id="Mesh_794-mesh-positions-array" count="12">-77.5106 -179.5599 0.1020008 -77.5106 37.90001 0.1020008 60.38378 -179.5599 0.1020082 60.38378 37.90001 0.1020082</float_array>
          <technique_common>
            <accessor source="#Mesh_794-mesh-positions-array" count="4" stride="3">
              <param name="X" type="float"/>
              <param name="Y" type="float"/>
              <param name="Z" type="float"/>
            </accessor>
          </technique_common>
        </source>
        <source id="Mesh_794-mesh-normals">
          <float_array id="Mesh_794-mesh-normals-array" count="12">1 0 0 1 0 0 1 4.77711e-5 0 1 -4.79976e-5 0</float_array>
          <technique_common>
            <accessor source="#Mesh_794-mesh-normals-array" count="4" stride="3">
              <param name="X" type="float"/>
              <param name="Y" type="float"/>
              <param name="Z" type="float"/>
            </accessor>
          </technique_common>
        </source>
        <source id="Mesh_794-mesh-map-0">
          <float_array id="Mesh_794-mesh-map-0-array" count="12">0.7937467 0.7623313 0.7933962 0.4518637 0.9916159 0.763229 0.9916159 0.763229 0.7933962 0.4518637 0.9932186 0.4527614</float_array>
          <technique_common>
            <accessor source="#Mesh_794-mesh-map-0-array" count="6" stride="2">
              <param name="S" type="float"/>
              <param name="T" type="float"/>
            </accessor>
          </technique_common>
        </source>
        <source id="Mesh_794-mesh-colors-Col" name="Col">
          <float_array id="Mesh_794-mesh-colors-Col-array" count="24">1 1 1 1 1 1 1 1 1 1 1 1 1 1 1 1 1 1 1 1 1 1 1 1</float_array>
          <technique_common>
            <accessor source="#Mesh_794-mesh-colors-Col-array" count="6" stride="4">
              <param name="R" type="float"/>
              <param name="G" type="float"/>
              <param name="B" type="float"/>
              <param name="A" type="float"/>
            </accessor>
          </technique_common>
        </source>
        <vertices id="Mesh_794-mesh-vertices">
          <input semantic="POSITION" source="#Mesh_794-mesh-positions"/>
        </vertices>
        <triangles material="Image_5-material" count="2">
          <input semantic="VERTEX" source="#Mesh_794-mesh-vertices" offset="0"/>
          <input semantic="NORMAL" source="#Mesh_794-mesh-normals" offset="1"/>
          <input semantic="TEXCOORD" source="#Mesh_794-mesh-map-0" offset="2" set="0"/>
          <input semantic="COLOR" source="#Mesh_794-mesh-colors-Col" offset="3" set="0"/>
          <p>0 0 0 0 1 1 1 1 2 2 2 2 2 2 3 3 1 1 4 4 3 3 5 5</p>
        </triangles>
      </mesh>
    </geometry>
    <geometry id="Mesh_793-mesh" name="Mesh_793">
      <mesh>
        <source id="Mesh_793-mesh-positions">
          <float_array id="Mesh_793-mesh-positions-array" count="9">444.0133 -75.89152 4901.802 -1.399842 -4.491419 6.40409e-6 -450.9363 -75.89152 4901.802</float_array>
          <technique_common>
            <accessor source="#Mesh_793-mesh-positions-array" count="3" stride="3">
              <param name="X" type="float"/>
              <param name="Y" type="float"/>
              <param name="Z" type="float"/>
            </accessor>
          </technique_common>
        </source>
        <source id="Mesh_793-mesh-normals">
          <float_array id="Mesh_793-mesh-normals-array" count="3">0 -0.999894 -0.01456451</float_array>
          <technique_common>
            <accessor source="#Mesh_793-mesh-normals-array" count="1" stride="3">
              <param name="X" type="float"/>
              <param name="Y" type="float"/>
              <param name="Z" type="float"/>
            </accessor>
          </technique_common>
        </source>
        <source id="Mesh_793-mesh-map-0">
          <float_array id="Mesh_793-mesh-map-0-array" count="6">0.03535395 0.3433482 0.06542968 0.2861328 0.006835937 0.2861328</float_array>
          <technique_common>
            <accessor source="#Mesh_793-mesh-map-0-array" count="3" stride="2">
              <param name="S" type="float"/>
              <param name="T" type="float"/>
            </accessor>
          </technique_common>
        </source>
        <source id="Mesh_793-mesh-colors-Col" name="Col">
          <float_array id="Mesh_793-mesh-colors-Col-array" count="12">1 1 1 1 1 1 1 1 1 1 1 1</float_array>
          <technique_common>
            <accessor source="#Mesh_793-mesh-colors-Col-array" count="3" stride="4">
              <param name="R" type="float"/>
              <param name="G" type="float"/>
              <param name="B" type="float"/>
              <param name="A" type="float"/>
            </accessor>
          </technique_common>
        </source>
        <vertices id="Mesh_793-mesh-vertices">
          <input semantic="POSITION" source="#Mesh_793-mesh-positions"/>
        </vertices>
        <triangles material="Image_5-material" count="1">
          <input semantic="VERTEX" source="#Mesh_793-mesh-vertices" offset="0"/>
          <input semantic="NORMAL" source="#Mesh_793-mesh-normals" offset="1"/>
          <input semantic="TEXCOORD" source="#Mesh_793-mesh-map-0" offset="2" set="0"/>
          <input semantic="COLOR" source="#Mesh_793-mesh-colors-Col" offset="3" set="0"/>
          <p>1 0 0 0 0 0 1 1 2 0 2 2</p>
        </triangles>
      </mesh>
    </geometry>
    <geometry id="Mesh_792-mesh" name="Mesh_792">
      <mesh>
        <source id="Mesh_792-mesh-positions">
          <float_array id="Mesh_792-mesh-positions-array" count="9">469.2737 -2.999848 4627.802 1.999512 -2.399744 6.40411e-6 -459.0302 -2.999848 4627.802</float_array>
          <technique_common>
            <accessor source="#Mesh_792-mesh-positions-array" count="3" stride="3">
              <param name="X" type="float"/>
              <param name="Y" type="float"/>
              <param name="Z" type="float"/>
            </accessor>
          </technique_common>
        </source>
        <source id="Mesh_792-mesh-normals">
          <float_array id="Mesh_792-mesh-normals-array" count="3">0 -1 -1.29674e-4</float_array>
          <technique_common>
            <accessor source="#Mesh_792-mesh-normals-array" count="1" stride="3">
              <param name="X" type="float"/>
              <param name="Y" type="float"/>
              <param name="Z" type="float"/>
            </accessor>
          </technique_common>
        </source>
        <source id="Mesh_792-mesh-map-0">
          <float_array id="Mesh_792-mesh-map-0-array" count="6">0.03538614 0.3445479 0.06649285 0.2746508 0.003959 0.2746508</float_array>
          <technique_common>
            <accessor source="#Mesh_792-mesh-map-0-array" count="3" stride="2">
              <param name="S" type="float"/>
              <param name="T" type="float"/>
            </accessor>
          </technique_common>
        </source>
        <source id="Mesh_792-mesh-colors-Col" name="Col">
          <float_array id="Mesh_792-mesh-colors-Col-array" count="12">1 1 1 1 1 1 1 1 1 1 1 1</float_array>
          <technique_common>
            <accessor source="#Mesh_792-mesh-colors-Col-array" count="3" stride="4">
              <param name="R" type="float"/>
              <param name="G" type="float"/>
              <param name="B" type="float"/>
              <param name="A" type="float"/>
            </accessor>
          </technique_common>
        </source>
        <vertices id="Mesh_792-mesh-vertices">
          <input semantic="POSITION" source="#Mesh_792-mesh-positions"/>
        </vertices>
        <triangles material="Image_5-material" count="1">
          <input semantic="VERTEX" source="#Mesh_792-mesh-vertices" offset="0"/>
          <input semantic="NORMAL" source="#Mesh_792-mesh-normals" offset="1"/>
          <input semantic="TEXCOORD" source="#Mesh_792-mesh-map-0" offset="2" set="0"/>
          <input semantic="COLOR" source="#Mesh_792-mesh-colors-Col" offset="3" set="0"/>
          <p>1 0 0 0 0 0 1 1 2 0 2 2</p>
        </triangles>
      </mesh>
    </geometry>
    <geometry id="Mesh_791-mesh" name="Mesh_791">
      <mesh>
        <source id="Mesh_791-mesh-positions">
          <float_array id="Mesh_791-mesh-positions-array" count="9">618.508 -8.99991 5807.203 0 -8.399806 6.40409e-6 -618.5152 -8.99991 5807.203</float_array>
          <technique_common>
            <accessor source="#Mesh_791-mesh-positions-array" count="3" stride="3">
              <param name="X" type="float"/>
              <param name="Y" type="float"/>
              <param name="Z" type="float"/>
            </accessor>
          </technique_common>
        </source>
        <source id="Mesh_791-mesh-normals">
          <float_array id="Mesh_791-mesh-normals-array" count="3">0 -1 -1.03338e-4</float_array>
          <technique_common>
            <accessor source="#Mesh_791-mesh-normals-array" count="1" stride="3">
              <param name="X" type="float"/>
              <param name="Y" type="float"/>
              <param name="Z" type="float"/>
            </accessor>
          </technique_common>
        </source>
        <source id="Mesh_791-mesh-map-0">
          <float_array id="Mesh_791-mesh-map-0-array" count="6">0.03491008 0.3428838 0.06152343 0.2919921 0.01074218 0.2919921</float_array>
          <technique_common>
            <accessor source="#Mesh_791-mesh-map-0-array" count="3" stride="2">
              <param name="S" type="float"/>
              <param name="T" type="float"/>
            </accessor>
          </technique_common>
        </source>
        <source id="Mesh_791-mesh-colors-Col" name="Col">
          <float_array id="Mesh_791-mesh-colors-Col-array" count="12">1 1 1 1 1 1 1 1 1 1 1 1</float_array>
          <technique_common>
            <accessor source="#Mesh_791-mesh-colors-Col-array" count="3" stride="4">
              <param name="R" type="float"/>
              <param name="G" type="float"/>
              <param name="B" type="float"/>
              <param name="A" type="float"/>
            </accessor>
          </technique_common>
        </source>
        <vertices id="Mesh_791-mesh-vertices">
          <input semantic="POSITION" source="#Mesh_791-mesh-positions"/>
        </vertices>
        <triangles material="Image_5-material" count="1">
          <input semantic="VERTEX" source="#Mesh_791-mesh-vertices" offset="0"/>
          <input semantic="NORMAL" source="#Mesh_791-mesh-normals" offset="1"/>
          <input semantic="TEXCOORD" source="#Mesh_791-mesh-map-0" offset="2" set="0"/>
          <input semantic="COLOR" source="#Mesh_791-mesh-colors-Col" offset="3" set="0"/>
          <p>1 0 0 0 0 0 1 1 2 0 2 2</p>
        </triangles>
      </mesh>
    </geometry>
    <geometry id="Mesh_790-mesh" name="Mesh_790">
      <mesh>
        <source id="Mesh_790-mesh-positions">
          <float_array id="Mesh_790-mesh-positions-array" count="9">312.3381 -9.200105 4528.402 0 -8.600001 6.40411e-6 -312.3417 -9.200105 4528.402</float_array>
          <technique_common>
            <accessor source="#Mesh_790-mesh-positions-array" count="3" stride="3">
              <param name="X" type="float"/>
              <param name="Y" type="float"/>
              <param name="Z" type="float"/>
            </accessor>
          </technique_common>
        </source>
        <source id="Mesh_790-mesh-normals">
          <float_array id="Mesh_790-mesh-normals-array" count="3">0 -1 -1.3252e-4</float_array>
          <technique_common>
            <accessor source="#Mesh_790-mesh-normals-array" count="1" stride="3">
              <param name="X" type="float"/>
              <param name="Y" type="float"/>
              <param name="Z" type="float"/>
            </accessor>
          </technique_common>
        </source>
        <source id="Mesh_790-mesh-map-0">
          <float_array id="Mesh_790-mesh-map-0-array" count="6">0.03515726 0.3445458 0.07021224 0.2713304 3.46124e-4 0.2713304</float_array>
          <technique_common>
            <accessor source="#Mesh_790-mesh-map-0-array" count="3" stride="2">
              <param name="S" type="float"/>
              <param name="T" type="float"/>
            </accessor>
          </technique_common>
        </source>
        <source id="Mesh_790-mesh-colors-Col" name="Col">
          <float_array id="Mesh_790-mesh-colors-Col-array" count="12">1 1 1 1 1 1 1 1 1 1 1 1</float_array>
          <technique_common>
            <accessor source="#Mesh_790-mesh-colors-Col-array" count="3" stride="4">
              <param name="R" type="float"/>
              <param name="G" type="float"/>
              <param name="B" type="float"/>
              <param name="A" type="float"/>
            </accessor>
          </technique_common>
        </source>
        <vertices id="Mesh_790-mesh-vertices">
          <input semantic="POSITION" source="#Mesh_790-mesh-positions"/>
        </vertices>
        <triangles material="Image_5-material" count="1">
          <input semantic="VERTEX" source="#Mesh_790-mesh-vertices" offset="0"/>
          <input semantic="NORMAL" source="#Mesh_790-mesh-normals" offset="1"/>
          <input semantic="TEXCOORD" source="#Mesh_790-mesh-map-0" offset="2" set="0"/>
          <input semantic="COLOR" source="#Mesh_790-mesh-colors-Col" offset="3" set="0"/>
          <p>1 0 0 0 0 0 1 1 2 0 2 2</p>
        </triangles>
      </mesh>
    </geometry>
    <geometry id="Mesh_774-mesh" name="Mesh_774">
      <mesh>
        <source id="Mesh_774-mesh-positions">
          <float_array id="Mesh_774-mesh-positions-array" count="261">108.5298 -3.33961e-5 -113.1451 -102.5297 -3.42337e-5 -113.1452 20.8117 -23.20001 -33.97056 -14.81162 -23.20001 -33.97057 -102.5297 -3.42337e-5 -113.1452 -50.71669 8.76395e-6 30.98716 -32.62328 -1.00495e-5 -34.18078 -14.81162 -23.20001 -33.97057 -102.5297 -3.42337e-5 -113.1452 -106.1222 3.58875e-5 121.4465 -26.31021 -23.20677 121.4465 -23.85833 -23.19999 31.61755 29.37187 -23.20677 121.4465 29.85838 -23.19999 31.61756 112.1222 3.67536e-5 121.4465 56.71674 9.19029e-6 30.98718 108.5298 -3.33961e-5 -113.1451 -102.5297 -3.42337e-5 -113.1452 -106.1222 3.58875e-5 121.4465 -50.71669 8.76395e-6 30.98716 -23.85833 -23.19999 31.61755 -14.81162 -23.20001 -33.97057 29.85838 -23.19999 31.61756 20.8117 -23.20001 -33.97056 56.71674 9.19029e-6 30.98718 38.62335 -9.76673e-6 -34.18077 108.5298 -3.33961e-5 -113.1451 38.62335 -9.76673e-6 -34.18077 108.5298 -3.33961e-5 -113.1451 20.8117 -23.20001 -33.97056 13.25533 9.588051 -167.6216 168.9391 -59.51536 -146.5475 170.0402 -62.44061 -164.2741 187.1968 -67.21328 -141.0968 188.6649 -71.11361 -164.7322 207.7054 -77.94071 -150.2378 158.6778 -55.22602 -163.1937 117.7349 -59.50083 -333.4239 56.5032 -9.873872 -177.0245 13.25533 9.588051 -167.6216 170.0402 -62.44061 -164.2741 14.35646 6.662664 -185.3482 12.54391 4.99967 118.7992 19.90647 4.999671 85.79914 2.999844 1.799665 118.7992 2.999851 -0.2003306 85.79914 -13.90677 4.999671 85.79914 39.33565 4.999677 -31.6008 16.50373 4.999678 -59.80087 21.16776 -18.20032 -31.4006 -10.50396 4.999678 -59.80087 -15.16801 -18.20032 -31.4006 -33.3359 4.999676 -31.6008 -49.93385 4.999672 61.35918 -13.90677 4.999671 85.79914 -23.467 -18.20032 61.35918 2.999851 -0.2003306 85.79914 29.46671 -18.20032 61.35918 19.90647 4.999671 85.79914 55.93356 4.999673 61.35918 57.7909 4.999674 28.55919 30.39538 -18.20032 29.15955 29.46671 -18.20032 61.35918 -24.39566 -18.20032 29.15955 -23.467 -18.20032 61.35918 -51.79117 4.999674 28.55919 -49.93385 4.999672 61.35918 16.50373 4.999678 -59.80087 16.50381 4.999696 -481.0008 -10.50388 4.999696 -481.0009 32.20067 4.999699 -531.0009 -26.20073 4.999698 -531.0009 32.20069 4.999702 -611.6007 -26.20072 4.999701 -611.6007 62.87111 4.999704 -661.6007 -56.87111 4.999704 -661.6007 62.87111 4.999705 -684.6339 -56.87111 4.999705 -684.6339 55.93356 4.999673 61.35918 57.7909 4.999674 28.55919 29.46671 -18.20032 61.35918 -10.50396 4.999678 -59.80087 16.50373 4.999678 -59.80087 -10.50388 4.999696 -481.0009 -6.544218 4.99967 118.7992 2.999844 1.799665 118.7992 -13.90677 4.999671 85.79914</float_array>
          <technique_common>
            <accessor source="#Mesh_774-mesh-positions-array" count="87" stride="3">
              <param name="X" type="float"/>
              <param name="Y" type="float"/>
              <param name="Z" type="float"/>
            </accessor>
          </technique_common>
        </source>
        <source id="Mesh_774-mesh-normals">
          <float_array id="Mesh_774-mesh-normals-array" count="261">0 -0.9596495 -0.2811994 0 -0.9596494 -0.2811994 0.4786741 -0.8779901 -0.002171218 -0.4786741 -0.87799 -0.002171277 -0.441818 -0.8850008 -0.146869 0 -1 2.92887e-7 -0.5574709 -0.8180645 0.1414093 -0.4786978 -0.8779771 -0.002185523 -0.6508181 -0.4944411 0.5761631 -0.1409952 -0.9900025 -0.003923296 -0.3110314 -0.9410638 -0.1328858 -0.3256142 -0.9402872 -0.09917366 0.1358224 -0.990733 6.60799e-4 0.3237931 -0.9411144 -0.09727227 0.3079776 -0.9425024 -0.1297659 0.44184 -0.8849908 -0.146863 0 -1 2.98883e-7 -0.3110354 -0.9410616 -0.1328912 0 -1 2.98883e-7 -0.4418504 -0.8849846 -0.1468688 -0.3256347 -0.9402802 -0.09917241 -0.4786648 -0.877995 -0.002213478 0.3237987 -0.941114 -0.09725809 0.4786983 -0.8779768 -0.002182543 0.4418424 -0.884989 -0.1468668 0.5574836 -0.8180532 0.1414252 0 -1 2.92887e-7 0.6508178 -0.4944413 0.5761631 0.5574812 -0.8180589 0.1414012 0.4786627 -0.8779963 -0.002202033 0.5773563 -0.5773644 0.5773302 0.5773476 -0.5773598 0.5773435 0.5773281 -0.5773445 0.5773783 0.5773438 -0.5773549 0.5773523 0.5773469 -0.5773568 0.5773472 0.5773619 -0.5773671 0.5773219 0.5773082 -0.5773295 0.5774132 0.5773281 -0.5773433 0.5773794 0.5773687 -0.5773717 0.5773105 0.5773131 -0.577332 0.5774057 0.5773525 -0.5773594 0.5773389 0.5773416 -0.5773517 0.5773576 0.5773467 -0.5773633 0.5773409 0.5773823 -0.5773358 0.5773327 0.5773541 -0.5773329 0.577364 0.5773658 -0.5773382 0.577347 0.5773428 -0.5773638 0.5773444 0.5773301 -0.5773602 0.5773605 0.5773454 -0.57734 0.5773656 0.5773555 -0.5773541 0.5773413 0.5773567 -0.5773351 0.5773591 0.577372 -0.5773591 0.5773197 0.5773448 -0.5773082 0.5773978 0.577343 -0.577338 0.5773698 0.5773474 -0.5773535 0.5773499 0.5773586 -0.5773299 0.5773623 0.5773569 -0.5773552 0.5773389 0.5773471 -0.5773518 0.577352 0.5773643 -0.5773339 0.5773527 0.5773504 -0.5773593 0.5773412 0.5773488 -0.5773366 0.5773654 0.5773292 -0.5773524 0.5773693 0.5773658 -0.5773427 0.5773423 0.5773659 -0.5773566 0.5773284 0.5773512 -0.5773676 0.5773321 0.5773657 -0.577341 0.5773442 0.5773435 -0.5773563 0.577351 0.5773511 -0.577351 0.5773488 0.5773654 -0.577351 0.5773345 0.5773761 -0.577351 0.5773237 0.5773348 -0.577351 0.5773651 0.5773461 -0.5773511 0.5773537 0.5773458 -0.577351 0.5773541 0.5773584 -0.577351 0.5773416 0.577324 -0.577351 0.5773758 0.5773619 -0.5773511 0.5773379 0.5773361 -0.577351 0.5773638 0.5773361 -0.577351 0.5773637 0.5773621 -0.5773288 0.5773599 0.5773699 -0.5773221 0.5773589 0.5773249 -0.5773613 0.5773648 0.5773615 -0.577351 0.5773383 0.577364 -0.577351 0.5773359 0.5773856 -0.577351 0.5773143 0.5773147 -0.5773438 0.5773923 0.5773125 -0.5773429 0.5773955 0.5773351 -0.5773528 0.577363</float_array>
          <technique_common>
            <accessor source="#Mesh_774-mesh-normals-array" count="87" stride="3">
              <param name="X" type="float"/>
              <param name="Y" type="float"/>
              <param name="Z" type="float"/>
            </accessor>
          </technique_common>
        </source>
        <source id="Mesh_774-mesh-map-0">
          <float_array id="Mesh_774-mesh-map-0-array" count="330">0.5660287 0.2536224 0.6939322 0.2530016 0.6437554 0.2073815 0.5660287 0.2536224 0.6437554 0.2073815 0.6172916 0.2075133 0.587022 0.1667909 0.5660287 0.2536224 0.6047925 0.2077434 0.587022 0.1667909 0.6047925 0.2077434 0.6172916 0.2075133 0.6172916 0.2075133 0.6047925 0.2077434 0.5660287 0.2536224 0.5963045 0.1118049 0.5632404 0.1119654 0.6073331 0.1608282 0.5963045 0.1118049 0.6073331 0.1608282 0.6624335 0.1114838 0.6624335 0.1114838 0.6073331 0.1608282 0.6489354 0.1611177 0.6624335 0.1114838 0.6489354 0.1611177 0.695498 0.1113234 0.695498 0.1113234 0.6489354 0.1611177 0.6667091 0.165905 0.695498 0.1113234 0.6667091 0.165905 0.6939322 0.2530016 0.5632404 0.1119654 0.5660287 0.2536224 0.587022 0.1667909 0.5632404 0.1119654 0.587022 0.1667909 0.6073331 0.1608282 0.6073331 0.1608282 0.587022 0.1667909 0.6172916 0.2075133 0.6073331 0.1608282 0.6172916 0.2075133 0.6489354 0.1611177 0.6489354 0.1611177 0.6172916 0.2075133 0.6437554 0.2073815 0.6489354 0.1611177 0.6437554 0.2073815 0.6667091 0.165905 0.6667091 0.165905 0.6437554 0.2073815 0.6577091 0.2066479 0.6667091 0.165905 0.6577091 0.2066479 0.6939322 0.2530016 0.6939322 0.2530016 0.6577091 0.2066479 0.6437554 0.2073815 0.6922798 0.06685882 0.5574544 0.06635111 0.6928935 0.08227509 0.6922798 0.06685882 0.6928935 0.08227509 0.7119141 0.06293648 0.7119141 0.06293648 0.6928935 0.08227509 0.7113624 0.08426564 0.7119141 0.06293648 0.7113624 0.08426564 0.7336379 0.07235389 9.76562e-4 0.5771484 0.1370443 0.4248046 -3.25521e-4 0.3844401 0.6928935 0.08227509 0.5574544 0.06635111 0.5574544 0.08227509 0.9750002 0.02285355 0.9698442 0.003849685 0.9632355 0.003858983 0.9750002 0.02285355 0.9632355 0.003858983 0.9632952 0.0228706 0.9632952 0.0228706 0.9632355 0.003858983 0.9515883 0.02288728 0.9755859 0.1162108 0.9883804 0.1011629 0.9766936 0.09997063 0.9755859 0.1162108 0.9766936 0.09997063 0.9482422 0.1162108 0.9482422 0.1162108 0.9766936 0.09997063 0.947986 0.1002661 0.9482422 0.1162108 0.947986 0.1002661 0.9362167 0.1008436 0.9515883 0.02288728 0.926271 0.0389561 0.9430598 0.03892976 0.9515883 0.02288728 0.9430598 0.03892976 0.9632952 0.0228706 0.9632952 0.0228706 0.9430598 0.03892976 0.9808679 0.03849798 0.9632952 0.0228706 0.9808679 0.03849798 0.9750002 0.02285355 0.9750002 0.02285355 0.9808679 0.03849798 1.000347 0.03885072 0.982723 0.06083863 0.9993858 0.05774468 0.9808679 0.03849798 0.982723 0.06083863 0.9808679 0.03849798 0.9432445 0.06089311 0.9432445 0.06089311 0.9808679 0.03849798 0.9430598 0.03892976 0.9432445 0.06089311 0.9430598 0.03892976 0.925815 0.05785399 0.925815 0.05785399 0.9430598 0.03892976 0.926271 0.0389561 0.9755859 0.3740234 0.9755859 0.1162108 0.9482422 0.3740234 0.9755859 0.3740234 0.9482422 0.3740234 0.9821795 0.3992196 0.9821795 0.3992196 0.9482422 0.3740234 0.9399121 0.3996684 0.9821795 0.3992196 0.9399121 0.3996684 0.9835726 0.4479331 0.9835726 0.4479331 0.9399121 0.3996684 0.9407821 0.447991 0.9835726 0.4479331 0.9407821 0.447991 0.9992094 0.4737218 0.9992094 0.4737218 0.9407821 0.447991 0.9255736 0.4738417 0.9992094 0.4737218 0.9255736 0.4738417 0.9992466 0.4870496 0.9992466 0.4870496 0.9255736 0.4738417 0.9256125 0.4871698 0.9993858 0.05774468 1.000347 0.03885072 0.9808679 0.03849798 0.9755859 0.1162108 0.9482422 0.1162108 0.9482422 0.3740234 0.9632355 0.003858983 0.9566276 0.003868877 0.9515883 0.02288728</float_array>
          <technique_common>
            <accessor source="#Mesh_774-mesh-map-0-array" count="165" stride="2">
              <param name="S" type="float"/>
              <param name="T" type="float"/>
            </accessor>
          </technique_common>
        </source>
        <source id="Mesh_774-mesh-colors-Col" name="Col">
          <float_array id="Mesh_774-mesh-colors-Col-array" count="660">1 1 1 1 1 1 1 1 1 1 1 1 1 1 1 1 1 1 1 1 1 1 1 1 1 1 1 1 1 1 1 1 1 1 1 1 1 1 1 1 1 1 1 1 1 1 1 1 1 1 1 1 1 1 1 1 1 1 1 1 1 1 1 1 1 1 1 1 1 1 1 1 1 1 1 1 1 1 1 1 1 1 1 1 1 1 1 1 1 1 1 1 1 1 1 1 1 1 1 1 1 1 1 1 1 1 1 1 1 1 1 1 1 1 1 1 1 1 1 1 1 1 1 1 1 1 1 1 1 1 1 1 1 1 1 1 1 1 1 1 1 1 1 1 1 1 1 1 1 1 1 1 1 1 1 1 1 1 1 1 1 1 1 1 1 1 1 1 1 1 1 1 1 1 1 1 1 1 1 1 1 1 1 1 1 1 1 1 1 1 1 1 1 1 1 1 1 1 1 1 1 1 1 1 1 1 1 1 1 1 1 1 1 1 1 1 1 1 1 1 1 1 1 1 1 1 1 1 1 1 1 1 1 1 1 1 1 1 1 1 1 0.7372549 0.7372549 1 1 0.8784314 0.7372549 1 1 0.8784314 0.9411765 1 1 0.7372549 0.7372549 1 1 0.8784314 0.9411765 1 1 0.7372549 0.7372549 1 1 0.7372549 0.7372549 1 1 0.8784314 0.9411765 1 1 0.8784314 0.9411765 1 1 0.7372549 0.7372549 1 1 0.8784314 0.9411765 1 1 0.7372549 0.7372549 1 1 0.8784314 1 1 0.6705883 0.5450981 0.509804 1 0.6705883 0.5450981 0.509804 1 1 0.8784314 0.9411765 1 1 0.8784314 0.7372549 1 1 0.8784314 0.8784314 1 0.8705883 0.5764706 0.7254902 1 0.8705883 0.5764706 0.7215687 1 0.8705883 0.5764706 0.7215687 1 0.8705883 0.5764706 0.7254902 1 0.8705883 0.5764706 0.7215687 1 0.8705883 0.5764706 0.7254902 1 0.8705883 0.5764706 0.7254902 1 0.8705883 0.5764706 0.7215687 1 0.8705883 0.5764706 0.7254902 1 0.9137255 0.7294118 0.8627451 1 1 0.8470588 0.6470589 1 1 1 0.9411765 1 0.9137255 0.7294118 0.8627451 1 1 1 0.9411765 1 1 0.8470588 0.6470589 1 1 0.8470588 0.6470589 1 1 1 0.9411765 1 1 1 0.9411765 1 1 0.8470588 0.6470589 1 1 1 0.9411765 1 1 0.8470588 0.6470589 1 0.8705883 0.5764706 0.7254902 1 0.8901961 0.5803922 0.7333334 1 0.8901961 0.5803922 0.7333334 1 0.8705883 0.5764706 0.7254902 1 0.8901961 0.5803922 0.7333334 1 0.882353 0.5803922 0.7294118 1 0.882353 0.5803922 0.7294118 1 0.8901961 0.5803922 0.7333334 1 0.8901961 0.5803922 0.7333334 1 0.882353 0.5803922 0.7294118 1 0.8901961 0.5803922 0.7333334 1 0.882353 0.5803922 0.7294118 1 0.882353 0.5803922 0.7294118 1 0.8901961 0.5803922 0.7333334 1 0.8901961 0.5803922 0.7333334 1 1 0.8470588 0.6470589 1 1 0.8470588 0.6470589 1 0.882353 0.5803922 0.7294118 1 1 0.8470588 0.6470589 1 0.882353 0.5803922 0.7294118 1 1 0.8470588 0.6470589 1 1 0.8470588 0.6470589 1 0.882353 0.5803922 0.7294118 1 0.882353 0.5803922 0.7294118 1 1 0.8470588 0.6470589 1 0.882353 0.5803922 0.7294118 1 1 0.8470588 0.6470589 1 1 0.8470588 0.6470589 1 0.882353 0.5803922 0.7294118 1 0.8901961 0.5803922 0.7372549 1 0.9137255 0.7294118 0.8627451 1 0.9137255 0.7294118 0.8627451 1 0.9137255 0.7294118 0.8627451 1 0.9137255 0.7294118 0.8627451 1 0.9137255 0.7294118 0.8627451 1 0.8431373 0.8117647 0.8862745 1 0.8431373 0.8117647 0.8862745 1 0.9137255 0.7294118 0.8627451 1 0.9137255 0.7294118 0.8627451 1 0.8431373 0.8117647 0.8862745 1 0.9137255 0.7294118 0.8627451 1 0.8941177 0.6666667 0.6470589 1 0.8941177 0.6666667 0.6470589 1 0.9137255 0.7294118 0.8627451 1 0.8941177 0.6666667 0.6470589 1 0.8941177 0.6666667 0.6470589 1 0.8941177 0.6666667 0.6470589 1 0.8941177 0.6666667 0.6470589 1 0.8941177 0.6666667 0.6470589 1 0.8941177 0.6666667 0.6470589 1 0.8941177 0.6666667 0.6470589 1 0.8941177 0.6666667 0.6470589 1 0.8941177 0.6666667 0.6470589 1 0.8941177 0.6666667 0.6470589 1 0.8941177 0.6666667 0.6470589 1 0.8941177 0.6666667 0.6470589 1 0.8941177 0.6666667 0.6470589 1 1 0.8470588 0.6470589 1 0.8901961 0.5803922 0.7333334 1 0.882353 0.5803922 0.7294118 1 0.9137255 0.7294118 0.8627451 1 1 0.8470588 0.6470589 1 0.9137255 0.7294118 0.8627451 1 0.8705883 0.5764706 0.7215687 1 0.8235294 0.5450981 0.6941177 1 0.8705883 0.5764706 0.7254902 1</float_array>
          <technique_common>
            <accessor source="#Mesh_774-mesh-colors-Col-array" count="165" stride="4">
              <param name="R" type="float"/>
              <param name="G" type="float"/>
              <param name="B" type="float"/>
              <param name="A" type="float"/>
            </accessor>
          </technique_common>
        </source>
        <vertices id="Mesh_774-mesh-vertices">
          <input semantic="POSITION" source="#Mesh_774-mesh-positions"/>
        </vertices>
        <triangles material="Image_4-material" count="20">
          <input semantic="VERTEX" source="#Mesh_774-mesh-vertices" offset="0"/>
          <input semantic="NORMAL" source="#Mesh_774-mesh-normals" offset="1"/>
          <input semantic="TEXCOORD" source="#Mesh_774-mesh-map-0" offset="2" set="0"/>
          <input semantic="COLOR" source="#Mesh_774-mesh-colors-Col" offset="3" set="0"/>
          <p>1 0 0 0 0 1 1 1 2 2 2 2 1 0 3 3 2 2 4 4 3 3 5 5 5 4 6 6 4 5 7 7 6 6 8 8 5 4 9 9 6 6 10 10 7 7 11 11 7 7 12 12 6 6 13 13 8 8 14 14 10 9 15 15 9 10 16 16 11 11 17 17 10 9 18 18 11 11 19 19 12 12 20 20 12 12 21 21 11 11 22 22 13 13 23 23 12 12 24 24 13 13 25 25 14 14 26 26 14 14 27 27 13 13 28 28 15 15 29 29 14 14 30 30 15 15 31 31 16 16 32 32 18 17 33 33 17 18 34 34 19 19 35 35 18 17 36 36 19 19 37 37 20 20 38 38 20 20 39 39 19 19 40 40 21 21 41 41 20 20 42 42 21 21 43 43 22 22 44 44 22 22 45 45 21 21 46 46 23 23 47 47 22 22 48 48 23 23 49 49 24 24 50 50 24 24 51 51 23 23 52 52 25 25 53 53 24 24 54 54 25 25 55 55 26 26 56 56 28 27 57 57 27 28 58 58 29 29 59 59</p>
        </triangles>
        <triangles material="Image_0-material" count="35">
          <input semantic="VERTEX" source="#Mesh_774-mesh-vertices" offset="0"/>
          <input semantic="NORMAL" source="#Mesh_774-mesh-normals" offset="1"/>
          <input semantic="TEXCOORD" source="#Mesh_774-mesh-map-0" offset="2" set="0"/>
          <input semantic="COLOR" source="#Mesh_774-mesh-colors-Col" offset="3" set="0"/>
          <p>31 30 60 60 30 31 61 61 32 32 62 62 31 30 63 63 32 32 64 64 33 33 65 65 33 33 66 66 32 32 67 67 34 34 68 68 33 33 69 69 34 34 70 70 35 35 71 71 37 36 72 72 36 37 73 73 38 38 74 74 40 39 75 75 39 40 76 76 41 41 77 77 43 42 78 78 42 43 79 79 44 44 80 80 43 42 81 81 44 44 82 82 45 45 83 83 45 45 84 84 44 44 85 85 46 46 86 86 48 47 87 87 47 48 88 88 49 49 89 89 48 47 90 90 49 49 91 91 50 50 92 92 50 50 93 93 49 49 94 94 51 51 95 95 50 50 96 96 51 51 97 97 52 52 98 98 54 53 99 99 53 54 100 100 55 55 101 101 54 53 102 102 55 55 103 103 56 56 104 104 56 56 105 105 55 55 106 106 57 57 107 107 56 56 108 108 57 57 109 109 58 58 110 110 58 58 111 111 57 57 112 112 59 59 113 113 61 60 114 114 60 61 115 115 62 62 116 116 61 60 117 117 62 62 118 118 63 63 119 119 63 63 120 120 62 62 121 121 64 64 122 122 63 63 123 123 64 64 124 124 65 65 125 125 65 65 126 126 64 64 127 127 66 66 128 128 68 67 129 129 67 68 130 130 69 69 131 131 68 67 132 132 69 69 133 133 70 70 134 134 70 70 135 135 69 69 136 136 71 71 137 137 70 70 138 138 71 71 139 139 72 72 140 140 72 72 141 141 71 71 142 142 73 73 143 143 72 72 144 144 73 73 145 145 74 74 146 146 74 74 147 147 73 73 148 148 75 75 149 149 74 74 150 150 75 75 151 151 76 76 152 152 76 76 153 153 75 75 154 154 77 77 155 155 79 78 156 156 78 79 157 157 80 80 158 158 82 81 159 159 81 82 160 160 83 83 161 161 85 84 162 162 84 85 163 163 86 86 164 164</p>
        </triangles>
      </mesh>
    </geometry>
    <geometry id="Mesh_768-mesh" name="Mesh_768">
      <mesh>
        <source id="Mesh_768-mesh-positions">
          <float_array id="Mesh_768-mesh-positions-array" count="96">172.5787 327.6079 -103.012 172.9064 351.5227 -468.9411 172.5787 55.71277 63.73641 172.9064 187.7301 -589.1704 -160.9031 187.7301 -589.1705 -160.9031 130.4019 -675.6568 172.9064 130.4018 -675.6567 -161.2307 -128.0634 -675.6568 172.5788 -128.0634 -675.6567 172.9064 130.4018 -675.6567 172.9064 187.7301 -589.1704 -160.9031 187.7301 -589.1705 172.9064 351.5227 -468.9411 -160.9032 351.5227 -468.9411 -161.2308 327.6078 -103.0121 172.5796 -55.6659 63.7362 172.5787 55.71277 63.73641 172.5787 -327.5626 -103.012 172.5787 -327.5626 -103.012 172.5788 -349.1841 -468.9411 172.5787 55.71277 63.73641 172.5788 -185.3915 -589.1704 172.9064 187.7301 -589.1704 172.5788 -128.0634 -675.6567 172.9064 130.4018 -675.6567 -161.2309 -55.6678 63.7362 172.5796 -55.6659 63.7362 -161.2308 55.71277 63.73636 172.5787 55.71277 63.73641 -161.2308 327.6078 -103.0121 172.5787 327.6079 -103.012 172.9064 351.5227 -468.9411</float_array>
          <technique_common>
            <accessor source="#Mesh_768-mesh-positions-array" count="32" stride="3">
              <param name="X" type="float"/>
              <param name="Y" type="float"/>
              <param name="Z" type="float"/>
            </accessor>
          </technique_common>
        </source>
        <source id="Mesh_768-mesh-normals">
          <float_array id="Mesh_768-mesh-normals-array" count="90">1 -1.88639e-5 7.46171e-5 1 -2.94596e-5 -4.80534e-5 1 5.11738e-6 1.62677e-5 1 7.6341e-5 -1.04057e-4 -0.5773401 0.577348 -0.5773628 -0.5773379 0.5773293 -0.5773836 -0.5773181 0.5773878 -0.577345 1 0 0 1 6.54598e-5 -8.50963e-7 -0.5773404 0.5773626 -0.5773479 -0.5773476 0.5773481 -0.577355 -0.5773633 0.5773543 -0.5773334 -0.5773638 0.5773286 -0.5773585 -0.5773719 0.5773453 -0.5773337 -0.5773916 0.5773295 -0.5773296 1 7.78215e-6 -1.8081e-5 1 0 0 1 0 1.6445e-7 1 2.13602e-5 -7.89692e-6 1 2.91336e-5 2.70078e-6 1 3.39441e-5 -1.28995e-5 1 3.96907e-5 1.73516e-5 1 -2.88014e-5 1.91911e-5 1 5.69101e-6 0 1 5.51091e-5 1.21812e-7 -0.5773262 0.5773337 -0.5773911 -0.5773437 0.5773683 -0.5773389 -0.5773218 0.5773739 -0.5773552 -0.5773805 0.5773274 -0.5773429 -0.5773748 0.5773305 -0.5773456</float_array>
          <technique_common>
            <accessor source="#Mesh_768-mesh-normals-array" count="30" stride="3">
              <param name="X" type="float"/>
              <param name="Y" type="float"/>
              <param name="Z" type="float"/>
            </accessor>
          </technique_common>
        </source>
        <source id="Mesh_768-mesh-map-0">
          <float_array id="Mesh_768-mesh-map-0-array" count="120">0.2412109 0.493164 0.2373046 0.399414 0.1669921 0.3505859 0.2412109 0.493164 0.1669921 0.3505859 0.2114257 0.5302734 0.2104492 0.5825195 0.2452799 0.5419922 0.1826171 0.5595703 0.2104492 0.5825195 0.1826171 0.5595703 0.1220703 0.5830078 0.1220703 0.5830078 0.1826171 0.5595703 0.1127929 0.5629883 0.2114257 0.5302734 0.1826171 0.5595703 0.2452799 0.5419922 0.2114257 0.5302734 0.2452799 0.5419922 0.2412109 0.493164 0.2412109 0.493164 0.2452799 0.5419922 0.2753906 0.496582 0.2412109 0.493164 0.2753906 0.496582 0.269043 0.383789 0.1669921 0.3505859 0.1279296 0.3486328 0.05175781 0.3930664 0.05175781 0.3930664 0.05126953 0.5009766 0.1669921 0.3505859 0.1669921 0.3505859 0.05126953 0.5009766 0.0859375 0.5341797 0.1669921 0.3505859 0.0859375 0.5341797 0.2114257 0.5302734 0.2114257 0.5302734 0.0859375 0.5341797 0.1127929 0.5629883 0.2114257 0.5302734 0.1127929 0.5629883 0.1826171 0.5595703 0.1323242 0.3305664 0.1279296 0.3486328 0.1796875 0.3359375 0.1796875 0.3359375 0.1279296 0.3486328 0.1669921 0.3505859 0.1796875 0.3359375 0.1669921 0.3505859 0.269043 0.383789 0.269043 0.383789 0.1669921 0.3505859 0.2373046 0.399414 0.269043 0.383789 0.2373046 0.399414 0.2412109 0.493164</float_array>
          <technique_common>
            <accessor source="#Mesh_768-mesh-map-0-array" count="60" stride="2">
              <param name="S" type="float"/>
              <param name="T" type="float"/>
            </accessor>
          </technique_common>
        </source>
        <source id="Mesh_768-mesh-colors-Col" name="Col">
          <float_array id="Mesh_768-mesh-colors-Col-array" count="240">1 0.8117647 0.8117647 1 1 0.8117647 0.8117647 1 1 1 0.8117647 1 1 0.8117647 0.8117647 1 1 1 0.8117647 1 1 0.6470589 0.6470589 1 0.827451 0.6666667 0.6588236 1 0.827451 0.6666667 0.6588236 1 1 0.6470589 0.6470589 1 0.827451 0.6666667 0.6588236 1 1 0.6470589 0.6470589 1 0.6117647 0.6117647 0.6117647 1 0.6117647 0.6117647 0.6117647 1 1 0.6470589 0.6470589 1 1 0.6470589 0.6470589 1 1 0.6470589 0.6470589 1 1 0.6470589 0.6470589 1 0.827451 0.6666667 0.6588236 1 1 0.6470589 0.6470589 1 0.827451 0.6666667 0.6588236 1 1 0.8117647 0.8117647 1 1 0.8117647 0.8117647 1 0.827451 0.6666667 0.6588236 1 0.827451 0.6666667 0.6588236 1 1 0.8117647 0.8117647 1 0.827451 0.6666667 0.6588236 1 0.827451 0.6666667 0.6588236 1 1 1 0.8117647 1 1 1 0.8117647 1 1 0.6470589 0.6470589 1 1 0.6470589 0.6470589 1 1 0.6470589 0.6470589 1 1 1 0.8117647 1 1 1 0.8117647 1 1 0.6470589 0.6470589 1 1 0.6470589 0.6470589 1 1 1 0.8117647 1 1 0.6470589 0.6470589 1 1 0.6470589 0.6470589 1 1 0.6470589 0.6470589 1 1 0.6470589 0.6470589 1 1 0.6470589 0.6470589 1 1 0.6470589 0.6470589 1 1 0.6470589 0.6470589 1 1 0.6470589 0.6470589 1 0.827451 0.6666667 0.6588236 1 1 1 1 1 0.827451 0.6666667 0.6588236 1 0.827451 0.6666667 0.6588236 1 1 1 1 1 1 1 1 1 0.827451 0.6666667 0.6588236 1 1 1 1 1 0.827451 0.6666667 0.6588236 1 0.827451 0.6666667 0.6588236 1 1 1 1 1 1 0.8117647 0.8117647 1 0.827451 0.6666667 0.6588236 1 1 0.8117647 0.8117647 1 1 0.8117647 0.8117647 1</float_array>
          <technique_common>
            <accessor source="#Mesh_768-mesh-colors-Col-array" count="60" stride="4">
              <param name="R" type="float"/>
              <param name="G" type="float"/>
              <param name="B" type="float"/>
              <param name="A" type="float"/>
            </accessor>
          </technique_common>
        </source>
        <vertices id="Mesh_768-mesh-vertices">
          <input semantic="POSITION" source="#Mesh_768-mesh-positions"/>
        </vertices>
        <triangles material="Image_2-material" count="20">
          <input semantic="VERTEX" source="#Mesh_768-mesh-vertices" offset="0"/>
          <input semantic="NORMAL" source="#Mesh_768-mesh-normals" offset="1"/>
          <input semantic="TEXCOORD" source="#Mesh_768-mesh-map-0" offset="2" set="0"/>
          <input semantic="COLOR" source="#Mesh_768-mesh-colors-Col" offset="3" set="0"/>
          <p>1 0 0 0 0 1 1 1 2 2 2 2 1 0 3 3 2 2 4 4 3 3 5 5 5 4 6 6 4 5 7 7 6 6 8 8 5 4 9 9 6 6 10 10 7 7 11 11 7 7 12 12 6 6 13 13 8 8 14 14 10 9 15 15 9 10 16 16 11 11 17 17 10 9 18 18 11 11 19 19 12 12 20 20 12 12 21 21 11 11 22 22 13 13 23 23 12 12 24 24 13 13 25 25 14 14 26 26 16 15 27 27 15 15 28 28 17 15 29 29 18 16 30 30 19 16 31 31 20 16 32 32 20 17 33 33 19 17 34 34 21 17 35 35 20 18 36 36 21 19 37 37 22 20 38 38 22 20 39 39 21 19 40 40 23 21 41 41 22 20 42 42 23 21 43 43 24 22 44 44 25 23 45 45 26 24 46 46 27 25 47 47 27 25 48 48 26 24 49 49 28 26 50 50 27 25 51 51 28 26 52 52 29 27 53 53 29 27 54 54 28 26 55 55 30 28 56 56 29 27 57 57 30 28 58 58 31 29 59 59</p>
        </triangles>
      </mesh>
    </geometry>
    <geometry id="Mesh_495-mesh" name="Mesh_495">
      <mesh>
        <source id="Mesh_495-mesh-positions">
          <float_array id="Mesh_495-mesh-positions-array" count="4050">423.422 1337.705 -84.96823 430.605 2639.583 -41.39788 318.7829 1340.328 -84.96823 323.9771 2642.236 -41.3981 433.503 1242.278 -78.88597 431.6598 1094.181 -588.6206 319.6929 1245.035 -78.88607 317.8495 1096.938 -588.6206 423.6049 2639.582 -0.03630071 416.422 1337.706 43.53405 316.9787 2642.234 -0.03625994 311.7829 1340.329 43.53403 426.503 1242.277 37.45221 388.9874 639.8113 41.14559 312.6927 1245.034 37.45212 284.3482 642.4332 41.14555 407.4426 -587.4702 1104.461 414.321 -36.08173 1241.09 293.6324 -584.7131 1104.461 300.511 -33.32469 1241.09 402.7611 -42.40721 1336.774 395.3522 -630.2858 1190.368 298.1219 -39.78345 1336.775 290.7132 -627.6621 1190.367 390.4324 -1239.564 37.45236 399.2752 -1112.747 552.2271 276.6217 -1236.807 37.45235 285.4649 -1109.99 552.2267 393.2134 -740.7627 1115.195 387.7898 -1135.207 705.5759 288.5744 -738.1389 1115.196 283.1508 -1132.584 705.5758 373.6117 -1281.879 -2305.759 395.3522 -593.6058 -1200.161 266.9836 -1279.231 -2305.759 290.7131 -590.9821 -1200.16 395.3522 -630.2858 1190.368 373.6115 -1318.559 2295.965 290.7132 -627.6621 1190.367 266.9836 -1315.907 2295.965 372.5698 -1353.581 2264.363 393.2134 -740.7627 1115.195 265.9414 -1350.928 2264.363 288.5744 -738.1389 1115.196 383.1081 -283.0285 584.4789 407.4426 -587.4702 1104.461 278.4691 -280.4048 584.4791 293.6324 -584.7131 1104.461 405.4571 -687.414 1035.372 381.0293 -389.3695 511.6968 291.6468 -684.6569 1035.371 276.3904 -386.7458 511.6965 378.0724 -575.4722 -287.7844 399.2752 -1095.387 -592.2603 273.4332 -572.8483 -287.7844 285.4649 -1092.63 -592.2603 400.4218 -1033.867 -688.8604 379.2724 -510.2583 -390.7815 286.6113 -1031.109 -688.8602 274.6333 -507.6347 -390.7813 359.357 -2262.68 -1355.131 387.7898 -1113.928 -741.9702 252.7284 -2260.027 -1355.131 283.1508 -1111.304 -741.9699 377.5699 -1335.479 43.53445 346.9191 -2636.832 -0.03565984 272.9308 -1332.855 43.53441 240.2904 -2634.179 -0.0356732 353.9191 -2636.83 -41.39732 384.5698 -1335.479 -84.96795 247.2904 -2634.177 -41.39748 279.9308 -1332.856 -84.96808 399.2752 -1095.387 -592.2603 397.4323 -1239.564 -78.88564 285.4649 -1092.63 -592.2603 283.6217 -1236.807 -78.88565 405.2307 86.07281 1336.775 392.8632 42.76802 2638.564 300.5915 88.69656 1336.775 286.2362 45.42045 2638.565 391.6602 1.417234 2638.563 402.7611 -42.40721 1336.774 285.0339 4.069515 2638.563 298.1219 -39.78345 1336.775 407.4426 -550.7907 -1114.254 383.1081 -246.3486 -594.273 293.6325 -548.0335 -1114.254 278.4691 -243.7248 -594.2725 370.4293 -637.0833 41.14555 390.4324 -1239.564 37.45236 265.79 -634.4595 41.14555 276.6217 -1236.807 37.45235 397.4323 -1239.564 -78.88564 377.4292 -637.0836 -82.57936 283.6217 -1236.807 -78.88565 272.7899 -634.4598 -82.57941 414.321 -36.08173 1241.09 385.5082 -39.76758 638.5346 300.511 -33.32469 1241.09 280.8692 -37.14382 638.5343 414.7782 742.9889 1115.195 411.9539 1356.326 2264.363 310.1392 745.6123 1115.195 305.3274 1358.978 2264.363 410.9118 1329.424 2275.523 412.6394 640.6302 1169.927 304.2852 1332.077 2275.524 308.0005 643.2538 1169.927 416.6138 80.23493 -1241.084 387.9083 83.93562 -638.5286 302.8038 82.99209 -1241.084 283.2693 86.55936 -638.5288 392.8628 42.76779 -2638.557 405.2307 86.07263 -1336.769 286.2362 45.42038 -2638.557 300.5916 88.69654 -1336.768 392.387 392.098 511.6968 425.4779 690.1282 1035.372 287.7481 394.7217 511.6968 311.6677 692.8851 1035.372 423.4922 598.3047 1084.02 390.3083 293.8769 564.039 309.6821 601.0617 1084.02 285.6695 296.5006 564.0391 399.2752 -1112.747 552.2271 378.0724 -592.8323 247.7505 285.4649 -1109.99 552.2267 273.4332 -590.2085 247.7505 390.3085 249.0768 -594.2731 423.4922 553.5044 -1114.254 285.6694 251.7006 -594.2731 309.6822 556.2615 -1114.254 425.4779 653.4483 -1045.165 392.3869 355.4178 -521.4907 311.6678 656.2052 -1045.165 287.7481 358.0415 -521.4906 412.6393 595.8317 -1200.161 410.9121 1284.625 -2305.759 308.0005 598.4555 -1200.161 304.2853 1287.277 -2305.759 411.9541 1319.646 -2274.157 414.7782 706.3085 -1124.989 305.3276 1322.299 -2274.157 310.1392 708.9324 -1124.99 421.4366 1201.116 594.8012 425.7684 2306.822 1283.429 316.7977 1203.74 594.8016 319.1421 2309.475 1283.429 425.167 2282.784 1315.097 420.2019 1133.513 701.9358 318.5403 2285.437 1315.097 315.563 1136.137 701.936 395.3442 595.5604 247.7504 431.6598 1115.461 552.2267 290.7051 598.1842 247.7503 317.8497 1118.218 552.2267 430.5135 1053.941 648.8266 394.1441 530.3468 350.7474 316.7032 1056.697 648.8266 289.505 532.9705 350.7475 358.7554 -2304.078 1283.43 386.5551 -1198.89 594.8017 252.1267 -2301.425 1283.43 281.916 -1196.266 594.8017 387.9083 83.93562 -638.5286 390.3085 249.0768 -594.2731 283.2693 86.55936 -638.5288 285.6694 251.7006 -594.2731 392.3869 355.4178 -521.4907 394.1441 512.9868 -390.7815 287.7481 358.0415 -521.4906 289.505 515.6105 -390.7815 395.3442 574.2805 -284.1444 395.9872 639.8116 -82.57951 290.7051 576.9042 -284.1444 291.3482 642.4335 -82.57949 388.9874 639.8113 41.14559 395.3442 595.5604 247.7504 284.3482 642.4332 41.14555 290.7051 598.1842 247.7503 394.1441 530.3468 350.7474 392.387 392.098 511.6968 289.505 532.9705 350.7475 287.7481 394.7217 511.6968 390.3083 293.8769 564.039 387.9081 83.93555 638.5349 285.6695 296.5006 564.0391 283.2693 86.55929 638.5349 385.5082 -39.76758 638.5346 383.1081 -283.0285 584.4789 280.8692 -37.14382 638.5343 278.4691 -280.4048 584.4791 381.0293 -389.3695 511.6968 379.2724 -531.5386 354.3875 276.3904 -386.7458 511.6965 274.6333 -528.9149 354.3875 378.0724 -592.8323 247.7505 370.4293 -637.0833 41.14555 273.4332 -590.2085 247.7505 265.79 -634.4595 41.14555 377.4292 -637.0836 -82.57936 378.0724 -575.4722 -287.7844 272.7899 -634.4598 -82.57941 273.4332 -572.8483 -287.7844 379.2724 -510.2583 -390.7815 381.0295 -344.5694 -541.9307 274.6333 -507.6347 -390.7813 276.3904 -341.9458 -541.9307 383.1081 -246.3486 -594.273 385.5082 -39.76761 -638.5291 278.4691 -243.7248 -594.2725 280.8691 -37.14382 -638.5288 394.1441 512.9868 -390.7815 430.5135 1036.581 -688.8602 289.505 515.6105 -390.7815 316.7032 1039.337 -688.8604 431.6598 1094.181 -588.6206 395.3442 574.2805 -284.1444 317.8495 1096.938 -588.6206 290.7051 576.9042 -284.1444 420.2018 1116.153 -741.9702 425.167 2265.425 -1355.132 315.5628 1118.777 -741.9702 318.5403 2268.077 -1355.131 425.7684 2285.541 -1319.823 421.4366 1179.835 -631.1956 319.1421 2288.195 -1319.823 316.7977 1182.459 -631.1957 373.6115 -1318.559 2295.965 391.6602 1.417234 2638.563 266.9836 -1315.907 2295.965 285.0339 4.069515 2638.563 346.9191 -2636.832 -0.03565984 358.7554 -2304.078 1283.43 240.2904 -2634.179 -0.0356732 252.1267 -2301.425 1283.43 392.8632 42.76802 2638.564 410.9118 1329.424 2275.523 286.2362 45.42045 2638.565 304.2852 1332.077 2275.524 411.9539 1356.326 2264.363 425.167 2282.784 1315.097 305.3274 1358.978 2264.363 318.5403 2285.437 1315.097 358.7554 -2286.717 -1323.463 353.9191 -2636.83 -41.39732 252.1267 -2284.065 -1323.463 247.2904 -2634.177 -41.39748 430.605 2639.583 -41.39788 425.7684 2285.541 -1319.823 323.9771 2642.236 -41.3981 319.1421 2288.195 -1319.823 425.167 2265.425 -1355.132 411.9541 1319.646 -2274.157 318.5403 2268.077 -1355.131 305.3276 1322.299 -2274.157 410.9121 1284.625 -2305.759 392.8628 42.76779 -2638.557 304.2853 1287.277 -2305.759 286.2362 45.42038 -2638.557 391.6595 1.417117 -2638.557 373.6117 -1281.879 -2305.759 285.0331 4.069897 -2638.557 266.9836 -1279.231 -2305.759 431.6598 1115.461 552.2267 426.503 1242.277 37.45221 317.8497 1118.218 552.2267 312.6927 1245.034 37.45212 416.422 1337.706 43.53405 421.4366 1201.116 594.8012 311.7829 1340.329 43.53403 316.7977 1203.74 594.8016 430.5135 1036.581 -688.8602 425.4779 653.4483 -1045.165 316.7032 1039.337 -688.8604 311.6678 656.2052 -1045.165 414.7782 706.3085 -1124.989 420.2018 1116.153 -741.9702 310.1392 708.9324 -1124.99 315.5628 1118.777 -741.9702 423.4922 553.5044 -1114.254 416.6138 80.23493 -1241.084 309.6822 556.2615 -1114.254 302.8038 82.99209 -1241.084 405.2307 86.07263 -1336.769 412.6393 595.8317 -1200.161 300.5916 88.69654 -1336.768 308.0005 598.4555 -1200.161 359.357 -2283.96 1318.737 372.5698 -1353.581 2264.363 252.7285 -2281.307 1318.738 265.9414 -1350.928 2264.363 387.7898 -1135.207 705.5759 359.357 -2283.96 1318.737 283.1508 -1132.584 705.5758 252.7285 -2281.307 1318.738 421.4366 1179.835 -631.1956 423.422 1337.705 -84.96823 316.7977 1182.459 -631.1957 318.7829 1340.328 -84.96823 425.4779 690.1282 1035.372 430.5135 1053.941 648.8266 311.6677 692.8851 1035.372 316.7032 1056.697 648.8266 420.2019 1133.513 701.9358 414.7782 742.9889 1115.195 315.563 1136.137 701.936 310.1392 745.6123 1115.195 395.9872 639.8116 -82.57951 433.503 1242.278 -78.88597 291.3482 642.4335 -82.57949 319.6929 1245.035 -78.88607 386.5551 -1198.89 594.8017 377.5699 -1335.479 43.53445 281.916 -1196.266 594.8017 272.9308 -1332.855 43.53441 412.6394 640.6302 1169.927 405.2307 86.07281 1336.775 308.0005 643.2538 1169.927 300.5915 88.69656 1336.775 414.321 -36.0819 -1241.083 407.4426 -550.7907 -1114.254 300.511 -33.32484 -1241.084 293.6325 -548.0335 -1114.254 395.3522 -593.6058 -1200.161 402.7611 -42.40736 -1336.768 290.7131 -590.9821 -1200.16 298.1219 -39.7837 -1336.768 385.5082 -39.76761 -638.5291 414.321 -36.0819 -1241.083 280.8691 -37.14382 -638.5288 300.511 -33.32484 -1241.084 402.7611 -42.40736 -1336.768 391.6595 1.417117 -2638.557 298.1219 -39.7837 -1336.768 285.0331 4.069897 -2638.557 425.7684 2306.822 1283.429 423.6049 2639.582 -0.03630071 319.1421 2309.475 1283.429 316.9787 2642.234 -0.03625994 372.5698 -1321.581 -2280.798 359.357 -2262.68 -1355.131 265.9417 -1318.929 -2280.798 252.7284 -2260.027 -1355.131 396.2619 1.225602 2730.005 376.4259 -1363.592 2364.252 291.6251 3.848872 2730.004 271.7868 -1360.969 2364.252 376.4259 -1363.592 2364.252 361.9062 -2362.705 1365.003 271.7868 -1360.969 2364.252 257.2654 -2360.081 1365.003 416.0981 1366.043 2364.253 396.2619 1.225602 2730.005 311.4592 1368.667 2364.253 291.6251 3.848872 2730.004 430.6194 2365.156 1365.003 416.0981 1366.043 2364.253 325.9794 2367.78 1365.002 311.4592 1368.667 2364.253 435.9344 2730.864 0.002939999 430.6194 2365.156 1365.003 331.2946 2733.488 0.002793908 325.9794 2367.78 1365.002 430.6194 2365.155 -1364.996 435.9344 2730.864 0.002939999 325.9794 2367.779 -1364.997 331.2946 2733.488 0.002793908 416.0981 1366.043 -2364.246 430.6194 2365.155 -1364.996 311.4592 1368.667 -2364.246 325.9794 2367.779 -1364.997 361.9062 -2362.706 -1364.996 376.426 -1363.592 -2364.246 257.2654 -2360.082 -1364.996 271.7866 -1360.969 -2364.246 376.426 -1363.592 -2364.246 396.2619 1.225394 -2729.997 271.7866 -1360.969 -2364.246 294.8337 3.891292 -2760.054 416.422 1337.706 43.53405 426.503 1242.277 37.45221 421.4366 1201.116 594.8012 431.6598 1115.461 552.2267 402.7611 -42.40721 1336.774 414.321 -36.08173 1241.09 395.3522 -630.2858 1190.368 407.4426 -587.4702 1104.461 414.7782 706.3085 -1124.989 425.4779 653.4483 -1045.165 420.2018 1116.153 -741.9702 430.5135 1036.581 -688.8602 405.2307 86.07263 -1336.769 416.6138 80.23493 -1241.084 412.6393 595.8317 -1200.161 423.4922 553.5044 -1114.254 393.2134 -740.7627 1115.195 405.4571 -687.414 1035.372 387.7898 -1135.207 705.5759 400.4216 -1055.147 652.4666 395.3442 574.2805 -284.1444 431.6598 1094.181 -588.6206 394.1441 512.9868 -390.7815 430.5135 1036.581 -688.8602 361.9062 -2362.705 1365.003 376.4259 -1363.592 2364.252 359.357 -2283.96 1318.737 372.5698 -1353.581 2264.363 361.9062 -2362.705 1365.003 359.357 -2283.96 1318.737 358.7554 -2304.078 1283.43 387.7898 -1135.207 705.5759 373.6117 -1281.879 -2305.759 391.6595 1.417117 -2638.557 376.426 -1363.592 -2364.246 396.2619 1.225394 -2729.997 361.9062 -2362.705 1365.003 356.5906 -2728.406 0.003356933 257.2654 -2360.081 1365.003 251.9501 -2725.784 0.003359973 356.5906 -2728.406 0.003356933 361.9062 -2362.706 -1364.996 251.9501 -2725.784 0.003359973 257.2654 -2360.082 -1364.996 396.2619 1.225394 -2729.997 416.0981 1366.043 -2364.246 294.8337 3.891292 -2760.054 311.4592 1368.667 -2364.246 421.4366 1179.835 -631.1956 431.6598 1094.181 -588.6206 423.422 1337.705 -84.96823 433.503 1242.278 -78.88597 420.2019 1133.513 701.9358 430.5135 1053.941 648.8266 414.7782 742.9889 1115.195 425.4779 690.1282 1035.372 386.5551 -1198.89 594.8017 399.2752 -1112.747 552.2271 377.5699 -1335.479 43.53445 390.4324 -1239.564 37.45236 395.3522 -593.6058 -1200.161 407.4426 -550.7907 -1114.254 402.7611 -42.40736 -1336.768 414.321 -36.0819 -1241.083 381.0295 -344.5694 -541.9307 379.2724 -510.2583 -390.7815 385.5082 -39.76761 -638.5291 378.0724 -575.4722 -287.7844 412.6394 640.6302 1169.927 423.4922 598.3047 1084.02 405.2307 86.07281 1336.775 416.6138 80.23514 1241.09 399.2752 -1095.387 -592.2603 386.5551 -1181.53 -634.8355 397.4323 -1239.564 -78.88564 384.5698 -1335.479 -84.96795 425.7684 2285.541 -1319.823 420.2018 1116.153 -741.9702 421.4366 1179.835 -631.1956 430.5135 1036.581 -688.8602 431.6598 1094.181 -588.6206 425.167 2282.784 1315.097 430.6194 2365.156 1365.003 425.7684 2306.822 1283.429 435.9344 2730.864 0.002939999 423.6049 2639.582 -0.03630071 373.6117 -1281.879 -2305.759 376.426 -1363.592 -2364.246 372.5698 -1321.581 -2280.798 361.9062 -2362.706 -1364.996 359.357 -2262.68 -1355.131 395.3442 574.2805 -284.1444 394.1441 512.9868 -390.7815 385.5082 -39.76761 -638.5291 392.3869 355.4178 -521.4907 390.3085 249.0768 -594.2731 395.3442 595.5604 247.7504 388.9874 639.8113 41.14559 385.5082 -39.76761 -638.5291 395.9872 639.8116 -82.57951 395.3442 574.2805 -284.1444 390.3083 293.8769 564.039 392.387 392.098 511.6968 385.5082 -39.76761 -638.5291 394.1441 530.3468 350.7474 395.3442 595.5604 247.7504 383.1081 -283.0285 584.4789 385.5082 -39.76758 638.5346 385.5082 -39.76761 -638.5291 387.9081 83.93555 638.5349 390.3083 293.8769 564.039 378.0724 -592.8323 247.7505 379.2724 -531.5386 354.3875 385.5082 -39.76761 -638.5291 381.0293 -389.3695 511.6968 383.1081 -283.0285 584.4789 378.0724 -575.4722 -287.7844 377.4292 -637.0836 -82.57936 385.5082 -39.76761 -638.5291 370.4293 -637.0833 41.14555 378.0724 -592.8323 247.7505 407.4426 -550.7907 -1114.254 395.3522 -593.6058 -1200.161 405.4571 -642.6139 -1065.605 393.2134 -695.9625 -1145.429 400.4218 -1033.867 -688.8604 387.7898 -1113.928 -741.9702 358.7554 -2304.078 1283.43 387.7898 -1135.207 705.5759 386.5551 -1198.89 594.8017 400.4216 -1055.147 652.4666 399.2752 -1112.747 552.2271 379.2724 -531.5386 354.3875 378.0724 -592.8323 247.7505 387.9081 83.93555 638.5349 414.321 -36.08173 1241.09 416.6138 80.23514 1241.09 402.7611 -42.40721 1336.774 405.2307 86.07281 1336.775 391.6602 1.417234 2638.563 392.8632 42.76802 2638.564 396.2619 1.225602 2730.005 416.0981 1366.043 2364.253 396.2619 1.225394 -2729.997 391.6595 1.417117 -2638.557 392.8628 42.76779 -2638.557 402.7611 -42.40736 -1336.768 405.2307 86.07263 -1336.769 414.321 -36.0819 -1241.083 416.6138 80.23493 -1241.084 385.5082 -39.76761 -638.5291 387.9083 83.93562 -638.5286 384.5698 -1335.479 -84.96795 279.9308 -1332.856 -84.96808 386.5551 -1181.53 -634.8355 281.9161 -1178.906 -634.8353 358.7554 -2286.717 -1323.463 252.1267 -2284.065 -1323.463 379.2724 -531.5386 354.3875 274.6333 -528.9149 354.3875 400.4216 -1055.147 652.4666 286.6113 -1052.389 652.4666 405.4571 -687.414 1035.372 291.6468 -684.6569 1035.371 387.7898 -1113.928 -741.9702 283.1508 -1111.304 -741.9699 393.2134 -695.9625 -1145.429 288.5744 -693.3387 -1145.429 372.5698 -1321.581 -2280.798 265.9417 -1318.929 -2280.798 381.0295 -344.5694 -541.9307 276.3904 -341.9458 -541.9307 405.4571 -642.6139 -1065.605 291.647 -639.859 -1065.605 400.4218 -1033.867 -688.8604 286.6113 -1031.109 -688.8602 387.9081 83.93555 638.5349 283.2693 86.55929 638.5349 416.6138 80.23514 1241.09 302.8037 82.99213 1241.09 423.4922 598.3047 1084.02 309.6821 601.0617 1084.02 394.1441 530.3468 350.7474 395.3442 595.5604 247.7504 430.5135 1053.941 648.8266 431.6598 1115.461 552.2267 420.2019 1133.513 701.9358 421.4366 1201.116 594.8012 425.167 2282.784 1315.097 425.7684 2306.822 1283.429 379.2724 -510.2583 -390.7815 378.0724 -575.4722 -287.7844 400.4218 -1033.867 -688.8604 399.2752 -1095.387 -592.2603 387.7898 -1113.928 -741.9702 386.5551 -1181.53 -634.8355 359.357 -2262.68 -1355.131 358.7554 -2286.717 -1323.463 361.9062 -2362.706 -1364.996 356.5906 -2728.406 0.003356933 377.4292 -637.0836 -82.57936 370.4293 -637.0833 41.14555 397.4323 -1239.564 -78.88564 390.4324 -1239.564 37.45236 384.5698 -1335.479 -84.96795 377.5699 -1335.479 43.53445 353.9191 -2636.83 -41.39732 346.9191 -2636.832 -0.03565984 356.5906 -2728.406 0.003356933 361.9062 -2362.705 1365.003 392.3869 355.4178 -521.4907 390.3085 249.0768 -594.2731 425.4779 653.4483 -1045.165 423.4922 553.5044 -1114.254 414.7782 706.3085 -1124.989 412.6393 595.8317 -1200.161 411.9541 1319.646 -2274.157 410.9121 1284.625 -2305.759 416.0981 1366.043 -2364.246 396.2619 1.225394 -2729.997 396.2619 1.225602 2730.005 376.4259 -1363.592 2364.252 373.6115 -1318.559 2295.965 372.5698 -1353.581 2264.363 395.3522 -630.2858 1190.368 393.2134 -740.7627 1115.195 407.4426 -587.4702 1104.461 405.4571 -687.414 1035.372 383.1081 -283.0285 584.4789 381.0293 -389.3695 511.6968 430.6194 2365.156 1365.003 416.0981 1366.043 2364.253 411.9539 1356.326 2264.363 410.9118 1329.424 2275.523 414.7782 742.9889 1115.195 412.6394 640.6302 1169.927 425.4779 690.1282 1035.372 423.4922 598.3047 1084.02 392.387 392.098 511.6968 390.3083 293.8769 564.039 430.6194 2365.155 -1364.996 435.9344 2730.864 0.002939999 430.605 2639.583 -41.39788 423.6049 2639.582 -0.03630071 423.422 1337.705 -84.96823 416.422 1337.706 43.53405 433.503 1242.278 -78.88597 426.503 1242.277 37.45221 395.9872 639.8116 -82.57951 388.9874 639.8113 41.14559 392.8628 42.76779 -2638.557 410.9121 1284.625 -2305.759 396.2619 1.225394 -2729.997 411.9541 1319.646 -2274.157 425.167 2265.425 -1355.132 416.0981 1366.043 -2364.246 416.0981 1366.043 -2364.246 425.167 2265.425 -1355.132 430.6194 2365.155 -1364.996 425.167 2265.425 -1355.132 425.7684 2285.541 -1319.823 430.6194 2365.155 -1364.996 425.7684 2285.541 -1319.823 430.605 2639.583 -41.39788 430.6194 2365.155 -1364.996 358.7554 -2286.717 -1323.463 356.5906 -2728.406 0.003356933 353.9191 -2636.83 -41.39732 425.167 2282.784 1315.097 411.9539 1356.326 2264.363 430.6194 2365.156 1365.003 410.9118 1329.424 2275.523 392.8632 42.76802 2638.564 416.0981 1366.043 2364.253 346.9191 -2636.832 -0.03565984 361.9062 -2362.705 1365.003 358.7554 -2304.078 1283.43 391.6602 1.417234 2638.563 373.6115 -1318.559 2295.965 396.2619 1.225602 2730.005 425.7684 2285.541 -1319.823 425.167 2265.425 -1355.132 420.2018 1116.153 -741.9702 383.1081 -246.3486 -594.273 381.0295 -344.5694 -541.9307 385.5082 -39.76761 -638.5291 390.3085 249.0768 -594.2731 387.9083 83.93562 -638.5286 385.5082 -39.76761 -638.5291 385.5082 -39.76758 638.5346 414.321 -36.08173 1241.09 387.9081 83.93555 638.5349 383.1081 -246.3486 -594.273 407.4426 -550.7907 -1114.254 381.0295 -344.5694 -541.9307 407.4426 -550.7907 -1114.254 405.4571 -642.6139 -1065.605 381.0295 -344.5694 -541.9307 395.3522 -593.6058 -1200.161 373.6117 -1281.879 -2305.759 393.2134 -695.9625 -1145.429 373.6117 -1281.879 -2305.759 372.5698 -1321.581 -2280.798 393.2134 -695.9625 -1145.429 -236.2044 2639.574 -0.03599554 -243.3874 1337.7 43.53436 -342.8308 2642.227 -0.03595477 -348.0266 1340.324 43.53433 -233.3064 1242.271 37.45251 -270.822 639.8051 41.1459 -347.1168 1245.028 37.45242 -375.4613 642.4273 41.14586 -263.8222 639.8054 -82.5792 -226.3064 1242.272 -78.88566 -368.4613 642.4275 -82.57918 -340.1166 1245.029 -78.88576 -252.3668 -587.4768 1104.461 -245.4884 -36.08816 1241.091 -366.1771 -584.7197 1104.461 -359.2986 -33.33111 1241.091 -257.0483 -42.41364 1336.775 -264.4573 -630.2924 1190.368 -361.6876 -39.78988 1336.775 -369.0964 -627.6687 1190.367 -269.3771 -1239.57 37.45267 -260.5341 -1112.754 552.2274 -383.1878 -1236.814 37.45265 -374.3446 -1109.997 552.227 -254.5787 86.06629 -1336.769 -247.17 595.8256 -1200.161 -359.2179 88.69019 -1336.768 -351.8091 598.4493 -1200.161 -286.1977 -1281.887 -2305.759 -264.4573 -593.6124 -1200.16 -392.8259 -1279.238 -2305.759 -369.0965 -590.9887 -1200.16 -264.4573 -593.6124 -1200.16 -257.0483 -42.41379 -1336.768 -369.0965 -590.9887 -1200.16 -361.6876 -39.79012 -1336.768 -272.0196 -1113.934 -741.9699 -266.596 -695.9693 -1145.429 -376.6587 -1111.311 -741.9696 -371.2351 -693.3456 -1145.429 -264.4573 -630.2924 1190.368 -286.1979 -1318.567 2295.965 -369.0964 -627.6687 1190.367 -392.8259 -1315.914 2295.965 -287.2396 -1353.588 2264.363 -266.596 -740.7696 1115.196 -393.8681 -1350.936 2264.363 -371.2351 -738.1458 1115.196 -254.3523 -687.4209 1035.372 -278.7801 -389.3762 511.6971 -368.1627 -684.6638 1035.372 -383.4192 -386.7524 511.6968 -259.3876 -1033.873 -688.86 -280.537 -510.2649 -390.7812 -373.1982 -1031.116 -688.8599 -385.1762 -507.6413 -390.781 -300.4524 -2262.687 -1355.131 -272.0196 -1113.934 -741.9699 -407.0811 -2260.034 -1355.131 -376.6587 -1111.311 -741.9696 -305.8903 -2636.841 -41.39702 -275.2396 -1335.487 -84.96765 -412.5191 -2634.189 -41.39717 -379.8787 -1332.864 -84.96778 -268.1499 1.410359 2638.563 -257.0483 -42.41364 1336.775 -374.7767 4.063076 2638.563 -361.6876 -39.78988 1336.775 -278.7799 -344.5761 -541.9304 -254.3523 -642.6208 -1065.605 -383.4192 -341.9524 -541.9304 -368.1626 -639.8656 -1065.605 -252.3668 -550.7973 -1114.253 -276.7013 -246.3551 -594.2727 -366.177 -548.0401 -1114.253 -381.3404 -243.7314 -594.2722 -289.3801 -637.0899 41.14586 -269.3771 -1239.57 37.45267 -394.0195 -634.4661 41.14586 -383.1878 -1236.814 37.45265 -262.3771 -1239.57 -78.88533 -282.3802 -637.0902 -82.57905 -376.1878 -1236.813 -78.88534 -387.0195 -634.4665 -82.57909 -245.4884 -36.08816 1241.091 -274.3013 -39.774 638.5349 -359.2986 -33.33111 1241.091 -378.9403 -37.15025 638.5346 -248.8975 1329.419 2275.523 -247.1699 640.6243 1169.927 -355.5243 1332.071 2275.524 -351.8091 643.2478 1169.927 -274.3013 -39.77403 -638.5288 -245.4884 -36.08832 -1241.083 -378.9405 -37.15025 -638.5285 -359.2986 -33.33126 -1241.084 -243.1955 80.22858 -1241.084 -271.9011 83.92926 -638.5283 -357.0057 82.98574 -1241.084 -376.5403 86.553 -638.5285 -266.9466 42.76141 -2638.557 -254.5787 86.06629 -1336.769 -373.5733 45.414 -2638.557 -359.2179 88.69019 -1336.768 -236.3171 598.2985 1084.021 -269.5011 293.8706 564.0393 -350.1274 601.0556 1084.02 -374.14 296.4943 564.0394 -280.537 -531.5452 354.3878 -259.3878 -1055.154 652.4669 -385.1762 -528.9215 354.3878 -373.1982 -1052.396 652.4669 -260.5341 -1112.754 552.2274 -281.737 -592.8389 247.7509 -374.3446 -1109.997 552.227 -386.3763 -590.2152 247.7509 -234.3314 653.4423 -1045.164 -267.4225 355.4117 -521.4904 -348.1418 656.1993 -1045.165 -372.0614 358.0353 -521.4903 -247.8553 1319.641 -2274.157 -245.0311 706.3026 -1124.989 -354.4819 1322.293 -2274.157 -349.6703 708.9264 -1124.989 -234.6424 2282.779 1315.098 -239.6075 1133.508 701.9361 -341.2692 2285.431 1315.098 -344.2466 1136.131 701.9364 -229.2958 1053.935 648.8269 -265.6653 530.3406 350.7478 -343.1064 1056.691 648.8269 -370.3045 532.9643 350.7478 -301.0541 -2304.085 1283.43 -273.2543 -1198.897 594.802 -407.6828 -2301.433 1283.43 -377.8935 -1196.273 594.802 -271.9011 83.92926 -638.5283 -269.5009 249.0705 -594.2728 -376.5403 86.553 -638.5285 -374.1401 251.6943 -594.2728 -267.4225 355.4117 -521.4904 -265.6653 512.9807 -390.7812 -372.0614 358.0353 -521.4903 -370.3045 515.6043 -390.7812 -264.4652 574.2742 -284.1441 -263.8222 639.8054 -82.5792 -369.1045 576.898 -284.1441 -368.4613 642.4275 -82.57918 -270.822 639.8051 41.1459 -264.4653 595.5542 247.7507 -375.4613 642.4273 41.14586 -369.1045 598.1781 247.7506 -265.6653 530.3406 350.7478 -267.4224 392.0918 511.6971 -370.3045 532.9643 350.7478 -372.0614 394.7156 511.6971 -269.5011 293.8706 564.0393 -271.9013 83.9292 638.5352 -374.14 296.4943 564.0394 -376.5403 86.55294 638.5352 -274.3013 -39.774 638.5349 -276.7013 -283.035 584.4793 -378.9403 -37.15025 638.5346 -381.3404 -280.4114 584.4794 -278.7801 -389.3762 511.6971 -280.537 -531.5452 354.3878 -383.4192 -386.7524 511.6968 -385.1762 -528.9215 354.3878 -281.737 -592.8389 247.7509 -289.3801 -637.0899 41.14586 -386.3763 -590.2152 247.7509 -394.0195 -634.4661 41.14586 -282.3802 -637.0902 -82.57905 -281.737 -575.4789 -287.7841 -387.0195 -634.4665 -82.57909 -386.3763 -572.8549 -287.7841 -280.537 -510.2649 -390.7812 -278.7799 -344.5761 -541.9304 -385.1762 -507.6413 -390.781 -383.4192 -341.9524 -541.9304 -276.7013 -246.3551 -594.2727 -274.3013 -39.77403 -638.5288 -381.3404 -243.7314 -594.2722 -378.9405 -37.15025 -638.5285 -265.6653 512.9807 -390.7812 -229.2958 1036.575 -688.8599 -370.3045 515.6043 -390.7812 -343.1064 1039.331 -688.86 -228.1496 1094.175 -588.6203 -264.4652 574.2742 -284.1441 -341.96 1096.932 -588.6203 -369.1045 576.898 -284.1441 -234.041 2285.536 -1319.823 -238.3728 1179.829 -631.1952 -340.6675 2288.189 -1319.822 -343.0118 1182.453 -631.1954 -286.1979 -1318.567 2295.965 -268.1499 1.410359 2638.563 -392.8259 -1315.914 2295.965 -374.7767 4.063076 2638.563 -287.2396 -1321.589 -2280.798 -300.4524 -2262.687 -1355.131 -393.8678 -1318.936 -2280.798 -407.0811 -2260.034 -1355.131 -234.6424 2265.419 -1355.131 -247.8553 1319.641 -2274.157 -341.2692 2268.072 -1355.131 -354.4819 1322.293 -2274.157 -248.8973 1284.619 -2305.759 -266.9466 42.76141 -2638.557 -355.5243 1287.272 -2305.759 -373.5733 45.414 -2638.557 -229.2958 1036.575 -688.8599 -234.3314 653.4423 -1045.164 -343.1064 1039.331 -688.86 -348.1418 656.1993 -1045.165 -245.0311 706.3026 -1124.989 -239.6076 1116.147 -741.9699 -349.6703 708.9264 -1124.989 -344.2466 1118.771 -741.9699 -236.3171 553.4982 -1114.254 -243.1955 80.22858 -1241.084 -350.1273 556.2553 -1114.254 -357.0057 82.98574 -1241.084 -259.3878 -1055.154 652.4669 -254.3523 -687.4209 1035.372 -373.1982 -1052.396 652.4669 -368.1627 -684.6638 1035.372 -266.596 -740.7696 1115.196 -272.0196 -1135.214 705.5762 -371.2351 -738.1458 1115.196 -376.6587 -1132.59 705.5761 -245.4884 -36.08832 -1241.083 -252.3668 -550.7973 -1114.253 -359.2986 -33.33126 -1241.084 -366.177 -548.0401 -1114.253 -275.2396 -1335.487 -84.96765 -273.2543 -1181.537 -634.8352 -379.8787 -1332.864 -84.96778 -377.8934 -1178.913 -634.8351 -260.5341 -1095.394 -592.26 -262.3771 -1239.57 -78.88533 -374.3446 -1092.637 -592.26 -376.1878 -1236.813 -78.88534 -301.0541 -2286.725 -1323.462 -305.8903 -2636.841 -41.39702 -407.6828 -2284.072 -1323.462 -412.5191 -2634.189 -41.39717 -226.3064 1242.272 -78.88566 -228.1496 1094.175 -588.6203 -340.1166 1245.029 -78.88576 -341.96 1096.932 -588.6203 -247.1699 640.6243 1169.927 -254.5787 86.06645 1336.775 -351.8091 643.2478 1169.927 -359.218 88.6902 1336.775 -266.596 -695.9693 -1145.429 -287.2396 -1321.589 -2280.798 -371.2351 -693.3456 -1145.429 -393.8678 -1318.936 -2280.798 -254.3523 -642.6208 -1065.605 -259.3876 -1033.873 -688.86 -368.1626 -639.8656 -1065.605 -373.1982 -1031.116 -688.8599 -276.7013 -283.035 584.4793 -252.3668 -587.4768 1104.461 -381.3404 -280.4114 584.4794 -366.1771 -584.7197 1104.461 -281.737 -575.4789 -287.7841 -260.5341 -1095.394 -592.26 -386.3763 -572.8549 -287.7841 -374.3446 -1092.637 -592.26 -273.2543 -1181.537 -634.8352 -301.0541 -2286.725 -1323.462 -377.8934 -1178.913 -634.8351 -407.6828 -2284.072 -1323.462 -269.5009 249.0705 -594.2728 -236.3171 553.4982 -1114.254 -374.1401 251.6943 -594.2728 -350.1273 556.2553 -1114.254 -247.17 595.8256 -1200.161 -248.8973 1284.619 -2305.759 -351.8091 598.4493 -1200.161 -355.5243 1287.272 -2305.759 -239.6076 1116.147 -741.9699 -234.6424 2265.419 -1355.131 -344.2466 1118.771 -741.9699 -341.2692 2268.072 -1355.131 -234.041 2306.816 1283.43 -236.2044 2639.574 -0.03599554 -340.6675 2309.469 1283.43 -342.8308 2642.227 -0.03595477 -229.2044 2639.575 -41.39757 -234.041 2285.536 -1319.823 -335.8323 2642.228 -41.3978 -340.6675 2288.189 -1319.822 -263.5475 1.219193 2730.005 -283.3835 -1363.6 2364.252 -368.1867 3.842853 2730.004 -388.0227 -1360.976 2364.252 -283.3835 -1363.6 2364.252 -297.9032 -2362.712 1365.003 -388.0227 -1360.976 2364.252 -402.5441 -2360.089 1365.003 -229.19 2365.15 -1364.996 -223.875 2730.856 0.003245174 -333.8301 2367.774 -1364.996 -328.5148 2733.48 0.003099083 -303.2187 -2728.418 0.003665149 -297.9032 -2362.713 -1364.996 -407.8594 -2725.795 0.003665149 -402.5441 -2360.089 -1364.996 -263.5474 1.218986 -2729.997 -243.7113 1366.037 -2364.246 -364.9761 3.884913 -2760.054 -348.3503 1368.661 -2364.246 -297.9032 -2362.713 -1364.996 -283.3834 -1363.6 -2364.245 -402.5441 -2360.089 -1364.996 -388.0229 -1360.976 -2364.245 -245.0311 706.3026 -1124.989 -234.3314 653.4423 -1045.164 -239.6076 1116.147 -741.9699 -229.2958 1036.575 -688.8599 -254.5787 86.06629 -1336.769 -243.1955 80.22858 -1241.084 -247.17 595.8256 -1200.161 -236.3171 553.4982 -1114.254 -266.596 -740.7696 1115.196 -254.3523 -687.4209 1035.372 -272.0196 -1135.214 705.5762 -259.3878 -1055.154 652.4669 -264.4573 -593.6124 -1200.16 -252.3668 -550.7973 -1114.253 -257.0483 -42.41379 -1336.768 -245.4884 -36.08832 -1241.083 -260.5341 -1095.394 -592.26 -273.2543 -1181.537 -634.8352 -262.3771 -1239.57 -78.88533 -275.2396 -1335.487 -84.96765 -297.9032 -2362.713 -1364.996 -303.2187 -2728.418 0.003665149 -301.0541 -2286.725 -1323.462 -305.8903 -2636.841 -41.39702 -243.7113 1366.037 2364.253 -263.5475 1.219193 2730.005 -348.3503 1368.661 2364.253 -368.1867 3.842853 2730.004 -229.19 2365.151 1365.003 -243.7113 1366.037 2364.253 -333.8301 2367.774 1365.002 -348.3503 1368.661 2364.253 -297.9032 -2362.712 1365.003 -303.2187 -2728.418 0.003665149 -402.5441 -2360.089 1365.003 -407.8594 -2725.795 0.003665149 -223.875 2730.856 0.003245174 -229.19 2365.151 1365.003 -328.5148 2733.48 0.003099083 -333.8301 2367.774 1365.002 -243.7113 1366.037 -2364.246 -229.19 2365.15 -1364.996 -348.3503 1368.661 -2364.246 -333.8301 2367.774 -1364.996 -283.3834 -1363.6 -2364.245 -263.5474 1.218986 -2729.997 -388.0229 -1360.976 -2364.245 -364.9761 3.884913 -2760.054 -238.3728 1179.829 -631.1952 -228.1496 1094.175 -588.6203 -236.3874 1337.699 -84.96792 -226.3064 1242.272 -78.88566 -257.0483 -42.41364 1336.775 -245.4884 -36.08816 1241.091 -264.4573 -630.2924 1190.368 -252.3668 -587.4768 1104.461 -276.7013 -246.3551 -594.2727 -252.3668 -550.7973 -1114.253 -278.7799 -344.5761 -541.9304 -254.3523 -642.6208 -1065.605 -271.9011 83.92926 -638.5283 -274.3013 -39.77403 -638.5288 -269.5009 249.0705 -594.2728 -267.4225 355.4117 -521.4904 -276.7013 -246.3551 -594.2727 -278.7799 -344.5761 -541.9304 -274.3013 -39.77403 -638.5288 -280.537 -510.2649 -390.7812 -273.2543 -1198.897 594.802 -260.5341 -1112.754 552.2274 -282.2395 -1335.486 43.53476 -269.3771 -1239.57 37.45267 -247.1699 640.6243 1169.927 -236.3171 598.2985 1084.021 -254.5787 86.06645 1336.775 -243.1955 80.22879 1241.09 -265.6653 530.3406 350.7478 -229.2958 1053.935 648.8269 -264.4653 595.5542 247.7507 -228.1496 1115.455 552.227 -239.6075 1133.508 701.9361 -229.2958 1053.935 648.8269 -245.0312 742.9829 1115.195 -234.3314 690.1222 1035.372 -234.6424 2282.779 1315.098 -229.19 2365.151 1365.003 -234.041 2306.816 1283.43 -223.875 2730.856 0.003245174 -236.2044 2639.574 -0.03599554 -236.2044 2639.574 -0.03599554 -223.875 2730.856 0.003245174 -229.2044 2639.575 -41.39757 -229.19 2365.15 -1364.996 -234.041 2285.536 -1319.823 -297.9032 -2362.713 -1364.996 -301.0541 -2286.725 -1323.462 -300.4524 -2262.687 -1355.131 -273.2543 -1181.537 -634.8352 -272.0196 -1113.934 -741.9699 -263.8222 639.8054 -82.5792 -264.4652 574.2742 -284.1441 -274.3013 -39.77403 -638.5288 -265.6653 512.9807 -390.7812 -267.4225 355.4117 -521.4904 -265.6653 530.3406 350.7478 -264.4653 595.5542 247.7507 -274.3013 -39.77403 -638.5288 -270.822 639.8051 41.1459 -263.8222 639.8054 -82.5792 -271.9013 83.9292 638.5352 -269.5011 293.8706 564.0393 -274.3013 -39.77403 -638.5288 -267.4224 392.0918 511.6971 -265.6653 530.3406 350.7478 -278.7801 -389.3762 511.6971 -276.7013 -283.035 584.4793 -274.3013 -39.77403 -638.5288 -274.3013 -39.774 638.5349 -271.9013 83.9292 638.5352 -289.3801 -637.0899 41.14586 -281.737 -592.8389 247.7509 -274.3013 -39.77403 -638.5288 -280.537 -531.5452 354.3878 -278.7801 -389.3762 511.6971 -280.537 -510.2649 -390.7812 -281.737 -575.4789 -287.7841 -274.3013 -39.77403 -638.5288 -282.3802 -637.0902 -82.57905 -289.3801 -637.0899 41.14586 -266.9466 42.76141 -2638.557 -263.5474 1.218986 -2729.997 -268.1499 1.410709 -2638.557 -283.3834 -1363.6 -2364.245 -286.1977 -1281.887 -2305.759 -252.3668 -550.7973 -1114.253 -264.4573 -593.6124 -1200.16 -254.3523 -642.6208 -1065.605 -266.596 -695.9693 -1145.429 -259.3876 -1033.873 -688.86 -272.0196 -1113.934 -741.9699 -229.2958 1053.935 648.8269 -239.6075 1133.508 701.9361 -228.1496 1115.455 552.227 -238.3728 1201.11 594.8015 -233.3064 1242.271 37.45251 -243.3874 1337.7 43.53436 -266.9466 42.76141 -2638.557 -257.0483 -42.41379 -1336.768 -254.5787 86.06629 -1336.769 -245.4884 -36.08832 -1241.083 -243.1955 80.22858 -1241.084 -274.3013 -39.77403 -638.5288 -271.9011 83.92926 -638.5283 -269.3771 -1239.57 37.45267 -275.2396 -1335.487 -84.96765 -282.2395 -1335.486 43.53476 -305.8903 -2636.841 -41.39702 -312.8903 -2636.843 -0.03535467 -303.2187 -2728.418 0.003665149 -297.9032 -2362.712 1365.003 -392.8259 -1279.238 -2305.759 -286.1977 -1281.887 -2305.759 -374.7765 4.06349 -2638.557 -268.1499 1.410709 -2638.557 -361.6876 -39.79012 -1336.768 -257.0483 -42.41379 -1336.768 -340.6675 2309.469 1283.43 -234.041 2306.816 1283.43 -343.0118 1203.734 594.8019 -238.3728 1201.11 594.8015 -348.0266 1340.324 43.53433 -243.3874 1337.7 43.53436 -264.4653 595.5542 247.7507 -369.1045 598.1781 247.7506 -228.1496 1115.455 552.227 -341.9599 1118.212 552.227 -233.3064 1242.271 37.45251 -347.1168 1245.028 37.45242 -335.8323 2642.228 -41.3978 -229.2044 2639.575 -41.39757 -341.0266 1340.323 -84.96792 -236.3874 1337.699 -84.96792 -343.0118 1182.453 -631.1954 -238.3728 1179.829 -631.1952 -271.9013 83.9292 638.5352 -376.5403 86.55294 638.5352 -243.1955 80.22879 1241.09 -357.0058 82.98577 1241.091 -236.3171 598.2985 1084.021 -350.1274 601.0556 1084.02 -267.4224 392.0918 511.6971 -372.0614 394.7156 511.6971 -234.3314 690.1222 1035.372 -348.1418 692.8791 1035.372 -229.2958 1053.935 648.8269 -343.1064 1056.691 648.8269 -393.8681 -1350.936 2264.363 -287.2396 -1353.588 2264.363 -407.081 -2281.314 1318.738 -300.4524 -2283.968 1318.738 -376.6587 -1132.59 705.5761 -272.0196 -1135.214 705.5762 -355.5243 1332.071 2275.524 -248.8975 1329.419 2275.523 -373.5733 45.41407 2638.565 -266.9467 42.76136 2638.565 -359.218 88.6902 1336.775 -254.5787 86.06645 1336.775 -407.6828 -2301.433 1283.43 -301.0541 -2304.085 1283.43 -419.5191 -2634.191 -0.03536802 -312.8903 -2636.843 -0.03535467 -386.8787 -1332.863 43.53472 -282.2395 -1335.486 43.53476 -377.8935 -1196.273 594.802 -273.2543 -1198.897 594.802 -341.2692 2285.431 1315.098 -234.6424 2282.779 1315.098 -354.4822 1358.973 2264.363 -247.8555 1356.32 2264.363 -349.6703 745.6064 1115.195 -245.0312 742.9829 1115.195 -344.2466 1136.131 701.9364 -239.6075 1133.508 701.9361 -273.2543 -1181.537 -634.8352 -272.0196 -1113.934 -741.9699 -260.5341 -1095.394 -592.26 -259.3876 -1033.873 -688.86 -281.737 -575.4789 -287.7841 -280.537 -510.2649 -390.7812 -297.9032 -2362.713 -1364.996 -283.3834 -1363.6 -2364.245 -287.2396 -1321.589 -2280.798 -286.1977 -1281.887 -2305.759 -266.596 -695.9693 -1145.429 -264.4573 -593.6124 -1200.16 -270.822 639.8051 41.1459 -263.8222 639.8054 -82.5792 -233.3064 1242.271 37.45251 -226.3064 1242.272 -78.88566 -243.3874 1337.7 43.53436 -236.3874 1337.699 -84.96792 -236.2044 2639.574 -0.03599554 -229.2044 2639.575 -41.39757 -274.3013 -39.774 638.5349 -271.9013 83.9292 638.5352 -245.4884 -36.08816 1241.091 -243.1955 80.22879 1241.09 -257.0483 -42.41364 1336.775 -254.5787 86.06645 1336.775 -268.1499 1.410359 2638.563 -266.9467 42.76136 2638.565 -263.5475 1.219193 2730.005 -243.7113 1366.037 2364.253 -269.5011 293.8706 564.0393 -267.4224 392.0918 511.6971 -236.3171 598.2985 1084.021 -234.3314 690.1222 1035.372 -247.1699 640.6243 1169.927 -245.0312 742.9829 1115.195 -248.8975 1329.419 2275.523 -247.8555 1356.32 2264.363 -243.7113 1366.037 2364.253 -229.19 2365.151 1365.003 -263.5475 1.219193 2730.005 -283.3835 -1363.6 2364.252 -286.1979 -1318.567 2295.965 -287.2396 -1353.588 2264.363 -264.4573 -630.2924 1190.368 -266.596 -740.7696 1115.196 -252.3668 -587.4768 1104.461 -254.3523 -687.4209 1035.372 -276.7013 -283.035 584.4793 -278.7801 -389.3762 511.6971 -283.3835 -1363.6 2364.252 -297.9032 -2362.712 1365.003 -300.4524 -2283.968 1318.738 -301.0541 -2304.085 1283.43 -272.0196 -1135.214 705.5762 -273.2543 -1198.897 594.802 -259.3878 -1055.154 652.4669 -260.5341 -1112.754 552.2274 -280.537 -531.5452 354.3878 -281.737 -592.8389 247.7509 -243.7113 1366.037 -2364.246 -229.19 2365.15 -1364.996 -234.6424 2265.419 -1355.131 -234.041 2285.536 -1319.823 -239.6076 1116.147 -741.9699 -238.3728 1179.829 -631.1952 -229.2958 1036.575 -688.8599 -228.1496 1094.175 -588.6203 -265.6653 512.9807 -390.7812 -264.4652 574.2742 -284.1441 -263.5474 1.218986 -2729.997 -243.7113 1366.037 -2364.246 -248.8973 1284.619 -2305.759 -247.8553 1319.641 -2274.157 -247.17 595.8256 -1200.161 -245.0311 706.3026 -1124.989 -236.3171 553.4982 -1114.254 -234.3314 653.4423 -1045.164 -269.5009 249.0705 -594.2728 -267.4225 355.4117 -521.4904 -266.9466 42.76141 -2638.557 -248.8973 1284.619 -2305.759 -263.5474 1.218986 -2729.997 -247.8553 1319.641 -2274.157 -234.6424 2265.419 -1355.131 -243.7113 1366.037 -2364.246 -287.2396 -1321.589 -2280.798 -297.9032 -2362.713 -1364.996 -300.4524 -2262.687 -1355.131 -234.6424 2282.779 1315.098 -247.8555 1356.32 2264.363 -229.19 2365.151 1365.003 -248.8975 1329.419 2275.523 -266.9467 42.76136 2638.565 -243.7113 1366.037 2364.253 -312.8903 -2636.843 -0.03535467 -297.9032 -2362.712 1365.003 -301.0541 -2304.085 1283.43 -268.1499 1.410359 2638.563 -286.1979 -1318.567 2295.965 -263.5475 1.219193 2730.005 -287.2396 -1353.588 2264.363 -300.4524 -2283.968 1318.738 -283.3835 -1363.6 2364.252 -239.6075 1133.508 701.9361 -234.6424 2282.779 1315.098 -238.3728 1201.11 594.8015 -234.6424 2282.779 1315.098 -234.041 2306.816 1283.43 -238.3728 1201.11 594.8015 -266.9466 42.76141 -2638.557 -268.1499 1.410709 -2638.557 -257.0483 -42.41379 -1336.768 -282.3802 -637.0902 -82.57905 -262.3771 -1239.57 -78.88533 -289.3801 -637.0899 41.14586 -262.3771 -1239.57 -78.88533 -269.3771 -1239.57 37.45267 -289.3801 -637.0899 41.14586 -262.3771 -1239.57 -78.88533 -275.2396 -1335.487 -84.96765 -269.3771 -1239.57 37.45267</float_array>
          <technique_common>
            <accessor source="#Mesh_495-mesh-positions-array" count="1350" stride="3">
              <param name="X" type="float"/>
              <param name="Y" type="float"/>
              <param name="Z" type="float"/>
            </accessor>
          </technique_common>
        </source>
        <source id="Mesh_495-mesh-normals">
          <float_array id="Mesh_495-mesh-normals-array" count="4044">-0.5773707 0.5773143 -0.5773659 -0.577347 0.577336 -0.577368 -0.5773131 0.5773712 -0.5773664 -0.5773383 0.5773478 -0.5773648 0.5773505 -0.5773523 0.5773481 0.5773698 -0.577364 0.5773172 0.5773233 -0.5773431 0.5773845 0.5773416 -0.5773473 0.577362 -0.5773413 0.5773486 -0.5773609 -0.5773325 0.5773538 -0.5773646 -0.5773799 0.5773084 -0.5773625 -0.5773671 0.5773235 -0.5773603 1 3.40752e-5 -8.37778e-6 1 1.03191e-6 -3.74e-6 1 -3.04766e-5 -3.67188e-6 1 1.47708e-6 -9.30377e-6 -0.5773647 0.5773442 -0.577342 -0.5773568 0.5773561 -0.5773379 -0.5773441 0.5773727 -0.577334 -0.5773478 0.5773654 -0.5773377 0.577368 -0.5773138 0.577369 0.5773183 -0.5773847 0.577348 0.5773478 -0.5773454 0.5773578 0.5773203 -0.5773764 0.5773541 -0.5773457 0.5773639 -0.5773412 -0.5773555 0.5773646 -0.5773308 -0.577332 0.5773567 -0.5773622 -0.5773662 0.5773714 -0.5773134 0.577364 -0.5773445 0.5773423 0.5773629 -0.5773183 0.5773697 0.5773633 -0.5773261 0.5773614 0.5773639 -0.5773448 0.5773423 -0.5773376 0.5773533 -0.5773599 -0.5773454 0.5773882 -0.5773173 -0.5773684 0.5773605 -0.577322 -0.5773379 0.5773652 -0.5773478 -0.5773555 0.5773397 -0.5773558 -0.5773068 0.5773536 -0.5773905 -0.5773931 0.5773479 -0.5773099 -0.5774044 0.5773236 -0.5773228 0.5773286 -0.5773573 0.5773649 0.5773466 -0.5773448 0.5773594 0.5773 -0.5773597 0.5773912 0.5773614 -0.5773559 0.5773336 -0.5773667 0.5773484 -0.577336 -0.5773736 0.5773432 -0.5773341 -0.5773956 0.5773333 -0.5773221 -0.5773325 0.5773423 -0.5773761 0.5773923 -0.5773295 0.5773291 0.577322 -0.5773732 0.5773558 0.5772935 -0.5773833 0.577374 0.5773581 -0.5773598 0.5773331 0.5773578 -0.5773229 0.5773702 0.5773643 -0.5773341 0.5773524 0.5773394 -0.5773609 0.5773507 0.5773418 -0.5773805 0.5773286 -0.5773664 0.577322 -0.5773625 -0.577357 0.5773416 -0.5773523 -0.5773514 0.5773344 -0.577365 -0.577363 0.5773589 -0.577329 -0.5773694 0.577314 -0.5773674 -0.5773367 0.5773598 -0.5773544 -0.5773383 0.5773473 -0.5773652 -0.577336 0.5773834 -0.5773316 0.5773512 -0.5773339 0.5773657 0.5773465 -0.5773353 0.5773692 0.5773407 -0.5773412 0.5773689 0.577333 -0.5773531 0.5773647 0.5773185 -0.577371 0.5773614 0.5773026 -0.5773823 0.5773659 0.5773732 -0.5773144 0.5773634 0.5773354 -0.5773549 0.5773606 -0.577364 0.5773375 -0.5773493 -0.5773973 0.577331 -0.5773226 -0.5773636 0.5773379 -0.5773494 -0.5773983 0.5773307 -0.5773219 -0.5773607 0.5773554 -0.5773348 -0.5773389 0.577343 -0.5773689 -0.5773438 0.577333 -0.5773741 -0.5773738 0.5773544 -0.5773228 0.5773585 -0.5773581 0.5773342 0.5773544 -0.5773576 0.5773389 0.577314 -0.5773578 0.5773791 0.577341 -0.5773684 0.5773415 -0.5773437 0.5773516 -0.5773557 -0.5773634 0.5773276 -0.5773598 -0.5773728 0.5773446 -0.5773335 -0.57735 0.5773565 -0.5773444 1 -1.85445e-5 5.67074e-6 1 -5.57117e-5 9.51142e-6 1 3.82308e-5 9.94396e-6 1 1.44169e-6 4.74145e-6 1 -5.55441e-5 -8.03298e-6 1 -1.9243e-5 -4.52637e-6 1 -6.51926e-7 -4.6741e-6 1 3.84469e-5 -9.63635e-6 0.5773679 -0.577364 0.577319 0.5773954 -0.5773352 0.5773203 0.577344 -0.5773575 0.5773494 0.5773381 -0.5773515 0.5773614 -0.5773459 0.5773544 -0.5773504 -0.5773472 0.5773655 -0.5773381 -0.5773334 0.5773311 -0.5773863 -0.577344 0.5773451 -0.5773618 0.5773698 -0.5773478 0.5773334 0.5773404 -0.5773617 0.5773488 0.5773318 -0.5773578 0.5773612 0.5773574 -0.5773507 0.5773429 -0.5773664 0.5773323 -0.5773522 -0.5773713 0.5773442 -0.5773354 -0.57738 0.5773498 -0.5773211 -0.5773433 0.5773411 -0.5773664 -0.5773519 0.5773596 -0.5773393 -0.5773814 0.5773326 -0.5773369 -0.5773276 0.5773394 -0.5773839 -0.5773648 0.5773618 -0.5773242 -0.577366 0.5773373 -0.5773476 -0.5773634 0.5773639 -0.5773236 -0.5773485 0.577324 -0.5773784 -0.5773526 0.577328 -0.5773703 0.5773425 -0.5773554 0.577353 0.5773254 -0.5773551 0.5773705 0.5773537 -0.577317 0.5773801 0.5773641 -0.5773343 0.5773526 0.5773845 -0.5773541 0.5773123 0.5772936 -0.5773472 0.5774101 0.5773122 -0.5773334 0.5774052 0.5773591 -0.5773199 0.5773718 0.5773311 -0.5773475 0.5773722 0.5773887 -0.5773385 0.5773237 0.5773658 -0.5773418 0.5773432 0.5773444 -0.57736 0.5773464 -0.5773558 0.5773608 -0.5773344 -0.5773876 0.5773526 -0.5773108 -0.5773764 0.5773561 -0.5773185 -0.5774061 0.5773296 -0.5773153 0.5773504 -0.5773448 0.5773556 0.5773651 -0.5773427 0.5773431 0.5773947 -0.5773316 0.5773246 0.5773699 -0.5773292 0.5773518 -0.5773434 0.5773534 -0.5773541 -0.5773563 0.57735 -0.5773447 -0.5773342 0.5773653 -0.5773513 -0.5773617 0.5773459 -0.5773434 -0.5773418 0.5773683 -0.5773409 -0.5773521 0.577344 -0.5773547 -0.5773418 0.5773845 -0.5773245 -0.577344 0.5773677 -0.5773392 0.5773665 -0.5773429 0.5773415 0.5773589 -0.5773261 0.5773658 0.5773409 -0.577362 0.5773481 0.5773457 -0.5773778 0.5773273 -0.5773561 0.5773268 -0.5773681 -0.5773651 0.5773522 -0.5773336 -0.5773516 0.5773401 -0.5773592 -0.5773356 0.5773498 -0.5773655 0.5773476 -0.5773431 0.5773601 0.5773506 -0.5773834 0.5773168 0.577346 -0.5773525 0.5773523 0.5773398 -0.5773397 0.5773714 0.5773125 -0.5774033 0.5773351 0.5773482 -0.5773378 0.5773649 0.5773528 -0.5773348 0.5773633 0.5773398 -0.5773923 0.5773187 -0.5773316 0.5773841 -0.5773352 -0.5773591 0.577346 -0.5773459 -0.5773288 0.5773882 -0.577334 -0.577376 0.5773227 -0.5773521 -0.5773493 0.5773336 -0.5773679 -0.5773479 0.5773472 -0.5773558 -0.5773438 0.5773701 -0.577337 -0.5773426 0.5773698 -0.5773385 -0.5773426 0.5773528 -0.5773553 -0.5773435 0.5773618 -0.5773454 -0.5773648 0.5773681 -0.577318 -0.5773457 0.5773533 -0.5773519 -0.5773316 0.5773603 -0.5773589 -0.5773416 0.5773536 -0.5773557 -0.5773952 0.5773486 -0.5773071 -0.5773916 0.57735 -0.5773093 -0.5773361 0.5773535 -0.5773612 -0.5773268 0.5773575 -0.5773666 -0.5773666 0.5773396 -0.5773447 -0.5773343 0.5773544 -0.5773621 -0.5773487 0.5773942 -0.5773079 -0.5773909 0.5773637 -0.5772963 -0.5774084 0.5773502 -0.5772923 -0.5773264 0.5774105 -0.5773139 0.5773858 -0.5773186 0.5773466 0.5773845 -0.5773196 0.5773469 0.5773577 -0.5773541 0.5773391 0.577344 -0.5773736 0.5773334 0.5773347 -0.5773388 0.5773773 0.577338 -0.5773788 0.5773342 0.5773387 -0.5773831 0.5773291 0.577337 -0.577355 0.5773588 0.5773559 -0.5773575 0.5773375 0.5773478 -0.577355 0.5773481 0.5773661 -0.5773606 0.5773242 0.5773551 -0.5773573 0.5773385 0.5773702 -0.5773577 0.577323 0.5773411 -0.5773628 0.577347 0.5773512 -0.5773609 0.5773388 0.577346 -0.5773635 0.5773413 0.5773048 -0.5773653 0.5773807 0.5772936 -0.5773712 0.5773861 0.577387 -0.5773232 0.5773407 0.5773634 -0.5773349 0.5773527 0.577313 -0.5773448 0.5773931 0.577353 -0.5773126 0.5773853 0.5773323 -0.5773294 0.5773891 0.577328 -0.5773314 0.5773916 0.5773073 -0.5773641 0.5773795 0.5773908 -0.5772888 0.5773712 0.5773361 -0.5773228 0.5773921 0.5773634 -0.5773804 0.5773071 -0.5773473 0.5773096 -0.5773939 -0.5773116 0.5773778 -0.5773616 -0.5773113 0.5774196 -0.57732 -0.5773966 0.5773712 -0.577283 0.5773321 -0.5773394 0.5773794 0.5774002 -0.5773339 0.5773168 0.5773559 -0.5773633 0.5773317 0.5773304 -0.5773363 0.5773842 -0.5773509 0.5773623 -0.5773378 -0.5773189 0.5773444 -0.5773875 -0.5773147 0.5773515 -0.5773847 -0.5773987 0.5773331 -0.5773191 -0.5773411 0.5773819 -0.5773279 -0.5773533 0.5773671 -0.5773305 -0.5773438 0.5773804 -0.5773267 -0.577367 0.5773457 -0.5773381 -0.577349 0.5773656 -0.5773361 -0.5773577 0.577367 -0.5773261 -0.5773516 0.5773648 -0.5773344 -0.5773628 0.5773711 -0.5773169 0.5773198 -0.5773655 0.5773655 0.5773928 -0.5773094 0.5773487 0.5773031 -0.5773768 0.5773709 0.5773367 -0.5773531 0.5773609 0.5772917 -0.5774233 0.577336 0.5772971 -0.5774212 0.5773326 0.5774004 -0.5773705 0.5772801 0.5773579 -0.5773913 0.5773016 -0.577338 0.5773512 -0.5773617 -0.5773529 0.577348 -0.5773499 -0.5773863 0.5773414 -0.5773231 -0.5773714 0.5773447 -0.5773347 0.5773741 -0.5773378 0.5773391 0.5773476 -0.57737 0.5773332 0.5773608 -0.5773757 0.5773144 0.5773684 -0.577336 0.5773465 0.5773672 -0.577354 0.5773296 0.5773693 -0.5773233 0.5773583 0.577369 -0.5773394 0.5773425 0.5773928 -0.5764074 0.5782493 0.5773605 -0.5773361 0.5773543 0.5773565 -0.5773472 0.5773473 0.5773608 -0.5773396 0.5773504 0.5773486 -0.577353 0.5773493 -0.5773611 0.5773845 -0.5773051 -0.5773991 0.5773596 -0.5772922 -0.5774103 0.5773491 -0.5772914 -0.5773279 0.5774135 -0.5773096 0.5773414 -0.5773696 0.5773399 0.5773073 -0.5773406 0.5774031 0.5773711 -0.5773291 0.5773507 0.5773437 -0.5773689 0.5773384 -0.5773584 0.5773517 -0.5773409 -0.5773125 0.57736 -0.5773783 -0.5773137 0.5773599 -0.5773773 -0.5773878 0.5773463 -0.5773168 0.5773438 -0.5773627 0.5773445 0.5773468 -0.5773458 0.5773583 0.5773457 -0.5773583 0.5773468 0.5773428 -0.577368 0.5773401 -0.5773628 0.5773427 -0.5773454 -0.5773627 0.5773379 -0.5773504 -0.5773618 0.5773528 -0.5773363 -0.5773612 0.5773658 -0.5773239 0.5773395 -0.5773639 0.5773475 0.5773245 -0.5773832 0.5773431 0.5773395 -0.577363 0.5773484 0.5773761 -0.5773133 0.5773615 -0.5773329 0.5773822 -0.5773359 -0.5773614 0.5773457 -0.5773437 -0.5773307 0.5773872 -0.577333 -0.5773774 0.5773209 -0.5773525 -0.5773625 0.5773428 -0.5773455 -0.577363 0.5773639 -0.577324 -0.5773628 0.5773141 -0.5773739 -0.577363 0.5773618 -0.5773261 -0.5773503 0.5773466 -0.577354 -0.5773028 0.5774101 -0.577338 -0.5773981 0.5773447 -0.5773081 -0.577396 0.5773187 -0.5773361 -0.5773566 0.5773286 -0.5773656 -0.5773571 0.5773313 -0.5773626 -0.5773747 0.5773387 -0.5773375 -0.5773367 0.5773197 -0.5773944 0.5773916 -0.5773472 0.5773121 0.5773775 -0.5773215 0.5773519 0.5773117 -0.5773522 0.577387 0.5773675 -0.5773587 0.5773247 -0.5773327 0.577354 -0.5773641 -0.5774033 0.5773229 -0.5773248 -0.5773594 0.5773426 -0.5773488 -0.5773246 0.5773583 -0.5773681 1 -5.43892e-7 6.03504e-6 1 3.39672e-5 9.74075e-6 1 1.42306e-6 9.27642e-6 1 -3.49972e-5 5.23773e-6 0.577319 -0.5773441 0.5773877 0.57735 -0.5773539 0.5773469 0.5773729 -0.5773623 0.5773156 0.5773394 -0.5773519 0.5773595 -0.5773659 0.5773853 -0.5772998 -0.5773485 0.577397 -0.5773054 -0.5773807 0.5773729 -0.5772972 -0.5773257 0.5774157 -0.5773096 -0.5773458 0.5773226 -0.5773825 -0.577314 0.5773457 -0.5773912 -0.5773519 0.5773152 -0.5773839 -0.5773813 0.5772939 -0.5773757 0.5773821 -0.5772765 0.5773922 0.5773649 -0.577291 0.577395 0.5773717 -0.5772859 0.5773933 0.5773246 -0.5773226 0.5774036 0.5773312 -0.577355 0.5773646 0.5773761 -0.5773433 0.5773315 0.5773614 -0.5773509 0.5773386 0.5773428 -0.5773672 0.5773409 0.5773765 -0.577359 0.5773153 0.5773927 -0.5773506 0.5773076 0.5773902 -0.5773488 0.5773119 0.5773469 -0.5773488 0.5773551 0.5773991 -0.5773435 0.5773082 0.5773299 -0.5773607 0.5773603 0.5773733 -0.5773526 0.5773251 0.5773431 -0.5773535 0.5773543 -0.5773469 0.577346 -0.5773581 -0.5773652 0.5773364 -0.5773494 -0.5773305 0.5773538 -0.5773665 -0.5773099 0.5773639 -0.5773772 0.5773744 -0.5773224 0.5773541 1 2.47527e-5 3.00584e-5 1 -1.99117e-6 2.41748e-5 0.5773305 -0.5773841 0.5773364 0.5773605 -0.5773552 0.5773352 0.5773598 -0.5773521 0.5773389 0.5773599 -0.5773445 0.5773464 0.5773602 -0.5773411 0.5773495 1 5.36675e-5 -2.10903e-5 -0.5773941 0.5773097 -0.5773472 -0.5773405 0.5773524 -0.577358 1 5.60097e-6 -7.75931e-6 -0.5773495 0.5773321 -0.5773693 -0.5773793 0.5773128 -0.5773588 -0.5774034 0.5773008 -0.5773466 -0.5772934 0.577358 -0.5773994 -0.577372 0.5773319 -0.577347 -0.5773325 0.5773431 -0.5773753 -0.5773285 0.5773435 -0.5773789 -0.5773683 0.5773327 -0.5773499 -0.5773456 0.5773593 -0.5773461 -0.5773187 0.5773488 -0.5773833 -0.5773532 0.5773625 -0.5773352 -0.5773213 0.5773495 -0.5773801 -0.5773565 0.5773432 -0.5773513 -0.577359 0.5773459 -0.577346 -0.577359 0.577353 -0.5773388 -0.5773559 0.5773574 -0.5773376 0.5772939 -0.5773586 0.5773983 0.5774044 -0.5773045 0.5773419 0.5773808 -0.5773161 0.577354 0.5773509 -0.5773305 0.5773695 1 -4.77098e-5 3.17544e-5 0.5773408 -0.5773506 0.5773596 0.5773712 -0.5773811 0.5772985 1 5.22733e-5 -1.23419e-5 -0.5773153 0.5774033 -0.5773322 -0.5773398 0.5773353 -0.5773757 -0.5772954 0.5773413 -0.5774142 -0.5773087 0.5773815 -0.5773606 0.5773535 -0.5773595 0.5773378 0.577348 -0.5773575 0.5773454 0.5773464 -0.5773864 0.5773181 0.5773602 -0.5773595 0.5773312 -0.5773146 0.5773568 -0.5773794 -0.5774079 0.5773349 -0.5773081 -0.5773198 0.5773851 -0.5773461 -0.5773121 0.5773538 -0.5773849 1 -7.76164e-6 5.17507e-6 0.5773608 -0.5773058 0.5773844 -0.5773543 0.5773734 -0.5773232 -0.5773546 0.5773751 -0.5773212 0.577349 -0.5773587 0.5773433 0.5773583 -0.5773116 0.577381 0.5773348 -0.577364 0.5773521 0.5773559 -0.5773606 0.5773343 -0.5772986 0.5773834 -0.5773689 0.577349 -0.5773732 0.5773288 0.5773494 -0.5773672 0.5773343 -0.5772951 0.5773784 -0.5773774 -0.5773404 0.5773583 -0.5773522 -0.5773014 0.5774102 -0.5773392 1 -4.45172e-7 4.20958e-7 1 6.85267e-6 -8.78831e-6 1 7.13021e-6 1.9663e-5 -0.5774052 0.5773224 -0.5773233 1 0 8.15839e-7 0.5773304 -0.5773751 0.5773454 0.5773319 -0.5773533 0.5773657 0.5773429 -0.5773564 0.5773516 1 6.95698e-7 -8.27014e-7 0.5773559 -0.577358 0.577337 0.577331 -0.5773445 0.5773754 0.5773554 -0.5773641 0.5773313 0.5773217 -0.5773504 0.5773788 0.5773553 -0.5773537 0.5773419 0.5773665 -0.5773325 0.5773519 0.5773225 -0.5773716 0.5773568 0.5773275 -0.5773708 0.5773527 0.5773711 -0.577332 0.5773477 -0.5773417 0.5773754 -0.5773338 1 6.82585e-5 -2.10293e-6 1 -8.06153e-6 -5.51343e-6 -0.5773304 0.5773618 -0.5773586 -0.5774002 0.5773568 -0.5772938 -0.5773854 0.5773277 -0.5773378 -0.5773994 0.5773264 -0.5773251 -0.5774081 0.5773159 -0.5773268 -0.5773316 0.5773822 -0.5773371 -0.5773884 0.577328 -0.5773346 -0.5773672 0.5773114 -0.5773723 -0.5774034 0.577319 -0.5773285 0.5773468 -0.5773529 0.5773512 0.5773308 -0.5773928 0.5773274 0.5773674 -0.57731 0.5773734 0.5773654 -0.5773418 0.5773437 0.5773448 -0.5773277 0.5773785 0.5773265 -0.577397 0.5773274 0.5773458 -0.5773441 0.5773609 0.5773539 -0.5773179 0.5773791 1 -1.68234e-5 5.90552e-6 1 2.59723e-6 1.80304e-6 0.5773569 -0.5773481 0.577346 1 9.50415e-7 6.08619e-7 1 5.02169e-6 -1.3452e-5 -0.5773172 0.577408 -0.5773258 1 -8.40053e-6 -2.10538e-5 0.5773321 -0.5773573 0.5773615 0.5773405 -0.5773514 0.5773589 0.5773326 -0.5773715 0.5773469 0.5773435 -0.5773767 0.5773307 0.577343 -0.5773565 0.5773513 -0.5774072 0.5773085 -0.5773352 0.5773688 -0.5772975 0.5773847 -0.5774044 0.5773355 -0.5773109 -0.5773557 0.5773482 -0.5773471 -0.5773465 0.5773526 -0.5773518 0.5773588 -0.5773521 0.57734 0.577361 -0.57734 0.5773498 0.577366 -0.5773449 0.5773401 0.5773674 -0.577354 0.5773295 0.5773549 -0.5773198 0.5773763 1 3.9693e-6 1.18837e-5 0.577337 -0.577353 0.5773609 1 -6.05918e-6 -1.60411e-5 -0.5773438 0.5773606 -0.5773465 1 -1.08411e-5 -1.6138e-5 0.5773331 -0.5773764 0.5773414 0.5773539 -0.5773905 0.5773065 0.5773646 -0.5773456 0.5773406 0.5773454 -0.5773648 0.5773406 0.5773599 -0.5773543 0.5773367 0.5773319 -0.5773482 0.5773707 0.5773331 -0.5773639 0.5773539 0.5773379 -0.5773966 0.5773162 0.577334 -0.5773372 0.5773797 0.5773437 -0.5773549 0.5773523 0.5773634 -0.5773137 0.5773737 0.5773467 -0.5773606 0.5773435 0.5773619 -0.5773625 0.5773265 0.5773323 -0.5773405 0.5773781 0.5773484 -0.5773626 0.57734 0.5773583 -0.5773501 0.5773425 1 9.32161e-6 0 0.5773464 -0.577346 0.5773585 0.5773566 -0.5773298 0.5773644 0.5773532 -0.5773136 0.5773841 1 -2.45692e-5 -5.39701e-7 0.5773366 -0.5773801 0.5773342 0.5773537 -0.5773982 0.577299 1 4.21796e-6 4.36325e-7 1 -7.24802e-6 -1.96649e-6 -0.5773944 0.5773243 -0.577332 1 -1.20359e-5 -1.3113e-6 0.5773327 -0.5773571 0.5773611 -0.5774059 0.5773154 -0.5773296 0.5773612 -0.5773746 0.577315 0.5773425 -0.5773451 0.5773633 0.5773463 -0.5773479 0.5773566 0.57735 -0.577332 0.577369 0.5773397 -0.5773743 0.5773369 0.5773451 -0.5773226 0.5773832 0.5773563 -0.5773106 0.5773839 0.5773475 -0.5773521 0.5773512 1 2.27229e-5 -1.56742e-6 0.5773336 -0.5773682 0.577349 0.5773388 -0.5773403 0.5773718 0.5773438 -0.5773436 0.5773636 1 2.36882e-6 -1.91573e-6 0.5773456 -0.5773589 0.5773464 0.577339 -0.577337 0.5773749 0.577338 -0.5773956 0.5773172 0.5773426 -0.5773466 0.5773616 0.577337 -0.5773338 0.57738 1 -2.73809e-7 7.02753e-6 0.5773658 -0.5773226 0.5773625 0.5773514 -0.5773282 0.5773714 0.5773684 -0.5773291 0.5773534 0.5773565 -0.5773909 0.5773036 0.5773333 -0.5773802 0.5773375 0.5773339 -0.5774017 0.5773152 0.5773483 -0.5773673 0.5773352 0.5773403 -0.577367 0.5773436 0.5773552 -0.5773348 0.5773609 0.5773416 -0.5773797 0.5773296 1 5.50412e-6 8.7924e-6 0.5773324 -0.577331 0.5773874 0.5773642 -0.577315 0.5773717 0.5773361 -0.5773435 0.5773712 0.5773293 -0.5773449 0.5773767 0.5773439 -0.5773298 0.5773773 0.5773429 -0.5773451 0.5773629 0.5773404 -0.5773491 0.5773614 0.5773435 -0.5773529 0.5773544 -0.5773063 0.5773961 -0.5773484 -0.5773773 0.5773091 -0.5773644 -0.5773314 0.577406 -0.5773135 -0.577354 0.577333 -0.5773639 -0.5773428 0.5773472 -0.577361 -0.5773441 0.577379 -0.5773277 0.5773802 -0.5773412 0.5773295 0.5773203 -0.577371 0.5773596 0.5773394 -0.5773429 0.5773686 0.5773218 -0.5773479 0.5773811 0.5773322 -0.5773628 0.5773559 0.5773447 -0.5773602 0.5773461 0.5773442 -0.5773493 0.5773574 0.5773608 -0.5773501 0.57734 0.5773295 -0.5773763 0.5773451 0.5773388 -0.5773569 0.5773552 -0.5773695 0.5772947 -0.5773866 -0.5773118 0.577323 -0.577416 -0.5773489 0.577358 -0.5773439 -0.5773868 0.5773491 -0.5773149 -0.577355 0.5773536 -0.5773422 -0.5773411 0.5773519 -0.5773578 0.5773856 -0.5773264 0.5773389 0.5773436 -0.577358 0.5773492 0.5773557 -0.5773223 0.5773728 0.5773546 -0.5773323 0.5773639 -0.5773533 0.577357 -0.5773406 -0.5773851 0.5773128 -0.5773531 -0.5773031 0.5773864 -0.5773615 -0.577362 0.577327 -0.5773619 0.5773512 -0.5773168 0.5773829 0.5773468 -0.5773565 0.5773475 1 6.39632e-6 7.50832e-6 1 9.15769e-6 9.01427e-6 0.5773538 -0.577325 0.577372 0.577353 -0.5773394 0.5773585 0.5773541 -0.5773315 0.5773653 0.5773339 -0.5773419 0.577375 1 -5.39795e-6 9.25083e-6 -0.5773397 0.5773319 -0.5773794 -0.5773024 0.5773423 -0.5774062 -0.5773938 0.5773567 -0.5773003 -0.5773972 0.5773001 -0.5773535 -0.5773522 0.5773451 -0.5773537 0.577364 -0.5773369 0.5773499 0.5773696 -0.5773524 0.5773289 0.5773457 -0.5773326 0.5773726 0.5773513 -0.5773249 0.5773746 -0.5773136 0.5773563 -0.5773809 -0.5772958 0.5773622 -0.5773929 -0.5773992 0.5773346 -0.5773172 -0.5773422 0.5773196 -0.577389 0.5773644 -0.577324 0.5773624 0.5773397 -0.5773345 0.5773766 -0.5773671 0.577362 -0.5773218 -0.5773712 0.577342 -0.5773376 -0.5772953 0.5774019 -0.5773537 -0.5773363 0.5773618 -0.5773529 0.5773343 -0.5773718 0.5773448 0.5773578 -0.5773533 0.5773398 0.5773469 -0.5773608 0.5773431 0.5773333 -0.577373 0.5773446 0.5773581 -0.5773943 0.5772984 -0.5772932 0.5773627 -0.577395 1 -3.93204e-6 -8.02055e-6 1 1.58325e-7 -9.18284e-7 0.5773653 -0.5773178 0.5773678 0.5773578 -0.5773497 0.5773435 0.5773342 -0.5773819 0.577335 0.5773362 -0.5773636 0.577351 1 4.75906e-6 -2.25641e-5 1 4.13135e-6 -2.08914e-5 0.5773692 -0.577294 0.5773878 0.5773526 -0.5773829 0.5773155 0.5773376 -0.577358 0.5773553 0.5773589 -0.5773373 0.5773546 -0.5773596 0.5773532 -0.5773381 -0.5773506 0.5773749 -0.5773255 -0.5773278 0.5773632 -0.5773598 1 2.41585e-6 -2.16253e-5 0.5773504 -0.5773608 0.5773396 0.577363 -0.5773352 0.5773527 0.5773484 -0.5774007 0.5773019 0.5773667 -0.5773429 0.5773414 0.5773514 -0.5773778 0.5773217 0.577334 -0.5773606 0.5773563 -0.5773774 0.5773251 -0.5773484 -0.5774013 0.5773025 -0.577347 -0.5773062 0.5773578 -0.5773869 -0.5773875 0.57732 -0.5773434 0.5773365 -0.5773941 0.5773203 0.577363 -0.5773546 0.5773333 0.5773323 -0.5773916 0.5773269 0.5773311 -0.5773304 0.5773894 0.5773313 -0.5773487 0.577371 0.5773578 -0.5773345 0.5773586 0.5773577 -0.5773568 0.5773365 0.577358 -0.5773299 0.577363 0.5773403 -0.5773414 0.5773691 0.5773407 -0.5773099 0.5774002 0.5773407 -0.5773188 0.5773915 0.5773591 -0.5773758 0.5773161 0.5773585 -0.5773892 0.5773031 0.5773611 -0.5773121 0.5773777 0.5773644 -0.5773279 0.5773586 0.5773621 -0.5773785 0.5773104 0.5773638 -0.5773423 0.5773448 -0.5774084 0.5773203 -0.5773222 -0.5774061 0.5772656 -0.5773791 -0.5774077 0.5772964 -0.5773468 0.57737 -0.5772987 0.5773822 0.5773667 -0.5773411 0.5773431 0.5773661 -0.5773486 0.5773362 0.5773628 -0.5773526 0.5773355 0.5773642 -0.5773355 0.5773513 0.577364 -0.5773376 0.5773493 -0.5773438 0.5773312 -0.5773758 -0.5773448 0.5774064 -0.5772997 1 1.61678e-5 -9.61311e-6 1 -1.75461e-6 9.76026e-7 0.5773456 -0.577337 0.5773682 0.5773462 -0.5773229 0.5773818 0.5773454 -0.5773513 0.5773541 0.5773463 -0.5773218 0.5773828 -0.577385 0.5773292 -0.5773367 1 2.49874e-6 -2.69152e-6 1 0 -3.12179e-6 0.5773503 -0.5773663 0.5773342 0.5773506 -0.5773474 0.5773528 0.5773506 -0.5773714 0.5773289 0.5773507 -0.5773196 0.5773805 0.5773596 -0.5773516 0.5773396 0.5773574 -0.577385 0.5773084 0.5773601 -0.5773435 0.5773473 0.5773598 -0.5773427 0.5773484 1 -1.70805e-6 1.67526e-5 1 1.35135e-6 1.65529e-5 0.5773528 -0.5773699 0.5773282 0.5773512 -0.5773389 0.5773608 1 3.55765e-7 -2.35327e-5 0.5773589 -0.5773034 0.5773886 0.5773572 -0.5773689 0.5773248 0.5773588 -0.5773089 0.5773832 1 -1.79736e-5 -1.63075e-6 0.5773394 -0.5773452 0.5773664 0.5773404 -0.57731 0.5774005 -0.5773414 0.5773485 -0.5773609 -0.5773314 0.5773548 -0.5773646 -0.5773792 0.5773091 -0.5773625 -0.5773671 0.5773234 -0.5773603 1 3.34047e-5 -8.38169e-6 1 6.83591e-7 -3.80774e-6 1 -3.15234e-5 -3.72776e-6 1 -7.91624e-7 -9.28974e-6 1 -4.99189e-7 6.13172e-6 1 3.36785e-5 9.69766e-6 1 -2.49594e-7 9.24345e-6 1 -3.49749e-5 5.23227e-6 -0.5773656 0.5773437 -0.5773415 -0.5773568 0.5773559 -0.5773382 -0.5773445 0.5773725 -0.577334 -0.5773494 0.5773651 -0.5773365 0.5773668 -0.5773141 0.57737 0.5773212 -0.5773842 0.5773454 0.5773494 -0.5773449 0.5773565 0.577319 -0.577377 0.5773547 -0.5773465 0.5773633 -0.5773411 -0.5773561 0.5773645 -0.5773304 -0.5773326 0.5773564 -0.5773619 -0.5773668 0.5773707 -0.5773134 -0.577332 0.5773823 -0.5773366 -0.5773627 0.5773453 -0.5773429 -0.5773322 0.5773871 -0.5773316 -0.5773754 0.5773213 -0.5773541 -0.5773373 0.577353 -0.5773606 -0.5773794 0.5773597 -0.5773118 -0.577366 0.577362 -0.577323 -0.5773378 0.5773652 -0.5773478 0.577382 -0.5772765 0.5773922 0.5773643 -0.5772902 0.5773963 0.577371 -0.5772856 0.5773943 0.5773246 -0.5773227 0.5774036 0.5773262 -0.5773679 0.5773568 0.5773802 -0.5773418 0.5773288 0.5773202 -0.5773715 0.577359 0.5773468 -0.5773577 0.5773465 -0.5773557 0.5773395 -0.5773557 -0.5773064 0.577354 -0.5773904 -0.5773928 0.5773484 -0.5773098 -0.5774049 0.5773224 -0.5773236 0.5773287 -0.5773572 0.5773649 0.5773467 -0.5773451 0.5773592 0.5773 -0.57736 0.5773909 0.5773615 -0.5773562 0.5773332 0.5773923 -0.5773297 0.5773289 0.5773215 -0.5773736 0.5773558 0.577293 -0.5773838 0.5773741 0.5773579 -0.57736 0.5773329 -0.5773664 0.577322 -0.5773625 -0.5773565 0.5773416 -0.5773529 -0.5773509 0.5773346 -0.5773655 -0.577363 0.5773588 -0.577329 -0.5773693 0.5773138 -0.5773677 -0.5773367 0.5773598 -0.5773544 -0.5773382 0.5773475 -0.5773652 -0.577336 0.5773832 -0.5773316 0.5773185 -0.577371 0.5773614 0.5773032 -0.5773817 0.5773658 0.5773743 -0.5773133 0.5773633 0.5773354 -0.577355 0.5773606 0.5773581 -0.5773584 0.5773344 0.5773519 -0.5773602 0.5773388 0.5773117 -0.5773602 0.5773789 0.5773407 -0.5773684 0.5773417 0.5773722 -0.5773448 0.577334 0.5773441 -0.5773491 0.5773577 0.5773606 -0.57735 0.5773402 0.5773423 -0.577353 0.5773558 -0.5773435 0.5773515 -0.5773558 -0.577328 0.5773586 -0.5773643 -0.5773732 0.577344 -0.5773338 -0.5773496 0.5773567 -0.5773446 1 -1.83173e-5 5.6678e-6 1 -5.56968e-5 9.47478e-6 1 3.85959e-5 9.91393e-6 1 2.52016e-6 4.74787e-6 1 -5.53392e-5 -8.15286e-6 1 -1.88462e-5 -4.60651e-6 1 3.27826e-7 -4.76278e-6 1 3.9028e-5 -9.76388e-6 0.577368 -0.577364 0.577319 0.5773953 -0.5773352 0.5773203 0.5773382 -0.5773515 0.5773613 0.5773696 -0.5773475 0.5773338 0.5773388 -0.5773624 0.5773498 0.5773302 -0.577358 0.5773628 0.5773571 -0.5773501 0.5773437 0.5773314 -0.577355 0.5773645 0.5773761 -0.5773432 0.5773315 0.5773615 -0.5773509 0.5773385 0.5773431 -0.5773673 0.5773406 -0.5773663 0.5773322 -0.5773523 -0.5773713 0.5773441 -0.5773354 -0.57738 0.5773497 -0.5773212 -0.577343 0.5773411 -0.5773668 -0.577352 0.5773596 -0.5773393 -0.5773815 0.5773326 -0.5773369 -0.5773277 0.5773392 -0.5773839 -0.5773649 0.5773618 -0.5773242 0.5773428 -0.5773549 0.5773531 0.5773603 -0.5773245 0.5773662 0.5773528 -0.5773175 0.5773805 0.5773645 -0.5773337 0.5773527 -0.5773482 0.5773341 -0.5773685 -0.5773062 0.5773958 -0.577349 -0.5773771 0.5773086 -0.5773653 -0.5773605 0.5773378 -0.5773527 0.5773845 -0.5773542 0.5773122 0.5772938 -0.577347 0.5774099 0.5773128 -0.577333 0.5774051 0.5773591 -0.57732 0.5773718 -0.5773559 0.5773606 -0.5773344 -0.577387 0.577353 -0.5773109 -0.5773761 0.5773563 -0.5773184 -0.5774064 0.5773289 -0.5773155 -0.5773431 0.577354 -0.5773538 -0.5773563 0.5773498 -0.5773448 -0.5773342 0.5773653 -0.5773514 -0.5773612 0.5773475 -0.5773422 0.577365 -0.5773432 0.5773426 0.5773606 -0.5773254 0.5773649 0.5773421 -0.5773613 0.5773475 0.577345 -0.5773779 0.577328 0.5773476 -0.5773432 0.57736 0.5773506 -0.5773832 0.5773171 0.577346 -0.5773524 0.5773524 0.5773399 -0.5773397 0.5773713 0.5773125 -0.5774034 0.577335 0.5773485 -0.5773382 0.5773643 0.577353 -0.577335 0.577363 0.5773398 -0.5773925 0.5773186 -0.5773314 0.5773841 -0.5773354 -0.5773586 0.5773462 -0.5773462 -0.5773283 0.5773882 -0.5773344 -0.5773761 0.5773227 -0.5773519 -0.5773496 0.5773335 -0.5773677 -0.5773476 0.5773473 -0.577356 -0.5773435 0.5773702 -0.5773372 -0.5773433 0.5773695 -0.5773381 -0.5773418 0.5773531 -0.5773561 -0.5773431 0.5773628 -0.5773451 -0.577364 0.5773687 -0.5773181 -0.5773445 0.5773532 -0.5773531 -0.5773316 0.5773611 -0.5773584 -0.5773403 0.5773556 -0.5773551 -0.5773942 0.5773501 -0.5773065 -0.5773917 0.5773509 -0.5773084 -0.5773361 0.5773535 -0.5773612 -0.5773268 0.5773578 -0.5773661 -0.5773666 0.57734 -0.5773442 -0.5773344 0.5773547 -0.5773619 -0.5773491 0.5773942 -0.5773077 -0.5773913 0.5773637 -0.5772958 -0.5774088 0.5773507 -0.5772913 -0.5773265 0.5774105 -0.5773138 0.5773849 -0.5773184 0.5773475 0.5773835 -0.5773195 0.577348 0.5773569 -0.5773541 0.5773398 0.5773434 -0.5773735 0.577334 0.5773347 -0.5773388 0.5773773 0.577338 -0.5773788 0.5773341 0.5773387 -0.5773831 0.5773291 0.577337 -0.577355 0.5773589 0.5773558 -0.5773576 0.5773376 0.5773479 -0.577355 0.5773479 0.5773661 -0.5773607 0.577324 0.577355 -0.5773573 0.5773386 0.5773704 -0.5773575 0.577323 0.5773415 -0.577363 0.5773465 0.5773515 -0.5773611 0.5773383 0.5773463 -0.5773634 0.5773413 0.5773048 -0.5773653 0.5773807 0.5772937 -0.577371 0.5773862 0.5773866 -0.5773237 0.5773406 0.5773633 -0.577335 0.5773526 0.5773129 -0.5773447 0.5773934 0.5773531 -0.5773126 0.5773851 0.5773327 -0.5773292 0.577389 0.577328 -0.5773315 0.5773915 0.5773078 -0.5773649 0.5773781 0.5773908 -0.5772889 0.5773712 0.5773361 -0.5773225 0.5773922 0.5773639 -0.5773807 0.5773063 -0.5773473 0.5773099 -0.5773936 -0.5773115 0.577378 -0.5773614 -0.5773112 0.5774201 -0.5773196 -0.5773966 0.5773715 -0.5772826 -0.5773504 0.5773622 -0.5773383 -0.5773206 0.5773438 -0.5773864 -0.5773158 0.5773517 -0.5773833 -0.577398 0.5773321 -0.5773208 -0.5773416 0.5773831 -0.5773262 -0.5773534 0.5773669 -0.5773305 -0.5773442 0.57738 -0.5773267 -0.5773696 0.5773461 -0.5773352 -0.5773469 0.577346 -0.577358 -0.5773652 0.5773363 -0.5773494 -0.5773305 0.5773537 -0.5773667 -0.5773099 0.577364 -0.5773771 0.5773687 -0.5773531 0.5773289 0.5773698 -0.5773228 0.5773583 0.5773696 -0.5773382 0.577343 0.5773938 -0.5764067 0.5782488 0.5773632 -0.5773357 0.5773521 0.5773538 -0.5773474 0.5773496 0.5773588 -0.5773404 0.5773517 0.5773506 -0.5773521 0.5773482 0.5773429 -0.577363 0.577345 0.5773468 -0.5773462 0.5773581 0.5773457 -0.5773587 0.5773465 0.577342 -0.5773681 0.5773408 -0.5773628 0.5773428 -0.5773453 -0.5773628 0.5773376 -0.5773506 -0.577362 0.5773525 -0.5773364 -0.5773612 0.5773659 -0.5773237 0.5773382 -0.577364 0.5773488 0.5773263 -0.5773828 0.5773418 0.5773405 -0.5773622 0.5773481 0.5773749 -0.5773137 0.5773624 -0.5773422 0.5773476 -0.5773611 -0.5773421 0.5773259 -0.5773828 -0.5773428 0.5773511 -0.577357 -0.5773432 0.5773795 -0.5773282 0.577364 -0.5773446 0.5773423 0.5773627 -0.5773184 0.5773698 0.5773634 -0.5773265 0.577361 0.5773639 -0.5773448 0.5773423 -0.5773454 0.5773226 -0.5773829 -0.5773154 0.5773454 -0.5773901 -0.5773535 0.5773161 -0.5773813 -0.5773802 0.577293 -0.5773776 0.5773179 -0.5773481 0.5773848 0.5773361 -0.5773438 0.577371 0.577329 -0.5773451 0.5773768 0.5773456 -0.5773429 0.5773623 -0.5773645 0.577337 -0.5773495 -0.5773967 0.5773313 -0.577323 -0.5773634 0.5773376 -0.5773498 -0.5773986 0.5773301 -0.5773222 -0.5773391 0.5773517 -0.57736 -0.5773528 0.57735 -0.5773481 -0.5773861 0.5773433 -0.5773214 -0.5773724 0.5773452 -0.5773332 0.5773506 -0.5773524 0.5773478 0.5773697 -0.5773639 0.5773172 0.5773232 -0.5773431 0.5773847 0.5773416 -0.5773477 0.5773617 -0.5773664 0.5773854 -0.5772991 -0.577348 0.5773972 -0.5773057 -0.5773802 0.5773729 -0.5772978 -0.5773271 0.5774164 -0.5773074 0.5773322 -0.5773627 0.5773559 0.5773652 -0.5773431 0.5773426 0.5773721 -0.5773429 0.5773359 0.5773447 -0.57736 0.5773462 -0.5773695 0.5772951 -0.5773864 -0.5773622 0.5772942 -0.5773945 -0.577305 0.5773242 -0.5774217 -0.5773119 0.5773232 -0.5774158 -0.5773667 0.5773485 -0.5773356 -0.5773734 0.5773433 -0.5773341 -0.5773954 0.5773336 -0.5773218 -0.5773325 0.5773423 -0.5773761 0.5773571 -0.5773231 0.5773707 0.5773648 -0.5773337 0.5773524 0.5773397 -0.5773605 0.5773507 0.577341 -0.5773811 0.5773288 0.5773388 -0.5773494 0.5773626 0.5773325 -0.5773828 0.5773357 0.5773445 -0.5773563 0.5773502 0.5773424 -0.5773531 0.5773554 0.5773313 -0.5773473 0.5773723 0.5773885 -0.5773391 0.5773234 0.5773658 -0.577342 0.5773431 0.5773446 -0.5773597 0.5773465 0.5773506 -0.5773448 0.5773556 0.5773656 -0.5773415 0.5773439 0.577395 -0.5773313 0.5773246 0.5773697 -0.5773298 0.5773513 0.5773314 -0.577338 0.5773814 0.5774003 -0.5773341 0.5773166 0.5773559 -0.5773633 0.5773316 0.5773301 -0.5773357 0.5773851 0.5773983 -0.5773437 0.577309 0.5773295 -0.5773598 0.5773616 0.5773726 -0.5773518 0.5773265 0.577342 -0.5773537 0.577355 0.5773756 -0.5773374 0.5773379 0.577349 -0.5773698 0.5773321 0.577362 -0.5773754 0.5773134 0.5773704 -0.5773355 0.5773451 0.5773747 -0.5773225 0.5773537 1 2.51345e-5 2.24076e-5 1 -4.55324e-6 1.80074e-5 0.5773305 -0.5773841 0.5773362 0.5773605 -0.5773553 0.5773352 0.5773599 -0.5773519 0.5773391 0.5773599 -0.5773444 0.5773466 0.5773603 -0.5773412 0.5773494 -0.5773468 0.5773589 -0.5773453 -0.5773187 0.5773497 -0.5773825 -0.5773532 0.5773634 -0.5773342 -0.5773225 0.5773494 -0.5773791 0.5773667 -0.5773342 0.57735 0.5773225 -0.577373 0.5773554 0.5773276 -0.5773721 0.5773512 0.5773712 -0.5773339 0.5773457 -0.5773429 0.5773742 -0.5773338 1 5.85802e-5 3.44999e-5 1 -7.16001e-6 -9.35793e-6 -0.5773307 0.5773614 -0.5773587 0.577294 -0.5773584 0.5773985 0.5774044 -0.5773051 0.5773413 0.5773807 -0.5773164 0.5773538 0.5773509 -0.5773306 0.5773694 -0.5773146 0.5773565 -0.5773798 -0.5774082 0.5773345 -0.5773081 -0.5773196 0.5773851 -0.5773462 -0.5773121 0.5773538 -0.577385 1 -7.78027e-6 5.13124e-6 0.5773608 -0.5773056 0.5773845 -0.5773547 0.5773736 -0.5773227 -0.5773546 0.5773752 -0.5773211 0.5773491 -0.5773589 0.5773429 0.5773585 -0.5773115 0.5773808 0.5773349 -0.577364 0.577352 0.5773558 -0.5773606 0.5773345 0.5773448 -0.5773278 0.5773783 0.5773265 -0.5773974 0.577327 0.5773459 -0.5773441 0.5773609 0.577354 -0.5773179 0.5773791 0.5773407 -0.5773516 0.5773586 0.5773326 -0.5773713 0.577347 0.5773437 -0.5773764 0.5773308 0.5773431 -0.5773566 0.5773511 -0.5774084 0.5773265 -0.5773158 -0.5773915 0.5773091 -0.5773503 -0.5773063 0.5773853 -0.5773592 -0.577408 0.5772973 -0.5773456 1 5.03035e-5 -3.12552e-5 -0.5773938 0.5773096 -0.5773473 -0.5773391 0.5773518 -0.5773599 1 1.88686e-6 -1.46343e-5 -0.5773499 0.577332 -0.5773691 -0.5773804 0.5773118 -0.5773587 -0.5774042 0.5773009 -0.5773459 -0.5772933 0.5773594 -0.5773982 0.5773308 -0.5773431 0.5773769 0.5773558 -0.5773617 0.5773334 0.577322 -0.5773479 0.577381 0.5773552 -0.5773522 0.5773436 -0.577373 0.5773296 -0.5773482 -0.5773338 0.5773411 -0.577376 -0.5773296 0.5773414 -0.5773798 -0.5773689 0.5773305 -0.5773515 -0.5773563 0.5773432 -0.5773512 -0.5773599 0.5773447 -0.5773462 -0.5773598 0.5773524 -0.5773387 -0.5773558 0.5773577 -0.5773374 1 -4.64618e-5 3.69847e-5 0.5773408 -0.5773507 0.5773594 0.5773711 -0.5773813 0.5772986 1 5.28246e-5 -9.16421e-6 -0.5774003 0.5773571 -0.5772936 -0.5773864 0.5773268 -0.5773378 -0.5773986 0.5773268 -0.5773255 -0.5774072 0.5773168 -0.5773269 0.5773533 -0.5773596 0.577338 0.5773478 -0.5773576 0.5773455 0.5773466 -0.5773864 0.5773179 0.5773602 -0.5773597 0.577331 0.5773347 -0.5773606 0.5773556 1 -1.67266e-6 1.68085e-5 1 -1.21258e-6 -1.65598e-5 0.5773527 -0.5773699 0.5773282 0.5773355 -0.5773961 0.5773193 0.5773507 -0.5773473 0.5773529 0.5773363 -0.5773607 0.5773539 0.5773597 -0.5773622 0.5773289 1 -7.46967e-6 -2.23145e-6 1 0 -3.19816e-6 0.5773392 -0.5774016 0.5773101 1 2.70549e-6 1.69966e-6 0.5773465 -0.577353 0.5773515 0.5773307 -0.5773925 0.5773277 0.5773668 -0.5773103 0.5773736 0.5773654 -0.5773423 0.5773432 1 4.77955e-6 -1.35414e-5 -0.577317 0.577407 -0.5773268 1 -8.38749e-6 -2.09805e-5 0.577332 -0.5773572 0.5773616 -0.5773842 0.5773625 -0.5773042 0.5773556 -0.5773224 0.5773728 0.5773544 -0.5773326 0.5773639 -0.5773857 0.5773431 -0.5773221 -0.5773315 0.577382 -0.5773374 -0.5773883 0.5773278 -0.5773348 -0.5773672 0.5773116 -0.577372 -0.577403 0.5773192 -0.5773288 0.577359 -0.5773512 0.5773407 0.5773615 -0.5773395 0.5773499 0.5773663 -0.5773449 0.5773397 0.5773679 -0.5773527 0.5773303 0.5773558 -0.5773179 0.5773772 0.5773667 -0.5773432 0.5773409 0.5773532 -0.5773403 0.5773575 0.5773386 -0.5773525 0.5773597 0.5773378 -0.5773668 0.5773462 0.5773622 -0.5773789 0.5773099 -0.5773891 0.577319 -0.5773428 -0.5773646 0.5773627 -0.5773235 1 -5.63124e-6 9.55351e-6 0.5773376 -0.5773226 0.5773907 0.5773431 -0.5773665 0.5773414 0.5773423 -0.5773645 0.577344 0.5773443 -0.5773177 0.5773889 0.5773552 -0.5773134 0.5773822 0.577333 -0.5773764 0.5773414 0.5773313 -0.5773464 0.5773732 0.5773367 -0.5773784 0.5773357 0.5773488 -0.5773245 0.5773776 0.5773356 -0.5773993 0.5773159 0.577332 -0.5773482 0.5773708 0.5773323 -0.5773549 0.5773637 0.5773518 -0.5773656 0.5773334 0.5773531 -0.5773417 0.5773561 0.5773684 -0.5773339 0.5773485 0.5773633 -0.577314 0.5773735 0.577362 -0.5773544 0.5773345 1 7.04126e-6 0 1 -7.37794e-6 -2.84519e-7 0.5773382 -0.5773332 0.5773795 0.5773582 -0.5773501 0.5773425 0.577362 -0.577335 0.5773539 0.5773386 -0.5773578 0.5773544 -0.5773619 0.5773623 -0.5773266 0.5773601 -0.5773261 0.5773647 1 -2.45618e-5 -5.40167e-7 1 -7.65221e-6 6.20726e-7 1 7.24383e-6 5.15021e-7 1 2.09984e-7 0 0.5773338 -0.5773565 0.5773607 -0.5773944 0.5773243 -0.5773321 -0.577363 0.5773687 -0.5773192 0.5773397 -0.57735 0.5773611 0.5773333 -0.5773835 0.577334 0.5773525 -0.5773657 0.5773327 1 7.46921e-7 -7.97212e-7 0.5773429 -0.5773556 0.5773525 0.5773426 -0.5773455 0.5773628 0.5773461 -0.5773486 0.5773561 0.5773499 -0.5773319 0.577369 0.5773398 -0.5773742 0.5773369 0.5773454 -0.5773226 0.577383 0.5773569 -0.5773102 0.5773838 -0.5773477 0.5773108 -0.5773925 -0.5773033 0.5773676 -0.57738 -0.5773008 0.5773816 -0.5773685 -0.5773307 0.5773574 -0.5773629 -0.5773147 0.5774037 -0.5773323 -0.5773391 0.5773362 -0.5773756 0.577364 -0.5773409 0.5773459 0.5773575 -0.5773172 0.5773762 0.5773552 -0.5773348 0.5773608 0.5773413 -0.5773798 0.5773297 1 4.96022e-6 8.69255e-6 0.5773323 -0.577331 0.5773875 0.5773641 -0.577315 0.5773717 0.5773564 -0.5773436 0.5773509 0.5773573 -0.5773798 0.5773137 0.5773514 -0.577325 0.5773746 -0.5773137 0.5773563 -0.5773808 -0.5772965 0.5773612 -0.5773932 -0.5774 0.5773344 -0.5773165 -0.577343 0.5773173 -0.5773906 -0.5773236 0.5774107 -0.5773166 -0.5773576 0.577386 -0.5773072 -0.577291 0.5773498 -0.5774102 -0.5773764 0.5773561 -0.5773183 0.5773901 -0.5773488 0.5773119 0.5773926 -0.5773507 0.5773076 -0.5773434 0.5773679 -0.5773397 -0.5773413 0.577368 -0.5773416 -0.5773568 0.5773485 -0.5773457 -0.5773456 0.5773394 -0.5773659 -0.5773137 0.57736 -0.5773772 -0.5773127 0.5773599 -0.5773783 -0.5773652 0.5773521 -0.5773338 -0.5773517 0.57734 -0.5773592 -0.577349 0.577292 -0.5774099 -0.5773726 0.5773077 -0.5773707 0.5773547 -0.5773315 0.5773647 0.5773431 -0.5773694 0.5773384 -0.5773389 0.5773472 -0.5773648 -0.5773718 0.5773131 -0.5773659 -0.5773612 0.5773364 -0.5773532 -0.5773528 0.5773671 -0.577331 -0.5773746 0.5773384 -0.5773378 -0.5773567 0.577331 -0.5773632 -0.577349 0.577358 -0.5773439 -0.5773869 0.577349 -0.577315 -0.5773553 0.5773539 -0.5773416 -0.5773412 0.5773516 -0.577358 0.5773856 -0.5773269 0.5773385 0.5773433 -0.577358 0.5773496 -0.5773634 0.5773638 -0.5773237 -0.5773482 0.5773241 -0.5773786 -0.5773874 0.5773581 -0.5773054 -0.577356 0.5773364 -0.5773586 0.5773916 -0.5773472 0.5773122 0.5773675 -0.5773587 0.5773246 -0.5773625 0.5773428 -0.5773456 -0.5773711 0.5773417 -0.5773381 -0.5773748 0.577343 -0.5773332 -0.5773984 0.5773454 -0.577307 -0.577303 0.5774099 -0.577338 0.5773353 -0.577353 0.5773625 0.5773181 -0.5773649 0.577368 0.577292 -0.5773541 0.5774047 0.5773768 -0.5773456 0.5773285 -0.5773435 0.5773334 -0.5773739 -0.5773389 0.5773431 -0.5773689 -0.577363 0.5773692 -0.5773188 -0.5773491 0.5773638 -0.577338 -0.5773279 0.5773178 -0.5774052 -0.5773151 0.5773946 -0.5773412 0.5773463 -0.5773353 0.5773692 0.5773363 -0.5773711 0.5773436 0.5773729 -0.5773617 0.5773163 0.5773501 -0.5773533 0.5773474 0.577358 -0.5773912 0.5773018 0.5772917 -0.577423 0.5773361 0.5773305 -0.5773452 0.5773751 0.577359 -0.577351 0.5773409 -0.5773492 0.5773592 -0.5773424 -0.5773453 0.5773596 -0.577346 -0.5773597 0.5773429 -0.5773482 -0.5774039 0.5773227 -0.5773243 0.5773677 -0.5773459 0.5773374 0.5773487 -0.5773512 0.577351 0.5773532 -0.5773391 0.5773586 0.5773542 -0.5773246 0.5773721 1 8.99704e-6 8.96491e-6 1 6.17839e-6 7.48038e-6 -0.5773432 0.577358 -0.5773497 1 3.6899e-6 1.196e-5 1 -1.28988e-6 1.54404e-5 0.5773528 -0.5773358 0.5773624 0.5773406 -0.5773931 0.5773171 0.5773572 -0.5773693 0.5773243 0.5773628 -0.5773547 0.5773334 0.5773364 -0.5773941 0.5773203 -0.5773865 0.5773208 -0.5773436 -0.5773055 0.5773586 -0.5773867 -0.5774018 0.5773032 -0.577346 -0.5773777 0.5773251 -0.5773481 0.5773592 -0.5773317 0.57736 0.5773632 -0.5773512 0.5773364 0.577357 -0.5773852 0.5773087 0.5773586 -0.5773407 0.5773515 0.5773438 -0.5773664 0.5773408 0.5773424 -0.5773467 0.5773618 0.5773367 -0.577334 0.5773802 1 -4.39584e-7 7.31467e-6 0.5773672 -0.5773225 0.5773612 0.5773528 -0.5773297 0.5773684 0.5773318 -0.5773463 0.5773729 0.5773591 -0.5773922 0.5772995 0.5773625 -0.5773354 0.5773529 0.5773503 -0.5773612 0.5773395 1 2.71387e-6 -2.18796e-5 -0.5773283 0.5773622 -0.5773604 -0.5773506 0.5773739 -0.5773264 -0.5773598 0.5773529 -0.5773382 0.57736 -0.5773361 0.5773547 0.5773384 -0.5773572 0.5773552 0.5773532 -0.5773822 0.5773156 0.5773691 -0.5772941 0.5773876 0.5773583 -0.5773943 0.5772984 -0.5772929 0.5773628 -0.5773952 1 -4.15836e-6 -8.07084e-6 1 -3.81842e-7 -8.93138e-7 0.5773655 -0.5773178 0.5773677 0.5773582 -0.5773504 0.5773424 0.5773345 -0.577382 0.5773344 0.5773363 -0.5773642 0.5773504 1 5.11389e-6 -2.2585e-5 1 4.51505e-6 -2.09026e-5 -0.5773011 0.5773847 -0.5773652 -0.5773923 0.5773363 -0.5773222 1 2.45031e-6 -2.22223e-5 1 -2.35066e-6 -3.75789e-6 0.5773326 -0.5773519 0.5773664 0.5773336 -0.5773687 0.5773487 0.5773383 -0.5773404 0.5773721 0.577343 -0.5773435 0.5773643 1 2.35112e-6 -1.92039e-6 0.5773456 -0.5773589 0.5773465 0.5773401 -0.57731 0.5774007 0.5773377 -0.5773724 0.5773408 0.5773636 -0.5773838 0.5773035 0.5773401 -0.5773704 0.5773404 -0.5773854 0.5773246 -0.5773409 -0.5774044 0.5773357 -0.5773107 -0.5773219 0.5773681 -0.5773609 -0.5773341 0.5773369 -0.57738 0.5773494 -0.5773673 0.5773342 0.577349 -0.5773733 0.5773286 0.577333 -0.577373 0.5773448 0.5773471 -0.5773611 0.5773428 0.5773576 -0.5773534 0.5773398 0.5773341 -0.5773723 0.5773444 -0.5773361 0.5773619 -0.5773529 -0.5772948 0.5774019 -0.5773543 -0.577371 0.5773425 -0.5773374 -0.5773671 0.5773622 -0.5773216 0.5773398 -0.5773342 0.5773769 0.5773645 -0.5773237 0.5773627 0.5773314 -0.5773918 0.5773276 0.5773301 -0.5773302 0.5773905 0.5773305 -0.5773484 0.577372 0.5773577 -0.5773348 0.5773585 0.5773573 -0.5773572 0.5773364 0.5773577 -0.5773307 0.5773625 -0.5773093 0.5773819 -0.5773598 1 -6.48573e-6 -1.8362e-5 1 -1.0232e-5 -1.61044e-5 0.5773699 -0.5772985 0.5773825 0.5773666 -0.5773413 0.5773429 0.5773659 -0.5773488 0.5773361 0.5773625 -0.577353 0.5773354 0.5773639 -0.5773357 0.5773513 0.5773637 -0.5773379 0.5773494 -0.5773434 0.5773314 -0.577376 -0.5773444 0.5774056 -0.5773009 1 1.54683e-5 -9.57586e-6 1 4.52623e-7 -6.28084e-6 0.5773512 -0.5773339 0.5773658 0.5773518 -0.5773208 0.5773783 1 8.33534e-6 -8.32789e-6 1 4.86895e-6 -1.0493e-5 -0.5773153 0.5773438 -0.5773916 0.5773661 -0.5773164 0.5773684 -0.5774053 0.5773309 -0.5773147 -0.5774054 0.5773192 -0.5773264 0.5773466 -0.5773568 0.5773475 0.5773467 -0.5773693 0.577335 -0.5773858 0.5773538 -0.5773112 0.5773363 -0.5773932 0.5773214 0.5773383 -0.577353 0.5773596 0.5773388 -0.5773321 0.57738 0.577361 -0.5773496 0.5773403 -0.5773973 0.5773001 -0.5773534 -0.5773965 0.5772913 -0.5773631 0.577347 -0.5773514 0.5773525 0.5773503 -0.5773854 0.5773152 -0.5773509 0.5773907 -0.5773093 0.5773507 -0.5773681 0.577332 0.5773528 -0.5773425 0.5773555 0.5773494 -0.5773858 0.5773158</float_array>
          <technique_common>
            <accessor source="#Mesh_495-mesh-normals-array" count="1348" stride="3">
              <param name="X" type="float"/>
              <param name="Y" type="float"/>
              <param name="Z" type="float"/>
            </accessor>
          </technique_common>
        </source>
        <source id="Mesh_495-mesh-map-0">
          <float_array id="Mesh_495-mesh-map-0-array" count="4440">0.02506506 0.274414 0.0315755 0.5777994 0.04850256 0.5680338 0.02506506 0.274414 0.04850256 0.5680338 0.04134112 0.2998046 0.1611328 0.6337891 0.03222656 0.6025391 0.04589843 0.6181641 0.1611328 0.6337891 0.04589843 0.6181641 0.1513671 0.6435547 0.03027343 0.5751953 0.02441406 0.2763671 0.03808593 0.2939453 0.03027343 0.5751953 0.03808593 0.2939453 0.04980468 0.5693359 0.03027343 0.7373047 0.03222656 0.6025391 0.04589843 0.6181641 0.03027343 0.7373047 0.04589843 0.6181641 0.04785156 0.7255859 0.1513671 0.6435547 0.04589843 0.6181641 0.03222656 0.6025391 0.1513671 0.6435547 0.03222656 0.6025391 0.1611328 0.6337891 0.04980468 0.5693359 0.1787109 0.6005859 0.1708984 0.6123047 0.04980468 0.5693359 0.1708984 0.6123047 0.03027343 0.5751953 0.1611328 0.6337891 0.03222656 0.6025391 0.04589843 0.6181641 0.1611328 0.6337891 0.04589843 0.6181641 0.1513671 0.6435547 0.03027343 0.5751953 0.1708984 0.6123047 0.1787109 0.6005859 0.03027343 0.5751953 0.1787109 0.6005859 0.04980468 0.5693359 0.03027343 0.5751953 0.02441406 0.2763671 0.03808593 0.2939453 0.03027343 0.5751953 0.03808593 0.2939453 0.04980468 0.5693359 0.02441406 0.2763671 0.03027343 0.5751953 0.04980468 0.5693359 0.02441406 0.2763671 0.04980468 0.5693359 0.03808593 0.2939453 0.03027343 0.5751953 0.02441406 0.2763671 0.03808593 0.2939453 0.03027343 0.5751953 0.03808593 0.2939453 0.04980468 0.5693359 0.03222656 0.6025391 0.03027343 0.7373047 0.04785156 0.7255859 0.03222656 0.6025391 0.04785156 0.7255859 0.04589843 0.6181641 0.03027343 0.7373047 0.03222656 0.6025391 0.04589843 0.6181641 0.03027343 0.7373047 0.04589843 0.6181641 0.04785156 0.7255859 0.03222656 0.6025391 0.03027343 0.7373047 0.04785156 0.7255859 0.03222656 0.6025391 0.04785156 0.7255859 0.04589843 0.6181641 0.03027343 0.7373047 0.03222656 0.6025391 0.04589843 0.6181641 0.03027343 0.7373047 0.04589843 0.6181641 0.04785156 0.7255859 0.03027343 0.5751953 0.02441406 0.2763671 0.03808593 0.2939453 0.03027343 0.5751953 0.03808593 0.2939453 0.04980468 0.5693359 0.02441406 0.2763671 0.03027343 0.5751953 0.04980468 0.5693359 0.02441406 0.2763671 0.04980468 0.5693359 0.03808593 0.2939453 0.03027343 0.5751953 0.02441406 0.2763671 0.03808593 0.2939453 0.03027343 0.5751953 0.03808593 0.2939453 0.04980468 0.5693359 0.1611328 0.6337891 0.03222656 0.6025391 0.04589843 0.6181641 0.1611328 0.6337891 0.04589843 0.6181641 0.1513671 0.6435547 0.02441406 0.2763671 0.03027343 0.5751953 0.04980468 0.5693359 0.02441406 0.2763671 0.04980468 0.5693359 0.03808593 0.2939453 0.03027343 0.5751953 0.02441406 0.2763671 0.03808593 0.2939453 0.03027343 0.5751953 0.03808593 0.2939453 0.04980468 0.5693359 0.03027343 0.7373047 0.03222656 0.6025391 0.04589843 0.6181641 0.03027343 0.7373047 0.04589843 0.6181641 0.04785156 0.7255859 0.03222656 0.6025391 0.03027343 0.7373047 0.04785156 0.7255859 0.03222656 0.6025391 0.04785156 0.7255859 0.04589843 0.6181641 0.03027343 0.7373047 0.03222656 0.6025391 0.04589843 0.6181641 0.03027343 0.7373047 0.04589843 0.6181641 0.04785156 0.7255859 0.03027343 0.7373047 0.03222656 0.6025391 0.04589843 0.6181641 0.03027343 0.7373047 0.04589843 0.6181641 0.04785156 0.7255859 0.02506506 0.274414 0.0315755 0.5777994 0.04850256 0.5680338 0.02506506 0.274414 0.04850256 0.5680338 0.04134112 0.2998046 0.03027343 0.5751953 0.02441406 0.2763671 0.03808593 0.2939453 0.03027343 0.5751953 0.03808593 0.2939453 0.04980468 0.5693359 0.03027343 0.7373047 0.03222656 0.6025391 0.04589843 0.6181641 0.03027343 0.7373047 0.04589843 0.6181641 0.04785156 0.7255859 0.03027343 0.5751953 0.02441406 0.2763671 0.03808593 0.2939453 0.03027343 0.5751953 0.03808593 0.2939453 0.04980468 0.5693359 0.03222656 0.6025391 0.03027343 0.7373047 0.04785156 0.7255859 0.03222656 0.6025391 0.04785156 0.7255859 0.04589843 0.6181641 0.03027343 0.7373047 0.03222656 0.6025391 0.04589843 0.6181641 0.03027343 0.7373047 0.04589843 0.6181641 0.04785156 0.7255859 0.03027343 0.7373047 0.03222656 0.6025391 0.04589843 0.6181641 0.03027343 0.7373047 0.04589843 0.6181641 0.04785156 0.7255859 0.03222656 0.6025391 0.03027343 0.7373047 0.03027343 0.7392578 0.03222656 0.6025391 0.03027343 0.7392578 0.03222656 0.6025391 0.03027343 0.7373047 0.03222656 0.6025391 0.04589843 0.6181641 0.03027343 0.7373047 0.04589843 0.6181641 0.04785156 0.7255859 0.02506506 0.274414 0.0315755 0.5777994 0.04850256 0.5680338 0.02506506 0.274414 0.04850256 0.5680338 0.04134112 0.2998046 0.03027343 0.5751953 0.02441406 0.2763671 0.03808593 0.2939453 0.03027343 0.5751953 0.03808593 0.2939453 0.04980468 0.5693359 0.02506506 0.274414 0.0315755 0.5777994 0.04850256 0.5680338 0.02506506 0.274414 0.04850256 0.5680338 0.04134112 0.2998046 0.03027343 0.5751953 0.02441406 0.2763671 0.03808593 0.2939453 0.03027343 0.5751953 0.03808593 0.2939453 0.04980468 0.5693359 0.03222656 0.6025391 0.03027343 0.7373047 0.04785156 0.7255859 0.03222656 0.6025391 0.04785156 0.7255859 0.04589843 0.6181641 0.03027343 0.7373047 0.03222656 0.6025391 0.04589843 0.6181641 0.03027343 0.7373047 0.04589843 0.6181641 0.04785156 0.7255859 0.03027343 0.5751953 0.02441406 0.2763671 0.03808593 0.2939453 0.03027343 0.5751953 0.03808593 0.2939453 0.04980468 0.5693359 0.06738281 0.9697266 0.03613281 0.9384766 0.01855468 0.9521484 0.06738281 0.9697266 0.01855468 0.9521484 0.05761718 0.9853516 0.06738281 0.9697266 0.03613281 0.9384766 0.01855468 0.9521484 0.06738281 0.9697266 0.01855468 0.9521484 0.05761718 0.9853516 0.06738281 0.9697266 0.03613281 0.9384766 0.01855468 0.9521484 0.06738281 0.9697266 0.01855468 0.9521484 0.05761718 0.9853516 0.06738281 0.9697266 0.03613281 0.9384766 0.01855468 0.9521484 0.06738281 0.9697266 0.01855468 0.9521484 0.05761718 0.9853516 0.06738281 0.9697266 0.03613281 0.9384766 0.01855468 0.9521484 0.06738281 0.9697266 0.01855468 0.9521484 0.05761718 0.9853516 0.03613281 0.9384766 0.06738281 0.9697266 0.05761718 0.9853516 0.03613281 0.9384766 0.05761718 0.9853516 0.01855468 0.9521484 0.06738281 0.9697266 0.03613281 0.9384766 0.01855468 0.9521484 0.06738281 0.9697266 0.01855468 0.9521484 0.05761718 0.9853516 0.06738281 0.9697266 0.03613281 0.9384766 0.01855468 0.9521484 0.06738281 0.9697266 0.01855468 0.9521484 0.05761718 0.9853516 0.06738281 0.9697266 0.03613281 0.9384766 0.01855468 0.9521484 0.06738281 0.9697266 0.01855468 0.9521484 0.05761718 0.9853516 0.06738281 0.9697266 0.03613281 0.9384766 0.01855468 0.9521484 0.06738281 0.9697266 0.01855468 0.9521484 0.05761718 0.9853516 0.06738281 0.9697266 0.03613281 0.9384766 0.01855468 0.9521484 0.06738281 0.9697266 0.01855468 0.9521484 0.05761718 0.9853516 0.06738281 0.9697266 0.03613281 0.9384766 0.01855468 0.9521484 0.06738281 0.9697266 0.01855468 0.9521484 0.05761718 0.9853516 0.03222656 0.6025391 0.03027343 0.7373047 0.04785156 0.7255859 0.03222656 0.6025391 0.04785156 0.7255859 0.03222656 0.6025391 0.03027343 0.7373047 0.03222656 0.6025391 0.04589843 0.6181641 0.03027343 0.7373047 0.04589843 0.6181641 0.04785156 0.7255859 0.02506506 0.274414 0.0315755 0.5777994 0.04850256 0.5680338 0.02506506 0.274414 0.04850256 0.5680338 0.04134112 0.2998046 0.03027343 0.5751953 0.02441406 0.2763671 0.03808593 0.2939453 0.03027343 0.5751953 0.03808593 0.2939453 0.04980468 0.5693359 0.3291016 0.368164 0.03808593 0.2939453 0.02441406 0.2763671 0.3291016 0.368164 0.02441406 0.2763671 0.3369141 0.3564453 0.3369141 0.3564453 0.02441406 0.2763671 0.03808593 0.2939453 0.3369141 0.3564453 0.03808593 0.2939453 0.3291016 0.368164 0.3369141 0.3564453 0.02441406 0.2763671 0.03808593 0.2939453 0.3369141 0.3564453 0.03808593 0.2939453 0.3291016 0.368164 0.3369141 0.3564453 0.02441406 0.2763671 0.03808593 0.2939453 0.3369141 0.3564453 0.03808593 0.2939453 0.3291016 0.368164 0.3369141 0.3564453 0.02441406 0.2763671 0.03808593 0.2939453 0.3369141 0.3564453 0.03808593 0.2939453 0.3291016 0.368164 0.3369141 0.3564453 0.02441406 0.2763671 0.03808593 0.2939453 0.3369141 0.3564453 0.03808593 0.2939453 0.3291016 0.368164 0.3369141 0.3564453 0.02441406 0.2763671 0.03808593 0.2939453 0.3369141 0.3564453 0.03808593 0.2939453 0.3291016 0.368164 0.3369141 0.3564453 0.02441406 0.2763671 0.03808593 0.2939453 0.3369141 0.3564453 0.03808593 0.2939453 0.3291016 0.368164 0.3369141 0.3564453 0.02441406 0.2763671 0.03808593 0.2939453 0.3369141 0.3564453 0.03808593 0.2939453 0.3291016 0.368164 0.1611328 0.6337891 0.03222656 0.6025391 0.04589843 0.6181641 0.1611328 0.6337891 0.04589843 0.6181641 0.1513671 0.6435547 0.03027343 0.5751953 0.1708984 0.6123047 0.1787109 0.6005859 0.03027343 0.5751953 0.1787109 0.6005859 0.04980468 0.5693359 0.1611328 0.6337891 0.03222656 0.6025391 0.04589843 0.6181641 0.1611328 0.6337891 0.04589843 0.6181641 0.1513671 0.6435547 0.03027343 0.5751953 0.1708984 0.6123047 0.1787109 0.6005859 0.03027343 0.5751953 0.1787109 0.6005859 0.04980468 0.5693359 0.1611328 0.6337891 0.03222656 0.6025391 0.04589843 0.6181641 0.1611328 0.6337891 0.04589843 0.6181641 0.1513671 0.6435547 0.03027343 0.5751953 0.1708984 0.6123047 0.1787109 0.6005859 0.03027343 0.5751953 0.1787109 0.6005859 0.04980468 0.5693359 0.3369141 0.3564453 0.02441406 0.2763671 0.03808593 0.2939453 0.3369141 0.3564453 0.03808593 0.2939453 0.3291016 0.368164 0.02441406 0.2763671 0.03027343 0.5751953 0.04980468 0.5693359 0.02441406 0.2763671 0.04980468 0.5693359 0.03808593 0.2939453 0.03027343 0.5751953 0.1708984 0.6123047 0.1787109 0.6005859 0.03027343 0.5751953 0.1787109 0.6005859 0.04980468 0.5693359 0.1611328 0.6337891 0.03222656 0.6025391 0.04589843 0.6181641 0.1611328 0.6337891 0.04589843 0.6181641 0.1513671 0.6435547 0.03027343 0.5751953 0.1708984 0.6123047 0.1787109 0.6005859 0.03027343 0.5751953 0.1787109 0.6005859 0.04980468 0.5693359 0.03222656 0.6025391 0.03027343 0.7373047 0.04785156 0.7255859 0.03222656 0.6025391 0.04785156 0.7255859 0.04589843 0.6181641 0.03027343 0.5751953 0.1708984 0.6123047 0.1787109 0.6005859 0.03027343 0.5751953 0.1787109 0.6005859 0.04980468 0.5693359 0.03027343 0.5751953 0.1708984 0.6123047 0.1787109 0.6005859 0.03027343 0.5751953 0.1787109 0.6005859 0.04980468 0.5693359 0.1611328 0.6337891 0.03222656 0.6025391 0.04589843 0.6181641 0.1611328 0.6337891 0.04589843 0.6181641 0.1513671 0.6435547 0.03027343 0.5751953 0.1708984 0.6123047 0.1787109 0.6005859 0.03027343 0.5751953 0.1787109 0.6005859 0.04980468 0.5693359 0.03222656 0.6025391 0.03027343 0.7373047 0.04785156 0.7255859 0.03222656 0.6025391 0.04785156 0.7255859 0.04589843 0.6181641 0.02441406 0.2763671 0.03027343 0.5751953 0.04980468 0.5693359 0.02441406 0.2763671 0.04980468 0.5693359 0.03808593 0.2939453 0.3369141 0.3564453 0.02441406 0.2763671 0.03808593 0.2939453 0.3369141 0.3564453 0.03808593 0.2939453 0.3291016 0.368164 0.3369141 0.3564453 0.02441406 0.2763671 0.03808593 0.2939453 0.3369141 0.3564453 0.03808593 0.2939453 0.3291016 0.368164 0.02441406 0.243164 0.3583984 0.3310546 0.3486328 0.3408203 0.02441406 0.243164 0.3486328 0.3408203 0.01269531 0.2490233 0.01269531 0.2490233 0.3486328 0.3408203 0.3564453 0.3310546 0.01269531 0.2490233 0.3564453 0.3310546 0.02441406 0.243164 0.01269531 0.2490233 0.3486328 0.3408203 0.3564453 0.3310546 0.01269531 0.2490233 0.3564453 0.3310546 0.02441406 0.243164 0.01269531 0.2490233 0.3486328 0.3408203 0.3564453 0.3310546 0.01269531 0.2490233 0.3564453 0.3310546 0.02441406 0.243164 0.01269531 0.2490233 0.3486328 0.3408203 0.3564453 0.3310546 0.01269531 0.2490233 0.3564453 0.3310546 0.02441406 0.243164 0.01269531 0.2490233 0.3486328 0.3408203 0.3564453 0.3310546 0.01269531 0.2490233 0.3564453 0.3310546 0.02441406 0.243164 0.01269531 0.2490233 0.3486328 0.3408203 0.3564453 0.3310546 0.01269531 0.2490233 0.3564453 0.3310546 0.02441406 0.243164 0.01269531 0.2490233 0.3486328 0.3408203 0.3564453 0.3310546 0.01269531 0.2490233 0.3564453 0.3310546 0.02441406 0.243164 0.01269531 0.2490233 0.3486328 0.3408203 0.3564453 0.3310546 0.01269531 0.2490233 0.3564453 0.3310546 0.02441406 0.243164 0.1611328 0.6337891 0.1708984 0.6123047 0.03027343 0.5751953 0.1611328 0.6337891 0.03027343 0.5751953 0.03222656 0.6025391 0.1611328 0.6337891 0.1708984 0.6123047 0.03027343 0.5751953 0.1611328 0.6337891 0.03027343 0.5751953 0.03222656 0.6025391 0.1611328 0.6337891 0.1708984 0.6123047 0.03027343 0.5751953 0.1611328 0.6337891 0.03027343 0.5751953 0.03222656 0.6025391 0.1611328 0.6337891 0.1708984 0.6123047 0.03027343 0.5751953 0.1611328 0.6337891 0.03027343 0.5751953 0.03222656 0.6025391 0.1611328 0.6337891 0.1708984 0.6123047 0.03027343 0.5751953 0.1611328 0.6337891 0.03027343 0.5751953 0.03222656 0.6025391 9.76562e-4 0.5986328 0.002929687 0.7373047 0.03027343 0.7373047 9.76562e-4 0.5986328 0.03027343 0.7373047 0.03222656 0.6025391 0.3486328 0.3408203 0.01269531 0.2490233 0.02441406 0.2763671 0.3486328 0.3408203 0.02441406 0.2763671 0.3369141 0.3564453 0.02441406 0.2763671 0.01269531 0.2490233 0.01074218 0.2685546 0.02441406 0.2763671 0.01074218 0.2685546 0.03027343 0.5751953 0.02441406 0.2763671 0.3369141 0.3564453 0.3486328 0.3408203 0.02441406 0.2763671 0.3486328 0.3408203 0.01269531 0.2490233 0.01269531 0.2490233 0.3486328 0.3408203 0.3564453 0.3310546 0.01269531 0.2490233 0.3564453 0.3310546 0.02441406 0.243164 0.01269531 0.2490233 0.3486328 0.3408203 0.3564453 0.3310546 0.01269531 0.2490233 0.3564453 0.3310546 0.02441406 0.243164 0.01269531 0.2490233 0.3486328 0.3408203 0.3564453 0.3310546 0.01269531 0.2490233 0.3564453 0.3310546 0.02441406 0.243164 0.1611328 0.6337891 0.1708984 0.6123047 0.03027343 0.5751953 0.1611328 0.6337891 0.03027343 0.5751953 0.03222656 0.6025391 0.1611328 0.6337891 0.1708984 0.6123047 0.03027343 0.5751953 0.1611328 0.6337891 0.03027343 0.5751953 0.03222656 0.6025391 0.1611328 0.6337891 0.1708984 0.6123047 0.03027343 0.5751953 0.1611328 0.6337891 0.03027343 0.5751953 0.03222656 0.6025391 0.1611328 0.6337891 0.1708984 0.6123047 0.03027343 0.5751953 0.1611328 0.6337891 0.03027343 0.5751953 0.03222656 0.6025391 0.03195035 0.9335973 0.06762439 0.9682794 0.1444634 0.9904444 0.03195035 0.9335973 0.1444634 0.9904444 0.01635539 0.909964 0.1611328 0.6337891 0.1708984 0.6123047 0.03027343 0.5751953 0.1611328 0.6337891 0.03027343 0.5751953 0.03222656 0.6025391 0.03027343 0.5751953 0.03222656 0.6025391 0.1611328 0.6337891 0.03027343 0.5751953 0.1611328 0.6337891 0.1708984 0.6123047 0.03027343 0.5751953 0.01074218 0.2685546 0.002929687 0.5693359 0.03027343 0.5751953 0.002929687 0.5693359 0.03222656 0.6025391 0.03222656 0.6025391 0.002929687 0.5693359 9.76562e-4 0.5986328 0.01269531 0.2490233 0.01074218 0.2685546 0.02441406 0.2763671 0.01269531 0.2490233 0.02441406 0.2763671 0.3486328 0.3408203 0.3486328 0.3408203 0.02441406 0.2763671 0.3369141 0.3564453 0.01269531 0.2490233 0.01074218 0.2685546 0.02441406 0.2763671 0.01269531 0.2490233 0.02441406 0.2763671 0.3486328 0.3408203 0.3486328 0.3408203 0.02441406 0.2763671 0.3369141 0.3564453 0.276649 0.9335973 0.2913067 0.9091289 0.1444634 0.9904444 0.276649 0.9335973 0.1444634 0.9904444 0.2389681 0.9635893 0.2389681 0.9635893 0.1444634 0.9904444 0.2135375 0.9802896 0.3069778 0.8344894 0.2963955 0.7870827 0.1444634 0.9904444 0.3069778 0.8344894 0.1444634 0.9904444 0.3069778 0.8628787 0.3069778 0.8628787 0.1444634 0.9904444 0.2913067 0.9091289 0.2477396 0.7265188 0.2242509 0.7145085 0.1444634 0.9904444 0.2477396 0.7265188 0.1444634 0.9904444 0.2808006 0.7634494 0.2808006 0.7634494 0.1444634 0.9904444 0.2963955 0.7870827 0.1444634 0.6974151 0.08890795 0.7140657 0.1444634 0.9904444 0.1444634 0.6974151 0.1444634 0.9904444 0.1740458 0.6974151 0.1740458 0.6974151 0.1444634 0.9904444 0.2242509 0.7145085 0.02686172 0.7626143 0.01220375 0.7870826 0.1444634 0.9904444 0.02686172 0.7626143 0.1444634 0.9904444 0.06372332 0.7302599 0.06372332 0.7302599 0.1444634 0.9904444 0.08890795 0.7140657 0.001621723 0.8628786 0.01635539 0.909964 0.1444634 0.9904444 0.001621723 0.8628786 0.1444634 0.9904444 0.001621723 0.8344894 0.001621723 0.8344894 0.1444634 0.9904444 0.01220375 0.7870826 0.002929687 0.5693359 9.76562e-4 0.5986328 0.03222656 0.6025391 0.002929687 0.5693359 0.03222656 0.6025391 0.03027343 0.5751953 0.03027343 0.5751953 0.03222656 0.6025391 0.1611328 0.6337891 0.03027343 0.5751953 0.1611328 0.6337891 0.1708984 0.6123047 0.03027343 0.5751953 0.01074218 0.2685546 0.002929687 0.5693359 0.03027343 0.5751953 0.002929687 0.5693359 0.03222656 0.6025391 0.03222656 0.6025391 0.002929687 0.5693359 9.76562e-4 0.5986328 0.03222656 0.6025391 9.76562e-4 0.5986328 0.03027343 0.7373047 0.03027343 0.7373047 9.76562e-4 0.5986328 0.002929687 0.7373047 9.76562e-4 0.5986328 0.03027343 0.7373047 0.03222656 0.6025391 9.76562e-4 0.5986328 0.03222656 0.6025391 0.002929687 0.5693359 0.002929687 0.5693359 0.03222656 0.6025391 0.03027343 0.5751953 0.002929687 0.5693359 0.03027343 0.5751953 0.01074218 0.2685546 0.01074218 0.2685546 0.03027343 0.5751953 0.02441406 0.2763671 0.01074218 0.2685546 0.02441406 0.2763671 0.01269531 0.2490233 0.01269531 0.2490233 0.02441406 0.2763671 0.3486328 0.3408203 0.02441406 0.2763671 0.01269531 0.2490233 0.01074218 0.2685546 0.02441406 0.2763671 0.01074218 0.2685546 0.03027343 0.5751953 0.03027343 0.5751953 0.01074218 0.2685546 0.002929687 0.5693359 0.03027343 0.5751953 0.002929687 0.5693359 0.03222656 0.6025391 0.03222656 0.6025391 0.002929687 0.5693359 9.76562e-4 0.5986328 0.03222656 0.6025391 9.76562e-4 0.5986328 0.03027343 0.7373047 0.03027343 0.7373047 9.76562e-4 0.5986328 0.002929687 0.7373047 0.1708984 0.6123047 0.1787109 0.6005859 0.03027343 0.5751953 0.03027343 0.5751953 0.1787109 0.6005859 0.04980468 0.5693359 0.03027343 0.5751953 0.04980468 0.5693359 0.02441406 0.2763671 0.02441406 0.2763671 0.04980468 0.5693359 0.03808593 0.2939453 0.03027343 0.7373047 0.04785156 0.7255859 0.03222656 0.6025391 0.03222656 0.6025391 0.04785156 0.7255859 0.04589843 0.6181641 0.03222656 0.6025391 0.04589843 0.6181641 0.1611328 0.6337891 0.1611328 0.6337891 0.04589843 0.6181641 0.1513671 0.6435547 0.1708984 0.6123047 0.1787109 0.6005859 0.03027343 0.5751953 0.03027343 0.5751953 0.1787109 0.6005859 0.04980468 0.5693359 0.03027343 0.5751953 0.04980468 0.5693359 0.02441406 0.2763671 0.02441406 0.2763671 0.04980468 0.5693359 0.03808593 0.2939453 0.03027343 0.7373047 0.04785156 0.7255859 0.03222656 0.6025391 0.03222656 0.6025391 0.04785156 0.7255859 0.04589843 0.6181641 0.03222656 0.6025391 0.04589843 0.6181641 0.1611328 0.6337891 0.1611328 0.6337891 0.04589843 0.6181641 0.1513671 0.6435547 0.03027343 0.7373047 0.04785156 0.7255859 0.03222656 0.6025391 0.03222656 0.6025391 0.04785156 0.7255859 0.04589843 0.6181641 0.03222656 0.6025391 0.04589843 0.6181641 0.1611328 0.6337891 0.1611328 0.6337891 0.04589843 0.6181641 0.1513671 0.6435547 0.002929687 0.7373047 0.03027343 0.7373047 9.76562e-4 0.5986328 9.76562e-4 0.5986328 0.03027343 0.7373047 0.03222656 0.6025391 9.76562e-4 0.5986328 0.03222656 0.6025391 0.002929687 0.5693359 0.002929687 0.5693359 0.03222656 0.6025391 0.03027343 0.5751953 0.002929687 0.5693359 0.03027343 0.5751953 0.01074218 0.2685546 0.01074218 0.2685546 0.03027343 0.5751953 0.02441406 0.2763671 0.002929687 0.7373047 0.03027343 0.7373047 9.76562e-4 0.5986328 9.76562e-4 0.5986328 0.03027343 0.7373047 0.03222656 0.6025391 9.76562e-4 0.5986328 0.03222656 0.6025391 0.002929687 0.5693359 0.002929687 0.5693359 0.03222656 0.6025391 0.03027343 0.5751953 0.002929687 0.5693359 0.03027343 0.5751953 0.01074218 0.2685546 0.01074218 0.2685546 0.03027343 0.5751953 0.02441406 0.2763671 0.01074218 0.2685546 0.02441406 0.2763671 0.01269531 0.2490233 0.01269531 0.2490233 0.02441406 0.2763671 0.3486328 0.3408203 0.002929687 0.7373047 0.03027343 0.7373047 9.76562e-4 0.5986328 9.76562e-4 0.5986328 0.03027343 0.7373047 0.03222656 0.6025391 9.76562e-4 0.5986328 0.03222656 0.6025391 0.002929687 0.5693359 0.002929687 0.5693359 0.03222656 0.6025391 0.03027343 0.5751953 0.002929687 0.5693359 0.03027343 0.5751953 0.01074218 0.2685546 0.01074218 0.2685546 0.03027343 0.5751953 0.02441406 0.2763671 0.01074218 0.2685546 0.02441406 0.2763671 0.01269531 0.2490233 0.01269531 0.2490233 0.02441406 0.2763671 0.3486328 0.3408203 0.002929687 0.7373047 0.03027343 0.7373047 9.76562e-4 0.5986328 9.76562e-4 0.5986328 0.03027343 0.7373047 0.03222656 0.6025391 9.76562e-4 0.5986328 0.03222656 0.6025391 0.002929687 0.5693359 0.002929687 0.5693359 0.03222656 0.6025391 0.03027343 0.5751953 0.002929687 0.5693359 0.03027343 0.5751953 0.01074218 0.2685546 0.01074218 0.2685546 0.03027343 0.5751953 0.02441406 0.2763671 0.01074218 0.2685546 0.02441406 0.2763671 0.01269531 0.2490233 0.01269531 0.2490233 0.02441406 0.2763671 0.3486328 0.3408203 0.3486328 0.3408203 0.01269531 0.2490233 0.02441406 0.2763671 0.02441406 0.2763671 0.01269531 0.2490233 0.01074218 0.2685546 0.02441406 0.2763671 0.01074218 0.2685546 0.03027343 0.5751953 0.03027343 0.5751953 0.01074218 0.2685546 0.002929687 0.5693359 0.03027343 0.5751953 0.002929687 0.5693359 0.03222656 0.6025391 0.03222656 0.6025391 0.002929687 0.5693359 9.76562e-4 0.5986328 0.03222656 0.6025391 9.76562e-4 0.5986328 0.03027343 0.7373047 0.03027343 0.7373047 9.76562e-4 0.5986328 0.002929687 0.7373047 0.3486328 0.3408203 0.01269531 0.2490233 0.02441406 0.2763671 0.02441406 0.2763671 0.01269531 0.2490233 0.01074218 0.2685546 0.02441406 0.2763671 0.01074218 0.2685546 0.03027343 0.5751953 0.03027343 0.5751953 0.01074218 0.2685546 0.002929687 0.5693359 0.03027343 0.5751953 0.002929687 0.5693359 0.03222656 0.6025391 0.03222656 0.6025391 0.002929687 0.5693359 9.76562e-4 0.5986328 0.03222656 0.6025391 9.76562e-4 0.5986328 0.03027343 0.7373047 0.03027343 0.7373047 9.76562e-4 0.5986328 0.002929687 0.7373047 0.3486328 0.3408203 0.01269531 0.2490233 0.02441406 0.2763671 0.02441406 0.2763671 0.01269531 0.2490233 0.01074218 0.2685546 0.02441406 0.2763671 0.01074218 0.2685546 0.03027343 0.5751953 0.03027343 0.5751953 0.01074218 0.2685546 0.002929687 0.5693359 0.03027343 0.5751953 0.002929687 0.5693359 0.03222656 0.6025391 0.03222656 0.6025391 0.002929687 0.5693359 9.76562e-4 0.5986328 0.03222656 0.6025391 9.76562e-4 0.5986328 0.03027343 0.7373047 0.03027343 0.7373047 9.76562e-4 0.5986328 0.002929687 0.7373047 0.02441406 0.2763671 0.3369141 0.3564453 0.3486328 0.3408203 0.02441406 0.2763671 0.3369141 0.3564453 0.3486328 0.3408203 0.02441406 0.2763671 0.3486328 0.3408203 0.01269531 0.2490233 0.01074218 0.2685546 0.02441406 0.2763671 0.01269531 0.2490233 0.02441406 0.2763671 0.3369141 0.3564453 0.3486328 0.3408203 0.3486328 0.3408203 0.02441406 0.2763671 0.3369141 0.3564453 0.02441406 0.2763671 0.3369141 0.3564453 0.3486328 0.3408203 0.02441406 0.2763671 0.3369141 0.3564453 0.3486328 0.3408203 0.3486328 0.3408203 0.02441406 0.2763671 0.3369141 0.3564453 0.02441406 0.2763671 0.3369141 0.3564453 0.3486328 0.3408203 0.02441406 0.2763671 0.01074218 0.2685546 0.03027343 0.5751953 0.06762439 0.9682794 0.0950616 0.9802896 0.1444634 0.9904444 0.1740458 0.9904443 0.2135375 0.9802896 0.1444634 0.9904444 9.76562e-4 0.5986328 0.002929687 0.7373047 0.03027343 0.7373047 9.76562e-4 0.5986328 0.002929687 0.7373047 0.03027343 0.7373047 0.03222656 0.6025391 9.76562e-4 0.5986328 0.03027343 0.7373047 0.01074218 0.2685546 0.002929687 0.5693359 0.03027343 0.5751953 0.02441406 0.2763671 0.01074218 0.2685546 0.03027343 0.5751953 0.03027343 0.5732422 0.02246093 0.274414 0.04003906 0.2939453 0.03027343 0.5732422 0.04003906 0.2939453 0.04785156 0.5673828 0.03027343 0.7373047 0.03222656 0.6025391 0.04589843 0.6181641 0.03027343 0.7373047 0.04589843 0.6181641 0.04785156 0.7255859 0.03222656 0.6025391 0.03027343 0.7373047 0.04785156 0.7255859 0.03222656 0.6025391 0.04785156 0.7255859 0.04589843 0.6181641 0.1513671 0.6435547 0.04589843 0.6181641 0.03222656 0.6025391 0.1513671 0.6435547 0.03222656 0.6025391 0.1611328 0.6337891 0.04785156 0.5673828 0.1787109 0.6005859 0.1708984 0.6123047 0.04785156 0.5673828 0.1708984 0.6123047 0.03027343 0.5732422 0.1611328 0.6337891 0.03222656 0.6025391 0.04589843 0.6181641 0.1611328 0.6337891 0.04589843 0.6181641 0.1513671 0.6435547 0.03027343 0.5732422 0.1708984 0.6123047 0.1787109 0.6005859 0.03027343 0.5732422 0.1787109 0.6005859 0.04785156 0.5673828 0.03027343 0.5732422 0.02246093 0.274414 0.04003906 0.2939453 0.03027343 0.5732422 0.04003906 0.2939453 0.04785156 0.5673828 0.03027343 0.5732422 0.1708984 0.6123047 0.1787109 0.6005859 0.03027343 0.5732422 0.1787109 0.6005859 0.04785156 0.5673828 0.03027343 0.5732422 0.1708984 0.6123047 0.1787109 0.6005859 0.03027343 0.5732422 0.1787109 0.6005859 0.04785156 0.5673828 0.02246093 0.274414 0.03027343 0.5732422 0.04785156 0.5673828 0.02246093 0.274414 0.04785156 0.5673828 0.04003906 0.2939453 0.03027343 0.5732422 0.02246093 0.274414 0.04003906 0.2939453 0.03027343 0.5732422 0.04003906 0.2939453 0.04785156 0.5673828 0.03027343 0.7373047 0.03222656 0.6025391 0.04589843 0.6181641 0.03027343 0.7373047 0.04589843 0.6181641 0.04785156 0.7255859 0.03027343 0.7373047 0.03222656 0.6025391 0.04589843 0.6181641 0.03027343 0.7373047 0.04589843 0.6181641 0.04785156 0.7255859 0.03027343 0.5732422 0.02246093 0.274414 0.04003906 0.2939453 0.03027343 0.5732422 0.04003906 0.2939453 0.04785156 0.5673828 0.03027343 0.5732422 0.02246093 0.274414 0.04003906 0.2939453 0.03027343 0.5732422 0.04003906 0.2939453 0.04785156 0.5673828 0.03027343 0.5732422 0.02246093 0.274414 0.04003906 0.2939453 0.03027343 0.5732422 0.04003906 0.2939453 0.04785156 0.5673828 0.03222656 0.6025391 0.03027343 0.7373047 0.04785156 0.7255859 0.03222656 0.6025391 0.04785156 0.7255859 0.04589843 0.6181641 0.03027343 0.7373047 0.03222656 0.6025391 0.04589843 0.6181641 0.03027343 0.7373047 0.04589843 0.6181641 0.04785156 0.7255859 0.03222656 0.6025391 0.03027343 0.7373047 0.04785156 0.7255859 0.03222656 0.6025391 0.04785156 0.7255859 0.04589843 0.6181641 0.03027343 0.7373047 0.03222656 0.6025391 0.04589843 0.6181641 0.03027343 0.7373047 0.04589843 0.6181641 0.04785156 0.7255859 0.03027343 0.7373047 0.03222656 0.6025391 0.04589843 0.6181641 0.03027343 0.7373047 0.04589843 0.6181641 0.04785156 0.7255859 0.03027343 0.5732422 0.02246093 0.274414 0.04003906 0.2939453 0.03027343 0.5732422 0.04003906 0.2939453 0.04785156 0.5673828 0.03222656 0.6025391 0.03027343 0.7373047 0.04785156 0.7255859 0.03222656 0.6025391 0.04785156 0.7255859 0.04589843 0.6181641 0.03027343 0.7373047 0.03222656 0.6025391 0.04589843 0.6181641 0.03027343 0.7373047 0.04589843 0.6181641 0.04785156 0.7255859 0.03027343 0.5732422 0.02246093 0.274414 0.04003906 0.2939453 0.03027343 0.5732422 0.04003906 0.2939453 0.04785156 0.5673828 0.03027343 0.7373047 0.03222656 0.6025391 0.04589843 0.6181641 0.03027343 0.7373047 0.04589843 0.6181641 0.04785156 0.7255859 0.03222656 0.6025391 0.03027343 0.7373047 0.04785156 0.7255859 0.03222656 0.6025391 0.04785156 0.7255859 0.04589843 0.6181641 0.03027343 0.7373047 0.03222656 0.6025391 0.04589843 0.6181641 0.03027343 0.7373047 0.04589843 0.6181641 0.04785156 0.7255859 0.03027343 0.7373047 0.03222656 0.6025391 0.04589843 0.6181641 0.03027343 0.7373047 0.04589843 0.6181641 0.04785156 0.7255859 0.03027343 0.5732422 0.02246093 0.274414 0.04003906 0.2939453 0.03027343 0.5732422 0.04003906 0.2939453 0.04785156 0.5673828 0.03027343 0.5732422 0.02246093 0.274414 0.04003906 0.2939453 0.03027343 0.5732422 0.04003906 0.2939453 0.04785156 0.5673828 0.03027343 0.7373047 0.03222656 0.6025391 0.04589843 0.6181641 0.03027343 0.7373047 0.04589843 0.6181641 0.04785156 0.7255859 0.03027343 0.5732422 0.02246093 0.274414 0.04003906 0.2939453 0.03027343 0.5732422 0.04003906 0.2939453 0.04785156 0.5673828 0.06738281 0.9697266 0.03613281 0.9384766 0.01855468 0.9521484 0.06738281 0.9697266 0.01855468 0.9521484 0.05761718 0.9853516 0.06738281 0.9697266 0.03613281 0.9384766 0.01855468 0.9521484 0.06738281 0.9697266 0.01855468 0.9521484 0.05761718 0.9853516 0.06738281 0.9697266 0.03613281 0.9384766 0.01855468 0.9521484 0.06738281 0.9697266 0.01855468 0.9521484 0.05761718 0.9853516 0.06738281 0.9697266 0.03613281 0.9384766 0.01855468 0.9521484 0.06738281 0.9697266 0.01855468 0.9521484 0.05761718 0.9853516 0.06738281 0.9697266 0.03613281 0.9384766 0.01855468 0.9521484 0.06738281 0.9697266 0.01855468 0.9521484 0.05761718 0.9853516 0.03613281 0.9384766 0.06738281 0.9697266 0.05761718 0.9853516 0.03613281 0.9384766 0.05761718 0.9853516 0.01855468 0.9521484 0.06738281 0.9697266 0.03613281 0.9384766 0.01855468 0.9521484 0.06738281 0.9697266 0.01855468 0.9521484 0.05761718 0.9853516 0.06738281 0.9697266 0.03613281 0.9384766 0.01855468 0.9521484 0.06738281 0.9697266 0.01855468 0.9521484 0.05761718 0.9853516 0.06738281 0.9697266 0.03613281 0.9384766 0.01855468 0.9521484 0.06738281 0.9697266 0.01855468 0.9521484 0.05761718 0.9853516 0.06738281 0.9697266 0.03613281 0.9384766 0.01855468 0.9521484 0.06738281 0.9697266 0.01855468 0.9521484 0.05761718 0.9853516 0.06738281 0.9697266 0.03613281 0.9384766 0.01855468 0.9521484 0.06738281 0.9697266 0.01855468 0.9521484 0.05761718 0.9853516 0.06738281 0.9697266 0.03613281 0.9384766 0.01855468 0.9521484 0.06738281 0.9697266 0.01855468 0.9521484 0.05761718 0.9853516 0.03222656 0.6025391 0.03027343 0.7373047 0.04785156 0.7255859 0.03222656 0.6025391 0.04785156 0.7255859 0.03222656 0.6025391 0.03027343 0.7373047 0.03222656 0.6025391 0.04589843 0.6181641 0.03027343 0.7373047 0.04589843 0.6181641 0.04785156 0.7255859 0.03027343 0.5732422 0.02246093 0.274414 0.04003906 0.2939453 0.03027343 0.5732422 0.04003906 0.2939453 0.04785156 0.5673828 0.3291016 0.368164 0.04003906 0.2939453 0.02246093 0.274414 0.3291016 0.368164 0.02246093 0.274414 0.3369141 0.3564453 0.3369141 0.3564453 0.02246093 0.274414 0.04003906 0.2939453 0.3369141 0.3564453 0.04003906 0.2939453 0.3291016 0.368164 0.3369141 0.3564453 0.02246093 0.274414 0.04003906 0.2939453 0.3369141 0.3564453 0.04003906 0.2939453 0.3291016 0.368164 0.3369141 0.3564453 0.02246093 0.274414 0.04003906 0.2939453 0.3369141 0.3564453 0.04003906 0.2939453 0.3291016 0.368164 0.1611328 0.6337891 0.03222656 0.6025391 0.04589843 0.6181641 0.1611328 0.6337891 0.04589843 0.6181641 0.1513671 0.6435547 0.03027343 0.5732422 0.1708984 0.6123047 0.1787109 0.6005859 0.03027343 0.5732422 0.1787109 0.6005859 0.04785156 0.5673828 0.1611328 0.6337891 0.03222656 0.6025391 0.04589843 0.6181641 0.1611328 0.6337891 0.04589843 0.6181641 0.1513671 0.6435547 0.1611328 0.6337891 0.03222656 0.6025391 0.04589843 0.6181641 0.1611328 0.6337891 0.04589843 0.6181641 0.1513671 0.6435547 0.03027343 0.5732422 0.1708984 0.6123047 0.1787109 0.6005859 0.03027343 0.5732422 0.1787109 0.6005859 0.04785156 0.5673828 0.1611328 0.6337891 0.03222656 0.6025391 0.04589843 0.6181641 0.1611328 0.6337891 0.04589843 0.6181641 0.1513671 0.6435547 0.03027343 0.5732422 0.1708984 0.6123047 0.1787109 0.6005859 0.03027343 0.5732422 0.1787109 0.6005859 0.04785156 0.5673828 0.1611328 0.6337891 0.03222656 0.6025391 0.04589843 0.6181641 0.1611328 0.6337891 0.04589843 0.6181641 0.1513671 0.6435547 0.3369141 0.3564453 0.02246093 0.274414 0.04003906 0.2939453 0.3369141 0.3564453 0.04003906 0.2939453 0.3291016 0.368164 0.1611328 0.6337891 0.03222656 0.6025391 0.04589843 0.6181641 0.1611328 0.6337891 0.04589843 0.6181641 0.1513671 0.6435547 0.03027343 0.5732422 0.1708984 0.6123047 0.1787109 0.6005859 0.03027343 0.5732422 0.1787109 0.6005859 0.04785156 0.5673828 0.02246093 0.274414 0.03027343 0.5732422 0.04785156 0.5673828 0.02246093 0.274414 0.04785156 0.5673828 0.04003906 0.2939453 0.1611328 0.6337891 0.03222656 0.6025391 0.04589843 0.6181641 0.1611328 0.6337891 0.04589843 0.6181641 0.1513671 0.6435547 0.03222656 0.6025391 0.03027343 0.7373047 0.04785156 0.7255859 0.03222656 0.6025391 0.04785156 0.7255859 0.04589843 0.6181641 0.03222656 0.6025391 0.03027343 0.7373047 0.04785156 0.7255859 0.03222656 0.6025391 0.04785156 0.7255859 0.04589843 0.6181641 0.02246093 0.274414 0.03027343 0.5732422 0.04785156 0.5673828 0.02246093 0.274414 0.04785156 0.5673828 0.04003906 0.2939453 0.03222656 0.6025391 0.03027343 0.7373047 0.03027343 0.7373047 0.03222656 0.6025391 0.03027343 0.7373047 0.03222656 0.6025391 0.02246093 0.274414 0.03027343 0.5732422 0.04785156 0.5673828 0.02246093 0.274414 0.04785156 0.5673828 0.04003906 0.2939453 0.02246093 0.274414 0.03027343 0.5732422 0.04785156 0.5673828 0.02246093 0.274414 0.04785156 0.5673828 0.04003906 0.2939453 0.3369141 0.3564453 0.02246093 0.274414 0.04003906 0.2939453 0.3369141 0.3564453 0.04003906 0.2939453 0.3291016 0.368164 0.3369141 0.3564453 0.02246093 0.274414 0.04003906 0.2939453 0.3369141 0.3564453 0.04003906 0.2939453 0.3291016 0.368164 0.02441406 0.243164 0.3583984 0.3310546 0.3486328 0.3408203 0.02441406 0.243164 0.3486328 0.3408203 0.01269531 0.2490233 0.01269531 0.2490233 0.3486328 0.3408203 0.3564453 0.3310546 0.01269531 0.2490233 0.3564453 0.3310546 0.02441406 0.243164 0.01269531 0.2490233 0.3486328 0.3408203 0.3564453 0.3310546 0.01269531 0.2490233 0.3564453 0.3310546 0.02441406 0.243164 0.01269531 0.2490233 0.3486328 0.3408203 0.3564453 0.3310546 0.01269531 0.2490233 0.3564453 0.3310546 0.02441406 0.243164 0.01269531 0.2490233 0.3486328 0.3408203 0.3564453 0.3310546 0.01269531 0.2490233 0.3564453 0.3310546 0.02441406 0.243164 0.01269531 0.2490233 0.3486328 0.3408203 0.3564453 0.3310546 0.01269531 0.2490233 0.3564453 0.3310546 0.02441406 0.243164 0.1611328 0.6337891 0.1708984 0.6123047 0.03027343 0.5732422 0.1611328 0.6337891 0.03027343 0.5732422 0.03222656 0.6025391 0.1611328 0.6337891 0.1708984 0.6123047 0.03027343 0.5732422 0.1611328 0.6337891 0.03027343 0.5732422 0.03222656 0.6025391 0.1611328 0.6337891 0.1708984 0.6123047 0.03027343 0.5732422 0.1611328 0.6337891 0.03027343 0.5732422 0.03222656 0.6025391 0.1611328 0.6337891 0.1708984 0.6123047 0.03027343 0.5732422 0.1611328 0.6337891 0.03027343 0.5732422 0.03222656 0.6025391 0.03027343 0.5732422 0.03222656 0.6025391 0.1611328 0.6337891 0.03027343 0.5732422 0.1611328 0.6337891 0.1708984 0.6123047 0.3486328 0.3408203 0.01269531 0.2490233 0.02246093 0.274414 0.3486328 0.3408203 0.02246093 0.274414 0.3369141 0.3564453 0.01269531 0.2490233 0.3486328 0.3408203 0.3564453 0.3310546 0.01269531 0.2490233 0.3564453 0.3310546 0.02441406 0.243164 0.01269531 0.2490233 0.3486328 0.3408203 0.3564453 0.3310546 0.01269531 0.2490233 0.3564453 0.3310546 0.02441406 0.243164 0.01269531 0.2490233 0.3486328 0.3408203 0.3564453 0.3310546 0.01269531 0.2490233 0.3564453 0.3310546 0.02441406 0.243164 0.01269531 0.2490233 0.3486328 0.3408203 0.3564453 0.3310546 0.01269531 0.2490233 0.3564453 0.3310546 0.02441406 0.243164 0.01269531 0.2490233 0.3486328 0.3408203 0.3564453 0.3310546 0.01269531 0.2490233 0.3564453 0.3310546 0.02441406 0.243164 0.01269531 0.2490233 0.3486328 0.3408203 0.3564453 0.3310546 0.01269531 0.2490233 0.3564453 0.3310546 0.02441406 0.243164 0.1611328 0.6337891 0.1708984 0.6123047 0.03027343 0.5732422 0.1611328 0.6337891 0.03027343 0.5732422 0.03222656 0.6025391 0.1611328 0.6337891 0.1708984 0.6123047 0.03027343 0.5732422 0.1611328 0.6337891 0.03027343 0.5732422 0.03222656 0.6025391 9.76562e-4 0.5986328 0.002929687 0.7373047 0.03027343 0.7373047 9.76562e-4 0.5986328 0.03027343 0.7373047 0.03222656 0.6025391 0.1464729 0.9901224 0.1757364 0.9901224 0.2148025 0.979987 0.1464729 0.9901224 0.2148025 0.979987 0.2399591 0.9633185 0.07046198 0.9679996 0.09760349 0.979987 0.1464729 0.9901224 0.07046198 0.9679996 0.1464729 0.9901224 0.0351724 0.9333836 0.1611328 0.6337891 0.1708984 0.6123047 0.03027343 0.5732422 0.1611328 0.6337891 0.03027343 0.5732422 0.03222656 0.6025391 0.1611328 0.6337891 0.1708984 0.6123047 0.03027343 0.5732422 0.1611328 0.6337891 0.03027343 0.5732422 0.03222656 0.6025391 9.76562e-4 0.5986328 0.002929687 0.7373047 0.03027343 0.7373047 9.76562e-4 0.5986328 0.03027343 0.7373047 0.03222656 0.6025391 0.1611328 0.6337891 0.1708984 0.6123047 0.03027343 0.5732422 0.1611328 0.6337891 0.03027343 0.5732422 0.03222656 0.6025391 0.01269531 0.2490233 0.01074218 0.2685546 0.02246093 0.274414 0.01269531 0.2490233 0.02246093 0.274414 0.3486328 0.3408203 0.3486328 0.3408203 0.02246093 0.274414 0.3369141 0.3564453 0.01269531 0.2490233 0.01074218 0.2685546 0.02246093 0.274414 0.01269531 0.2490233 0.02246093 0.274414 0.3486328 0.3408203 0.3486328 0.3408203 0.02246093 0.274414 0.3369141 0.3564453 0.02246093 0.274414 0.01269531 0.2490233 0.01074218 0.2685546 0.02246093 0.274414 0.01074218 0.2685546 0.03027343 0.5732422 0.03027343 0.5732422 0.01074218 0.2685546 0.002929687 0.5693359 0.2917336 0.9089618 0.3072358 0.8627997 0.1464729 0.9901224 0.2917336 0.9089618 0.1464729 0.9901224 0.2772339 0.9333836 0.2772339 0.9333836 0.1464729 0.9901224 0.2399591 0.9633185 0.2967677 0.7871479 0.2813407 0.7635596 0.1464729 0.9901224 0.2967677 0.7871479 0.1464729 0.9901224 0.3072358 0.8344643 0.3072358 0.8344643 0.1464729 0.9901224 0.3072358 0.8627997 0.2254005 0.7147119 0.1757364 0.697651 0.1464729 0.9901224 0.2254005 0.7147119 0.1464729 0.9901224 0.2486361 0.7266992 0.2486361 0.7266992 0.1464729 0.9901224 0.2813407 0.7635596 0.09151619 0.7142699 0.066603 0.7304334 0.1464729 0.9901224 0.09151619 0.7142699 0.1464729 0.9901224 0.1464729 0.697651 0.1464729 0.697651 0.1464729 0.9901224 0.1757364 0.697651 0.0156387 0.7871478 0.005170643 0.8344643 0.1464729 0.9901224 0.0156387 0.7871478 0.1464729 0.9901224 0.03013867 0.7627261 0.03013867 0.7627261 0.1464729 0.9901224 0.066603 0.7304334 0.01974558 0.9097954 0.0351724 0.9333836 0.1464729 0.9901224 0.01974558 0.9097954 0.1464729 0.9901224 0.005170643 0.8627996 0.005170643 0.8627996 0.1464729 0.9901224 0.005170643 0.8344643 0.01269531 0.2490233 0.01074218 0.2685546 0.02246093 0.274414 0.01269531 0.2490233 0.02246093 0.274414 0.3486328 0.3408203 0.3486328 0.3408203 0.02246093 0.274414 0.3369141 0.3564453 0.002929687 0.5693359 9.76562e-4 0.5986328 0.03222656 0.6025391 0.002929687 0.5693359 0.03222656 0.6025391 0.03027343 0.5732422 0.03027343 0.5732422 0.03222656 0.6025391 0.1611328 0.6337891 0.03027343 0.5732422 0.1611328 0.6337891 0.1708984 0.6123047 0.002929687 0.5693359 9.76562e-4 0.5986328 0.03222656 0.6025391 0.002929687 0.5693359 0.03222656 0.6025391 0.03027343 0.5732422 0.03027343 0.5732422 0.03222656 0.6025391 0.1611328 0.6337891 0.03027343 0.5732422 0.1611328 0.6337891 0.1708984 0.6123047 0.03027343 0.5732422 0.01074218 0.2685546 0.002929687 0.5693359 0.03027343 0.5732422 0.002929687 0.5693359 0.03222656 0.6025391 0.03222656 0.6025391 0.002929687 0.5693359 9.76562e-4 0.5986328 0.03222656 0.6025391 9.76562e-4 0.5986328 0.03027343 0.7373047 0.03027343 0.7373047 9.76562e-4 0.5986328 0.002929687 0.7373047 0.002929687 0.5693359 0.03222656 0.6025391 0.03027343 0.5732422 0.002929687 0.5693359 0.03027343 0.5732422 0.01074218 0.2685546 0.01074218 0.2685546 0.03027343 0.5732422 0.02246093 0.274414 0.01074218 0.2685546 0.02246093 0.274414 0.01269531 0.2490233 0.01269531 0.2490233 0.02246093 0.274414 0.3486328 0.3408203 0.3291016 0.368164 0.3369141 0.3564453 0.04003906 0.2939453 0.04003906 0.2939453 0.3369141 0.3564453 0.02246093 0.274414 0.04003906 0.2939453 0.02246093 0.274414 0.04785156 0.5673828 0.04785156 0.5673828 0.02246093 0.274414 0.03027343 0.5732422 0.04003906 0.2939453 0.02246093 0.274414 0.04785156 0.5673828 0.04785156 0.5673828 0.02246093 0.274414 0.03027343 0.5732422 0.04785156 0.5673828 0.03027343 0.5732422 0.1787109 0.6005859 0.1787109 0.6005859 0.03027343 0.5732422 0.1708984 0.6123047 0.03027343 0.7373047 0.04785156 0.7255859 0.03222656 0.6025391 0.03222656 0.6025391 0.04785156 0.7255859 0.04589843 0.6181641 0.03222656 0.6025391 0.04589843 0.6181641 0.1611328 0.6337891 0.1611328 0.6337891 0.04589843 0.6181641 0.1513671 0.6435547 0.04003906 0.2939453 0.02246093 0.274414 0.04785156 0.5673828 0.04785156 0.5673828 0.02246093 0.274414 0.03027343 0.5732422 0.04785156 0.5673828 0.03027343 0.5732422 0.1787109 0.6005859 0.1787109 0.6005859 0.03027343 0.5732422 0.1708984 0.6123047 0.03027343 0.7373047 0.04785156 0.7255859 0.03222656 0.6025391 0.03222656 0.6025391 0.04785156 0.7255859 0.04589843 0.6181641 0.03222656 0.6025391 0.04589843 0.6181641 0.1611328 0.6337891 0.1611328 0.6337891 0.04589843 0.6181641 0.1513671 0.6435547 0.03027343 0.7373047 0.04785156 0.7255859 0.03222656 0.6025391 0.03222656 0.6025391 0.04785156 0.7255859 0.04589843 0.6181641 0.03222656 0.6025391 0.04589843 0.6181641 0.1611328 0.6337891 0.1611328 0.6337891 0.04589843 0.6181641 0.1513671 0.6435547 0.3291016 0.368164 0.3369141 0.3564453 0.04003906 0.2939453 0.04003906 0.2939453 0.3369141 0.3564453 0.02246093 0.274414 0.04003906 0.2939453 0.02246093 0.274414 0.04785156 0.5673828 0.04785156 0.5673828 0.02246093 0.274414 0.03027343 0.5732422 0.3291016 0.368164 0.3369141 0.3564453 0.04003906 0.2939453 0.04003906 0.2939453 0.3369141 0.3564453 0.02246093 0.274414 0.04003906 0.2939453 0.02246093 0.274414 0.04785156 0.5673828 0.04785156 0.5673828 0.02246093 0.274414 0.03027343 0.5732422 0.3291016 0.368164 0.3369141 0.3564453 0.04003906 0.2939453 0.04003906 0.2939453 0.3369141 0.3564453 0.02246093 0.274414 0.04003906 0.2939453 0.02246093 0.274414 0.04785156 0.5673828 0.04785156 0.5673828 0.02246093 0.274414 0.03027343 0.5732422 0.04785156 0.5673828 0.03027343 0.5732422 0.1787109 0.6005859 0.1787109 0.6005859 0.03027343 0.5732422 0.1708984 0.6123047 0.3291016 0.368164 0.3369141 0.3564453 0.04003906 0.2939453 0.04003906 0.2939453 0.3369141 0.3564453 0.02246093 0.274414 0.04003906 0.2939453 0.02246093 0.274414 0.04785156 0.5673828 0.04785156 0.5673828 0.02246093 0.274414 0.03027343 0.5732422 0.04785156 0.5673828 0.03027343 0.5732422 0.1787109 0.6005859 0.1787109 0.6005859 0.03027343 0.5732422 0.1708984 0.6123047 0.03027343 0.5732422 0.002929687 0.5693359 0.03222656 0.6025391 0.03222656 0.6025391 0.002929687 0.5693359 9.76562e-4 0.5986328 0.03222656 0.6025391 9.76562e-4 0.5986328 0.03027343 0.7373047 0.03027343 0.7373047 9.76562e-4 0.5986328 0.002929687 0.7373047 0.3486328 0.3408203 0.01269531 0.2490233 0.02246093 0.274414 0.02246093 0.274414 0.01269531 0.2490233 0.01074218 0.2685546 0.02246093 0.274414 0.01074218 0.2685546 0.03027343 0.5732422 0.03027343 0.5732422 0.01074218 0.2685546 0.002929687 0.5693359 0.002929687 0.7373047 0.03027343 0.7373047 9.76562e-4 0.5986328 9.76562e-4 0.5986328 0.03027343 0.7373047 0.03222656 0.6025391 9.76562e-4 0.5986328 0.03222656 0.6025391 0.002929687 0.5693359 0.002929687 0.5693359 0.03222656 0.6025391 0.03027343 0.5732422 0.002929687 0.5693359 0.03027343 0.5732422 0.01074218 0.2685546 0.01074218 0.2685546 0.03027343 0.5732422 0.02246093 0.274414 0.002929687 0.7373047 0.03027343 0.7373047 9.76562e-4 0.5986328 9.76562e-4 0.5986328 0.03027343 0.7373047 0.03222656 0.6025391 9.76562e-4 0.5986328 0.03222656 0.6025391 0.002929687 0.5693359 0.002929687 0.5693359 0.03222656 0.6025391 0.03027343 0.5732422 0.002929687 0.5693359 0.03027343 0.5732422 0.01074218 0.2685546 0.01074218 0.2685546 0.03027343 0.5732422 0.02246093 0.274414 0.01074218 0.2685546 0.02246093 0.274414 0.01269531 0.2490233 0.01269531 0.2490233 0.02246093 0.274414 0.3486328 0.3408203 0.002929687 0.7373047 0.03027343 0.7373047 9.76562e-4 0.5986328 9.76562e-4 0.5986328 0.03027343 0.7373047 0.03222656 0.6025391 9.76562e-4 0.5986328 0.03222656 0.6025391 0.002929687 0.5693359 0.002929687 0.5693359 0.03222656 0.6025391 0.03027343 0.5732422 0.002929687 0.5693359 0.03027343 0.5732422 0.01074218 0.2685546 0.01074218 0.2685546 0.03027343 0.5732422 0.02246093 0.274414 0.01074218 0.2685546 0.02246093 0.274414 0.01269531 0.2490233 0.01269531 0.2490233 0.02246093 0.274414 0.3486328 0.3408203 0.3486328 0.3408203 0.01269531 0.2490233 0.02246093 0.274414 0.02246093 0.274414 0.01269531 0.2490233 0.01074218 0.2685546 0.02246093 0.274414 0.01074218 0.2685546 0.03027343 0.5732422 0.03027343 0.5732422 0.01074218 0.2685546 0.002929687 0.5693359 0.03027343 0.5732422 0.002929687 0.5693359 0.03222656 0.6025391 0.03222656 0.6025391 0.002929687 0.5693359 9.76562e-4 0.5986328 0.03222656 0.6025391 9.76562e-4 0.5986328 0.03027343 0.7373047 0.03027343 0.7373047 9.76562e-4 0.5986328 0.002929687 0.7373047 0.3486328 0.3408203 0.01269531 0.2490233 0.02246093 0.274414 0.02246093 0.274414 0.01269531 0.2490233 0.01074218 0.2685546 0.02246093 0.274414 0.01074218 0.2685546 0.03027343 0.5732422 0.03027343 0.5732422 0.01074218 0.2685546 0.002929687 0.5693359 0.03027343 0.5732422 0.002929687 0.5693359 0.03222656 0.6025391 0.03222656 0.6025391 0.002929687 0.5693359 9.76562e-4 0.5986328 0.03222656 0.6025391 9.76562e-4 0.5986328 0.03027343 0.7373047 0.03027343 0.7373047 9.76562e-4 0.5986328 0.002929687 0.7373047 0.3486328 0.3408203 0.01269531 0.2490233 0.02246093 0.274414 0.02246093 0.274414 0.01269531 0.2490233 0.01074218 0.2685546 0.02246093 0.274414 0.01074218 0.2685546 0.03027343 0.5732422 0.03027343 0.5732422 0.01074218 0.2685546 0.002929687 0.5693359 0.03027343 0.5732422 0.002929687 0.5693359 0.03222656 0.6025391 0.03222656 0.6025391 0.002929687 0.5693359 9.76562e-4 0.5986328 0.03222656 0.6025391 9.76562e-4 0.5986328 0.03027343 0.7373047 0.03027343 0.7373047 9.76562e-4 0.5986328 0.002929687 0.7373047 0.3486328 0.3408203 0.01269531 0.2490233 0.02246093 0.274414 0.02246093 0.274414 0.01269531 0.2490233 0.01074218 0.2685546 0.02246093 0.274414 0.01074218 0.2685546 0.03027343 0.5732422 0.03027343 0.5732422 0.01074218 0.2685546 0.002929687 0.5693359 0.03027343 0.5732422 0.002929687 0.5693359 0.03222656 0.6025391 0.03222656 0.6025391 0.002929687 0.5693359 9.76562e-4 0.5986328 0.03222656 0.6025391 9.76562e-4 0.5986328 0.03027343 0.7373047 0.03027343 0.7373047 9.76562e-4 0.5986328 0.002929687 0.7373047 0.02246093 0.274414 0.3369141 0.3564453 0.3486328 0.3408203 0.02246093 0.274414 0.3369141 0.3564453 0.3486328 0.3408203 0.3486328 0.3408203 0.02246093 0.274414 0.3369141 0.3564453 0.02246093 0.274414 0.3369141 0.3564453 0.3486328 0.3408203 0.02246093 0.274414 0.3369141 0.3564453 0.3486328 0.3408203 0.3486328 0.3408203 0.02246093 0.274414 0.3369141 0.3564453 0.02246093 0.274414 0.3369141 0.3564453 0.3486328 0.3408203 0.02246093 0.274414 0.3369141 0.3564453 0.3486328 0.3408203 0.01074218 0.2685546 0.002929687 0.5693359 0.03027343 0.5732422 0.02246093 0.274414 0.01074218 0.2685546 0.03027343 0.5732422 0.02246093 0.274414 0.01074218 0.2685546 0.03027343 0.5732422 9.76562e-4 0.5986328 0.002929687 0.7373047 0.03027343 0.7373047 0.03222656 0.6025391 9.76562e-4 0.5986328 0.03027343 0.7373047 0.002929687 0.5693359 9.76562e-4 0.5986328 0.03222656 0.6025391</float_array>
          <technique_common>
            <accessor source="#Mesh_495-mesh-map-0-array" count="2220" stride="2">
              <param name="S" type="float"/>
              <param name="T" type="float"/>
            </accessor>
          </technique_common>
        </source>
        <source id="Mesh_495-mesh-colors-Col" name="Col">
          <float_array id="Mesh_495-mesh-colors-Col-array" count="8880">1 0.8117647 0.9137255 1 1 0.7372549 0.8784314 1 1 0.7372549 0.9411765 1 1 0.8117647 0.9137255 1 1 0.7372549 0.9411765 1 0.7372549 0.5725491 1 1 0.972549 0.9411765 1 1 1 0.7372549 0.8784314 1 0.972549 0.9411765 1 1 0.972549 0.9411765 1 1 0.972549 0.9411765 1 1 0.972549 0.9411765 1 1 1 0.7372549 0.8784314 1 0.7372549 0.5686275 1 1 0.7372549 0.5725491 1 1 1 0.7372549 0.8784314 1 0.7372549 0.5725491 1 1 1 0.7372549 0.8784314 1 1 0.7372549 0.8784314 1 1 0.7372549 0.8784314 1 1 0.7372549 0.8784314 1 1 0.7372549 0.8784314 1 1 0.7372549 0.8784314 1 1 1 1 1 1 0.7372549 0.9411765 1 1 0.7372549 0.9411765 1 1 0.9411765 0.972549 1 1 0.7372549 0.9411765 1 1 0.9411765 0.972549 1 1 0.9411765 0.972549 1 1 0.7372549 0.8784314 1 1 0.7372549 0.8784314 1 1 0.7372549 0.8784314 1 1 0.7372549 0.8784314 1 1 0.7372549 0.8784314 1 1 0.7372549 0.8784314 1 1 0.9411765 0.9843137 1 0.9137255 0.8117647 1 1 1 0.9411765 0.972549 1 1 0.9411765 0.9843137 1 1 0.9411765 0.972549 1 0.9137255 0.8117647 1 1 0.9137255 0.8117647 1 1 1 0.7372549 0.8784314 1 1 0.7372549 0.8784314 1 0.9137255 0.8117647 1 1 1 0.7372549 0.8784314 1 0.9137255 0.8117647 1 1 1 0.7372549 0.8784314 1 0.9882353 0.5882353 1 1 0.9882353 0.5882353 1 1 1 0.7372549 0.8784314 1 0.9882353 0.5882353 1 1 1 0.9411765 1 1 1 0.6901961 0.6352941 1 1 0.7372549 0.8784314 1 1 0.9411765 0.972549 1 1 0.6901961 0.6352941 1 1 0.9411765 0.972549 1 1 0.6901961 0.6352941 1 1 0.7372549 0.8784314 1 1 0.8117647 0.9137255 1 1 0.8117647 0.9137255 1 1 0.7372549 0.8784314 1 1 0.8117647 0.9137255 1 1 0.7372549 0.8784314 1 1 0.7372549 0.8784314 1 1 0.7372549 1 1 1 0.7372549 0.8784314 1 1 0.7372549 0.8784314 1 1 0.7372549 0.8784314 1 1 0.9411765 0.972549 1 1 1 1 1 1 0.7372549 0.8784314 1 1 0.7372549 0.8784314 1 1 1 1 1 1 0.7372549 0.8784314 1 1 1 1 1 1 0.7372549 0.8784314 1 1 0.8117647 0.8117647 1 1 0.8117647 0.8117647 1 1 0.7372549 0.8784314 1 1 0.8117647 0.8117647 1 1 0.7372549 0.8784314 1 1 0.8117647 0.8117647 1 1 0.9411765 1 1 1 0.9411765 0.9843137 1 1 0.8117647 0.8117647 1 1 0.9411765 0.9843137 1 1 0.7372549 1 1 1 0.7372549 0.8784314 1 1 0.6941177 0.6901961 1 1 0.9411765 1 1 1 0.7372549 0.8784314 1 1 0.9411765 1 1 1 0.9411765 1 1 1 0.7372549 0.8784314 1 1 0.9411765 0.972549 1 0.9137255 0.8117647 1 1 1 0.7372549 0.8784314 1 0.9137255 0.8117647 1 1 1 0.9411765 0.972549 1 1 0.7372549 0.8784314 1 1 0.7372549 0.8784314 1 1 0.7372549 0.8784314 1 1 0.7372549 0.8784314 1 1 0.7372549 0.8784314 1 1 0.9411765 1 1 1 0.9411765 0.972549 1 1 0.9411765 0.9843137 1 1 0.7372549 0.8784314 1 1 0.9411765 0.972549 1 1 0.7372549 0.8784314 1 1 0.9411765 0.9843137 1 1 0.6862745 0.6392157 1 1 0.7372549 0.8784314 1 1 0.9411765 0.972549 1 1 0.6862745 0.6392157 1 1 0.9411765 0.972549 1 1 0.6862745 0.6392157 1 1 0.7372549 0.8784314 1 1 0.7372549 0.9411765 1 1 0.7372549 0.9411765 1 1 0.7372549 0.8784314 1 1 0.7372549 0.9411765 1 1 0.7372549 0.8784314 1 1 0.8117647 0.8117647 1 1 0.7372549 0.8784314 1 1 0.7372549 0.8784314 1 1 0.8117647 0.8117647 1 1 0.7372549 0.8784314 1 1 1 1 1 1 0.7372549 0.8784314 1 1 0.8117647 0.8117647 1 1 1 1 1 1 0.7372549 0.8784314 1 1 1 1 1 1 0.7372549 0.8784314 1 1 0.8117647 0.8117647 1 1 0.7372549 0.7372549 1 1 0.9411765 1 1 1 0.8117647 0.8117647 1 1 0.9411765 1 1 1 1 1 1 1 1 1 1 1 0.7372549 0.9411765 1 1 0.7372549 0.9411765 1 1 1 1 1 1 0.7372549 0.9411765 1 1 1 1 1 1 0.8117647 0.9137255 1 1 0.7372549 0.8784314 1 1 0.7372549 0.9411765 1 1 0.8117647 0.9137255 1 1 0.7372549 0.9411765 1 1 0.8117647 0.9137255 1 1 0.7372549 0.8784314 1 0.9333333 0.5882353 1 1 0.9372549 0.5921569 1 1 1 0.7372549 0.8784314 1 0.9372549 0.5921569 1 1 1 0.7372549 0.8784314 1 1 0.8117647 0.8117647 1 1 0.7372549 0.8784314 1 0.827451 0.4627451 0.6901961 1 1 0.8117647 0.8117647 1 0.827451 0.4627451 0.6901961 1 1 0.8117647 0.8117647 1 0.8156863 0.4627451 0.6901961 1 1 0.6941177 0.6901961 1 1 0.6941177 0.6901961 1 0.8156863 0.4627451 0.6901961 1 1 0.6941177 0.6901961 1 0.8156863 0.4627451 0.6901961 1 1 0.9411765 1 1 1 0.8117647 0.8117647 1 1 0.8117647 0.8117647 1 1 0.9411765 1 1 1 0.8117647 0.8117647 1 1 0.9411765 1 1 1 1 1 1 1 0.7372549 0.8784314 1 0.7960785 0.4588235 0.654902 1 1 1 1 1 0.7960785 0.4588235 0.654902 1 1 1 1 1 1 1 1 1 1 0.7372549 0.7372549 1 1 0.7372549 0.7372549 1 1 1 1 1 1 0.7372549 0.7372549 1 1 1 1 1 1 0.7372549 0.8784314 1 1 1 1 1 1 1 1 1 1 0.7372549 0.8784314 1 1 1 1 1 0.4235294 0.4235294 0.4235294 1 1 0.7372549 0.9411765 1 1 0.7372549 0.8784314 1 1 0.7372549 0.8784314 1 1 0.7372549 0.9411765 1 1 0.7372549 0.8784314 1 1 0.6470589 1 1 1 0.6941177 0.6901961 1 1 0.7372549 0.8784314 1 1 0.7372549 0.8784314 1 1 0.6941177 0.6901961 1 1 0.7372549 0.8784314 1 0.9803922 0.5960785 1 1 1 0.7372549 0.8784314 1 0.9803922 0.5960785 1 1 0.9803922 0.5960785 1 1 1 0.7372549 0.8784314 1 0.9803922 0.5960785 1 1 1 0.7372549 0.9411765 1 1 0.6392157 0.6627451 1 1 0.7372549 0.8784314 1 1 0.7372549 0.9411765 1 1 0.6392157 0.6627451 1 1 0.7372549 0.9411765 1 1 0.7372549 0.9411765 1 1 0.7372549 0.8784314 1 1 0.6392157 0.6627451 1 1 0.6392157 0.6627451 1 1 0.7372549 0.8784314 1 1 0.6392157 0.6627451 1 1 0.7372549 0.8784314 1 1 0.9411765 1 1 1 0.7372549 0.8784314 1 1 0.9411765 1 1 1 0.9411765 1 1 1 0.9411765 1 1 1 0.9411765 1 1 1 1 1 1 1 0.7372549 0.8784314 1 1 0.7372549 0.8784314 1 1 1 1 1 1 0.7372549 0.8784314 1 1 1 1 1 1 0.7372549 0.7372549 1 0.9098039 0.5803922 0.6352941 1 1 0.9411765 0.9843137 1 1 0.7372549 0.7372549 1 1 0.9411765 0.9843137 1 1 0.7372549 0.7372549 1 1 0.7372549 0.9411765 1 1 0.7372549 0.9411765 1 1 1 1 1 1 0.7372549 0.9411765 1 1 1 1 1 1 1 1 1 1 0.7372549 0.9411765 1 1 0.7372549 0.9411765 1 1 0.9411765 1 1 1 0.7372549 0.9411765 1 1 0.9411765 1 1 1 0.9411765 1 1 1 0.7372549 0.9411765 1 1 0.7372549 0.9411765 1 1 0.7372549 0.9411765 1 1 0.7372549 0.9411765 1 1 0.7372549 0.9411765 1 1 0.6470589 1 1 1 0.7372549 0.9411765 1 0.8470588 0.6470589 1 1 1 1 1 1 1 0.7372549 0.9411765 1 1 1 1 1 1 0.7372549 0.9411765 1 1 0.6470589 1 1 1 0.6470589 1 1 1 1 1 1 1 0.6470589 1 1 1 1 1 1 1 1 1 1 1 0.7372549 0.8784314 1 1 0.7372549 0.8784314 1 1 1 1 1 1 0.7372549 0.8784314 1 1 1 1 1 1 1 1 1 1 0.8117647 0.8117647 1 1 0.8117647 0.8117647 1 1 1 1 1 1 0.8117647 0.8117647 1 1 1 1 1 1 0.8117647 0.8117647 1 1 0.7372549 1 1 1 0.7372549 1 1 1 1 1 1 1 0.7372549 1 1 1 1 1 1 1 0.7372549 1 1 1 0.7372549 1 1 1 0.7372549 1 1 1 1 1 1 1 0.7372549 1 1 1 1 1 1 1 1 1 1 1 0.7372549 1 1 1 0.7372549 1 1 1 1 1 1 1 0.7372549 1 1 1 1 1 1 1 0.7372549 1 1 1 0.7372549 1 1 1 0.7372549 1 1 1 0.8117647 0.8117647 1 1 0.7372549 1 1 1 0.8117647 0.8117647 1 1 0.7372549 1 1 1 0.7372549 1 1 1 0.7372549 1 1 1 1 1 1 1 0.7372549 1 1 1 1 1 1 1 1 1 1 1 0.7372549 0.8784314 1 1 0.7372549 0.9411765 1 1 0.9411765 1 1 1 0.7372549 0.8784314 1 1 0.9411765 1 1 0.8509804 0.4627451 0.6941177 1 1 0.8117647 0.8117647 1 1 0.7372549 0.9411765 1 1 0.7372549 0.9411765 1 1 0.8117647 0.8117647 1 1 0.7372549 0.9411765 1 1 1 1 1 1 0.627451 0.6980392 1 1 0.7372549 0.8784314 1 1 0.9411765 0.9843137 1 1 0.627451 0.6980392 1 1 0.9411765 0.9843137 1 1 0.7372549 0.9411765 1 0.8392157 0.4627451 0.6941177 1 1 0.6470589 0.6980392 1 1 0.627451 0.6980392 1 0.8392157 0.4627451 0.6941177 1 1 0.627451 0.6980392 1 0.8392157 0.4627451 0.6941177 1 1 0.7372549 0.9411765 1 1 0.8117647 0.9137255 1 1 0.8117647 0.9137255 1 1 0.7372549 0.9411765 1 1 0.8117647 0.9137255 1 1 0.7372549 0.9411765 1 0.9294118 0.5960785 0.6313726 1 1 0.7372549 0.8784314 1 1 0.9411765 0.9843137 1 0.9294118 0.5960785 0.6313726 1 1 0.9411765 0.9843137 1 1 0.9411765 0.9843137 1 1 0.8117647 0.9137255 1 1 0.7372549 0.9411765 1 1 0.7372549 0.9411765 1 1 0.8117647 0.9137255 1 1 0.7372549 0.9411765 1 1 0.8117647 0.9137255 1 1 0.6392157 0.6627451 1 1 0.8117647 0.9137255 1 1 0.8117647 0.9137255 1 1 0.6392157 0.6627451 1 1 0.8117647 0.9137255 1 1 0.6392157 0.6627451 1 1 0.7372549 0.8784314 1 1 0.6941177 0.6901961 1 1 0.9411765 0.9843137 1 1 0.7372549 0.8784314 1 1 0.9411765 0.9843137 1 1 0.9411765 0.972549 1 1 0.6470589 0.6980392 1 1 0.8117647 0.9137255 1 1 0.8117647 0.9137255 1 1 0.6470589 0.6980392 1 1 0.8117647 0.9137255 1 0.972549 0.9411765 1 1 1 0.6941177 0.6901961 1 1 0.627451 0.6980392 1 0.972549 0.9411765 1 1 1 0.6941177 0.6901961 1 0.972549 0.9411765 1 1 0.9803922 0.5960785 1 1 1 0.6941177 0.6901961 1 1 0.6941177 0.6901961 1 0.972549 0.9411765 1 1 1 0.6941177 0.6901961 1 0.972549 0.9411765 1 1 1 0.6941177 0.6901961 1 0.9294118 0.5568628 0.9843137 1 1 0.6941177 0.6901961 1 1 0.9411765 1 1 0.9294118 0.5568628 0.9843137 1 1 0.9411765 1 1 0.9882353 0.5882353 1 1 1 0.7372549 0.8784314 1 0.972549 0.9411765 1 1 0.972549 0.9411765 1 1 1 0.7372549 0.8784314 1 0.972549 0.9411765 1 1 0.972549 0.9411765 1 1 1 0.7372549 0.8784314 1 1 0.7372549 0.9411765 1 0.8235294 0.4588235 0.6784314 1 1 0.7372549 0.8784314 1 0.8235294 0.4588235 0.6784314 1 1 0.7372549 0.9411765 1 1 0.7372549 0.8784314 1 0.972549 0.9411765 1 1 0.972549 0.9411765 1 1 1 0.7372549 0.8784314 1 0.972549 0.9411765 1 1 1 0.7372549 0.8784314 1 1 0.7372549 0.8784314 1 1 0.7372549 0.8784314 1 1 0.9411765 0.9843137 1 1 0.7372549 0.8784314 1 1 0.9411765 0.9843137 1 1 0.9411765 0.9843137 1 1 0.7372549 0.8784314 1 0.972549 0.9411765 1 1 0.972549 0.9411765 1 1 1 0.7372549 0.8784314 1 0.972549 0.9411765 1 1 1 0.7372549 0.8784314 1 1 0.7372549 0.8784314 1 1 0.7372549 0.8784314 1 0.8156863 0.4627451 0.6901961 1 1 0.7372549 0.8784314 1 0.8156863 0.4627451 0.6901961 1 1 0.7372549 0.8784314 1 1 0.8117647 0.9137255 1 0.9098039 0.5803922 0.6352941 1 1 0.9411765 0.9843137 1 1 0.8117647 0.9137255 1 1 0.9411765 0.9843137 1 1 0.8117647 0.9137255 1 0.9098039 0.5803922 0.6352941 1 1 0.9411765 0.972549 1 0.9137255 0.8117647 1 1 0.9098039 0.5803922 0.6352941 1 0.9137255 0.8117647 1 1 1 0.9411765 0.972549 1 1 0.7372549 0.8784314 1 1 0.7372549 0.9411765 1 1 0.9411765 0.9843137 1 1 0.7372549 0.8784314 1 1 0.9411765 0.9843137 1 1 0.9411765 0.9843137 1 1 0.7372549 0.8784314 1 1 0.7372549 0.8784314 1 0.972549 0.9411765 1 1 1 0.7372549 0.8784314 1 0.972549 0.9411765 1 1 0.972549 0.9411765 1 1 1 0.7372549 0.8784314 1 1 0.7372549 0.8784314 1 1 0.7372549 0.8784314 1 1 0.7372549 0.8784314 1 1 0.7372549 0.8784314 1 1 0.9411765 0.972549 1 1 0.7372549 0.8784314 1 1 0.8117647 0.8117647 1 1 1 1 1 1 0.7372549 0.8784314 1 1 1 1 1 1 0.7372549 0.8784314 1 1 0.7372549 0.8784314 1 1 0.7372549 0.7372549 1 1 0.7372549 0.7372549 1 1 0.7372549 0.8784314 1 1 0.7372549 0.7372549 1 0.9137255 0.8117647 1 1 1 0.7372549 0.8784314 1 1 0.7372549 0.8784314 1 1 0.7372549 0.8784314 1 1 0.7372549 0.8784314 1 1 0.7372549 0.8784314 1 0.4235294 0.4235294 0.4235294 1 1 0.7372549 0.8784314 1 1 0.7372549 0.8784314 1 1 0.7372549 0.8784314 1 1 0.7372549 0.8784314 1 1 0.7372549 0.8784314 1 1 0.7372549 0.8784314 1 1 0.7372549 0.8784314 1 1 0.7372549 0.8784314 1 1 0.9411765 1 1 1 0.7372549 0.8784314 1 1 0.9411765 1 1 0.8196079 0.4627451 0.6862745 1 1 0.7372549 0.8784314 1 1 0.8784314 0.7372549 1 1 1 1 1 1 0.7372549 0.8784314 1 1 1 1 1 0.8196079 0.4627451 0.6862745 1 1 0.6941177 0.6901961 1 1 0.7372549 0.8784314 1 1 0.7372549 0.8784314 1 1 0.6941177 0.6901961 1 1 0.7372549 0.8784314 1 0.972549 0.9411765 1 1 1 0.8117647 0.9137255 1 1 0.654902 0.6627451 1 1 0.654902 0.6627451 1 1 0.8117647 0.9137255 1 1 0.654902 0.6627451 1 1 0.8117647 0.9137255 1 1 0.6941177 0.6901961 1 0.9882353 0.5882353 1 1 0.9882353 0.5882353 1 1 1 0.6941177 0.6901961 1 0.9882353 0.5882353 1 1 1 0.9411765 0.9843137 1 0.6862745 0.5843138 1 1 1 0.6862745 0.6392157 1 0.4235294 0.4235294 0.4235294 1 0.6862745 0.5843138 1 1 0.4235294 0.4235294 0.4235294 1 0.6862745 0.5529412 0.9686275 1 0.9098039 0.5803922 0.6352941 1 0.6862745 0.5529412 0.9686275 1 0.6862745 0.5529412 0.9686275 1 0.9098039 0.5803922 0.6352941 1 0.6862745 0.5529412 0.9686275 1 0.9098039 0.5803922 0.6352941 1 1 0.6862745 0.6392157 1 0.9333333 0.5882353 1 1 0.4235294 0.4235294 0.4235294 1 1 0.6862745 0.6392157 1 0.4235294 0.4235294 0.4235294 1 0.4235294 0.4235294 0.4235294 1 0.9333333 0.5882353 1 1 1 0.6666667 0.6627451 1 0.4509804 0.4313725 0.4235294 1 0.9333333 0.5882353 1 1 0.4509804 0.4313725 0.4235294 1 0.4235294 0.4235294 0.4235294 1 1 0.654902 0.6627451 1 1 0.8117647 0.9137255 1 0.4235294 0.4235294 0.4235294 1 1 0.654902 0.6627451 1 0.4235294 0.4235294 0.4235294 1 0.4509804 0.4313725 0.4235294 1 1 0.8117647 0.9137255 1 1 0.6470589 0.6980392 1 0.4705882 0.4392157 0.4235294 1 1 0.8117647 0.9137255 1 0.4705882 0.4392157 0.4235294 1 0.4235294 0.4235294 0.4235294 1 1 0.6470589 0.6980392 1 0.9803922 0.5960785 1 1 0.4705882 0.427451 0.4588235 1 1 0.6470589 0.6980392 1 0.4705882 0.427451 0.4588235 1 0.4705882 0.4392157 0.4235294 1 1 0.6941177 0.6901961 1 1 0.6941177 0.6901961 1 0.6627451 0.5176471 0.4235294 1 1 0.6941177 0.6901961 1 0.6627451 0.5176471 0.4235294 1 1 0.6941177 0.6901961 1 1 0.6941177 0.6901961 1 1 0.6941177 0.6901961 1 0.9882353 0.5882353 1 1 1 0.6941177 0.6901961 1 0.9882353 0.5882353 1 1 0.4509804 0.4235294 0.4470588 1 1 0.7372549 0.8784314 1 1 0.7372549 0.9411765 1 1 0.7372549 0.8784314 1 1 0.7372549 0.8784314 1 1 0.7372549 0.8784314 1 0.972549 0.9411765 1 1 1 0.7372549 0.9411765 1 1 0.7372549 0.8784314 1 1 0.7372549 0.9411765 1 1 0.7372549 0.9411765 1 1 0.7372549 0.9411765 1 1 0.7372549 0.9411765 1 1 0.7372549 0.8784314 1 1 0.7372549 0.8784314 1 1 0.7372549 0.8784314 1 1 0.7372549 0.8784314 1 1 0.7372549 0.8784314 1 0.972549 0.9411765 1 1 1 0.7372549 0.8784314 1 1 0.7372549 0.8784314 1 1 0.7372549 0.8784314 1 1 0.7372549 0.8784314 1 1 0.7372549 0.8784314 1 0.972549 0.9411765 1 1 1 0.7372549 0.8784314 1 1 0.7372549 0.7372549 1 1 0.7372549 0.7372549 1 1 0.7372549 0.8784314 1 1 0.7372549 0.7372549 1 1 0.9411765 0.972549 1 1 0.7372549 0.9411765 1 1 0.8784314 0.7372549 1 1 0.8784314 0.7372549 1 1 0.7372549 0.9411765 1 1 0.8784314 0.7372549 1 0.972549 0.9411765 1 1 1 0.8117647 0.9137255 1 0.9098039 0.5803922 0.6352941 1 0.9098039 0.5803922 0.6352941 1 1 0.8117647 0.9137255 1 0.9098039 0.5803922 0.6352941 1 1 0.8117647 0.9137255 1 0.9098039 0.5803922 0.6352941 1 0.9568628 0.6078432 0.6392157 1 0.9294118 0.5960785 0.6313726 1 0.9098039 0.5803922 0.6352941 1 0.9294118 0.5960785 0.6313726 1 1 0.9411765 0.972549 1 1 0.6941177 0.6901961 1 0.9882353 0.5882353 1 1 0.9882353 0.5882353 1 1 1 0.6941177 0.6901961 1 0.9882353 0.5882353 1 1 1 0.6941177 0.6901961 1 1 0.7372549 0.8784314 1 0.9098039 0.5803922 0.6352941 1 0.9098039 0.5803922 0.6352941 1 1 0.7372549 0.8784314 1 0.9098039 0.5803922 0.6352941 1 1 0.7372549 0.8784314 1 1 0.6941177 0.6901961 1 1 0.7372549 0.8784314 1 0.5215687 0.4941176 0.5176471 1 1 0.6941177 0.6901961 1 0.5215687 0.4941176 0.5176471 1 0.6627451 0.5176471 0.4235294 1 0.9803922 0.5960785 1 1 1 0.6980392 0.6901961 1 0.4509804 0.4235294 0.4470588 1 0.9803922 0.5960785 1 1 0.4509804 0.4235294 0.4470588 1 0.4705882 0.427451 0.4588235 1 1 0.7372549 0.8784314 1 1 0.7372549 0.9411765 1 1 0.7372549 0.8784314 1 1 0.7372549 0.8784314 1 1 0.7372549 0.8784314 1 1 0.7372549 0.8784314 1 1 0.7372549 0.8784314 1 1 0.7372549 0.8784314 1 1 0.7372549 0.8784314 1 1 0.7372549 0.8784314 1 1 0.7372549 0.8784314 1 1 0.7372549 0.8784314 1 1 0.7372549 0.7372549 1 1 0.7372549 0.7372549 1 1 0.7372549 0.8784314 1 1 0.7372549 0.7372549 1 1 0.7372549 0.8784314 1 1 0.7372549 0.8784314 1 1 0.7372549 0.8784314 1 1 0.7372549 0.8784314 1 1 0.7372549 0.8784314 1 1 0.7372549 0.8784314 1 1 0.7372549 0.8784314 1 1 0.7372549 0.8784314 1 1 0.7372549 0.9411765 1 1 0.7372549 0.9411765 1 1 0.7372549 0.9411765 1 1 0.7372549 0.9411765 1 1 0.7372549 0.9411765 1 1 0.7372549 0.9411765 1 1 0.7372549 0.8784314 1 1 0.7372549 0.8784314 1 1 0.7372549 0.8784314 1 1 0.7372549 0.8784314 1 1 0.7372549 0.8784314 1 1 0.7372549 0.8784314 1 1 0.7372549 0.8784314 1 1 0.7372549 0.8784314 1 1 0.7372549 0.8784314 1 1 0.7372549 0.8784314 1 1 0.7372549 0.8784314 1 1 0.7372549 0.8784314 1 1 0.7372549 0.8784314 1 1 0.627451 0.6980392 1 1 0.7372549 0.8784314 1 1 0.7372549 0.8784314 1 1 0.7372549 0.8784314 1 1 0.7372549 0.8784314 1 1 0.7372549 0.8784314 1 1 0.7372549 0.8784314 1 1 0.7372549 0.8784314 1 1 0.6666667 0.6627451 1 1 0.6392157 0.6627451 1 1 0.654902 0.6627451 1 1 0.6666667 0.6627451 1 1 0.654902 0.6627451 1 1 0.8117647 0.9137255 1 1 0.8117647 0.9137255 1 1 0.654902 0.6627451 1 1 0.8117647 0.9137255 1 0.9882353 0.5882353 1 1 0.9882353 0.5882353 1 1 0.9882353 0.5882353 1 1 0.9882353 0.5882353 1 1 0.9882353 0.5882353 1 1 1 0.6941177 0.6901961 1 1 0.6941177 0.6901961 1 0.9882353 0.5882353 1 1 1 0.6941177 0.6901961 1 1 0.7372549 0.9411765 1 1 0.7372549 0.9411765 1 1 0.7372549 0.9411765 1 1 0.7372549 0.9411765 1 1 0.7372549 0.9411765 1 1 0.7372549 0.9411765 1 1 0.7372549 0.9411765 1 1 0.7372549 0.9411765 1 1 0.7372549 0.9411765 1 1 0.7372549 0.9411765 1 1 0.7372549 0.9411765 1 1 0.7372549 0.9411765 1 1 0.7372549 0.9411765 1 1 0.7372549 0.9411765 1 1 0.7372549 0.9411765 1 1 0.7372549 0.9411765 1 1 0.7372549 0.9411765 1 1 0.7372549 0.9411765 1 1 0.7372549 0.9411765 1 1 0.7372549 0.9411765 1 1 0.7372549 0.9411765 1 1 0.7372549 0.9411765 1 1 0.7372549 0.9411765 1 1 0.7372549 0.9411765 1 1 0.7372549 0.9411765 1 1 0.7372549 0.9411765 1 1 0.7372549 0.9411765 1 1 0.6470589 1 1 1 0.7372549 0.9411765 1 1 0.7372549 0.9411765 1 1 0.6470589 1 1 1 0.7372549 0.9411765 1 1 0.7372549 0.9411765 1 1 0.7372549 0.9411765 1 1 0.7372549 0.9411765 1 1 0.7372549 0.9411765 1 1 0.7372549 0.9411765 1 1 0.7372549 0.9411765 1 1 0.7372549 0.9411765 1 1 0.7372549 0.9411765 1 1 0.7372549 0.9411765 1 1 0.7372549 0.9411765 1 1 0.7372549 0.9411765 1 1 0.7372549 0.9411765 1 1 0.7372549 0.9411765 1 1 0.7372549 0.9411765 1 1 0.7372549 0.9411765 1 1 0.7372549 0.9411765 1 1 0.7372549 0.9411765 1 1 0.7372549 0.9411765 1 1 0.7372549 0.9411765 1 1 0.7372549 0.9411765 1 1 0.7372549 0.9411765 1 1 0.7372549 0.9411765 1 1 0.7372549 0.8784314 1 1 0.7372549 0.8784314 1 1 0.7372549 0.9411765 1 1 0.7372549 0.8784314 1 1 0.7372549 0.9411765 1 1 0.7372549 0.8784314 1 1 0.7372549 0.8784314 1 1 0.7372549 0.9411765 1 1 0.7372549 0.8784314 1 1 0.7372549 0.8784314 1 1 0.7372549 0.8784314 1 1 0.7372549 0.8784314 1 1 0.9411765 0.972549 1 0.9098039 0.5803922 0.6352941 1 1 0.7372549 0.7372549 1 1 0.9411765 0.972549 1 1 0.7372549 0.7372549 1 1 0.9411765 0.972549 1 1 0.9411765 0.972549 1 1 0.7372549 0.7372549 1 1 0.7372549 0.7372549 1 1 0.9411765 0.972549 1 1 0.7372549 0.7372549 1 1 0.8784314 0.7372549 1 1 0.8784314 0.7372549 1 1 0.7372549 0.7372549 1 1 0.7372549 1 1 1 0.7372549 0.9411765 1 1 0.7372549 0.9411765 1 1 0.7372549 0.8784314 1 1 0.7372549 0.9411765 1 1 0.7372549 0.8784314 1 1 0.7372549 0.8784314 1 1 0.7372549 0.8784314 1 1 0.7372549 0.8784314 1 1 0.7372549 0.8784314 1 1 0.7372549 0.8784314 1 1 0.7372549 0.8784314 1 1 0.7372549 0.9411765 1 1 0.7372549 0.9411765 1 1 0.7372549 0.8784314 1 1 0.7372549 0.9411765 1 1 0.7372549 0.9411765 1 1 0.7372549 0.9411765 1 1 0.6862745 0.6392157 1 1 0.6862745 0.6392157 1 1 0.7372549 0.9411765 1 0.9411765 0.5960785 1 1 1 0.6941177 0.6901961 1 1 0.6980392 0.6901961 1 1 0.6941177 0.6901961 1 1 0.6941177 0.6901961 1 1 0.6941177 0.6901961 1 1 0.7372549 0.8784314 1 1 0.7372549 0.8784314 1 1 0.6941177 0.6901961 1 1 0.7372549 0.8784314 1 1 0.7372549 0.8784314 1 1 0.7372549 0.8784314 1 1 0.7372549 0.8784314 1 1 0.7372549 0.8784314 1 1 0.7372549 0.8784314 1 1 0.7372549 0.8784314 1 1 0.7372549 0.8784314 1 1 0.7372549 0.8784314 1 1 0.8784314 0.7372549 1 1 0.8784314 0.7372549 1 1 0.7372549 0.8784314 1 1 0.8784314 0.7372549 1 1 0.7372549 0.8784314 1 1 0.9411765 1 1 1 0.7372549 0.8784314 1 1 0.7372549 0.8784314 1 1 0.9411765 1 1 1 0.7372549 0.8784314 1 1 0.7372549 0.8784314 1 1 0.7372549 0.8784314 1 0.9490196 0.5686275 1 1 0.9490196 0.5686275 1 1 1 0.7372549 0.8784314 1 0.9490196 0.5686275 1 1 1 0.7372549 0.9411765 1 1 0.7372549 0.9411765 1 1 0.9411765 0.972549 1 1 0.9411765 0.972549 1 1 0.7372549 0.9411765 1 1 0.9411765 0.972549 1 1 0.9411765 0.972549 1 1 0.9411765 0.972549 1 1 0.9411765 0.972549 1 1 0.9411765 0.972549 1 1 0.9411765 0.972549 1 1 0.9411765 0.972549 1 1 0.7372549 0.8784314 1 1 0.9411765 1 1 1 0.7372549 0.8784314 1 1 0.7372549 0.8784314 1 1 0.9411765 1 1 1 0.7372549 0.8784314 1 1 0.7372549 0.8784314 1 1 0.7372549 0.8784314 1 0.9882353 0.5882353 1 1 0.9882353 0.5882353 1 1 1 0.7372549 0.8784314 1 1 0.9411765 1 1 1 0.7372549 0.9411765 1 1 1 1 1 1 0.7372549 0.9411765 1 1 0.7372549 0.9411765 1 1 1 1 1 1 0.7372549 0.9411765 1 1 0.7372549 0.9411765 1 1 0.7372549 0.9411765 1 1 0.7372549 0.8784314 1 1 0.7372549 0.8784314 1 1 0.7372549 0.9411765 1 1 0.7372549 0.8784314 1 1 0.7372549 0.9411765 1 1 0.7372549 0.9411765 1 1 0.7372549 0.8784314 1 1 0.7372549 0.8784314 1 1 0.7372549 0.9411765 1 1 0.9411765 1 1 1 0.7372549 0.8784314 1 1 0.9411765 1 1 1 0.7372549 0.8784314 1 1 0.7372549 0.8784314 1 1 0.9411765 1 1 0.972549 0.9411765 1 1 1 0.7372549 0.9411765 1 1 0.7372549 0.9411765 1 1 0.7372549 0.8784314 1 1 0.7372549 0.8784314 1 1 0.7372549 0.9411765 1 1 0.7372549 0.8784314 1 1 0.7372549 0.8784314 1 1 0.7372549 0.8784314 1 1 0.7372549 0.8784314 1 1 0.7372549 0.8784314 1 1 0.7372549 0.8784314 1 1 0.7372549 0.8784314 1 1 0.7372549 0.8784314 1 1 0.7372549 0.8784314 1 1 0.6392157 0.6627451 1 1 0.6392157 0.6627451 1 1 0.7372549 0.8784314 1 1 0.6392157 0.6627451 1 1 0.8784314 0.7372549 1 1 0.8784314 0.7372549 1 1 0.7372549 0.8784314 1 1 0.7372549 0.8784314 1 1 0.8784314 0.7372549 1 1 0.7372549 0.8784314 1 1 0.7372549 0.8784314 1 1 0.7372549 0.8784314 1 1 0.7372549 0.8784314 1 1 0.7372549 0.8784314 1 1 0.7372549 0.8784314 1 1 0.7372549 0.8784314 1 1 0.7372549 0.8784314 1 1 0.7372549 0.8784314 1 1 0.6941177 0.6901961 1 1 0.6941177 0.6901961 1 1 0.7372549 0.8784314 1 1 0.6941177 0.6901961 1 1 0.6941177 0.6901961 1 1 0.6941177 0.6901961 1 1 0.6941177 0.6901961 1 1 0.6941177 0.6901961 1 1 0.6941177 0.6901961 1 1 0.7372549 0.8784314 1 1 0.6470589 1 1 1 0.8784314 0.7372549 1 1 0.7372549 0.7372549 1 1 0.7372549 0.7372549 1 1 0.8784314 0.7372549 1 1 0.7372549 0.8784314 1 1 0.7372549 0.7372549 1 1 0.7372549 0.8784314 1 1 0.7372549 0.8784314 1 1 0.7372549 0.8784314 1 1 0.7372549 0.8784314 1 1 0.7372549 0.8784314 1 1 0.7372549 0.8784314 1 1 0.7372549 0.8784314 1 1 0.7372549 0.8784314 1 1 0.7372549 0.8784314 1 1 0.7372549 0.8784314 1 1 0.7372549 0.8784314 1 1 0.7372549 0.8784314 1 1 0.7372549 0.8784314 1 1 0.7372549 0.8784314 1 1 0.7372549 0.8784314 1 1 0.7372549 0.8784314 1 0.9098039 0.5803922 0.6352941 1 1 0.7372549 0.9411765 1 1 0.8784314 0.7372549 1 1 0.7372549 0.8784314 1 1 0.7372549 0.8784314 1 1 0.8784314 0.7372549 1 1 0.7372549 0.8784314 1 1 0.7372549 0.8784314 1 1 0.7372549 0.8784314 1 1 0.7372549 0.8784314 1 1 0.7372549 0.8784314 1 1 0.7372549 0.8784314 1 1 0.7372549 0.8784314 1 1 0.7372549 0.8784314 1 1 0.7372549 0.8784314 1 1 0.6941177 0.6901961 1 1 0.6941177 0.6901961 1 1 0.7372549 0.8784314 1 1 0.6941177 0.6901961 1 1 0.6941177 0.6901961 1 1 0.6941177 0.6901961 1 0.9803922 0.5960785 1 1 0.9803922 0.5960785 1 1 1 0.6941177 0.6901961 1 1 0.6980392 0.6901961 1 1 0.6901961 0.6352941 1 1 0.8117647 0.9137255 1 1 0.8117647 0.9137255 1 1 0.8117647 0.9137255 1 1 0.8117647 0.9137255 1 1 0.8117647 0.9137255 1 1 0.8117647 0.9137255 1 1 0.8117647 0.9137255 1 1 0.7372549 0.8784314 1 1 0.7372549 0.8784314 1 1 0.8117647 0.9137255 1 1 0.7372549 0.8784314 1 1 0.7372549 0.8784314 1 1 0.7372549 0.8784314 1 1 0.7372549 0.8784314 1 1 0.7372549 0.8784314 1 1 0.7372549 0.8784314 1 1 0.7372549 0.8784314 1 1 0.7372549 0.8784314 1 1 0.7372549 0.8784314 1 1 0.8117647 0.8117647 1 1 0.8117647 0.8117647 1 1 0.7372549 0.8784314 1 1 0.8117647 0.8117647 1 1 0.6666667 0.6627451 1 1 0.8117647 0.9137255 1 1 0.8117647 0.9137255 1 1 0.8117647 0.9137255 1 1 0.8117647 0.9137255 1 1 0.8117647 0.9137255 1 1 0.8117647 0.9137255 1 1 0.8117647 0.9137255 1 1 0.7372549 0.8784314 1 1 0.7372549 0.8784314 1 1 0.8117647 0.9137255 1 1 0.7372549 0.8784314 1 1 0.7372549 0.8784314 1 1 0.7372549 0.8784314 1 1 0.7372549 0.8784314 1 1 0.7372549 0.8784314 1 1 0.7372549 0.8784314 1 1 0.7372549 0.8784314 1 1 0.7372549 0.8784314 1 1 0.7372549 0.8784314 1 1 0.8117647 0.8117647 1 1 0.8117647 0.8117647 1 1 0.7372549 0.8784314 1 1 0.8117647 0.8117647 1 1 0.6745098 0.6980392 1 1 0.8117647 0.9137255 1 1 0.8117647 0.9137255 1 1 0.8117647 0.9137255 1 1 0.8117647 0.9137255 1 1 0.8117647 0.9137255 1 1 0.8117647 0.9137255 1 1 0.8117647 0.9137255 1 1 0.7372549 0.8784314 1 1 0.7372549 0.8784314 1 1 0.8117647 0.9137255 1 1 0.7372549 0.8784314 1 1 0.7372549 0.8784314 1 1 0.7372549 0.8784314 1 1 0.7372549 0.8784314 1 1 0.7372549 0.8784314 1 1 0.7372549 0.8784314 1 1 0.7372549 0.8784314 1 1 0.7372549 0.8784314 1 1 0.7372549 0.8784314 1 1 0.8117647 0.8117647 1 1 0.8117647 0.8117647 1 1 0.7372549 0.8784314 1 1 0.7372549 0.8784314 1 1 0.6941177 0.6901961 1 1 0.6941177 0.6901961 1 1 0.6980392 0.6901961 1 1 0.627451 0.6980392 1 1 0.6941177 0.6901961 1 0.9803922 0.5960785 1 1 1 0.627451 0.6980392 1 0.9882353 0.6039216 1 1 1 0.6470589 0.6980392 1 1 0.627451 0.6980392 1 1 0.627451 0.6980392 1 1 0.627451 0.6980392 1 1 0.8117647 0.9137255 1 1 0.6470589 0.6980392 1 1 0.627451 0.6980392 1 1 0.7372549 0.8784314 1 1 0.6941177 0.6901961 1 1 0.7372549 0.8784314 1 1 0.8117647 0.9137255 1 1 0.6392157 0.6627451 1 1 0.6666667 0.6627451 1 1 0.7372549 0.9411765 1 1 0.8117647 0.9137255 1 1 0.8117647 0.9137255 1 0.9098039 0.5803922 0.6352941 1 1 0.7372549 0.8784314 1 0.9098039 0.5803922 0.6352941 1 1 0.8117647 0.9137255 1 1 0.7372549 0.9411765 1 1 0.6862745 0.6392157 1 1 0.627451 0.6980392 1 1 0.6470589 0.6980392 1 1 0.7372549 0.8784314 1 1 0.7372549 1 1 1 0.7372549 1 1 1 0.7372549 1 1 1 0.7372549 0.9411765 1 1 0.7372549 0.9411765 1 1 0.7372549 0.9411765 1 1 0.7372549 0.9411765 1 1 0.8117647 0.8117647 1 1 0.7372549 0.8784314 1 1 0.7372549 0.8784314 1 1 0.7372549 1 1 1 0.7372549 1 1 1 0.7372549 0.9411765 1 1 0.7372549 0.8784314 1 1 0.7372549 0.9411765 1 0.9294118 0.5568628 0.9843137 1 1 0.7372549 0.8784314 1 1 0.7372549 0.8784314 1 0.9882353 0.5882353 1 1 1 0.627451 0.6980392 1 1 0.7372549 0.8784314 1 0.772549 0.5450981 0.7803922 1 1 0.7372549 0.8784314 1 0.772549 0.5450981 0.7803922 1 0.772549 0.5450981 0.7803922 1 0.772549 0.5450981 0.7803922 1 0.772549 0.5450981 0.7803922 1 0.772549 0.5450981 0.7803922 1 0.772549 0.5450981 0.7803922 1 0.772549 0.5450981 0.7803922 1 0.772549 0.5450981 0.7803922 1 0.772549 0.5450981 0.7803922 1 0.4235294 0.4235294 0.4235294 1 0.8509804 0.4627451 0.6941177 1 0.772549 0.5450981 0.7803922 1 1 0.7372549 0.8784314 1 0.8509804 0.4627451 0.6941177 1 1 0.7372549 0.8784314 1 0.5803922 0.4392157 0.5450981 1 1 0.7372549 0.8784314 1 0.772549 0.5450981 0.7803922 1 1 0.7372549 0.8784314 1 1 0.7372549 0.8784314 1 1 0.7372549 0.8784314 1 1 0.7372549 0.8784314 1 1 0.7372549 0.8784314 1 1 0.7372549 0.8784314 1 1 0.7372549 0.8784314 1 1 0.7372549 0.8784314 1 1 0.7372549 0.8784314 1 1 0.7372549 0.8784314 1 0.9254902 0.6588236 0.9019608 1 0.9254902 0.6588236 0.9019608 1 1 0.7372549 0.8784314 1 0.9254902 0.6588236 0.9019608 1 1 0.7372549 0.8784314 1 1 0.7372549 0.8784314 1 1 0.7372549 0.8784314 1 1 0.7372549 0.8784314 1 1 0.7372549 0.8784314 1 1 0.7372549 0.8784314 1 1 0.7372549 0.8784314 1 1 0.7372549 0.8784314 1 0.9254902 0.6588236 0.9019608 1 0.9490196 0.5686275 1 1 1 0.7372549 0.8784314 1 0.9254902 0.6588236 0.9019608 1 1 0.7372549 0.8784314 1 0.9254902 0.6588236 0.9019608 1 1 0.7372549 0.8784314 1 0.9254902 0.6588236 0.9019608 1 0.9254902 0.6588236 0.9019608 1 1 0.7372549 0.8784314 1 0.9254902 0.6588236 0.9019608 1 1 0.7372549 0.8784314 1 0.9254902 0.6588236 0.9019608 1 0.9254902 0.6588236 0.9019608 1 0.9254902 0.6588236 0.9019608 1 0.9254902 0.6588236 0.9019608 1 0.9254902 0.6588236 0.9019608 1 0.9254902 0.6588236 0.9019608 1 0.9254902 0.6588236 0.9019608 1 1 0.7372549 0.8784314 1 1 0.7372549 0.8784314 1 0.9254902 0.6588236 0.9019608 1 1 0.7372549 0.8784314 1 1 0.7372549 0.8784314 1 1 0.7372549 0.8784314 1 0.772549 0.5450981 0.7803922 1 0.772549 0.5450981 0.7803922 1 1 0.7372549 0.8784314 1 0.772549 0.5450981 0.7803922 1 0.772549 0.5450981 0.7803922 1 0.772549 0.5450981 0.7803922 1 1 0.7372549 0.8784314 1 1 0.7372549 0.8784314 1 0.772549 0.5450981 0.7803922 1 1 0.7372549 0.8784314 1 0.772549 0.5450981 0.7803922 1 0.772549 0.5450981 0.7803922 1 0.9254902 0.6588236 0.9019608 1 0.9254902 0.6588236 0.9019608 1 0.772549 0.5450981 0.7803922 1 0.9254902 0.6588236 0.9019608 1 0.9254902 0.6588236 0.9019608 1 1 0.7372549 0.8784314 1 0.9490196 0.5686275 1 1 1 0.7372549 0.8784314 1 1 0.7372549 0.8784314 1 1 0.7372549 0.8784314 1 1 0.7372549 0.8784314 1 0.9490196 0.5686275 1 1 0.9490196 0.5686275 1 1 0.9490196 0.5686275 1 1 0.9490196 0.5686275 1 1 0.9490196 0.5686275 1 1 0.9490196 0.5686275 1 1 1 0.7372549 0.8784314 1 0.772549 0.5450981 0.7803922 1 0.772549 0.5450981 0.7803922 1 1 0.7372549 0.8784314 1 0.772549 0.5450981 0.7803922 1 0.772549 0.5450981 0.7803922 1 0.772549 0.5450981 0.7803922 1 0.772549 0.5450981 0.7803922 1 0.4235294 0.4235294 0.4235294 1 0.772549 0.5450981 0.7803922 1 0.4235294 0.4235294 0.4235294 1 0.4235294 0.4235294 0.4235294 1 0.772549 0.5450981 0.7803922 1 0.9254902 0.6588236 0.9019608 1 0.9254902 0.6588236 0.9019608 1 0.772549 0.5450981 0.7803922 1 0.9254902 0.6588236 0.9019608 1 0.9254902 0.6588236 0.9019608 1 0.9254902 0.6588236 0.9019608 1 0.772549 0.5450981 0.7803922 1 0.4235294 0.4235294 0.4235294 1 0.9254902 0.6588236 0.9019608 1 0.4235294 0.4235294 0.4235294 1 0.772549 0.5450981 0.7803922 1 0.9254902 0.6588236 0.9019608 1 0.9254902 0.6588236 0.9019608 1 0.9254902 0.6588236 0.9019608 1 0.9254902 0.6588236 0.9019608 1 0.9254902 0.6588236 0.9019608 1 0.9254902 0.6588236 0.9019608 1 0.772549 0.5450981 0.7803922 1 1 0.7372549 0.8784314 1 1 0.7372549 0.8784314 1 0.772549 0.5450981 0.7803922 1 1 0.7372549 0.8784314 1 0.772549 0.5450981 0.7803922 1 1 0.7372549 0.8784314 1 0.772549 0.5450981 0.7803922 1 0.772549 0.5450981 0.7803922 1 1 0.7372549 0.8784314 1 0.772549 0.5450981 0.7803922 1 0.772549 0.5450981 0.7803922 1 0.9254902 0.6588236 0.9019608 1 0.854902 0.4627451 0.6901961 1 0.854902 0.4627451 0.6901961 1 0.9254902 0.6588236 0.9019608 1 0.854902 0.4627451 0.6901961 1 0.4235294 0.4235294 0.4235294 1 0.772549 0.5450981 0.7803922 1 1 0.7372549 0.8784314 1 1 0.7372549 0.8784314 1 0.772549 0.5450981 0.7803922 1 1 0.7372549 0.8784314 1 0.772549 0.5450981 0.7803922 1 0.9254902 0.6588236 0.9019608 1 0.772549 0.5450981 0.7803922 1 0.772549 0.5450981 0.7803922 1 0.9254902 0.6588236 0.9019608 1 0.772549 0.5450981 0.7803922 1 0.772549 0.5450981 0.7803922 1 0.772549 0.5450981 0.7803922 1 1 0.7372549 0.8784314 1 1 0.7372549 0.8784314 1 0.772549 0.5450981 0.7803922 1 1 0.7372549 0.8784314 1 0.772549 0.5450981 0.7803922 1 0.9254902 0.6588236 0.9019608 1 0.772549 0.5450981 0.7803922 1 0.7686275 0.4588235 0.6627451 1 0.9254902 0.6588236 0.9019608 1 0.7686275 0.4588235 0.6627451 1 0.9254902 0.6588236 0.9019608 1 0.9254902 0.6588236 0.9019608 1 0.9254902 0.6588236 0.9019608 1 1 0.7372549 0.8784314 1 0.9254902 0.6588236 0.9019608 1 1 0.7372549 0.8784314 1 0.9254902 0.6588236 0.9019608 1 0.772549 0.5450981 0.7803922 1 1 0.7372549 0.8784314 1 0.772549 0.5450981 0.7803922 1 0.772549 0.5450981 0.7803922 1 0.772549 0.5450981 0.7803922 1 0.772549 0.5450981 0.7803922 1 1 0.7372549 0.8784314 1 1 0.7372549 0.8784314 1 1 0.7372549 0.8784314 1 1 0.7372549 0.8784314 1 1 0.7372549 0.8784314 1 0.772549 0.5450981 0.7803922 1 0.9254902 0.6588236 0.9019608 1 0.9254902 0.6588236 0.9019608 1 0.772549 0.5450981 0.7803922 1 0.9254902 0.6588236 0.9019608 1 0.772549 0.5450981 0.7803922 1 0.9254902 0.6588236 0.9019608 1 0.772549 0.5450981 0.7803922 1 0.772549 0.5450981 0.7803922 1 0.772549 0.5450981 0.7803922 1 0.772549 0.5450981 0.7803922 1 0.772549 0.5450981 0.7803922 1 0.772549 0.5450981 0.7803922 1 0.9254902 0.6588236 0.9019608 1 0.772549 0.5450981 0.7803922 1 0.772549 0.5450981 0.7803922 1 0.9254902 0.6588236 0.9019608 1 0.772549 0.5450981 0.7803922 1 0.9254902 0.6588236 0.9019608 1 0.772549 0.5450981 0.7803922 1 0.772549 0.5450981 0.7803922 1 0.854902 0.4627451 0.6901961 1 0.772549 0.5450981 0.7803922 1 0.854902 0.4627451 0.6901961 1 0.5686275 0.4392157 0.5333334 1 0.772549 0.5450981 0.7803922 1 0.772549 0.5450981 0.7803922 1 0.772549 0.5450981 0.7803922 1 0.772549 0.5450981 0.7803922 1 0.772549 0.5450981 0.7803922 1 0.5803922 0.4392157 0.5450981 1 0.772549 0.5450981 0.7803922 1 0.772549 0.5450981 0.7803922 1 0.772549 0.5450981 0.7803922 1 0.772549 0.5450981 0.7803922 1 0.772549 0.5450981 0.7803922 1 0.5490196 0.4313725 0.5176471 1 0.772549 0.5450981 0.7803922 1 0.772549 0.5450981 0.7803922 1 0.772549 0.5450981 0.7803922 1 0.772549 0.5450981 0.7803922 1 0.772549 0.5450981 0.7803922 1 0.772549 0.5450981 0.7803922 1 0.772549 0.5450981 0.7803922 1 0.772549 0.5450981 0.7803922 1 0.772549 0.5450981 0.7803922 1 0.772549 0.5450981 0.7803922 1 0.772549 0.5450981 0.7803922 1 0.772549 0.5450981 0.7803922 1 0.772549 0.5450981 0.7803922 1 0.772549 0.5450981 0.7803922 1 0.772549 0.5450981 0.7803922 1 0.772549 0.5450981 0.7803922 1 0.772549 0.5450981 0.7803922 1 0.772549 0.5450981 0.7803922 1 0.772549 0.5450981 0.7803922 1 0.772549 0.5450981 0.7803922 1 0.772549 0.5450981 0.7803922 1 0.772549 0.5450981 0.7803922 1 0.772549 0.5450981 0.7803922 1 0.772549 0.5450981 0.7803922 1 0.772549 0.5450981 0.7803922 1 0.772549 0.5450981 0.7803922 1 0.4235294 0.4235294 0.4235294 1 0.772549 0.5450981 0.7803922 1 0.4235294 0.4235294 0.4235294 1 0.4235294 0.4235294 0.4235294 1 0.772549 0.5450981 0.7803922 1 0.772549 0.5450981 0.7803922 1 0.9254902 0.6588236 0.9019608 1 0.772549 0.5450981 0.7803922 1 0.9254902 0.6588236 0.9019608 1 0.772549 0.5450981 0.7803922 1 0.772549 0.5450981 0.7803922 1 0.772549 0.5450981 0.7803922 1 0.9254902 0.6588236 0.9019608 1 0.772549 0.5450981 0.7803922 1 0.9254902 0.6588236 0.9019608 1 0.772549 0.5450981 0.7803922 1 0.9254902 0.6588236 0.9019608 1 0.772549 0.5450981 0.7803922 1 0.9254902 0.6588236 0.9019608 1 0.9254902 0.6588236 0.9019608 1 0.9254902 0.6588236 0.9019608 1 0.9254902 0.6588236 0.9019608 1 0.772549 0.5450981 0.7803922 1 0.772549 0.5450981 0.7803922 1 0.9254902 0.6588236 0.9019608 1 0.772549 0.5450981 0.7803922 1 0.9254902 0.6588236 0.9019608 1 0.5176471 0.4313725 0.4980392 1 0.8509804 0.4627451 0.6941177 1 0.772549 0.5450981 0.7803922 1 0.5058824 0.427451 0.4862745 1 0.8509804 0.4627451 0.6941177 1 0.5058824 0.427451 0.4862745 1 0.509804 0.427451 0.4901961 1 0.772549 0.5450981 0.7803922 1 1 0.7372549 0.8784314 1 1 0.7372549 0.8784314 1 0.772549 0.5450981 0.7803922 1 1 0.7372549 0.8784314 1 0.772549 0.5450981 0.7803922 1 1 0.7372549 0.8784314 1 0.772549 0.5450981 0.7803922 1 1 0.7372549 0.8784314 1 1 0.7372549 0.8784314 1 1 0.7372549 0.8784314 1 1 0.7372549 0.8784314 1 0.9254902 0.6588236 0.9019608 1 0.772549 0.5450981 0.7803922 1 0.772549 0.5450981 0.7803922 1 0.9254902 0.6588236 0.9019608 1 0.772549 0.5450981 0.7803922 1 1 0.7372549 0.8784314 1 0.9490196 0.5686275 1 1 0.9490196 0.5686275 1 1 1 0.7372549 0.8784314 1 0.9490196 0.5686275 1 1 1 0.7372549 0.8784314 1 1 0.7372549 0.8784314 1 1 0.7372549 0.8784314 1 0.772549 0.5450981 0.7803922 1 1 0.7372549 0.8784314 1 1 0.7372549 0.8784314 1 1 0.7372549 0.8784314 1 1 0.7372549 0.8784314 1 0.772549 0.5450981 0.7803922 1 1 0.7372549 0.8784314 1 1 0.7372549 0.8784314 1 0.772549 0.5450981 0.7803922 1 1 0.7372549 0.8784314 1 1 0.7372549 0.8784314 1 1 0.7372549 0.8784314 1 0.8392157 0.4627451 0.6941177 1 0.8392157 0.4627451 0.6941177 1 1 0.7372549 0.8784314 1 0.8392157 0.4627451 0.6941177 1 1 0.7372549 0.8784314 1 1 0.7372549 0.8784314 1 1 0.7372549 0.8784314 1 1 0.7372549 0.8784314 1 1 0.7372549 0.8784314 1 1 0.7372549 0.8784314 1 1 0.7372549 0.8784314 1 1 0.7372549 0.8784314 1 1 0.7372549 0.8784314 1 0.827451 0.4627451 0.6901961 1 1 0.7372549 0.8784314 1 0.827451 0.4627451 0.6901961 1 1 0.7372549 0.8784314 1 1 0.7372549 0.8784314 1 0.772549 0.5450981 0.7803922 1 0.772549 0.5450981 0.7803922 1 1 0.7372549 0.8784314 1 0.772549 0.5450981 0.7803922 1 1 0.7372549 0.8784314 1 1 0.7372549 0.8784314 1 1 0.7372549 0.8784314 1 1 0.7372549 0.8784314 1 1 0.7372549 0.8784314 1 1 0.7372549 0.8784314 1 0.772549 0.5450981 0.7803922 1 0.9254902 0.6588236 0.9019608 1 1 0.7372549 0.8784314 1 1 0.7372549 0.8784314 1 0.9254902 0.6588236 0.9019608 1 1 0.7372549 0.8784314 1 0.9254902 0.6588236 0.9019608 1 0.9254902 0.6588236 0.9019608 1 0.9490196 0.5686275 1 1 0.9490196 0.5686275 1 1 0.9254902 0.6588236 0.9019608 1 0.9490196 0.5686275 1 1 0.9254902 0.6588236 0.9019608 1 0.9490196 0.5686275 1 1 1 0.7372549 0.8784314 1 1 0.7372549 0.8784314 1 0.9490196 0.5686275 1 1 1 0.7372549 0.8784314 1 1 0.7372549 0.8784314 1 1 0.7372549 0.8784314 1 1 0.7372549 0.8784314 1 1 0.7372549 0.8784314 1 1 0.7372549 0.8784314 1 1 0.7372549 0.8784314 1 1 0.7372549 0.8784314 1 1 0.7372549 0.8784314 1 1 0.7372549 0.8784314 1 1 0.7372549 0.8784314 1 1 0.7372549 0.8784314 1 1 0.7372549 0.8784314 1 1 0.7372549 0.8784314 1 1 0.7372549 0.8784314 1 1 0.7372549 0.8784314 1 0.4235294 0.4235294 0.4235294 1 1 0.7372549 0.8784314 1 0.4235294 0.4235294 0.4235294 1 0.4235294 0.4235294 0.4235294 1 0.9490196 0.5686275 1 1 0.9490196 0.5686275 1 1 0.4235294 0.4235294 0.4235294 1 0.9490196 0.5686275 1 1 0.4235294 0.4235294 0.4235294 1 0.9490196 0.5686275 1 1 1 0.7372549 0.8784314 1 0.772549 0.5450981 0.7803922 1 0.772549 0.5450981 0.7803922 1 1 0.7372549 0.8784314 1 0.772549 0.5450981 0.7803922 1 1 0.7372549 0.8784314 1 0.772549 0.5450981 0.7803922 1 0.772549 0.5450981 0.7803922 1 0.772549 0.5450981 0.7803922 1 0.772549 0.5450981 0.7803922 1 0.772549 0.5450981 0.7803922 1 1 0.7372549 0.8784314 1 0.772549 0.5450981 0.7803922 1 0.772549 0.5450981 0.7803922 1 0.772549 0.5450981 0.7803922 1 0.772549 0.5450981 0.7803922 1 0.772549 0.5450981 0.7803922 1 0.772549 0.5450981 0.7803922 1 0.9490196 0.5686275 1 1 0.772549 0.5450981 0.7803922 1 0.4235294 0.4235294 0.4235294 1 0.9490196 0.5686275 1 1 0.4235294 0.4235294 0.4235294 1 1 0.7372549 0.8784314 1 1 0.7372549 0.8784314 1 0.772549 0.5450981 0.7803922 1 0.4235294 0.4235294 0.4235294 1 1 0.7372549 0.8784314 1 0.4235294 0.4235294 0.4235294 1 0.827451 0.4627451 0.6901961 1 1 0.7372549 0.8784314 1 1 0.7372549 0.8784314 1 0.4235294 0.4235294 0.4235294 1 1 0.7372549 0.8784314 1 0.4235294 0.4235294 0.4235294 1 0.772549 0.5450981 0.7803922 1 0.772549 0.5450981 0.7803922 1 0.772549 0.5450981 0.7803922 1 1 0.7372549 0.8784314 1 0.772549 0.5450981 0.7803922 1 1 0.7372549 0.8784314 1 0.772549 0.5450981 0.7803922 1 0.772549 0.5450981 0.7803922 1 0.772549 0.5450981 0.7803922 1 1 0.7372549 0.8784314 1 0.772549 0.5450981 0.7803922 1 1 0.7372549 0.8784314 1 1 0.7372549 0.8784314 1 0.772549 0.5450981 0.7803922 1 0.772549 0.5450981 0.7803922 1 1 0.7372549 0.8784314 1 0.772549 0.5450981 0.7803922 1 1 0.7372549 0.8784314 1 1 0.7372549 0.8784314 1 0.772549 0.5450981 0.7803922 1 0.772549 0.5450981 0.7803922 1 0.772549 0.5450981 0.7803922 1 0.772549 0.5450981 0.7803922 1 0.772549 0.5450981 0.7803922 1 0.772549 0.5450981 0.7803922 1 0.7529412 0.5960785 0.5058824 1 0.772549 0.5450981 0.7803922 1 0.772549 0.5450981 0.7803922 1 0.7529412 0.5960785 0.5058824 1 0.772549 0.5450981 0.7803922 1 0.6980392 0.5764706 0.5058824 1 0.9254902 0.6588236 0.9019608 1 0.9254902 0.6588236 0.9019608 1 0.4705882 0.4392157 0.4235294 1 0.9254902 0.6588236 0.9019608 1 0.4705882 0.4392157 0.4235294 1 0.4235294 0.4235294 0.4235294 1 0.772549 0.5725491 0.4235294 1 0.9490196 0.5686275 1 1 0.772549 0.5450981 0.7803922 1 0.772549 0.5725491 0.4235294 1 0.772549 0.5450981 0.7803922 1 0.6627451 0.5176471 0.4235294 1 0.9803922 0.5960785 1 1 0.9254902 0.6588236 0.9019608 1 0.772549 0.5450981 0.7803922 1 0.9803922 0.5960785 1 1 0.772549 0.5450981 0.7803922 1 0.4705882 0.427451 0.4588235 1 0.772549 0.5450981 0.7803922 1 0.772549 0.5725491 0.4235294 1 0.6627451 0.5176471 0.4235294 1 0.772549 0.5450981 0.7803922 1 0.6627451 0.5176471 0.4235294 1 0.772549 0.5450981 0.7803922 1 1 0.7372549 0.8784314 1 1 0.7372549 0.8784314 1 1 0.7372549 0.8784314 1 1 0.7372549 0.8784314 1 1 0.7372549 0.8784314 1 0.8392157 0.4627451 0.6941177 1 1 0.7372549 0.8784314 1 1 0.7372549 0.8784314 1 0.772549 0.5450981 0.7803922 1 1 0.7372549 0.8784314 1 0.772549 0.5450981 0.7803922 1 1 0.7372549 0.8784314 1 1 0.7372549 0.8784314 1 1 0.7372549 0.8784314 1 1 0.7372549 0.8784314 1 1 0.7372549 0.8784314 1 1 0.7372549 0.8784314 1 0.772549 0.5450981 0.7803922 1 0.9254902 0.6588236 0.9019608 1 0.9254902 0.6588236 0.9019608 1 0.772549 0.5450981 0.7803922 1 0.9254902 0.6588236 0.9019608 1 0.772549 0.5450981 0.7803922 1 1 0.7372549 0.8784314 1 0.9254902 0.6588236 0.9019608 1 1 0.7372549 0.8784314 1 0.9490196 0.5686275 1 1 0.9254902 0.6588236 0.9019608 1 0.9490196 0.5686275 1 1 0.9490196 0.5686275 1 1 0.9490196 0.5686275 1 1 0.9490196 0.5686275 1 1 1 0.7372549 0.8784314 1 0.9490196 0.5686275 1 1 1 0.7372549 0.8784314 1 1 0.7372549 0.8784314 1 0.772549 0.5450981 0.7803922 1 0.772549 0.5450981 0.7803922 1 0.772549 0.5450981 0.7803922 1 0.772549 0.5450981 0.7803922 1 0.772549 0.5450981 0.7803922 1 0.772549 0.5450981 0.7803922 1 0.772549 0.5450981 0.7803922 1 0.772549 0.5450981 0.7803922 1 0.4509804 0.4313725 0.4235294 1 0.772549 0.5450981 0.7803922 1 0.4509804 0.4313725 0.4235294 1 0.772549 0.5450981 0.7803922 1 0.9490196 0.5686275 1 1 0.772549 0.5450981 0.7803922 1 0.772549 0.5450981 0.7803922 1 0.9490196 0.5686275 1 1 0.772549 0.5450981 0.7803922 1 0.772549 0.5450981 0.7803922 1 0.772549 0.5450981 0.7803922 1 0.772549 0.5450981 0.7803922 1 0.4235294 0.4235294 0.4235294 1 0.772549 0.5450981 0.7803922 1 0.4235294 0.4235294 0.4235294 1 0.772549 0.5450981 0.7803922 1 0.772549 0.5450981 0.7803922 1 0.9803922 0.5960785 1 1 0.4705882 0.427451 0.4588235 1 0.772549 0.5450981 0.7803922 1 0.4705882 0.427451 0.4588235 1 0.4705882 0.4392157 0.4235294 1 0.772549 0.5450981 0.7803922 1 0.772549 0.5450981 0.7803922 1 0.772549 0.5450981 0.7803922 1 0.772549 0.5450981 0.7803922 1 0.772549 0.5450981 0.7803922 1 0.4509804 0.4235294 0.4470588 1 1 0.7372549 0.8784314 1 1 0.7372549 0.8784314 1 0.772549 0.5450981 0.7803922 1 1 0.7372549 0.8784314 1 0.772549 0.5450981 0.7803922 1 1 0.7372549 0.8784314 1 1 0.7372549 0.8784314 1 1 0.7372549 0.8784314 1 1 0.7372549 0.8784314 1 1 0.7372549 0.8784314 1 1 0.7372549 0.8784314 1 0.772549 0.5450981 0.7803922 1 0.9254902 0.6588236 0.9019608 1 0.772549 0.5450981 0.7803922 1 0.9254902 0.6588236 0.9019608 1 0.9254902 0.6588236 0.9019608 1 0.9254902 0.6588236 0.9019608 1 0.772549 0.5450981 0.7803922 1 0.772549 0.5450981 0.7803922 1 0.772549 0.5450981 0.7803922 1 0.772549 0.5450981 0.7803922 1 0.772549 0.5450981 0.7803922 1 0.772549 0.5450981 0.7803922 1 0.772549 0.5450981 0.7803922 1 0.772549 0.5450981 0.7803922 1 0.772549 0.5450981 0.7803922 1 0.772549 0.5450981 0.7803922 1 0.772549 0.5450981 0.7803922 1 0.772549 0.5450981 0.7803922 1 0.772549 0.5450981 0.7803922 1 0.9254902 0.6588236 0.9019608 1 0.9254902 0.6588236 0.9019608 1 0.9490196 0.5686275 1 1 0.9254902 0.6588236 0.9019608 1 0.9490196 0.5686275 1 1 0.9490196 0.5686275 1 1 1 0.7372549 0.8784314 1 1 0.7372549 0.8784314 1 1 0.7372549 0.8784314 1 1 0.7372549 0.8784314 1 1 0.7372549 0.8784314 1 1 0.7372549 0.8784314 1 0.772549 0.5450981 0.7803922 1 0.772549 0.5450981 0.7803922 1 1 0.7372549 0.8784314 1 0.772549 0.5450981 0.7803922 1 1 0.7372549 0.8784314 1 0.772549 0.5450981 0.7803922 1 1 0.7372549 0.8784314 1 0.772549 0.5450981 0.7803922 1 0.772549 0.5450981 0.7803922 1 1 0.7372549 0.8784314 1 0.772549 0.5450981 0.7803922 1 1 0.7372549 0.8784314 1 0.772549 0.5450981 0.7803922 1 0.772549 0.5450981 0.7803922 1 0.772549 0.5450981 0.7803922 1 0.772549 0.5450981 0.7803922 1 0.772549 0.5450981 0.7803922 1 0.772549 0.5450981 0.7803922 1 0.772549 0.5450981 0.7803922 1 0.772549 0.5450981 0.7803922 1 0.772549 0.5450981 0.7803922 1 0.772549 0.5450981 0.7803922 1 0.772549 0.5450981 0.7803922 1 0.772549 0.5450981 0.7803922 1 0.772549 0.5450981 0.7803922 1 0.772549 0.5450981 0.7803922 1 0.772549 0.5450981 0.7803922 1 0.772549 0.5450981 0.7803922 1 0.772549 0.5450981 0.7803922 1 0.772549 0.5450981 0.7803922 1 0.9490196 0.5686275 1 1 0.9490196 0.5686275 1 1 0.9490196 0.5686275 1 1 0.9490196 0.5686275 1 1 0.9490196 0.5686275 1 1 0.772549 0.5450981 0.7803922 1 0.772549 0.5450981 0.7803922 1 0.9490196 0.5686275 1 1 1 0.7372549 0.8784314 1 0.772549 0.5450981 0.7803922 1 0.772549 0.5450981 0.7803922 1 0.772549 0.5450981 0.7803922 1 0.772549 0.5450981 0.7803922 1 0.772549 0.5450981 0.7803922 1 0.772549 0.5450981 0.7803922 1 0.772549 0.5450981 0.7803922 1 0.772549 0.5450981 0.7803922 1 0.772549 0.5450981 0.7803922 1 0.772549 0.5450981 0.7803922 1 0.772549 0.5450981 0.7803922 1 0.772549 0.5450981 0.7803922 1 0.772549 0.5450981 0.7803922 1 0.772549 0.5450981 0.7803922 1 0.772549 0.5450981 0.7803922 1 0.772549 0.5450981 0.7803922 1 0.772549 0.5450981 0.7803922 1 0.772549 0.5450981 0.7803922 1 0.772549 0.5450981 0.7803922 1 0.772549 0.5450981 0.7803922 1 0.772549 0.5450981 0.7803922 1 0.772549 0.5450981 0.7803922 1 0.772549 0.5450981 0.7803922 1 0.772549 0.5450981 0.7803922 1 0.772549 0.5450981 0.7803922 1 0.772549 0.5450981 0.7803922 1 0.772549 0.5450981 0.7803922 1 0.772549 0.5450981 0.7803922 1 0.772549 0.5450981 0.7803922 1 0.772549 0.5450981 0.7803922 1 0.772549 0.5450981 0.7803922 1 0.772549 0.5450981 0.7803922 1 0.772549 0.5450981 0.7803922 1 0.772549 0.5450981 0.7803922 1 0.772549 0.5450981 0.7803922 1 0.772549 0.5450981 0.7803922 1 0.772549 0.5450981 0.7803922 1 0.772549 0.5450981 0.7803922 1 0.772549 0.5450981 0.7803922 1 0.772549 0.5450981 0.7803922 1 0.772549 0.5450981 0.7803922 1 0.772549 0.5450981 0.7803922 1 0.772549 0.5450981 0.7803922 1 0.772549 0.5450981 0.7803922 1 0.772549 0.5450981 0.7803922 1 0.772549 0.5450981 0.7803922 1 0.772549 0.5450981 0.7803922 1 0.772549 0.5450981 0.7803922 1 0.772549 0.5450981 0.7803922 1 0.772549 0.5450981 0.7803922 1 0.772549 0.5450981 0.7803922 1 0.772549 0.5450981 0.7803922 1 0.772549 0.5450981 0.7803922 1 0.772549 0.5450981 0.7803922 1 0.772549 0.5450981 0.7803922 1 0.772549 0.5450981 0.7803922 1 0.772549 0.5450981 0.7803922 1 0.772549 0.5450981 0.7803922 1 0.772549 0.5450981 0.7803922 1 0.772549 0.5450981 0.7803922 1 0.772549 0.5450981 0.7803922 1 0.772549 0.5450981 0.7803922 1 0.9490196 0.5686275 1 1 0.9254902 0.6588236 0.9019608 1 0.9254902 0.6588236 0.9019608 1 0.772549 0.5450981 0.7803922 1 0.9254902 0.6588236 0.9019608 1 0.772549 0.5450981 0.7803922 1 0.772549 0.5450981 0.7803922 1 0.772549 0.5450981 0.7803922 1 0.772549 0.5450981 0.7803922 1 1 0.7372549 0.8784314 1 0.772549 0.5450981 0.7803922 1 1 0.7372549 0.8784314 1 0.9254902 0.6588236 0.9019608 1 0.772549 0.5450981 0.7803922 1 0.772549 0.5450981 0.7803922 1 0.772549 0.5450981 0.7803922 1 0.772549 0.5450981 0.7803922 1 0.772549 0.5450981 0.7803922 1 0.772549 0.5450981 0.7803922 1 0.772549 0.5450981 0.7803922 1 0.772549 0.5450981 0.7803922 1 1 0.7372549 0.8784314 1 0.772549 0.5450981 0.7803922 1 1 0.7372549 0.8784314 1 0.772549 0.5450981 0.7803922 1 0.772549 0.5450981 0.7803922 1 0.772549 0.5450981 0.7803922 1 0.9254902 0.6588236 0.9019608 1 0.772549 0.5450981 0.7803922 1 0.9254902 0.6588236 0.9019608 1 0.9254902 0.6588236 0.9019608 1 0.9254902 0.6588236 0.9019608 1 0.9254902 0.6588236 0.9019608 1 1 0.7372549 0.8784314 1 0.9254902 0.6588236 0.9019608 1 1 0.7372549 0.8784314 1 0.772549 0.5450981 0.7803922 1 0.772549 0.5450981 0.7803922 1 1 0.7372549 0.8784314 1 0.772549 0.5450981 0.7803922 1 0.9490196 0.5686275 1 1 0.9490196 0.5686275 1 1 0.9490196 0.5686275 1 1 0.9490196 0.5686275 1 1 0.9490196 0.5686275 1 1 0.9490196 0.5686275 1 1 0.9490196 0.5686275 1 1 0.9490196 0.5686275 1 1 0.9490196 0.5686275 1 1 0.9490196 0.5686275 1 1 0.9490196 0.5686275 1 1 0.9490196 0.5686275 1 1 0.9490196 0.5686275 1 1 0.9490196 0.5686275 1 1 0.772549 0.5450981 0.7803922 1 1 0.7372549 0.8784314 1 0.9490196 0.5686275 1 1 1 0.7372549 0.8784314 1 1 0.7372549 0.8784314 1 0.9490196 0.5686275 1 1 0.772549 0.5450981 0.7803922 1 1 0.7372549 0.8784314 1 0.772549 0.5450981 0.7803922 1 0.4235294 0.4235294 0.4235294 1 0.4235294 0.4235294 0.4235294 1 0.772549 0.5450981 0.7803922 1 0.8156863 0.4627451 0.6901961 1 0.772549 0.5450981 0.7803922 1 0.9254902 0.6588236 0.9019608 1 0.772549 0.5450981 0.7803922 1 0.772549 0.5450981 0.7803922 1 0.9254902 0.6588236 0.9019608 1 0.772549 0.5450981 0.7803922 1 0.772549 0.5450981 0.7803922 1 0.772549 0.5450981 0.7803922 1 0.8235294 0.4588235 0.6784314 1 0.8235294 0.4588235 0.6784314 1 0.772549 0.5450981 0.7803922 1 0.772549 0.5450981 0.7803922 1 1 0.7372549 0.8784314 1 1 0.7372549 0.8784314 1 0.772549 0.5450981 0.7803922 1 0.772549 0.5450981 0.7803922 1 1 0.7372549 0.8784314 1 1 0.7372549 0.8784314 1 0.772549 0.5450981 0.7803922 1 1 0.7372549 0.8784314 1 1 0.7372549 0.8784314 1 1 0.7372549 0.8784314 1 1 0.7372549 0.8784314 1 0.772549 0.5450981 0.7803922 1 1 0.7372549 0.8784314 1 1 0.7372549 0.8784314 1 0.772549 0.5450981 0.7803922 1 0.772549 0.5450981 0.7803922 1 1 0.7372549 0.8784314 1 0.772549 0.5450981 0.7803922 1 0.772549 0.5450981 0.7803922 1 0.772549 0.5450981 0.7803922 1 1 0.7372549 0.8784314 1 1 0.7372549 0.8784314 1 0.772549 0.5450981 0.7803922 1 1 0.7372549 0.8784314 1 0.772549 0.5450981 0.7803922 1 0.772549 0.5450981 0.7803922 1 1 0.7372549 0.8784314 1 1 0.7372549 0.8784314 1 0.772549 0.5450981 0.7803922 1 1 0.7372549 0.8784314 1 1 0.7372549 0.8784314 1 1 0.7372549 0.8784314 1 1 0.7372549 0.8784314 1 1 0.7372549 0.8784314 1 1 0.7372549 0.8784314 1 1 0.7372549 0.8784314 1 0.772549 0.5450981 0.7803922 1 0.772549 0.5450981 0.7803922 1 1 0.7372549 0.8784314 1 1 0.7372549 0.8784314 1 0.772549 0.5450981 0.7803922 1 1 0.7372549 0.8784314 1 1 0.7372549 0.8784314 1 1 0.7372549 0.8784314 1 1 0.7372549 0.8784314 1 1 0.7372549 0.8784314 1 1 0.7372549 0.8784314 1 1 0.7372549 0.8784314 1 0.9254902 0.6588236 0.9019608 1 0.772549 0.5450981 0.7803922 1 1 0.7372549 0.8784314 1 1 0.7372549 0.8784314 1 0.772549 0.5450981 0.7803922 1 0.772549 0.5450981 0.7803922 1 1 0.7372549 0.8784314 1 0.772549 0.5450981 0.7803922 1 0.4235294 0.4235294 0.4235294 1 0.4235294 0.4235294 0.4235294 1 0.772549 0.5450981 0.7803922 1 0.772549 0.5450981 0.7803922 1 1 0.7372549 0.8784314 1 0.772549 0.5450981 0.7803922 1 0.9254902 0.6588236 0.9019608 1 0.9254902 0.6588236 0.9019608 1 0.772549 0.5450981 0.7803922 1 0.772549 0.5450981 0.7803922 1 0.9254902 0.6588236 0.9019608 1 0.772549 0.5450981 0.7803922 1 1 0.7372549 0.8784314 1 1 0.7372549 0.8784314 1 0.772549 0.5450981 0.7803922 1 1 0.7372549 0.8784314 1 0.9254902 0.6588236 0.9019608 1 0.772549 0.5450981 0.7803922 1 1 0.7372549 0.8784314 1 1 0.7372549 0.8784314 1 0.772549 0.5450981 0.7803922 1 0.9490196 0.5686275 1 1 1 0.7372549 0.8784314 1 0.9490196 0.5686275 1 1 0.9490196 0.5686275 1 1 0.9490196 0.5686275 1 1 0.9490196 0.5686275 1 1 0.9490196 0.5686275 1 1 0.9490196 0.5686275 1 1 0.9490196 0.5686275 1 1 0.9254902 0.6588236 0.9019608 1 0.9254902 0.6588236 0.9019608 1 0.9490196 0.5686275 1 1 0.9254902 0.6588236 0.9019608 1 1 0.7372549 0.8784314 1 0.772549 0.5450981 0.7803922 1 1 0.7372549 0.8784314 1 1 0.7372549 0.8784314 1 0.772549 0.5450981 0.7803922 1 0.772549 0.5450981 0.7803922 1 1 0.7372549 0.8784314 1 0.772549 0.5450981 0.7803922 1 0.772549 0.5450981 0.7803922 1 0.772549 0.5450981 0.7803922 1 0.772549 0.5450981 0.7803922 1 0.772549 0.5450981 0.7803922 1 0.772549 0.5450981 0.7803922 1 0.772549 0.5450981 0.7803922 1 0.772549 0.5450981 0.7803922 1 0.772549 0.5450981 0.7803922 1 0.772549 0.5450981 0.7803922 1 0.772549 0.5450981 0.7803922 1 0.772549 0.5450981 0.7803922 1 0.9254902 0.6588236 0.9019608 1 0.772549 0.5450981 0.7803922 1 0.772549 0.5450981 0.7803922 1 0.9254902 0.6588236 0.9019608 1 0.9254902 0.6588236 0.9019608 1 0.772549 0.5450981 0.7803922 1 0.9254902 0.6588236 0.9019608 1 0.772549 0.5450981 0.7803922 1 0.772549 0.5450981 0.7803922 1 0.9254902 0.6588236 0.9019608 1 0.772549 0.5450981 0.7803922 1 0.772549 0.5450981 0.7803922 1 0.772549 0.5450981 0.7803922 1 0.9490196 0.5686275 1 1 0.9490196 0.5686275 1 1 0.772549 0.5450981 0.7803922 1 0.9490196 0.5686275 1 1 0.9490196 0.5686275 1 1 0.9490196 0.5686275 1 1 0.9490196 0.5686275 1 1 0.9490196 0.5686275 1 1 0.9490196 0.5686275 1 1 0.9254902 0.6588236 0.9019608 1 0.772549 0.5450981 0.7803922 1 0.772549 0.5450981 0.7803922 1 0.772549 0.5450981 0.7803922 1 0.772549 0.5450981 0.7803922 1 0.772549 0.5450981 0.7803922 1 0.772549 0.5450981 0.7803922 1 0.772549 0.5450981 0.7803922 1 0.772549 0.5450981 0.7803922 1 0.772549 0.5450981 0.7803922 1 0.772549 0.5450981 0.7803922 1 0.772549 0.5450981 0.7803922 1 0.772549 0.5450981 0.7803922 1 0.772549 0.5450981 0.7803922 1 0.772549 0.5450981 0.7803922 1 1 0.7372549 0.8784314 1 1 0.7372549 0.8784314 1 0.772549 0.5450981 0.7803922 1 1 0.7372549 0.8784314 1 0.772549 0.5450981 0.7803922 1 0.772549 0.5450981 0.7803922 1 1 0.7372549 0.8784314 1 1 0.7372549 0.8784314 1 0.772549 0.5450981 0.7803922 1 1 0.7372549 0.8784314 1 1 0.7372549 0.8784314 1 1 0.7372549 0.8784314 1 1 0.7372549 0.8784314 1 1 0.7372549 0.8784314 1 1 0.7372549 0.8784314 1 1 0.7372549 0.8784314 1 1 0.7372549 0.8784314 1 1 0.7372549 0.8784314 1 0.772549 0.5450981 0.7803922 1 0.772549 0.5450981 0.7803922 1 1 0.7372549 0.8784314 1 0.772549 0.5450981 0.7803922 1 0.772549 0.5450981 0.7803922 1 0.772549 0.5450981 0.7803922 1 0.772549 0.5450981 0.7803922 1 0.772549 0.5450981 0.7803922 1 0.772549 0.5450981 0.7803922 1 0.772549 0.5450981 0.7803922 1 0.772549 0.5450981 0.7803922 1 0.772549 0.5450981 0.7803922 1 1 0.7372549 0.8784314 1 1 0.7372549 0.8784314 1 0.772549 0.5450981 0.7803922 1 1 0.7372549 0.8784314 1 1 0.7372549 0.8784314 1 1 0.7372549 0.8784314 1 1 0.7372549 0.8784314 1 1 0.7372549 0.8784314 1 1 0.7372549 0.8784314 1 0.772549 0.5450981 0.7803922 1 1 0.7372549 0.8784314 1 0.772549 0.5450981 0.7803922 1 0.772549 0.5450981 0.7803922 1 0.772549 0.5450981 0.7803922 1 0.772549 0.5450981 0.7803922 1 0.772549 0.5450981 0.7803922 1 0.772549 0.5450981 0.7803922 1 0.772549 0.5450981 0.7803922 1 0.772549 0.5450981 0.7803922 1 0.772549 0.5450981 0.7803922 1 0.772549 0.5450981 0.7803922 1 0.772549 0.5450981 0.7803922 1 0.772549 0.5450981 0.7803922 1 0.772549 0.5450981 0.7803922 1 0.772549 0.5450981 0.7803922 1 0.772549 0.5450981 0.7803922 1 0.772549 0.5450981 0.7803922 1 0.772549 0.5450981 0.7803922 1 0.772549 0.5450981 0.7803922 1 0.772549 0.5450981 0.7803922 1 1 0.7372549 0.8784314 1 1 0.7372549 0.8784314 1 0.772549 0.5450981 0.7803922 1 1 0.7372549 0.8784314 1 1 0.7372549 0.8784314 1 1 0.7372549 0.8784314 1 0.772549 0.5450981 0.7803922 1 0.772549 0.5450981 0.7803922 1 1 0.7372549 0.8784314 1 1 0.7372549 0.8784314 1 0.772549 0.5450981 0.7803922 1 1 0.7372549 0.8784314 1 0.772549 0.5450981 0.7803922 1 0.772549 0.5450981 0.7803922 1 1 0.7372549 0.8784314 1 0.772549 0.5450981 0.7803922 1 0.772549 0.5450981 0.7803922 1 0.772549 0.5450981 0.7803922 1 0.772549 0.5450981 0.7803922 1 0.772549 0.5450981 0.7803922 1 0.772549 0.5450981 0.7803922 1 0.772549 0.5450981 0.7803922 1 0.772549 0.5450981 0.7803922 1 0.772549 0.5450981 0.7803922 1 0.772549 0.5450981 0.7803922 1 0.772549 0.5450981 0.7803922 1 0.772549 0.5450981 0.7803922 1 0.9254902 0.6588236 0.9019608 1 0.772549 0.5450981 0.7803922 1 0.9254902 0.6588236 0.9019608 1 0.772549 0.5450981 0.7803922 1 0.772549 0.5450981 0.7803922 1 0.9254902 0.6588236 0.9019608 1 0.9254902 0.6588236 0.9019608 1 0.772549 0.5450981 0.7803922 1 0.9254902 0.6588236 0.9019608 1 0.772549 0.5450981 0.7803922 1 0.772549 0.5450981 0.7803922 1 0.9254902 0.6588236 0.9019608 1 0.9254902 0.6588236 0.9019608 1 0.9803922 0.5960785 1 1 0.772549 0.5450981 0.7803922 1 0.772549 0.5450981 0.7803922 1 0.772549 0.5450981 0.7803922 1 0.772549 0.5450981 0.7803922 1 0.772549 0.5450981 0.7803922 1 0.772549 0.5450981 0.7803922 1 0.772549 0.5450981 0.7803922 1 0.772549 0.5450981 0.7803922 1 0.772549 0.5450981 0.7803922 1 0.772549 0.5450981 0.7803922 1 1 0.7372549 0.8784314 1 0.772549 0.5450981 0.7803922 1 1 0.7372549 0.8784314 1 0.772549 0.5450981 0.7803922 1 0.772549 0.5450981 0.7803922 1 1 0.7372549 0.8784314 1 1 0.7372549 0.8784314 1 0.772549 0.5450981 0.7803922 1 1 0.7372549 0.8784314 1 0.772549 0.5450981 0.7803922 1 0.772549 0.5450981 0.7803922 1 1 0.7372549 0.8784314 1 0.772549 0.5450981 0.7803922 1 0.9803922 0.5960785 1 1 0.9803922 0.5960785 1 1 1 0.7372549 0.8784314 1 1 0.7372549 0.8784314 1 0.9803922 0.5960785 1 1 1 0.7372549 0.8784314 1 1 0.7372549 0.8784314 1 1 0.7372549 0.8784314 1 1 0.7372549 0.8784314 1 1 0.7372549 0.8784314 1 1 0.7372549 0.8784314 1 1 0.7372549 0.8784314 1 1 0.7372549 0.8784314 1 1 0.7372549 0.8784314 1 1 0.7372549 0.8784314 1 1 0.7372549 0.8784314 1 1 0.7372549 0.8784314 1 1 0.7372549 0.8784314 1 1 0.7372549 0.8784314 1 1 0.7372549 0.8784314 1 0.772549 0.5450981 0.7803922 1 0.772549 0.5450981 0.7803922 1 1 0.7372549 0.8784314 1 0.772549 0.5450981 0.7803922 1 1 0.7372549 0.8784314 1 0.9803922 0.5960785 1 1 0.772549 0.5450981 0.7803922 1 0.772549 0.5450981 0.7803922 1 1 0.7372549 0.8784314 1 1 0.7372549 0.8784314 1 0.772549 0.5450981 0.7803922 1 0.9490196 0.5686275 1 1 0.9490196 0.5686275 1 1 0.772549 0.5450981 0.7803922 1 0.772549 0.5450981 0.7803922 1 0.772549 0.5450981 0.7803922 1 0.772549 0.5450981 0.7803922 1 0.772549 0.5450981 0.7803922 1 0.772549 0.5450981 0.7803922 1 0.772549 0.5450981 0.7803922 1 0.9490196 0.5686275 1 1 0.772549 0.5450981 0.7803922 1 0.772549 0.5450981 0.7803922 1 0.772549 0.5450981 0.7803922 1 0.772549 0.5450981 0.7803922 1 0.772549 0.5450981 0.7803922 1 0.772549 0.5450981 0.7803922 1 0.772549 0.5450981 0.7803922 1 0.9254902 0.6588236 0.9019608 1 0.9254902 0.6588236 0.9019608 1 0.772549 0.5450981 0.7803922 1 0.9254902 0.6588236 0.9019608 1 0.772549 0.5450981 0.7803922 1 0.772549 0.5450981 0.7803922 1 0.772549 0.5450981 0.7803922 1 0.772549 0.5450981 0.7803922 1 0.8156863 0.4627451 0.6901961 1 0.9254902 0.6588236 0.9019608 1 0.772549 0.5450981 0.7803922 1 0.772549 0.5450981 0.7803922 1 0.9490196 0.5686275 1 1 0.9490196 0.5686275 1 1 0.772549 0.5450981 0.7803922 1 0.9490196 0.5686275 1 1 0.9490196 0.5686275 1 1 0.9254902 0.6588236 0.9019608 1</float_array>
          <technique_common>
            <accessor source="#Mesh_495-mesh-colors-Col-array" count="2220" stride="4">
              <param name="R" type="float"/>
              <param name="G" type="float"/>
              <param name="B" type="float"/>
              <param name="A" type="float"/>
            </accessor>
          </technique_common>
        </source>
        <vertices id="Mesh_495-mesh-vertices">
          <input semantic="POSITION" source="#Mesh_495-mesh-positions"/>
        </vertices>
        <triangles material="Image_2-material" count="740">
          <input semantic="VERTEX" source="#Mesh_495-mesh-vertices" offset="0"/>
          <input semantic="NORMAL" source="#Mesh_495-mesh-normals" offset="1"/>
          <input semantic="TEXCOORD" source="#Mesh_495-mesh-map-0" offset="2" set="0"/>
          <input semantic="COLOR" source="#Mesh_495-mesh-colors-Col" offset="3" set="0"/>
          <p>1 0 0 0 0 1 1 1 2 2 2 2 1 0 3 3 2 2 4 4 3 3 5 5 5 4 6 6 4 5 7 7 6 6 8 8 5 4 9 9 6 6 10 10 7 7 11 11 9 8 12 12 8 9 13 13 10 10 14 14 9 8 15 15 10 10 16 16 11 11 17 17 13 12 18 18 12 13 19 19 14 14 20 20 13 12 21 21 14 14 22 22 15 15 23 23 17 16 24 24 16 17 25 25 18 18 26 26 17 16 27 27 18 18 28 28 19 19 29 29 21 20 30 30 20 21 31 31 22 22 32 32 21 20 33 33 22 22 34 34 23 23 35 35 25 24 36 36 24 25 37 37 26 26 38 38 25 24 39 39 26 26 40 40 27 27 41 41 29 28 42 42 28 29 43 43 30 30 44 44 29 28 45 45 30 30 46 46 31 31 47 47 33 32 48 48 32 33 49 49 34 34 50 50 33 32 51 51 34 34 52 52 35 35 53 53 37 36 54 54 36 37 55 55 38 38 56 56 37 36 57 57 38 38 58 58 39 39 59 59 41 40 60 60 40 41 61 61 42 42 62 62 41 40 63 63 42 42 64 64 43 43 65 65 45 44 66 66 44 45 67 67 46 46 68 68 45 44 69 69 46 46 70 70 47 47 71 71 49 48 72 72 48 49 73 73 50 50 74 74 49 48 75 75 50 50 76 76 51 51 77 77 53 52 78 78 52 53 79 79 54 54 80 80 53 52 81 81 54 54 82 82 55 55 83 83 57 56 84 84 56 57 85 85 58 58 86 86 57 56 87 87 58 58 88 88 59 59 89 89 61 60 90 90 60 61 91 91 62 62 92 92 61 60 93 93 62 62 94 94 63 63 95 95 65 64 96 96 64 65 97 97 66 66 98 98 65 64 99 99 66 66 100 100 67 67 101 101 69 68 102 102 68 69 103 103 70 70 104 104 69 68 105 105 70 70 106 106 71 71 107 107 73 72 108 108 72 73 109 109 74 74 110 110 73 72 111 111 74 74 112 112 75 75 113 113 77 76 114 114 76 77 115 115 78 78 116 116 77 76 117 117 78 78 118 118 79 79 119 119 81 80 120 120 80 81 121 121 82 82 122 122 81 80 123 123 82 82 124 124 83 83 125 125 85 84 126 126 84 85 127 127 86 86 128 128 85 84 129 129 86 86 130 130 87 87 131 131 89 88 132 132 88 89 133 133 90 90 134 134 89 88 135 135 90 90 136 136 91 91 137 137 93 92 138 138 92 93 139 139 94 94 140 140 93 92 141 141 94 94 142 142 95 95 143 143 97 96 144 144 96 97 145 145 98 98 146 146 97 96 147 147 98 98 148 148 99 99 149 149 101 100 150 150 100 101 151 151 102 102 152 152 101 100 153 153 102 102 154 154 103 103 155 155 105 104 156 156 104 105 157 157 106 106 158 158 105 104 159 159 106 106 160 160 107 107 161 161 109 108 162 162 108 109 163 163 110 110 164 164 109 108 165 165 110 110 166 166 111 111 167 167 113 112 168 168 112 113 169 169 114 114 170 170 113 112 171 171 114 114 172 172 115 115 173 173 117 116 174 174 116 117 175 175 118 118 176 176 117 116 177 177 118 118 178 178 119 119 179 179 121 120 180 180 120 121 181 181 122 122 182 182 121 120 183 183 122 122 184 184 123 123 185 185 125 124 186 186 124 125 187 187 126 126 188 188 125 124 189 189 126 126 190 190 127 127 191 191 129 128 192 192 128 129 193 193 130 130 194 194 129 128 195 195 130 130 196 196 131 131 197 197 133 132 198 198 132 133 199 199 134 134 200 200 133 132 201 201 134 134 202 202 135 135 203 203 137 136 204 204 136 137 205 205 138 138 206 206 137 136 207 207 138 138 208 208 139 139 209 209 141 140 210 210 140 141 211 211 142 142 212 212 141 140 213 213 142 142 214 214 143 143 215 215 145 144 216 216 144 145 217 217 146 146 218 218 145 144 219 219 146 146 220 220 147 147 221 221 149 148 222 222 148 149 223 223 150 150 224 224 149 148 225 225 150 150 226 226 151 151 227 227 153 152 228 228 152 153 229 229 154 154 230 230 153 152 231 231 154 154 232 232 155 155 233 233 157 156 234 234 156 157 235 235 158 158 236 236 157 156 237 237 158 158 238 238 159 159 239 239 161 160 240 240 160 161 241 241 162 162 242 242 161 160 243 243 162 162 244 244 163 163 245 245 165 164 246 246 164 165 247 247 166 166 248 248 165 164 249 249 166 166 250 250 167 167 251 251 169 168 252 252 168 169 253 253 170 170 254 254 169 168 255 255 170 170 256 256 171 171 257 257 173 172 258 258 172 173 259 259 174 174 260 260 173 172 261 261 174 174 262 262 175 175 263 263 177 176 264 264 176 177 265 265 178 178 266 266 177 176 267 267 178 178 268 268 179 179 269 269 181 180 270 270 180 181 271 271 182 182 272 272 181 180 273 273 182 182 274 274 183 183 275 275 185 184 276 276 184 185 277 277 186 186 278 278 185 184 279 279 186 186 280 280 187 187 281 281 189 188 282 282 188 189 283 283 190 190 284 284 189 188 285 285 190 190 286 286 191 191 287 287 193 192 288 288 192 193 289 289 194 194 290 290 193 192 291 291 194 194 292 292 195 195 293 293 197 196 294 294 196 197 295 295 198 198 296 296 197 196 297 297 198 198 298 298 199 199 299 299 201 200 300 300 200 201 301 301 202 202 302 302 201 200 303 303 202 202 304 304 203 203 305 305 205 204 306 306 204 205 307 307 206 206 308 308 205 204 309 309 206 206 310 310 207 207 311 311 209 208 312 312 208 209 313 313 210 210 314 314 209 208 315 315 210 210 316 316 211 211 317 317 213 212 318 318 212 213 319 319 214 214 320 320 213 212 321 321 214 214 322 322 215 215 323 323 217 216 324 324 216 217 325 325 218 218 326 326 217 216 327 327 218 218 328 328 219 219 329 329 221 220 330 330 220 221 331 331 222 222 332 332 221 220 333 333 222 222 334 334 223 223 335 335 225 224 336 336 224 225 337 337 226 226 338 338 225 224 339 339 226 226 340 340 227 227 341 341 229 228 342 342 228 229 343 343 230 230 344 344 229 228 345 345 230 230 346 346 231 231 347 347 233 232 348 348 232 233 349 349 234 234 350 350 233 232 351 351 234 234 352 352 235 235 353 353 237 236 354 354 236 237 355 355 238 238 356 356 237 236 357 357 238 238 358 358 239 239 359 359 241 240 360 360 240 241 361 361 242 242 362 362 241 240 363 363 242 242 364 364 243 243 365 365 245 244 366 366 244 245 367 367 246 246 368 368 245 244 369 369 246 246 370 370 247 247 371 371 249 248 372 372 248 249 373 373 250 250 374 374 249 248 375 375 250 250 376 376 251 251 377 377 253 252 378 378 252 253 379 379 254 254 380 380 253 252 381 381 254 254 382 382 255 255 383 383 257 256 384 384 256 257 385 385 258 258 386 386 257 256 387 387 258 258 388 388 259 259 389 389 261 260 390 390 260 261 391 391 262 262 392 392 261 260 393 393 262 262 394 394 263 263 395 395 265 264 396 396 264 265 397 397 266 266 398 398 265 264 399 399 266 266 400 400 267 267 401 401 269 268 402 402 268 269 403 403 270 270 404 404 269 268 405 405 270 270 406 406 271 271 407 407 273 272 408 408 272 273 409 409 274 274 410 410 273 272 411 411 274 274 412 412 275 275 413 413 277 276 414 414 276 277 415 415 278 278 416 416 277 276 417 417 278 278 418 418 279 279 419 419 281 280 420 420 280 281 421 421 282 282 422 422 281 280 423 423 282 282 424 424 283 283 425 425 285 284 426 426 284 285 427 427 286 286 428 428 285 284 429 429 286 286 430 430 287 287 431 431 289 288 432 432 288 289 433 433 290 290 434 434 289 288 435 435 290 290 436 436 291 291 437 437 293 292 438 438 292 293 439 439 294 294 440 440 293 292 441 441 294 294 442 442 295 295 443 443 297 296 444 444 296 297 445 445 298 298 446 446 297 296 447 447 298 298 448 448 299 299 449 449 301 300 450 450 300 301 451 451 302 302 452 452 301 300 453 453 302 302 454 454 303 303 455 455 305 304 456 456 304 305 457 457 306 306 458 458 305 304 459 459 306 306 460 460 307 307 461 461 309 308 462 462 308 309 463 463 310 310 464 464 309 308 465 465 310 310 466 466 311 311 467 467 313 312 468 468 312 313 469 469 314 314 470 470 313 312 471 471 314 314 472 472 315 315 473 473 317 316 474 474 316 317 475 475 318 318 476 476 317 316 477 477 318 318 478 478 319 319 479 479 321 320 480 480 320 321 481 481 322 322 482 482 321 320 483 483 322 322 484 484 323 323 485 485 325 324 486 486 324 325 487 487 326 326 488 488 325 324 489 489 326 326 490 490 327 327 491 491 329 328 492 492 328 329 493 493 330 330 494 494 329 328 495 495 330 330 496 496 331 331 497 497 333 332 498 498 332 333 499 499 334 334 500 500 333 332 501 501 334 334 502 502 335 335 503 503 337 336 504 504 336 337 505 505 338 338 506 506 337 336 507 507 338 338 508 508 339 339 509 509 341 340 510 510 340 341 511 511 342 342 512 512 341 340 513 513 342 342 514 514 343 343 515 515 345 344 516 516 344 345 517 517 346 346 518 518 345 344 519 519 346 346 520 520 347 347 521 521 349 348 522 522 348 349 523 523 350 350 524 524 349 348 525 525 350 350 526 526 351 351 527 527 353 352 528 528 352 353 529 529 354 354 530 530 353 352 531 531 354 354 532 532 355 355 533 533 357 356 534 534 356 357 535 535 358 358 536 536 357 356 537 537 358 358 538 538 359 359 539 539 361 360 540 540 360 361 541 541 362 362 542 542 361 360 543 543 362 362 544 544 363 363 545 545 365 364 546 546 364 365 547 547 366 366 548 548 365 364 549 549 366 366 550 550 367 367 551 551 369 368 552 552 368 369 553 553 370 370 554 554 369 368 555 555 370 370 556 556 371 371 557 557 373 372 558 558 372 373 559 559 374 374 560 560 373 372 561 561 374 374 562 562 375 375 563 563 377 376 564 564 376 377 565 565 378 378 566 566 377 376 567 567 378 378 568 568 379 379 569 569 381 380 570 570 380 381 571 571 382 382 572 572 381 380 573 573 382 382 574 574 383 383 575 575 385 384 576 576 384 385 577 577 386 386 578 578 385 384 579 579 386 386 580 580 387 387 581 581 389 388 582 582 388 389 583 583 390 390 584 584 389 388 585 585 390 390 586 586 391 391 587 587 393 392 588 588 392 393 589 589 394 394 590 590 393 392 591 591 394 394 592 592 395 395 593 593 397 396 594 594 396 397 595 595 398 398 596 596 397 396 597 597 398 398 598 598 399 399 599 599 401 400 600 600 400 401 601 601 402 402 602 602 401 400 603 603 402 402 604 604 403 403 605 605 405 404 606 606 404 405 607 607 406 406 608 608 405 404 609 609 406 406 610 610 407 407 611 611 409 408 612 612 408 409 613 613 410 410 614 614 409 408 615 615 410 410 616 616 411 411 617 617 413 412 618 618 412 413 619 619 414 414 620 620 413 412 621 621 414 414 622 622 415 415 623 623 417 416 624 624 416 417 625 625 418 418 626 626 417 416 627 627 418 418 628 628 419 419 629 629 421 420 630 630 420 421 631 631 422 422 632 632 421 420 633 633 422 422 634 634 423 423 635 635 425 424 636 636 424 425 637 637 426 426 638 638 425 424 639 639 426 426 640 640 427 427 641 641 429 428 642 642 428 429 643 643 430 430 644 644 429 428 645 645 430 430 646 646 431 431 647 647 433 432 648 648 432 433 649 649 434 434 650 650 433 432 651 651 434 434 652 652 435 435 653 653 437 436 654 654 436 437 655 655 438 438 656 656 437 436 657 657 438 438 658 658 439 439 659 659 441 440 660 660 440 441 661 661 442 442 662 662 441 440 663 663 442 442 664 664 443 443 665 665 445 444 666 666 444 445 667 667 446 446 668 668 445 444 669 669 446 446 670 670 447 447 671 671 449 448 672 672 448 449 673 673 450 450 674 674 449 448 675 675 450 450 676 676 451 451 677 677 453 452 678 678 452 453 679 679 454 454 680 680 453 452 681 681 454 454 682 682 455 455 683 683 457 456 684 684 456 457 685 685 458 458 686 686 457 456 687 687 458 458 688 688 459 459 689 689 459 459 690 690 458 458 691 691 460 460 692 692 462 461 693 693 461 462 694 694 463 463 695 695 462 461 696 696 463 463 697 697 464 464 698 698 464 464 699 699 463 463 700 700 465 465 701 701 467 466 702 702 466 467 703 703 468 468 704 704 467 466 705 705 468 468 706 706 469 469 707 707 469 469 708 708 468 468 709 709 470 470 710 710 472 471 711 711 471 472 712 712 473 473 713 713 472 471 714 714 473 473 715 715 474 474 716 716 474 474 717 717 473 473 718 718 475 475 719 719 477 476 720 720 476 477 721 721 478 478 722 722 477 476 723 723 478 478 724 724 479 479 725 725 479 479 726 726 478 478 727 727 480 480 728 728 482 481 729 729 481 482 730 730 483 483 731 731 482 481 732 732 483 483 733 733 484 484 734 734 484 484 735 735 483 483 736 736 485 485 737 737 487 486 738 738 486 487 739 739 488 488 740 740 487 486 741 741 488 488 742 742 489 489 743 743 489 489 744 744 488 488 745 745 490 490 746 746 492 491 747 747 491 492 748 748 493 493 749 749 492 491 750 750 493 493 751 751 494 494 752 752 494 494 753 753 493 493 754 754 495 495 755 755 497 496 756 756 496 497 757 757 498 498 758 758 497 496 759 759 498 498 760 760 499 499 761 761 499 499 762 762 498 498 763 763 500 500 764 764 502 501 765 765 501 502 766 766 503 503 767 767 502 501 768 768 503 503 769 769 504 504 770 770 504 504 771 771 503 503 772 772 505 505 773 773 504 504 774 774 505 505 775 775 506 506 776 776 508 507 777 777 507 508 778 778 509 509 779 779 508 507 780 780 509 509 781 781 510 510 782 782 510 510 783 783 509 509 784 784 511 511 785 785 510 510 786 786 511 511 787 787 512 512 788 788 512 512 789 789 511 511 790 790 513 513 791 791 515 514 792 792 514 515 793 793 516 516 794 794 515 514 795 795 516 516 796 796 517 517 797 797 517 517 798 798 516 516 799 799 518 518 800 800 517 517 801 801 518 518 802 802 519 519 803 803 519 519 804 804 518 518 805 805 520 520 806 806 519 519 807 807 520 520 808 808 521 521 809 809 521 521 810 810 520 520 811 811 522 522 812 812 524 523 813 813 523 524 814 814 525 525 815 815 524 523 816 816 525 525 817 817 526 526 818 818 526 526 819 819 525 525 820 820 527 527 821 821 526 526 822 822 527 527 823 823 528 528 824 824 528 528 825 825 527 527 826 826 529 529 827 827 528 528 828 828 529 529 829 829 530 530 830 830 530 530 831 831 529 529 832 832 531 531 833 833 532 532 834 834 533 533 835 835 534 534 836 836 534 534 837 837 533 533 838 838 535 535 839 839 534 534 840 840 535 535 841 841 536 536 842 842 536 536 843 843 535 535 844 844 537 537 845 845 538 538 846 846 539 539 847 847 540 540 848 848 540 540 849 849 539 539 850 850 541 541 851 851 540 540 852 852 541 541 853 853 542 542 854 854 542 542 855 855 541 541 856 856 543 543 857 857 544 544 858 858 545 545 859 859 546 546 860 860 546 546 861 861 545 545 862 862 547 547 863 863 546 546 864 864 547 547 865 865 548 548 866 866 548 548 867 867 547 547 868 868 549 549 869 869 550 550 870 870 551 551 871 871 552 552 872 872 552 552 873 873 551 551 874 874 553 553 875 875 552 552 876 876 553 553 877 877 554 554 878 878 554 554 879 879 553 553 880 880 555 555 881 881 556 556 882 882 557 557 883 883 558 558 884 884 558 558 885 885 557 557 886 886 559 559 887 887 558 558 888 888 559 559 889 889 560 560 890 890 560 560 891 891 559 559 892 892 561 561 893 893 562 562 894 894 563 563 895 895 564 564 896 896 564 564 897 897 563 563 898 898 565 565 899 899 564 564 900 900 565 565 901 901 566 566 902 902 566 566 903 903 565 565 904 904 567 567 905 905 566 566 906 906 567 567 907 907 568 568 908 908 568 568 909 909 567 567 910 910 569 569 911 911 570 570 912 912 571 571 913 913 572 572 914 914 572 572 915 915 571 571 916 916 573 573 917 917 572 572 918 918 573 573 919 919 574 574 920 920 574 574 921 921 573 573 922 922 575 575 923 923 574 574 924 924 575 575 925 925 576 576 926 926 576 576 927 927 575 575 928 928 577 577 929 929 576 576 930 930 577 577 931 931 578 578 932 932 578 578 933 933 577 577 934 934 579 579 935 935 580 580 936 936 581 581 937 937 582 582 938 938 582 582 939 939 581 581 940 940 583 583 941 941 582 582 942 942 583 583 943 943 584 584 944 944 584 584 945 945 583 583 946 946 585 585 947 947 584 584 948 948 585 585 949 949 586 586 950 950 586 586 951 951 585 585 952 952 587 587 953 953 586 586 954 954 587 587 955 955 588 588 956 956 588 588 957 957 587 587 958 958 589 589 959 959 590 590 960 960 591 591 961 961 592 592 962 962 592 592 963 963 591 591 964 964 593 593 965 965 592 592 966 966 593 593 967 967 594 594 968 968 594 594 969 969 593 593 970 970 595 595 971 971 594 594 972 972 595 595 973 973 596 596 974 974 596 596 975 975 595 595 976 976 597 597 977 977 596 596 978 978 597 597 979 979 598 598 980 980 598 598 981 981 597 597 982 982 599 599 983 983 600 600 984 984 601 601 985 985 602 602 986 986 602 602 987 987 601 601 988 988 603 603 989 989 602 602 990 990 603 603 991 991 604 604 992 992 604 604 993 993 603 603 994 994 605 605 995 995 604 604 996 996 605 605 997 997 606 606 998 998 606 606 999 999 605 605 1000 1000 607 607 1001 1001 606 606 1002 1002 607 607 1003 1003 608 608 1004 1004 608 608 1005 1005 607 607 1006 1006 609 609 1007 1007 610 610 1008 1008 611 611 1009 1009 612 612 1010 1010 612 612 1011 1011 611 611 1012 1012 613 613 1013 1013 612 612 1014 1014 613 613 1015 1015 614 614 1016 1016 614 614 1017 1017 613 613 1018 1018 615 615 1019 1019 614 614 1020 1020 615 615 1021 1021 616 616 1022 1022 616 616 1023 1023 615 615 1024 1024 617 617 1025 1025 616 616 1026 1026 617 617 1027 1027 618 618 1028 1028 618 618 1029 1029 617 617 1030 1030 619 619 1031 1031 620 620 1032 1032 621 621 1033 1033 622 622 1034 1034 622 622 1035 1035 621 621 1036 1036 623 623 1037 1037 622 622 1038 1038 623 623 1039 1039 624 624 1040 1040 624 624 1041 1041 623 623 1042 1042 625 625 1043 1043 624 624 1044 1044 625 625 1045 1045 626 626 1046 1046 626 626 1047 1047 625 625 1048 1048 627 627 1049 1049 626 626 1050 1050 627 627 1051 1051 628 628 1052 1052 628 628 1053 1053 627 627 1054 1054 629 629 1055 1055 631 630 1056 1056 630 631 1057 1057 632 632 1058 1058 634 633 1059 1059 633 634 1060 1060 635 635 1061 1061 637 636 1062 1062 636 637 1063 1063 638 638 1064 1064 640 639 1065 1065 639 640 1066 1066 641 641 1067 1067 643 642 1068 1068 642 643 1069 1069 644 644 1070 1070 646 645 1071 1071 645 646 1072 1072 647 647 1073 1073 649 648 1074 1074 648 649 1075 1075 650 650 1076 1076 652 651 1077 1077 651 652 1078 1078 653 653 1079 1079 655 654 1080 1080 654 655 1081 1081 656 656 1082 1082 658 657 1083 1083 657 658 1084 1084 659 659 1085 1085 661 660 1086 1086 660 661 1087 1087 662 662 1088 1088 664 663 1089 1089 663 664 1090 1090 665 665 1091 1091 667 666 1092 1092 666 667 1093 1093 668 668 1094 1094 670 669 1095 1095 669 670 1096 1096 671 671 1097 1097 673 672 1098 1098 672 673 1099 1099 674 674 1100 1100 676 675 1101 1101 675 676 1102 1102 677 677 1103 1103 679 678 1104 1104 678 679 1105 1105 680 680 1106 1106 682 681 1107 1107 681 682 1108 1108 683 683 1109 1109 685 684 1110 1110 684 685 1111 1111 686 686 1112 1112 685 684 1113 1113 686 686 1114 1114 687 687 1115 1115 689 688 1116 1116 688 689 1117 1117 690 690 1118 1118 689 688 1119 1119 690 690 1120 1120 691 691 1121 1121 693 692 1122 1122 692 693 1123 1123 694 694 1124 1124 693 692 1125 1125 694 694 1126 1126 695 695 1127 1127 697 696 1128 1128 696 697 1129 1129 698 698 1130 1130 697 696 1131 1131 698 698 1132 1132 699 699 1133 1133 701 700 1134 1134 700 701 1135 1135 702 702 1136 1136 701 700 1137 1137 702 702 1138 1138 703 703 1139 1139 705 704 1140 1140 704 705 1141 1141 706 706 1142 1142 705 704 1143 1143 706 706 1144 1144 707 707 1145 1145 709 708 1146 1146 708 709 1147 1147 710 710 1148 1148 709 708 1149 1149 710 710 1150 1150 711 711 1151 1151 713 712 1152 1152 712 713 1153 1153 714 714 1154 1154 713 712 1155 1155 714 714 1156 1156 715 715 1157 1157 717 716 1158 1158 716 717 1159 1159 718 718 1160 1160 717 716 1161 1161 718 718 1162 1162 719 719 1163 1163 721 720 1164 1164 720 721 1165 1165 722 722 1166 1166 721 720 1167 1167 722 722 1168 1168 723 723 1169 1169 725 724 1170 1170 724 725 1171 1171 726 726 1172 1172 725 724 1173 1173 726 726 1174 1174 727 727 1175 1175 729 728 1176 1176 728 729 1177 1177 730 730 1178 1178 729 728 1179 1179 730 730 1180 1180 731 731 1181 1181 733 732 1182 1182 732 733 1183 1183 734 734 1184 1184 733 732 1185 1185 734 734 1186 1186 735 735 1187 1187 737 736 1188 1188 736 737 1189 1189 738 738 1190 1190 737 736 1191 1191 738 738 1192 1192 739 739 1193 1193 741 740 1194 1194 740 741 1195 1195 742 742 1196 1196 741 740 1197 1197 742 742 1198 1198 743 743 1199 1199 745 744 1200 1200 744 745 1201 1201 746 746 1202 1202 745 744 1203 1203 746 746 1204 1204 747 747 1205 1205 749 748 1206 1206 748 749 1207 1207 750 750 1208 1208 749 748 1209 1209 750 750 1210 1210 751 751 1211 1211 753 752 1212 1212 752 753 1213 1213 754 754 1214 1214 753 752 1215 1215 754 754 1216 1216 755 755 1217 1217 757 756 1218 1218 756 757 1219 1219 758 758 1220 1220 757 756 1221 1221 758 758 1222 1222 759 759 1223 1223 761 760 1224 1224 760 761 1225 1225 762 762 1226 1226 761 760 1227 1227 762 762 1228 1228 763 763 1229 1229 765 764 1230 1230 764 765 1231 1231 766 766 1232 1232 765 764 1233 1233 766 766 1234 1234 767 767 1235 1235 769 768 1236 1236 768 769 1237 1237 770 98 1238 1238 769 768 1239 1239 770 98 1240 1240 771 770 1241 1241 773 771 1242 1242 772 772 1243 1243 774 773 1244 1244 773 771 1245 1245 774 773 1246 1246 775 774 1247 1247 777 775 1248 1248 776 776 1249 1249 778 777 1250 1250 777 775 1251 1251 778 777 1252 1252 779 778 1253 1253 781 779 1254 1254 780 780 1255 1255 782 781 1256 1256 781 779 1257 1257 782 781 1258 1258 783 782 1259 1259 785 783 1260 1260 784 784 1261 1261 786 785 1262 1262 785 783 1263 1263 786 785 1264 1264 787 786 1265 1265 789 787 1266 1266 788 788 1267 1267 790 789 1268 1268 789 787 1269 1269 790 789 1270 1270 791 790 1271 1271 793 791 1272 1272 792 792 1273 1273 794 793 1274 1274 793 791 1275 1275 794 793 1276 1276 795 794 1277 1277 797 795 1278 1278 796 796 1279 1279 798 797 1280 1280 797 795 1281 1281 798 797 1282 1282 799 798 1283 1283 801 799 1284 1284 800 800 1285 1285 802 801 1286 1286 801 799 1287 1287 802 801 1288 1288 803 802 1289 1289 805 803 1290 1290 804 804 1291 1291 806 805 1292 1292 805 803 1293 1293 806 805 1294 1294 807 806 1295 1295 809 807 1296 1296 808 808 1297 1297 810 809 1298 1298 809 807 1299 1299 810 809 1300 1300 811 810 1301 1301 813 811 1302 1302 812 812 1303 1303 814 813 1304 1304 813 811 1305 1305 814 813 1306 1306 815 814 1307 1307 817 815 1308 1308 816 816 1309 1309 818 817 1310 1310 817 815 1311 1311 818 817 1312 1312 819 818 1313 1313 821 819 1314 1314 820 820 1315 1315 822 821 1316 1316 821 819 1317 1317 822 821 1318 1318 823 822 1319 1319 825 823 1320 1320 824 824 1321 1321 826 825 1322 1322 825 823 1323 1323 826 825 1324 1324 827 826 1325 1325 829 827 1326 1326 828 828 1327 1327 830 829 1328 1328 829 827 1329 1329 830 829 1330 1330 831 830 1331 1331 833 831 1332 1332 832 832 1333 1333 834 833 1334 1334 833 831 1335 1335 834 833 1336 1336 835 834 1337 1337 837 835 1338 1338 836 836 1339 1339 838 837 1340 1340 837 835 1341 1341 838 837 1342 1342 839 838 1343 1343 841 839 1344 1344 840 840 1345 1345 842 841 1346 1346 841 839 1347 1347 842 841 1348 1348 843 842 1349 1349 845 843 1350 1350 844 844 1351 1351 846 845 1352 1352 845 843 1353 1353 846 845 1354 1354 847 846 1355 1355 849 847 1356 1356 848 848 1357 1357 850 849 1358 1358 849 847 1359 1359 850 849 1360 1360 851 850 1361 1361 853 851 1362 1362 852 852 1363 1363 854 853 1364 1364 853 851 1365 1365 854 853 1366 1366 855 854 1367 1367 857 855 1368 1368 856 856 1369 1369 858 857 1370 1370 857 855 1371 1371 858 857 1372 1372 859 858 1373 1373 861 859 1374 1374 860 860 1375 1375 862 861 1376 1376 861 859 1377 1377 862 861 1378 1378 863 862 1379 1379 865 863 1380 1380 864 864 1381 1381 866 865 1382 1382 865 863 1383 1383 866 865 1384 1384 867 866 1385 1385 869 867 1386 1386 868 868 1387 1387 870 869 1388 1388 869 867 1389 1389 870 869 1390 1390 871 870 1391 1391 873 871 1392 1392 872 872 1393 1393 874 873 1394 1394 873 871 1395 1395 874 873 1396 1396 875 874 1397 1397 877 875 1398 1398 876 876 1399 1399 878 877 1400 1400 877 875 1401 1401 878 877 1402 1402 879 878 1403 1403 881 879 1404 1404 880 880 1405 1405 882 881 1406 1406 881 879 1407 1407 882 881 1408 1408 883 882 1409 1409 885 883 1410 1410 884 884 1411 1411 886 885 1412 1412 885 883 1413 1413 886 885 1414 1414 887 886 1415 1415 889 887 1416 1416 888 888 1417 1417 890 889 1418 1418 889 887 1419 1419 890 889 1420 1420 891 890 1421 1421 893 891 1422 1422 892 892 1423 1423 894 893 1424 1424 893 891 1425 1425 894 893 1426 1426 895 894 1427 1427 897 895 1428 1428 896 896 1429 1429 898 897 1430 1430 897 895 1431 1431 898 897 1432 1432 899 898 1433 1433 901 899 1434 1434 900 900 1435 1435 902 901 1436 1436 901 899 1437 1437 902 901 1438 1438 903 902 1439 1439 905 903 1440 1440 904 904 1441 1441 906 905 1442 1442 905 903 1443 1443 906 905 1444 1444 907 906 1445 1445 909 907 1446 1446 908 908 1447 1447 910 909 1448 1448 909 907 1449 1449 910 909 1450 1450 911 910 1451 1451 913 911 1452 1452 912 912 1453 1453 914 913 1454 1454 913 911 1455 1455 914 913 1456 1456 915 914 1457 1457 917 915 1458 1458 916 916 1459 1459 918 917 1460 1460 917 915 1461 1461 918 917 1462 1462 919 918 1463 1463 921 919 1464 1464 920 920 1465 1465 922 921 1466 1466 921 919 1467 1467 922 921 1468 1468 923 922 1469 1469 925 923 1470 1470 924 924 1471 1471 926 925 1472 1472 925 923 1473 1473 926 925 1474 1474 927 926 1475 1475 929 927 1476 1476 928 928 1477 1477 930 929 1478 1478 929 927 1479 1479 930 929 1480 1480 931 930 1481 1481 933 931 1482 1482 932 932 1483 1483 934 933 1484 1484 933 931 1485 1485 934 933 1486 1486 935 934 1487 1487 937 935 1488 1488 936 936 1489 1489 938 937 1490 1490 937 935 1491 1491 938 937 1492 1492 939 938 1493 1493 941 939 1494 1494 940 940 1495 1495 942 941 1496 1496 941 939 1497 1497 942 941 1498 1498 943 942 1499 1499 945 943 1500 1500 944 944 1501 1501 946 945 1502 1502 945 943 1503 1503 946 945 1504 1504 947 946 1505 1505 949 947 1506 1506 948 948 1507 1507 950 949 1508 1508 949 947 1509 1509 950 949 1510 1510 951 950 1511 1511 953 951 1512 1512 952 952 1513 1513 954 953 1514 1514 953 951 1515 1515 954 953 1516 1516 955 954 1517 1517 957 955 1518 1518 956 956 1519 1519 958 957 1520 1520 957 955 1521 1521 958 957 1522 1522 959 958 1523 1523 961 959 1524 1524 960 960 1525 1525 962 961 1526 1526 961 959 1527 1527 962 961 1528 1528 963 962 1529 1529 965 963 1530 1530 964 964 1531 1531 966 965 1532 1532 965 963 1533 1533 966 965 1534 1534 967 966 1535 1535 969 967 1536 1536 968 968 1537 1537 970 969 1538 1538 969 967 1539 1539 970 969 1540 1540 971 970 1541 1541 973 971 1542 1542 972 972 1543 1543 974 973 1544 1544 973 971 1545 1545 974 973 1546 1546 975 974 1547 1547 977 975 1548 1548 976 976 1549 1549 978 977 1550 1550 977 975 1551 1551 978 977 1552 1552 979 978 1553 1553 981 979 1554 1554 980 980 1555 1555 982 981 1556 1556 981 979 1557 1557 982 981 1558 1558 983 982 1559 1559 985 983 1560 1560 984 984 1561 1561 986 985 1562 1562 985 983 1563 1563 986 985 1564 1564 987 986 1565 1565 989 987 1566 1566 988 988 1567 1567 990 989 1568 1568 989 987 1569 1569 990 989 1570 1570 991 990 1571 1571 993 991 1572 1572 992 992 1573 1573 994 993 1574 1574 993 991 1575 1575 994 993 1576 1576 995 994 1577 1577 997 995 1578 1578 996 996 1579 1579 998 997 1580 1580 997 995 1581 1581 998 997 1582 1582 999 998 1583 1583 1001 999 1584 1584 1000 1000 1585 1585 1002 1001 1586 1586 1001 999 1587 1587 1002 1001 1588 1588 1003 1002 1589 1589 1005 1003 1590 1590 1004 1004 1591 1591 1006 1005 1592 1592 1005 1003 1593 1593 1006 1005 1594 1594 1007 1006 1595 1595 1009 1007 1596 1596 1008 1008 1597 1597 1010 1009 1598 1598 1009 1007 1599 1599 1010 1009 1600 1600 1011 1010 1601 1601 1013 1011 1602 1602 1012 1012 1603 1603 1014 1013 1604 1604 1013 1011 1605 1605 1014 1013 1606 1606 1015 1014 1607 1607 1017 1015 1608 1608 1016 1016 1609 1609 1018 1017 1610 1610 1017 1015 1611 1611 1018 1017 1612 1612 1019 1018 1613 1613 1021 1019 1614 1614 1020 1020 1615 1615 1022 1021 1616 1616 1021 1019 1617 1617 1022 1021 1618 1618 1023 1022 1619 1619 1025 1023 1620 1620 1024 1024 1621 1621 1026 1025 1622 1622 1025 1023 1623 1623 1026 1025 1624 1624 1027 1026 1625 1625 1029 1027 1626 1626 1028 1028 1627 1627 1030 1029 1628 1628 1029 1027 1629 1629 1030 1029 1630 1630 1031 1030 1631 1631 1033 1031 1632 1632 1032 1032 1633 1633 1034 1033 1634 1634 1033 1031 1635 1635 1034 1033 1636 1636 1035 1034 1637 1637 1037 1035 1638 1638 1036 1036 1639 1639 1038 1037 1640 1640 1037 1035 1641 1641 1038 1037 1642 1642 1039 1038 1643 1643 1041 1039 1644 1644 1040 1040 1645 1645 1042 1041 1646 1646 1041 1039 1647 1647 1042 1041 1648 1648 1043 1042 1649 1649 1045 1043 1650 1650 1044 1044 1651 1651 1046 1045 1652 1652 1045 1043 1653 1653 1046 1045 1654 1654 1047 1046 1655 1655 1049 1047 1656 1656 1048 1048 1657 1657 1050 1049 1658 1658 1049 1047 1659 1659 1050 1049 1660 1660 1051 1050 1661 1661 1053 1051 1662 1662 1052 1052 1663 1663 1054 1053 1664 1664 1053 1051 1665 1665 1054 1053 1666 1666 1055 1054 1667 1667 1057 1055 1668 1668 1056 1056 1669 1669 1058 1057 1670 1670 1057 1055 1671 1671 1058 1057 1672 1672 1059 1058 1673 1673 1061 1059 1674 1674 1060 1060 1675 1675 1062 1061 1676 1676 1061 1059 1677 1677 1062 1061 1678 1678 1063 1062 1679 1679 1065 1063 1680 1680 1064 1064 1681 1681 1066 1065 1682 1682 1065 1063 1683 1683 1066 1065 1684 1684 1067 1066 1685 1685 1069 1067 1686 1686 1068 1068 1687 1687 1070 1069 1688 1688 1069 1067 1689 1689 1070 1069 1690 1690 1071 1070 1691 1691 1073 1071 1692 1692 1072 1072 1693 1693 1074 1073 1694 1694 1073 1071 1695 1695 1074 1073 1696 1696 1075 1074 1697 1697 1077 1075 1698 1698 1076 1076 1699 1699 1078 1077 1700 1700 1077 1075 1701 1701 1078 1077 1702 1702 1079 1078 1703 1703 1081 1079 1704 1704 1080 1080 1705 1705 1082 1081 1706 1706 1081 1079 1707 1707 1082 1081 1708 1708 1083 1082 1709 1709 1085 1083 1710 1710 1084 1084 1711 1711 1086 1085 1712 1712 1085 1083 1713 1713 1086 1085 1714 1714 1087 1086 1715 1715 1089 1087 1716 1716 1088 1088 1717 1717 1090 1089 1718 1718 1089 1087 1719 1719 1090 1089 1720 1720 1091 1090 1721 1721 1091 1090 1722 1722 1090 1089 1723 1723 1092 1091 1724 1724 1094 1092 1725 1725 1093 1093 1726 1726 1095 1094 1727 1727 1094 1092 1728 1728 1095 1094 1729 1729 1096 1095 1730 1730 1096 1095 1731 1731 1095 1094 1732 1732 1097 1096 1733 1733 1099 1097 1734 1734 1098 1098 1735 1735 1100 1099 1736 1736 1099 1097 1737 1737 1100 1099 1738 1738 1101 1100 1739 1739 1101 1100 1740 1740 1100 1099 1741 1741 1102 1101 1742 1742 1104 1102 1743 1743 1103 1103 1744 1744 1105 1104 1745 1745 1104 1102 1746 1746 1105 1104 1747 1747 1106 1105 1748 1748 1106 1105 1749 1749 1105 1104 1750 1750 1107 1106 1751 1751 1109 1107 1752 1752 1108 1108 1753 1753 1110 1109 1754 1754 1109 1107 1755 1755 1110 1109 1756 1756 1111 1110 1757 1757 1111 1110 1758 1758 1110 1109 1759 1759 1112 1111 1760 1760 1114 1112 1761 1761 1113 1113 1762 1762 1115 1114 1763 1763 1114 1112 1764 1764 1115 1114 1765 1765 1116 1115 1766 1766 1116 1115 1767 1767 1115 1114 1768 1768 1117 1116 1769 1769 1119 1117 1770 1770 1118 1118 1771 1771 1120 1119 1772 1772 1119 1117 1773 1773 1120 1119 1774 1774 1121 1120 1775 1775 1121 1120 1776 1776 1120 1119 1777 1777 1122 1121 1778 1778 1124 1122 1779 1779 1123 1123 1780 1780 1125 1124 1781 1781 1124 1122 1782 1782 1125 1124 1783 1783 1126 1125 1784 1784 1126 1125 1785 1785 1125 1124 1786 1786 1127 1126 1787 1787 1129 1127 1788 1788 1128 1128 1789 1789 1130 1129 1790 1790 1129 1127 1791 1791 1130 1129 1792 1792 1131 1130 1793 1793 1131 1130 1794 1794 1130 1129 1795 1795 1132 1131 1796 1796 1134 1132 1797 1797 1133 1133 1798 1798 1135 1134 1799 1799 1134 1132 1800 1800 1135 1134 1801 1801 1136 1135 1802 1802 1136 1135 1803 1803 1135 1134 1804 1804 1137 1136 1805 1805 1139 1137 1806 1806 1138 1138 1807 1807 1140 1139 1808 1808 1139 1137 1809 1809 1140 1139 1810 1810 1141 1140 1811 1811 1141 1140 1812 1812 1140 1139 1813 1813 1142 1141 1814 1814 1141 1140 1815 1815 1142 1141 1816 1816 1143 1142 1817 1817 1145 1143 1818 1818 1144 1144 1819 1819 1146 1145 1820 1820 1145 1143 1821 1821 1146 1145 1822 1822 1147 1146 1823 1823 1147 1146 1824 1824 1146 1145 1825 1825 1148 1147 1826 1826 1147 1146 1827 1827 1148 1147 1828 1828 1149 1148 1829 1829 1151 1149 1830 1830 1150 1150 1831 1831 1152 1151 1832 1832 1151 1149 1833 1833 1152 1151 1834 1834 1153 1152 1835 1835 1153 1152 1836 1836 1152 1151 1837 1837 1154 1153 1838 1838 1153 1152 1839 1839 1154 1153 1840 1840 1155 1154 1841 1841 1155 1154 1842 1842 1154 1153 1843 1843 1156 1155 1844 1844 1158 1156 1845 1845 1157 1157 1846 1846 1159 1158 1847 1847 1158 1156 1848 1848 1159 1158 1849 1849 1160 1159 1850 1850 1160 1159 1851 1851 1159 1158 1852 1852 1161 1160 1853 1853 1160 1159 1854 1854 1161 1160 1855 1855 1162 1161 1856 1856 1162 1161 1857 1857 1161 1160 1858 1858 1163 1162 1859 1859 1164 1163 1860 1860 1165 1164 1861 1861 1166 1165 1862 1862 1166 1165 1863 1863 1165 1164 1864 1864 1167 1166 1865 1865 1166 1165 1866 1866 1167 1166 1867 1867 1168 1167 1868 1868 1168 1167 1869 1869 1167 1166 1870 1870 1169 1168 1871 1871 1170 1169 1872 1872 1171 1170 1873 1873 1172 1171 1874 1874 1172 1171 1875 1875 1171 1170 1876 1876 1173 1172 1877 1877 1172 1171 1878 1878 1173 1172 1879 1879 1174 1173 1880 1880 1174 1173 1881 1881 1173 1172 1882 1882 1175 1174 1883 1883 1176 1175 1884 1884 1177 1176 1885 1885 1178 1177 1886 1886 1178 1177 1887 1887 1177 1176 1888 1888 1179 1178 1889 1889 1178 1177 1890 1890 1179 1178 1891 1891 1180 1179 1892 1892 1180 1179 1893 1893 1179 1178 1894 1894 1181 1180 1895 1895 1182 1181 1896 1896 1183 1182 1897 1897 1184 1183 1898 1898 1184 1183 1899 1899 1183 1182 1900 1900 1185 1184 1901 1901 1184 1183 1902 1902 1185 1184 1903 1903 1186 1185 1904 1904 1186 1185 1905 1905 1185 1184 1906 1906 1187 1186 1907 1907 1188 1187 1908 1908 1189 1188 1909 1909 1190 1189 1910 1910 1190 1189 1911 1911 1189 1188 1912 1912 1191 1190 1913 1913 1190 1189 1914 1914 1191 1190 1915 1915 1192 1191 1916 1916 1192 1191 1917 1917 1191 1190 1918 1918 1193 1192 1919 1919 1194 1193 1920 1920 1195 1194 1921 1921 1196 1195 1922 1922 1196 1195 1923 1923 1195 1194 1924 1924 1197 1196 1925 1925 1196 1195 1926 1926 1197 1196 1927 1927 1198 1197 1928 1928 1198 1197 1929 1929 1197 1196 1930 1930 1199 1198 1931 1931 1200 291 1932 1932 1201 1199 1933 1933 1202 1200 1934 1934 1202 1200 1935 1935 1201 1199 1936 1936 1203 1201 1937 1937 1202 1200 1938 1938 1203 1201 1939 1939 1204 1202 1940 1940 1204 1202 1941 1941 1203 1201 1942 1942 1205 1203 1943 1943 1206 1204 1944 1944 1207 1205 1945 1945 1208 1206 1946 1946 1208 1206 1947 1947 1207 1205 1948 1948 1209 1207 1949 1949 1208 1206 1950 1950 1209 1207 1951 1951 1210 1208 1952 1952 1210 1208 1953 1953 1209 1207 1954 1954 1211 1209 1955 1955 1212 1210 1956 1956 1213 1211 1957 1957 1214 1212 1958 1958 1214 1212 1959 1959 1213 1211 1960 1960 1215 1213 1961 1961 1214 1212 1962 1962 1215 1213 1963 1963 1216 1214 1964 1964 1216 1214 1965 1965 1215 1213 1966 1966 1217 1215 1967 1967 1216 1214 1968 1968 1217 1215 1969 1969 1218 1216 1970 1970 1218 1216 1971 1971 1217 1215 1972 1972 1219 1217 1973 1973 1220 1218 1974 1974 1221 1219 1975 1975 1222 1220 1976 1976 1222 1220 1977 1977 1221 1219 1978 1978 1223 1221 1979 1979 1222 1220 1980 1980 1223 1221 1981 1981 1224 1222 1982 1982 1224 1222 1983 1983 1223 1221 1984 1984 1225 1223 1985 1985 1224 1222 1986 1986 1225 1223 1987 1987 1226 1224 1988 1988 1226 1224 1989 1989 1225 1223 1990 1990 1227 1225 1991 1991 1228 1226 1992 1992 1229 1227 1993 1993 1230 1228 1994 1994 1230 1228 1995 1995 1229 1227 1996 1996 1231 1229 1997 1997 1230 1228 1998 1998 1231 1229 1999 1999 1232 1230 2000 2000 1232 1230 2001 2001 1231 1229 2002 2002 1233 1231 2003 2003 1234 1232 2004 2004 1235 1233 2005 2005 1236 1234 2006 2006 1236 1234 2007 2007 1235 1233 2008 2008 1237 1235 2009 2009 1236 1234 2010 2010 1237 1235 2011 2011 1238 1236 2012 2012 1238 1236 2013 2013 1237 1235 2014 2014 1239 1237 2015 2015 1240 1238 2016 2016 1241 1239 2017 2017 1242 1240 2018 2018 1242 1240 2019 2019 1241 1239 2020 2020 1243 1241 2021 2021 1242 1240 2022 2022 1243 1241 2023 2023 1244 1242 2024 2024 1244 1242 2025 2025 1243 1241 2026 2026 1245 1243 2027 2027 1244 1242 2028 2028 1245 1243 2029 2029 1246 1244 2030 2030 1246 1244 2031 2031 1245 1243 2032 2032 1247 1245 2033 2033 1248 1246 2034 2034 1249 1247 2035 2035 1250 1248 2036 2036 1250 1248 2037 2037 1249 1247 2038 2038 1251 1249 2039 2039 1250 1248 2040 2040 1251 1249 2041 2041 1252 1250 2042 2042 1252 1250 2043 2043 1251 1249 2044 2044 1253 1251 2045 2045 1252 1250 2046 2046 1253 1251 2047 2047 1254 1252 2048 2048 1254 1252 2049 2049 1253 1251 2050 2050 1255 1253 2051 2051 1254 1252 2052 2052 1255 1253 2053 2053 1256 1254 2054 2054 1256 1254 2055 2055 1255 1253 2056 2056 1257 1255 2057 2057 1258 1256 2058 2058 1259 1257 2059 2059 1260 1258 2060 2060 1260 1258 2061 2061 1259 1257 2062 2062 1261 1259 2063 2063 1260 1258 2064 2064 1261 1259 2065 2065 1262 1260 2066 2066 1262 1260 2067 2067 1261 1259 2068 2068 1263 1261 2069 2069 1262 1260 2070 2070 1263 1261 2071 2071 1264 1262 2072 2072 1264 1262 2073 2073 1263 1261 2074 2074 1265 1263 2075 2075 1264 1262 2076 2076 1265 1263 2077 2077 1266 1264 2078 2078 1266 1264 2079 2079 1265 1263 2080 2080 1267 1265 2081 2081 1268 1266 2082 2082 1269 1267 2083 2083 1270 1268 2084 2084 1270 1268 2085 2085 1269 1267 2086 2086 1271 1269 2087 2087 1270 1268 2088 2088 1271 1269 2089 2089 1272 1270 2090 2090 1272 1270 2091 2091 1271 1269 2092 2092 1273 1271 2093 2093 1272 1270 2094 2094 1273 1271 2095 2095 1274 1272 2096 2096 1274 1272 2097 2097 1273 1271 2098 2098 1275 1273 2099 2099 1274 1272 2100 2100 1275 1273 2101 2101 1276 1274 2102 2102 1276 1274 2103 2103 1275 1273 2104 2104 1277 1275 2105 2105 1278 1276 2106 2106 1279 1277 2107 2107 1280 1278 2108 2108 1280 1278 2109 2109 1279 1277 2110 2110 1281 1279 2111 2111 1280 1278 2112 2112 1281 1279 2113 2113 1282 1280 2114 2114 1282 1280 2115 2115 1281 1279 2116 2116 1283 1281 2117 2117 1282 1280 2118 2118 1283 1281 2119 2119 1284 1282 2120 2120 1284 1282 2121 2121 1283 1281 2122 2122 1285 1283 2123 2123 1284 1282 2124 2124 1285 1283 2125 2125 1286 1284 2126 2126 1286 1284 2127 2127 1285 1283 2128 2128 1287 1285 2129 2129 1288 1286 2130 2130 1289 1287 2131 2131 1290 1288 2132 2132 1290 1288 2133 2133 1289 1287 2134 2134 1291 1289 2135 2135 1290 1288 2136 2136 1291 1289 2137 2137 1292 1290 2138 2138 1292 1290 2139 2139 1291 1289 2140 2140 1293 1291 2141 2141 1292 1290 2142 2142 1293 1291 2143 2143 1294 1292 2144 2144 1294 1292 2145 2145 1293 1291 2146 2146 1295 1293 2147 2147 1294 1292 2148 2148 1295 1293 2149 2149 1296 1294 2150 2150 1296 1294 2151 2151 1295 1293 2152 2152 1297 1295 2153 2153 1298 1296 2154 2154 1299 1297 2155 2155 1300 1298 2156 2156 1300 1298 2157 2157 1299 1297 2158 2158 1301 1299 2159 2159 1300 1298 2160 2160 1301 1299 2161 2161 1302 1300 2162 2162 1302 1300 2163 2163 1301 1299 2164 2164 1303 1301 2165 2165 1302 1300 2166 2166 1303 1301 2167 2167 1304 1302 2168 2168 1304 1302 2169 2169 1303 1301 2170 2170 1305 1303 2171 2171 1304 1302 2172 2172 1305 1303 2173 2173 1306 1304 2174 2174 1306 1304 2175 2175 1305 1303 2176 2176 1307 1305 2177 2177 1309 1306 2178 2178 1308 1307 2179 2179 1310 1308 2180 2180 1312 1309 2181 2181 1311 1310 2182 2182 1313 1311 2183 2183 1315 1312 2184 2184 1314 1313 2185 2185 1316 1314 2186 2186 1318 1315 2187 2187 1317 1316 2188 2188 1319 1317 2189 2189 1321 1318 2190 2190 1320 1319 2191 2191 1322 1320 2192 2192 1324 1321 2193 2193 1323 1322 2194 2194 1325 1323 2195 2195 1327 1324 2196 2196 1326 1325 2197 2197 1328 1326 2198 2198 1330 1327 2199 2199 1329 1328 2200 2200 1331 1329 2201 2201 1333 1330 2202 2202 1332 1331 2203 2203 1334 1332 2204 2204 1336 1333 2205 2205 1335 1334 2206 2206 1337 1335 2207 2207 1339 1336 2208 2208 1338 1337 2209 2209 1340 1338 2210 2210 1342 1339 2211 2211 1341 1340 2212 2212 1343 1341 2213 2213 1345 1342 2214 2214 1344 1343 2215 2215 1346 1344 2216 2216 1348 1345 2217 2217 1347 1346 2218 2218 1349 1347 2219 2219</p>
        </triangles>
      </mesh>
    </geometry>
    <geometry id="Mesh_492-mesh" name="Mesh_492">
      <mesh>
        <source id="Mesh_492-mesh-positions">
          <float_array id="Mesh_492-mesh-positions-array" count="27">-20.38903 -2.175004 164.6347 -10.85544 -1.956919 144.9289 -24.82834 -1.849958 143.2001 -1.321765 -1.738811 125.2229 -29.26763 -1.52488 121.7653 12.97868 -1.411661 95.66414 -35.92655 -1.037323 89.61323 55.88011 -0.4302158 6.9878 -55.90332 0.4254397 -6.842962</float_array>
          <technique_common>
            <accessor source="#Mesh_492-mesh-positions-array" count="9" stride="3">
              <param name="X" type="float"/>
              <param name="Y" type="float"/>
              <param name="Z" type="float"/>
            </accessor>
          </technique_common>
        </source>
        <source id="Mesh_492-mesh-normals">
          <float_array id="Mesh_492-mesh-normals-array" count="27">0.5773475 -0.5773609 0.5773425 0.5773444 -0.5773609 0.5773456 0.5773709 -0.5773608 0.5773192 0.5773435 -0.5773616 0.5773459 0.5773689 -0.5773615 0.5773206 0.5773431 -0.5773609 0.5773469 0.5773698 -0.5773601 0.577321 0.5773287 -0.5773611 0.5773612 0.5773536 -0.5773609 0.5773363</float_array>
          <technique_common>
            <accessor source="#Mesh_492-mesh-normals-array" count="9" stride="3">
              <param name="X" type="float"/>
              <param name="Y" type="float"/>
              <param name="Z" type="float"/>
            </accessor>
          </technique_common>
        </source>
        <source id="Mesh_492-mesh-map-0">
          <float_array id="Mesh_492-mesh-map-0-array" count="42">0.001350343 0.5788674 0.001125037 0.5596199 0.01561975 0.563598 0.01561975 0.563598 0.001125037 0.5596199 8.99861e-4 0.5345128 0.01561975 0.563598 8.99861e-4 0.5345128 0.03314447 0.5442592 0.03314447 0.5442592 8.99861e-4 0.5345128 5.61945e-4 0.4968522 0.03314447 0.5442592 5.61945e-4 0.4968522 0.0579667 0.5157396 0.0579667 0.5157396 5.61945e-4 0.4968522 -4.51995e-4 0.3780119 0.0579667 0.5157396 -4.51995e-4 0.3780119 0.1369903 0.4189507</float_array>
          <technique_common>
            <accessor source="#Mesh_492-mesh-map-0-array" count="21" stride="2">
              <param name="S" type="float"/>
              <param name="T" type="float"/>
            </accessor>
          </technique_common>
        </source>
        <source id="Mesh_492-mesh-colors-Col" name="Col">
          <float_array id="Mesh_492-mesh-colors-Col-array" count="84">0.8352941 0.9058824 0.8431373 1 0.8352941 0.9058824 0.8431373 1 0.8980392 0.9333333 0.8705883 1 0.8980392 0.9333333 0.8705883 1 0.8352941 0.9058824 0.8431373 1 0.8352941 0.9058824 0.8431373 1 0.8980392 0.9333333 0.8705883 1 0.8352941 0.9058824 0.8431373 1 0.8980392 0.9333333 0.8705883 1 0.8980392 0.9333333 0.8705883 1 0.8352941 0.9058824 0.8431373 1 0.8352941 0.9058824 0.8431373 1 0.8980392 0.9333333 0.8705883 1 0.8352941 0.9058824 0.8431373 1 0.8980392 0.9333333 0.8705883 1 0.8980392 0.9333333 0.8705883 1 0.8352941 0.9058824 0.8431373 1 0.5215687 0.5294118 0.5215687 1 0.8980392 0.9333333 0.8705883 1 0.5215687 0.5294118 0.5215687 1 0.5215687 0.5294118 0.5215687 1</float_array>
          <technique_common>
            <accessor source="#Mesh_492-mesh-colors-Col-array" count="21" stride="4">
              <param name="R" type="float"/>
              <param name="G" type="float"/>
              <param name="B" type="float"/>
              <param name="A" type="float"/>
            </accessor>
          </technique_common>
        </source>
        <vertices id="Mesh_492-mesh-vertices">
          <input semantic="POSITION" source="#Mesh_492-mesh-positions"/>
        </vertices>
        <triangles material="Image_0-material" count="7">
          <input semantic="VERTEX" source="#Mesh_492-mesh-vertices" offset="0"/>
          <input semantic="NORMAL" source="#Mesh_492-mesh-normals" offset="1"/>
          <input semantic="TEXCOORD" source="#Mesh_492-mesh-map-0" offset="2" set="0"/>
          <input semantic="COLOR" source="#Mesh_492-mesh-colors-Col" offset="3" set="0"/>
          <p>0 0 0 0 1 1 1 1 2 2 2 2 2 2 3 3 1 1 4 4 3 3 5 5 2 2 6 6 3 3 7 7 4 4 8 8 4 4 9 9 3 3 10 10 5 5 11 11 4 4 12 12 5 5 13 13 6 6 14 14 6 6 15 15 5 5 16 16 7 7 17 17 6 6 18 18 7 7 19 19 8 8 20 20</p>
        </triangles>
      </mesh>
    </geometry>
    <geometry id="Mesh_491-mesh" name="Mesh_491">
      <mesh>
        <source id="Mesh_491-mesh-positions">
          <float_array id="Mesh_491-mesh-positions-array" count="27">-20.38904 -2.175043 164.6347 -10.85544 -1.956958 144.9289 -24.82834 -1.849996 143.2001 -1.321765 -1.738849 125.2229 -29.26763 -1.524918 121.7653 12.97868 -1.411699 95.66414 -35.92655 -1.037361 89.61323 55.88011 -0.430254 6.9878 -55.90332 0.4254016 -6.842962</float_array>
          <technique_common>
            <accessor source="#Mesh_491-mesh-positions-array" count="9" stride="3">
              <param name="X" type="float"/>
              <param name="Y" type="float"/>
              <param name="Z" type="float"/>
            </accessor>
          </technique_common>
        </source>
        <source id="Mesh_491-mesh-normals">
          <float_array id="Mesh_491-mesh-normals-array" count="27">0.5773473 -0.577361 0.5773426 0.5773444 -0.5773609 0.5773456 0.5773708 -0.5773608 0.5773193 0.5773434 -0.5773617 0.5773459 0.577369 -0.5773614 0.5773205 0.5773431 -0.5773609 0.5773469 0.5773696 -0.5773601 0.5773211 0.5773285 -0.5773611 0.5773614 0.5773537 -0.5773609 0.5773363</float_array>
          <technique_common>
            <accessor source="#Mesh_491-mesh-normals-array" count="9" stride="3">
              <param name="X" type="float"/>
              <param name="Y" type="float"/>
              <param name="Z" type="float"/>
            </accessor>
          </technique_common>
        </source>
        <source id="Mesh_491-mesh-map-0">
          <float_array id="Mesh_491-mesh-map-0-array" count="42">0.001350343 0.5788674 0.001125037 0.5596199 0.01561975 0.563598 0.01561975 0.563598 0.001125037 0.5596199 8.99861e-4 0.5345128 0.01561975 0.563598 8.99861e-4 0.5345128 0.03314447 0.5442592 0.03314447 0.5442592 8.99861e-4 0.5345128 5.61945e-4 0.4968522 0.03314447 0.5442592 5.61945e-4 0.4968522 0.0579667 0.5157396 0.0579667 0.5157396 5.61945e-4 0.4968522 -4.51995e-4 0.3780119 0.0579667 0.5157396 -4.51995e-4 0.3780119 0.1369903 0.4189507</float_array>
          <technique_common>
            <accessor source="#Mesh_491-mesh-map-0-array" count="21" stride="2">
              <param name="S" type="float"/>
              <param name="T" type="float"/>
            </accessor>
          </technique_common>
        </source>
        <source id="Mesh_491-mesh-colors-Col" name="Col">
          <float_array id="Mesh_491-mesh-colors-Col-array" count="84">0.8352941 0.9058824 0.8431373 1 0.8352941 0.9058824 0.8431373 1 0.8980392 0.9333333 0.8705883 1 0.8980392 0.9333333 0.8705883 1 0.8352941 0.9058824 0.8431373 1 0.8352941 0.9058824 0.8431373 1 0.8980392 0.9333333 0.8705883 1 0.8352941 0.9058824 0.8431373 1 0.8980392 0.9333333 0.8705883 1 0.8980392 0.9333333 0.8705883 1 0.8352941 0.9058824 0.8431373 1 0.8352941 0.9058824 0.8431373 1 0.8980392 0.9333333 0.8705883 1 0.8352941 0.9058824 0.8431373 1 0.8980392 0.9333333 0.8705883 1 0.8980392 0.9333333 0.8705883 1 0.8352941 0.9058824 0.8431373 1 0.6117647 0.6117647 0.6117647 1 0.8980392 0.9333333 0.8705883 1 0.6117647 0.6117647 0.6117647 1 0.6117647 0.6117647 0.6117647 1</float_array>
          <technique_common>
            <accessor source="#Mesh_491-mesh-colors-Col-array" count="21" stride="4">
              <param name="R" type="float"/>
              <param name="G" type="float"/>
              <param name="B" type="float"/>
              <param name="A" type="float"/>
            </accessor>
          </technique_common>
        </source>
        <vertices id="Mesh_491-mesh-vertices">
          <input semantic="POSITION" source="#Mesh_491-mesh-positions"/>
        </vertices>
        <triangles material="Image_0-material" count="7">
          <input semantic="VERTEX" source="#Mesh_491-mesh-vertices" offset="0"/>
          <input semantic="NORMAL" source="#Mesh_491-mesh-normals" offset="1"/>
          <input semantic="TEXCOORD" source="#Mesh_491-mesh-map-0" offset="2" set="0"/>
          <input semantic="COLOR" source="#Mesh_491-mesh-colors-Col" offset="3" set="0"/>
          <p>0 0 0 0 1 1 1 1 2 2 2 2 2 2 3 3 1 1 4 4 3 3 5 5 2 2 6 6 3 3 7 7 4 4 8 8 4 4 9 9 3 3 10 10 5 5 11 11 4 4 12 12 5 5 13 13 6 6 14 14 6 6 15 15 5 5 16 16 7 7 17 17 6 6 18 18 7 7 19 19 8 8 20 20</p>
        </triangles>
      </mesh>
    </geometry>
    <geometry id="Mesh_483-mesh" name="Mesh_483">
      <mesh>
        <source id="Mesh_483-mesh-positions">
          <float_array id="Mesh_483-mesh-positions-array" count="96">26.62469 -66.29081 50 11.45862 -68.96501 50 15.02598 2.856635 49.99999 -0.1400763 0.1824498 49.99999 11.45862 -68.96501 50 26.62469 -66.29081 50 11.45864 -68.96502 -175.1 26.62471 -66.29083 -176.2599 26.62471 -66.29083 -176.2599 26.62469 -66.29081 50 21.43362 -33.48279 -169.02 15.02598 2.856635 49.99999 15.02598 2.856635 49.99999 -0.1400763 0.1824498 49.99999 15.02599 2.856613 -146 -0.1400637 0.1824426 -144.8401 11.45864 -68.96502 -175.1 6.26756 -36.15698 -167.8601 11.45862 -68.96501 50 -0.1400763 0.1824498 49.99999 -0.1400637 0.1824426 -144.8401 -0.1400763 0.1824498 49.99999 6.26756 -36.15698 -167.8601 15.02599 2.856613 -146 21.43362 -33.48279 -169.02 15.02598 2.856635 49.99999 26.62471 -66.29083 -176.2599 11.45864 -68.96502 -175.1 21.43362 -33.48279 -169.02 6.26756 -36.15698 -167.8601 15.02599 2.856613 -146 -0.1400637 0.1824426 -144.8401</float_array>
          <technique_common>
            <accessor source="#Mesh_483-mesh-positions-array" count="32" stride="3">
              <param name="X" type="float"/>
              <param name="Y" type="float"/>
              <param name="Z" type="float"/>
            </accessor>
          </technique_common>
        </source>
        <source id="Mesh_483-mesh-normals">
          <float_array id="Mesh_483-mesh-normals-array" count="96">1 6.50138e-5 -3.71021e-7 1 4.93973e-5 -6.15161e-7 1 -6.97076e-5 8.16073e-7 1 -2.19792e-5 4.64161e-7 0.5773407 -0.577353 0.5773573 0.5773133 -0.5773578 0.5773797 0.5773485 -0.5773516 0.5773507 0.577319 -0.5773568 0.577375 -0.5773703 0.5773515 -0.5773292 -0.5772916 0.5773435 -0.5774158 -0.5773039 0.5773643 -0.5773827 -0.5773246 0.5774051 -0.5773212 -0.5773674 0.5773484 -0.577335 -0.5773402 0.5773532 -0.5773574 -0.5773483 0.5773522 -0.5773503 -0.5773657 0.5773493 -0.577336 0.5773667 -0.5773288 0.5773553 0.5772937 -0.5773584 0.5773987 0.5773621 -0.5773259 0.5773629 0.5773161 -0.5773814 0.5773534 0.5773503 -0.577363 0.5773376 0.5773456 -0.5773358 0.5773696 0.5773471 -0.5773451 0.5773586 -0.5773502 0.5773609 -0.5773398 -0.5773496 0.5773574 -0.5773439 -0.5773441 0.5773258 -0.5773811 -0.5773522 0.5773578 -0.5773408 -0.5773736 0.5773341 -0.5773431 -0.5773541 0.5773482 -0.5773487 -0.5773358 0.5773444 -0.5773707 -0.577337 0.5773676 -0.5773463 -0.577353 0.5773361 -0.5773619</float_array>
          <technique_common>
            <accessor source="#Mesh_483-mesh-normals-array" count="32" stride="3">
              <param name="X" type="float"/>
              <param name="Y" type="float"/>
              <param name="Z" type="float"/>
            </accessor>
          </technique_common>
        </source>
        <source id="Mesh_483-mesh-map-0">
          <float_array id="Mesh_483-mesh-map-0-array" count="96">0.4328342 0.8275825 0.4326172 0.8310547 0.3384332 0.8314887 0.4328342 0.8275825 0.3384332 0.8314887 0.3384332 0.8273655 0.4263238 0.8306207 0.433214 0.8304579 0.4326172 0.5947266 0.4263238 0.8306207 0.4326172 0.5947266 0.4267578 0.5927734 0.4326172 0.8291016 0.4267578 0.5927734 0.3793945 0.6103516 0.4326172 0.8291016 0.3793945 0.6103516 0.3390842 0.8297526 0.3388672 0.8310547 0.3388672 0.8310547 0.3396276 0.6309911 0.3388672 0.8310547 0.3396276 0.6309911 0.3394689 0.631894 0.3793945 0.6103516 0.4267578 0.5927734 0.4326172 0.8291016 0.3793945 0.6103516 0.4326172 0.8291016 0.3390842 0.8297526 0.3388672 0.8310547 0.338483 0.631266 0.3793945 0.6103516 0.3793945 0.6103516 0.3396276 0.6309911 0.3388672 0.8310547 0.4267578 0.5927734 0.4267578 0.5927734 0.3793945 0.6103516 0.3793945 0.6103516 0.4267578 0.5927734 0.3793945 0.6103516 0.3793945 0.6103516 0.3793945 0.6103516 0.3406136 0.6316191 0.3406136 0.6316191 0.3793945 0.6103516 0.338483 0.631266</float_array>
          <technique_common>
            <accessor source="#Mesh_483-mesh-map-0-array" count="48" stride="2">
              <param name="S" type="float"/>
              <param name="T" type="float"/>
            </accessor>
          </technique_common>
        </source>
        <source id="Mesh_483-mesh-colors-Col" name="Col">
          <float_array id="Mesh_483-mesh-colors-Col-array" count="192">0.854902 0.7607843 0.6588236 1 0.8666667 0.8745098 0.8588235 1 0.627451 0.5921569 0.5843138 1 0.854902 0.7607843 0.6588236 1 0.627451 0.5921569 0.5843138 1 0.627451 0.5921569 0.5843138 1 0.7882353 0.7960785 0.8039216 1 0.854902 0.7607843 0.6588236 1 0.854902 0.7607843 0.6588236 1 0.7882353 0.7960785 0.8039216 1 0.854902 0.7607843 0.6588236 1 0.7882353 0.7960785 0.8039216 1 0.8666667 0.8745098 0.8588235 1 0.7882353 0.7960785 0.8039216 1 0.8666667 0.8745098 0.8588235 1 0.8666667 0.8745098 0.8588235 1 0.8666667 0.8745098 0.8588235 1 0.627451 0.5921569 0.5843138 1 0.627451 0.5921569 0.5843138 1 0.627451 0.5921569 0.5843138 1 0.627451 0.5921569 0.5843138 1 0.627451 0.5921569 0.5843138 1 0.627451 0.5921569 0.5843138 1 0.627451 0.5921569 0.5843138 1 1 0.9411765 0.8784314 1 1 0.9411765 0.8784314 1 0.854902 0.7607843 0.6588236 1 1 0.9411765 0.8784314 1 0.854902 0.7607843 0.6588236 1 0.854902 0.7607843 0.6588236 1 0.854902 0.7607843 0.6588236 1 0.854902 0.7607843 0.6588236 1 1 0.9411765 0.8784314 1 0.8666667 0.8745098 0.8588235 1 0.627451 0.5921569 0.5843138 1 0.627451 0.5921569 0.5843138 1 1 0.9411765 0.8784314 1 1 0.9411765 0.8784314 1 1 0.9411765 0.8784314 1 1 0.9411765 0.8784314 1 1 0.9411765 0.8784314 1 1 0.9411765 0.8784314 1 1 0.9411765 0.8784314 1 1 0.9411765 0.8784314 1 1 0.9411765 0.8784314 1 1 0.9411765 0.8784314 1 1 0.9411765 0.8784314 1 1 0.9411765 0.8784314 1</float_array>
          <technique_common>
            <accessor source="#Mesh_483-mesh-colors-Col-array" count="48" stride="4">
              <param name="R" type="float"/>
              <param name="G" type="float"/>
              <param name="B" type="float"/>
              <param name="A" type="float"/>
            </accessor>
          </technique_common>
        </source>
        <vertices id="Mesh_483-mesh-vertices">
          <input semantic="POSITION" source="#Mesh_483-mesh-positions"/>
        </vertices>
        <triangles material="Image_0-material" count="16">
          <input semantic="VERTEX" source="#Mesh_483-mesh-vertices" offset="0"/>
          <input semantic="NORMAL" source="#Mesh_483-mesh-normals" offset="1"/>
          <input semantic="TEXCOORD" source="#Mesh_483-mesh-map-0" offset="2" set="0"/>
          <input semantic="COLOR" source="#Mesh_483-mesh-colors-Col" offset="3" set="0"/>
          <p>1 0 0 0 0 1 1 1 2 2 2 2 1 0 3 3 2 2 4 4 3 3 5 5 5 4 6 6 4 5 7 7 6 6 8 8 5 4 9 9 6 6 10 10 7 7 11 11 9 8 12 12 8 9 13 13 10 10 14 14 9 8 15 15 10 10 16 16 11 11 17 17 13 12 18 18 12 13 19 19 14 14 20 20 13 12 21 21 14 14 22 22 15 15 23 23 17 16 24 24 16 17 25 25 18 18 26 26 17 16 27 27 18 18 28 28 19 19 29 29 21 20 30 30 20 21 31 31 22 22 32 32 24 23 33 33 23 24 34 34 25 25 35 35 26 26 36 36 27 27 37 37 28 28 38 38 28 28 39 39 27 27 40 40 29 29 41 41 28 28 42 42 29 29 43 43 30 30 44 44 30 30 45 45 29 29 46 46 31 31 47 47</p>
        </triangles>
      </mesh>
    </geometry>
    <geometry id="Mesh_435-mesh" name="Mesh_435">
      <mesh>
        <source id="Mesh_435-mesh-positions">
          <float_array id="Mesh_435-mesh-positions-array" count="1236">50.77084 -58.95598 202.2857 53.20198 -22.48074 204.8332 9.666183 -50.40648 142.4475 15.90698 -19.99533 149.7477 -26.38954 -59.06145 163.4348 16.86479 -72.62468 211.0278 9.666183 -50.40648 142.4475 50.77084 -58.95598 202.2857 5.765545 285.5841 360.0175 -22.69836 326.8662 392.2084 -10.33443 329.0125 322.5468 -29.54635 346.7901 368.4161 -33.18059 164.9996 170.4658 -14.29208 212.8897 273.0608 -25.48947 242.735 247.3083 5.765545 285.5841 360.0175 25.10899 195.2898 93.8965 72.35342 246.5123 102.7478 56.53574 240.5046 123.7267 107.8625 303.7219 134.8443 -81.30525 103.9371 58.25243 -114.9957 105.944 55.74113 -34.1814 109.2359 -1.637125 -58.18062 118.8733 1.623006 50.77084 -58.95598 202.2857 82.19407 -70.58067 256.3781 53.20198 -22.48074 204.8332 77.06315 -26.69694 262.7362 -86.00328 119.3987 344.2903 -52.38419 141.0466 335.3217 -76.94108 75.65393 244.2355 -52.28325 88.82126 233.5928 37.65112 192.6478 81.17629 52.85917 183.3649 76.4544 102.0778 236.9457 98.05214 63.31114 171.9959 89.32942 -55.61109 115.5345 223.3839 -55.50109 176.428 314.4728 -81.30078 125.1384 215.0759 -92.23764 190.1615 302.5921 -149.0643 211.1029 371.7455 -122.0247 220.346 422.7315 -143.7003 171.0323 399.8541 -117.7223 195.4985 428.9786 -13.95664 242.9971 235.3429 -12.19729 312.6664 295.5717 25.52156 232.611 238.9355 46.65919 299.7344 295.3632 -105.6811 238.3087 368.3683 -46.96717 222.588 375.9713 -99.22009 242.8648 404.733 -80.82345 234.1231 417.6651 15.85045 -20.0386 149.0625 -28.35622 -59.14419 163.3087 -22.24228 -13.00033 177.3478 -44.45641 -37.75857 180.3112 -61.13923 6.751829 181.459 62.2255 -90.19691 274.5322 80.57031 -80.26793 299.0538 82.19407 -70.58067 256.3781 92.73736 -66.21154 301.1978 77.06315 -26.69694 262.7362 -13.95664 242.9971 235.3429 -27.03727 339.2921 261.434 -12.19729 312.6664 295.5717 12.89963 372.8512 294.5386 20.34172 351.8015 307.7938 -45.02358 -38.91418 179.5576 -20.93605 -13.2095 178.4702 -6.269314 -22.68101 236.251 25.15173 -6.869907 220.7779 48.77243 -6.87463 286.9125 26.47533 168.7947 139.7061 5.151444 160.9331 157.1142 25.52156 232.611 238.9355 -21.09943 164.8415 158.8749 -13.95664 242.9971 235.3429 143.2727 290.5204 125.3 107.8625 303.7219 134.8443 102.0778 236.9457 98.05214 72.35342 246.5123 102.7478 37.65112 192.6478 81.17629 -81.13732 186.9354 426.6074 -41.54296 183.556 396.9627 -86.24505 152.7556 406.6168 -52.38419 141.0466 335.3217 -86.00328 119.3987 344.2903 5.765545 285.5841 360.0175 -14.29208 212.8897 273.0608 -36.89948 259.41 380.6576 -42.88832 190.2487 292.1892 -94.93031 269.9687 369.9752 53.53878 248.5856 213.3211 86.93139 315.7346 271.5938 42.07756 274.9464 184.1138 69.93846 352.3516 234.7832 2.599185 285.3325 180.5213 -29.54635 346.7901 368.4161 -22.69836 326.8662 392.2084 -79.68994 337.529 385.2611 -36.54392 297.7181 397.4302 -70.31015 306.3527 396.3744 -56.72547 77.371 -23.98101 25.78755 85.47232 -10.88159 -34.1814 109.2359 -1.637125 42.29096 123.3696 15.0643 46.73386 156.7526 44.22304 -73.17543 133.3339 197.2189 -82.68214 197.4532 285.5652 -45.34761 128.296 201.8512 -42.88832 190.2487 292.1892 -25.35023 144.1287 188.4746 -14.29208 212.8897 273.0608 -68.76275 71.05315 248.4407 -110.1215 110.3906 237.3563 -22.15799 139.9461 200.6685 -77.94717 176.3557 176.4413 37.73093 164.2013 142.9208 -25.73281 207.5673 135.2464 -10.5561 -34.30497 64.20652 9.586608 -49.80813 142.3792 23.02489 11.80522 89.29191 15.85045 -20.0386 149.0625 -27.42829 33.56268 149.4749 -61.13923 6.751829 181.459 -77.94717 176.3557 176.4413 -81.30525 103.9371 58.25243 -25.73281 207.5673 135.2464 -34.1814 109.2359 -1.637125 36.03223 190.8266 71.75636 46.73386 156.7526 44.22304 39.95741 41.72348 38.41524 21.16991 92.23464 84.68755 44.33327 124.0603 58.38846 37.49788 116.617 118.0676 69.45257 172.9088 84.85704 37.73093 164.2013 142.9208 140.8224 291.5536 172.1964 127.022 301.5544 167.3177 157.2774 298.4818 165.5591 132.4325 313.1449 153.66 163.1943 300.4515 152.4487 150.8187 306.0401 141.8129 -25.41781 269.358 206.1357 12.95126 367.4139 230.7449 -27.03727 339.2921 261.434 33.20198 381.7771 264.0751 12.89963 372.8512 294.5386 62.07619 373.1889 271.6069 69.26057 357.5264 295.9665 -6.791535 2.369386 7.933898 -10.5561 -34.30497 64.20652 39.95741 41.72348 38.41524 23.02489 11.80522 89.29191 21.16991 92.23464 84.68755 -27.42829 33.56268 149.4749 37.49788 116.617 118.0676 90.3605 -37.08907 297.4542 92.73736 -66.21154 301.1978 60.63286 -50.23953 322.8417 64.51081 -73.48092 315.1398 29.1711 -83.59906 303.869 80.57031 -80.26793 299.0538 62.2255 -90.19691 274.5322 92.73736 -66.21154 301.1978 90.3605 -37.08907 297.4542 77.06315 -26.69694 262.7362 48.77243 -6.87463 286.9125 53.20198 -22.48074 204.8332 25.15173 -6.869907 220.7779 -3.630448 -5.798864 161.2978 -20.93605 -13.2095 178.4702 -86.00328 119.3987 344.2903 -76.94108 75.65393 244.2355 -122.7396 133.1322 332.4097 -102.6308 85.25776 235.9274 -125.8568 168.5136 311.5607 -104.8107 110 221.3476 -92.23764 190.1615 302.5921 -81.30078 125.1384 215.0759 -82.68214 197.4532 285.5652 -73.17543 133.3339 197.2189 -93.87948 227.2984 259.8126 -81.00576 154.2047 179.2101 -65.28315 249.9393 240.6842 -61.00825 170.0375 165.8336 -25.48947 242.735 247.3083 -33.18059 164.9996 170.4658 -125.8568 168.5136 311.5607 -149.0643 211.1029 371.7455 -122.7396 133.1322 332.4097 -143.7003 171.0323 399.8541 -86.24505 152.7556 406.6168 -117.7223 195.4985 428.9786 -81.13732 186.9354 426.6074 -74.33135 214.8212 425.5761 -41.54296 183.556 396.9627 -12.19729 312.6664 295.5717 56.13796 328.7873 306.3692 46.65919 299.7344 295.3632 86.93139 315.7346 271.5938 25.52156 232.611 238.9355 53.53878 248.5856 213.3211 26.47533 168.7947 139.7061 42.07756 274.9464 184.1138 18.53002 184.7735 121.5163 -94.93031 269.9687 369.9752 -82.68214 197.4532 285.5652 -110.0269 306.2571 340.9921 -93.87948 227.2984 259.8126 -68.23052 339.349 313.0339 -65.28315 249.9393 240.6842 -10.33443 329.0125 322.5468 -25.48947 242.735 247.3083 5.765545 285.5841 360.0175 -22.69836 326.8662 392.2084 5.765545 285.5841 360.0175 -36.54392 297.7181 397.4302 -36.89948 259.41 380.6576 -70.31015 306.3527 396.3744 -94.93031 269.9687 369.9752 -79.68994 337.529 385.2611 -110.0269 306.2571 340.9921 -58.49445 351.9584 363.6598 -68.23052 339.349 313.0339 -29.54635 346.7901 368.4161 -10.33443 329.0125 322.5468 -12.19729 312.6664 295.5717 20.34172 351.8015 307.7938 56.13796 328.7873 306.3692 69.26057 357.5264 295.9665 86.93139 315.7346 271.5938 62.07619 373.1889 271.6069 69.93846 352.3516 234.7832 12.95126 367.4139 230.7449 2.599185 285.3325 180.5213 -25.41781 269.358 206.1357 -9.521896 194.4466 120.538 -29.11425 183.2755 138.4503 -52.38419 141.0466 335.3217 -41.54296 183.556 396.9627 -46.96717 222.588 375.9713 -74.33135 214.8212 425.5761 -80.82345 234.1231 417.6651 -122.0247 220.346 422.7315 -99.22009 242.8648 404.733 -149.0643 211.1029 371.7455 -105.6811 238.3087 368.3683 -92.23764 190.1615 302.5921 -46.96717 222.588 375.9713 -55.50109 176.428 314.4728 -52.38419 141.0466 335.3217 -55.61109 115.5345 223.3839 -52.28325 88.82126 233.5928 -25.73281 207.5673 135.2464 36.03223 190.8266 71.75636 69.45257 172.9088 84.85704 46.73386 156.7526 44.22304 44.33327 124.0603 58.38846 42.29096 123.3696 15.0643 39.95741 41.72348 38.41524 25.78755 85.47232 -10.88159 10.58558 43.61776 -15.52556 -56.72547 77.371 -23.98101 -6.791535 2.369386 7.933898 -93.47843 -21.22788 20.71244 -10.5561 -34.30497 64.20652 -39.59007 -65.10297 112.3417 9.586608 -49.80813 142.3792 -28.35622 -59.14419 163.3087 25.10899 195.2898 93.8965 56.53574 240.5046 123.7267 33.91648 182.2378 110.5322 78.13066 228.7476 143.6881 52.6799 173.4401 103.3393 108.7043 219.0367 138.1049 63.31114 171.9959 89.32942 117.5165 223.7039 120.2081 102.0778 236.9457 98.05214 163.6861 274.1968 145.7285 143.2727 290.5204 125.3 150.8187 306.0401 141.8129 107.8625 303.7219 134.8443 132.4325 313.1449 153.66 98.75878 294.6032 157.5569 127.022 301.5544 167.3177 117.1834 273.6142 170.964 140.8224 291.5536 172.1964 151.2212 267.852 164.5842 157.2774 298.4818 165.5591 163.6861 274.1968 145.7285 163.1943 300.4515 152.4487 37.73093 164.2013 142.9208 -22.15799 139.9461 200.6685 37.49788 116.617 118.0676 -65.38644 32.20696 220.3605 -27.42829 33.56268 149.4749 -61.13923 6.751829 181.459 107.8625 303.7219 134.8443 56.53574 240.5046 123.7267 98.75878 294.6032 157.5569 78.13066 228.7476 143.6881 117.1834 273.6142 170.964 108.7043 219.0367 138.1049 151.2212 267.852 164.5842 163.6861 274.1968 145.7285 -26.38954 -59.06145 163.4348 16.86479 -72.62468 211.0278 -45.02358 -38.91418 179.5576 -3.409593 -57.00146 234.0348 -6.269314 -22.68101 236.251 29.1711 -83.59906 303.869 15.98825 -41.41406 312.0133 60.63286 -50.23953 322.8417 73.19978 -25.08708 313.6368 90.3605 -37.08907 297.4542 9.586608 -49.80813 142.3792 -28.35622 -59.14419 163.3087 15.85045 -20.0386 149.0625 -68.76275 71.05315 248.4407 -22.15799 139.9461 200.6685 -65.38644 32.20696 220.3605 10.58558 43.61776 -15.52556 -6.791535 2.369386 7.933898 39.95741 41.72348 38.41524 69.45257 172.9088 84.85704 37.73093 164.2013 142.9208 -25.73281 207.5673 135.2464 37.65112 192.6478 81.17629 72.35342 246.5123 102.7478 25.10899 195.2898 93.8965 -29.11425 183.2755 138.4503 -25.41781 269.358 206.1357 -21.09943 164.8415 158.8749 -25.41781 269.358 206.1357 -13.95664 242.9971 235.3429 -21.09943 164.8415 158.8749 -25.41781 269.358 206.1357 -27.03727 339.2921 261.434 -13.95664 242.9971 235.3429 18.53002 184.7735 121.5163 42.07756 274.9464 184.1138 -9.521896 194.4466 120.538 42.07756 274.9464 184.1138 2.599185 285.3325 180.5213 -9.521896 194.4466 120.538 62.07619 373.1889 271.6069 33.20198 381.7771 264.0751 12.95126 367.4139 230.7449 -82.68214 197.4532 285.5652 -94.93031 269.9687 369.9752 -42.88832 190.2487 292.1892 -25.35023 144.1287 188.4746 -14.29208 212.8897 273.0608 -33.18059 164.9996 170.4658 -117.7223 195.4985 428.9786 -122.0247 220.346 422.7315 -74.33135 214.8212 425.5761 -3.409593 -57.00146 234.0348 29.1711 -83.59906 303.869 16.86479 -72.62468 211.0278 29.1711 -83.59906 303.869 62.2255 -90.19691 274.5322 16.86479 -72.62468 211.0278 80.57031 -80.26793 299.0538 64.51081 -73.48092 315.1398 92.73736 -66.21154 301.1978 62.2255 -90.19691 274.5322 82.19407 -70.58067 256.3781 16.86479 -72.62468 211.0278 48.77243 -6.87463 286.9125 15.98825 -41.41406 312.0133 -6.269314 -22.68101 236.251 48.77243 -6.87463 286.9125 73.19978 -25.08708 313.6368 15.98825 -41.41406 312.0133 15.90698 -19.99533 149.7477 53.20198 -22.48074 204.8332 -3.630448 -5.798864 161.2978 90.3605 -37.08907 297.4542 73.19978 -25.08708 313.6368 48.77243 -6.87463 286.9125 -22.24228 -13.00033 177.3478 -61.13923 6.751829 181.459 15.85045 -20.0386 149.0625 117.5165 223.7039 120.2081 108.7043 219.0367 138.1049 163.6861 274.1968 145.7285 -80.1665 -59.87264 85.61772 -39.59007 -65.10297 112.3417 -93.47843 -21.22788 20.71244 -56.72547 77.371 -23.98101 -34.1814 109.2359 -1.637125 -58.18062 118.8733 1.623006 50.77084 -58.95598 202.2857 16.86479 -72.62468 211.0278 82.19407 -70.58067 256.3781 12.89963 372.8512 294.5386 69.26057 357.5264 295.9665 20.34172 351.8015 307.7938 -58.49445 351.9584 363.6598 -29.54635 346.7901 368.4161 -79.68994 337.529 385.2611 -86.00328 119.3987 344.2903 -122.7396 133.1322 332.4097 -86.24505 152.7556 406.6168 -125.8568 168.5136 311.5607 -92.23764 190.1615 302.5921 -149.0643 211.1029 371.7455 163.1943 300.4515 152.4487 150.8187 306.0401 141.8129 163.6861 274.1968 145.7285</float_array>
          <technique_common>
            <accessor source="#Mesh_435-mesh-positions-array" count="412" stride="3">
              <param name="X" type="float"/>
              <param name="Y" type="float"/>
              <param name="Z" type="float"/>
            </accessor>
          </technique_common>
        </source>
        <source id="Mesh_435-mesh-normals">
          <float_array id="Mesh_435-mesh-normals-array" count="1236">-0.5773881 0.5773597 -0.5773032 0.5773477 -0.5773369 0.5773662 0.5773231 -0.5773892 0.5773385 0.5773548 -0.5773378 0.5773582 0.5773066 -0.5773756 0.5773688 0.5773869 -0.5773391 0.5773249 0.5708171 -0.5796329 0.5815442 0.5773938 -0.57732 0.5773371 -0.5773152 0.5773642 -0.5773715 0.5773463 -0.5773105 0.577394 -0.5773543 0.5773065 -0.5773901 -0.5773788 0.5772896 -0.5773825 0.5773438 -0.577363 0.5773441 -0.5772942 0.577372 -0.5773847 -0.5773971 0.5773354 -0.5773184 0.5773316 -0.5774068 0.5773124 -0.5773573 0.5773544 -0.5773391 -0.5773714 0.5773431 -0.5773364 -0.5773463 0.5773452 -0.5773595 -0.5773596 0.5773355 -0.5773558 -0.5773202 0.5773444 -0.5773862 -0.5773473 0.5773408 -0.5773628 -0.5773487 0.5773403 -0.577362 -0.577365 0.577377 -0.5773088 0.5773661 -0.5773147 0.57737 0.5773416 -0.5773344 0.5773748 -0.577358 0.5773237 -0.5773692 -0.5773752 0.5773649 -0.5773108 0.5773353 -0.5773604 0.5773551 0.5773622 -0.5773409 0.5773478 0.5773515 -0.5773397 0.5773597 0.5773633 -0.5773433 0.5773444 -0.5773566 0.5773374 -0.5773569 -0.5773581 0.5773298 -0.5773631 -0.5773569 0.5773653 -0.5773286 0.5773282 -0.5773754 0.5773473 -0.5773437 0.5773663 -0.5773409 -0.5773416 0.5773692 -0.57734 -0.5773405 0.5773614 -0.577349 -0.5773348 0.5773292 -0.577387 -0.5773343 0.577368 -0.5773486 -0.5773269 0.5773843 -0.5773397 0.5773924 -0.5773116 0.5773469 0.5772794 -0.5773964 0.577375 0.577359 -0.5773631 0.5773288 0.5773541 -0.5773451 0.5773516 0.5773661 -0.5773323 0.5773524 0.5773458 -0.5773485 0.5773566 -0.5773888 0.5773611 -0.577301 -0.5773696 0.5773734 -0.577308 -0.577357 0.5773646 -0.5773293 -0.5773335 0.5773538 -0.5773635 0.5773637 -0.5773255 0.5773618 -0.577367 0.5773897 -0.5772941 0.5773709 -0.577352 0.577328 0.5773559 -0.577354 0.5773411 -0.5774006 0.5773139 -0.5773363 0.5773756 -0.5773274 0.5773478 0.5773203 -0.5773596 0.5773709 0.5773382 -0.5773521 0.5773605 0.5773434 -0.5773483 0.5773592 -0.5774075 0.5772795 -0.5773639 -0.5773664 0.5773439 -0.5773407 0.577327 -0.5773071 0.5774167 0.5773259 -0.577376 0.5773488 -0.577377 0.5773065 -0.5773674 -0.577355 0.5773473 -0.5773485 -0.5773418 0.5773701 -0.5773391 0.5773521 -0.5773935 0.5773053 -0.5773289 0.5773754 -0.5773466 -0.5773845 0.5773296 -0.5773367 -0.5773487 0.5773618 -0.5773404 0.5773388 -0.577349 0.577363 0.577355 -0.5773581 0.5773376 0.5773514 -0.5773382 0.5773614 0.5773417 -0.5773588 0.5773504 0.5773434 -0.5773165 0.5773911 -0.5773498 0.577353 -0.5773481 -0.5773504 0.5773426 -0.5773578 -0.5773348 0.5773491 -0.577367 -0.5773478 0.577335 -0.5773681 -0.5773606 0.5773432 -0.5773471 0.5773453 -0.5773555 0.5773501 0.5773422 -0.577343 0.5773657 0.5773472 -0.577354 0.5773497 0.5773538 -0.5773612 0.5773359 0.5773527 -0.5773418 0.5773563 0.5773509 -0.577353 0.5773469 0.5773636 -0.5773484 0.5773389 0.5773724 -0.5773374 0.5773411 0.5773462 -0.5773634 0.5773413 0.5773391 -0.5773999 0.577312 0.5773318 -0.5773982 0.5773209 0.5773748 -0.5773161 0.57736 -0.5773791 0.5773109 -0.5773608 -0.5773472 0.5773143 -0.5773892 -0.5773767 0.5773035 -0.5773707 -0.5773478 0.5773661 -0.577337 -0.5773736 0.5773544 -0.5773229 -0.5773539 0.5773153 -0.5773816 0.5773905 -0.577312 0.5773485 0.5773606 -0.5773494 0.5773409 -0.5773625 0.5773386 -0.5773497 -0.5773313 0.5773853 -0.5773343 -0.5773589 0.5773394 -0.5773527 -0.5773628 0.5773464 -0.5773416 -0.577351 0.5773603 -0.5773394 0.5773372 -0.5773749 0.5773388 0.5773352 -0.5773733 0.5773424 0.5773384 -0.5773752 0.5773372 0.5773386 -0.5773633 0.577349 0.5773419 -0.5773451 0.577364 0.5773342 -0.577358 0.5773587 -0.5773361 0.5773146 -0.5774001 -0.5773518 0.5773444 -0.5773547 -0.5773348 0.5773494 -0.5773667 -0.5773379 0.5773591 -0.5773538 -0.5773271 0.5773739 -0.57735 -0.5773656 0.5773873 -0.5772979 0.5773563 -0.5773451 0.5773493 0.5773635 -0.5773165 0.5773708 0.5773718 -0.5773406 0.5773385 -0.5773719 0.5773037 -0.5773752 0.5773528 -0.5773568 0.5773413 -0.5773238 0.5773956 -0.5773316 -0.577343 0.5773504 -0.5773575 -0.5773426 0.5773413 -0.577367 -0.5773503 0.5773682 -0.5773324 -0.5773399 0.5773694 -0.5773416 -0.5773394 0.5773681 -0.5773434 -0.5773612 0.5773527 -0.577337 0.5773518 -0.5773646 0.5773345 0.5773764 -0.5773435 0.577331 0.5773569 -0.5773469 0.577347 0.5773352 -0.5773634 0.5773522 -0.5774037 0.5773093 -0.577338 0.577363 -0.5773619 0.577326 -0.5773013 0.5773397 -0.5774098 -0.5773677 0.5773289 -0.5773543 -0.5773633 0.5773493 -0.5773383 -0.5773252 0.5773356 -0.5773901 -0.5773506 0.5773295 -0.5773708 -0.5773736 0.5773756 -0.5773017 -0.5773495 0.5773411 -0.5773603 -0.5773405 0.5773547 -0.5773556 -0.5773366 0.5773534 -0.577361 -0.577324 0.5773739 -0.577353 -0.5773352 0.5773652 -0.5773504 -0.5773816 0.5773515 -0.5773178 -0.5773574 0.5773542 -0.5773393 0.5773474 -0.577353 0.5773505 0.5773304 -0.5773562 0.5773643 0.5773728 -0.577325 0.5773531 0.5773456 -0.577358 0.5773474 0.5773482 -0.5773521 0.5773506 0.577335 -0.5773584 0.5773576 0.5773364 -0.5773487 0.5773658 0.5773321 -0.5773687 0.57735 -0.5773923 0.5772979 -0.5773606 0.5773422 -0.5773647 0.5773441 0.5773294 -0.5773525 0.5773689 0.5773547 -0.5773551 0.5773411 0.5773409 -0.5773469 0.5773631 0.5773656 -0.5773669 0.5773183 -0.5773485 0.5773226 -0.5773798 0.5773258 -0.5774097 0.5773153 -0.5773758 0.5773441 -0.577331 -0.5773857 0.5773617 -0.5773035 -0.5773447 0.5773447 -0.5773616 -0.5773467 0.5773239 -0.5773802 -0.5773711 0.577336 -0.5773437 -0.5773103 0.5773565 -0.577384 0.5773534 -0.5773621 0.5773354 0.5773484 -0.577355 0.5773476 0.5773434 -0.5773286 0.5773789 0.5773553 -0.5773279 0.5773677 -0.577336 0.5773448 -0.5773701 -0.5773285 0.5773522 -0.5773701 -0.5773542 0.5773376 -0.5773591 -0.5773534 0.5773373 -0.5773601 0.5773723 -0.5773272 0.5773514 0.5773714 -0.5773277 0.5773518 -0.577366 0.5773358 -0.577349 -0.5773586 0.5773375 -0.5773549 -0.5773343 0.5773623 -0.5773543 -0.5773712 0.5773437 -0.577336 -0.5773484 0.577384 -0.5773186 -0.5774871 0.5722404 -0.5822798 -0.577379 0.5773627 -0.5773092 -0.577347 0.5773894 -0.5773146 0.57736 -0.5773501 0.5773407 0.5773565 -0.5773472 0.5773473 0.5773304 -0.5773411 0.5773794 0.5773592 -0.5773635 0.5773282 0.5773302 -0.5773496 0.5773712 -0.5773164 0.577349 -0.5773854 0.5773401 -0.5773444 0.5773665 0.5773409 -0.5773544 0.5773557 0.5773864 -0.5773017 0.5773629 0.5773611 -0.5773346 0.5773551 0.5773381 -0.57735 0.5773628 0.5773491 -0.5773392 0.5773625 0.5773557 -0.5773679 0.5773274 0.5773507 -0.5773776 0.5773227 -0.5773754 0.5773025 -0.577373 -0.5773503 0.5773709 -0.5773296 0.5773864 -0.5773684 0.5772961 0.5773516 -0.5773549 0.5773442 -0.5773554 0.5773701 -0.5773255 -0.5773728 0.5773404 -0.5773376 -0.5773746 0.5773387 -0.5773376 -0.5773676 0.5773493 -0.5773341 -0.5773534 0.5773805 -0.5773171 -0.5773704 0.5773288 -0.5773518 0.5773578 -0.5773828 0.5773103 0.5773575 -0.5773355 0.5773578 -0.5773723 0.5773049 -0.5773736 0.577371 -0.5773419 0.577338 0.5773378 -0.5773426 0.5773705 0.5773461 -0.5773405 0.5773643 0.5773416 -0.5773335 0.5773758 -0.5773469 0.5773521 -0.5773519 -0.5773546 0.5773687 -0.5773277 -0.5773611 0.5773658 -0.5773239 -0.5773512 0.5773383 -0.5773614 -0.577354 0.5773378 -0.5773592 -0.5773729 0.5773523 -0.5773257 -0.5773575 0.5773678 -0.5773257 0.5773643 -0.5773144 0.5773722 0.5773342 -0.5773403 0.5773764 -0.5773111 0.5773881 -0.5773518 0.5773525 -0.5773857 0.5773127 -0.5773569 0.5773478 -0.5773462 -0.5773648 0.5773662 -0.5773198 -0.5773594 0.5773283 -0.5773633 -0.5773447 0.5773648 -0.5773414 -0.5773493 0.5773468 -0.5773547 -0.5773391 0.5773642 -0.5773477 -0.5773376 0.5773591 -0.5773541 0.5773379 -0.5773459 0.577367 -0.5773067 0.5773639 -0.5773804 -0.5773046 0.5773707 -0.5773756 -0.5773309 0.5773526 -0.5773674 -0.5773389 0.5773562 -0.5773558 -0.5773607 0.5773426 -0.5773475 -0.5773355 0.5773781 -0.5773373 -0.5773527 0.5773419 -0.5773563 -0.5773442 0.5773248 -0.5773819 -0.5773431 0.5773469 -0.5773608 -0.5773434 0.5773379 -0.5773698 -0.5773474 0.5773377 -0.5773658 -0.5773632 0.5773295 -0.5773582 -0.5773351 0.5773791 -0.5773368 -0.5773667 0.577344 -0.5773403 -0.577378 0.577347 -0.5773259 -0.5773223 0.5773364 -0.5773922 -0.5773634 0.5773621 -0.5773252 -0.5773583 0.5773165 -0.577376 0.5773504 -0.5773426 0.577358 0.5773456 -0.5773513 0.577354 0.5773308 -0.5773552 0.5773649 -0.5773352 0.57735 -0.5773656 0.5773427 -0.5773661 0.577342 -0.5773359 0.5773665 -0.5773485 0.577362 -0.5773621 0.5773267 0.5773558 -0.5773464 0.5773488 0.5773456 -0.5773498 0.5773554 0.577346 -0.5773702 0.5773347 0.577331 -0.5773484 0.5773714 0.5773236 -0.5773403 0.577387 -0.5773583 0.5773302 -0.5773625 -0.5773192 0.5773984 -0.5773332 0.5773476 -0.5773679 0.5773355 0.5773366 -0.5773398 0.5773746 0.5773366 -0.5773591 0.5773552 0.5773727 -0.5773333 0.5773448 0.5773479 -0.5773575 0.5773454 0.5773332 -0.577351 0.5773666 -0.577333 0.5773525 -0.5773654 0.5773786 -0.5773215 0.5773507 -0.5773402 0.5773379 -0.5773728 -0.5773564 0.5773564 -0.577338 -0.5773445 0.577337 -0.5773694 -0.5773813 0.5773352 -0.5773344 -0.5773059 0.5773684 -0.5773766 -0.5773406 0.5773692 -0.5773411 0.5773347 -0.5773836 0.5773325 -0.5773368 0.5773363 -0.5773778 0.5773513 -0.5773332 0.5773664 -0.5773946 0.5773018 -0.5773544 0.5773507 -0.5773379 0.5773623 0.5773314 -0.5773561 0.5773634 0.5773517 -0.5773429 0.5773562 0.5773569 -0.5773434 0.5773507 0.5773721 -0.5773402 0.5773386 0.5773482 -0.5773448 0.577358 0.5773327 -0.5773536 0.5773645 -0.577338 0.5773609 -0.5773519 -0.577353 0.5773498 -0.5773481 -0.5773269 0.577404 -0.5773199 -0.5773533 0.5773732 -0.5773245 0.5773438 -0.5773505 0.5773566 0.5773214 -0.5773835 0.5773459 0.5773461 -0.5773578 0.577347 0.5773587 -0.5773411 0.5773511 0.5773697 -0.5773388 0.5773425 0.577338 -0.5773684 0.5773445 0.5773602 -0.5773624 0.5773283 0.5773269 -0.5773525 0.5773715 0.5773475 -0.5773557 0.5773476 -0.5773599 0.5773634 -0.5773276 0.5773313 -0.5774 0.5773196 -0.5773501 0.5773189 -0.577382 0.5773431 -0.5773754 0.5773324 -0.5773267 0.5773196 -0.5774046 -0.5773603 0.5773269 -0.5773637 0.5773419 -0.5773536 0.5773553 0.5773453 -0.5773516 0.5773538 -0.5773545 0.5773465 -0.5773499 0.5773605 -0.5773416 0.5773488 0.5773566 -0.5773342 0.57736 0.5773682 -0.5773569 0.5773258 0.5773679 -0.5773477 0.5773352 0.5773672 -0.5773486 0.5773351 0.5773376 -0.5773838 0.5773294 -0.5773407 0.5773686 -0.5773416 -0.577287 0.5773634 -0.5774005 -0.5773577 0.5773697 -0.5773234 -0.577346 0.5773488 -0.577356 -0.5773461 0.5773486 -0.5773561 -0.5773443 0.5773534 -0.5773533 -0.5773345 0.5773699 -0.5773465 -0.5773332 0.5773897 -0.577328 0.5772985 -0.5773495 0.5774028 0.5772923 -0.5774013 0.5773572 -0.5773355 0.577333 -0.5773824 0.5772916 -0.5774144 0.5773448 -0.5773397 0.5774046 -0.5773066 -0.5773401 0.5773816 -0.5773292 0.5773402 -0.5773736 0.577337 -0.577357 0.5773172 -0.5773766 -0.5773348 0.5773921 -0.577324 -0.5773358 0.5773892 -0.5773258 -0.5773511 0.5773667 -0.577333 -0.577359 0.5773403 -0.5773517 -0.5773715 0.5772984 -0.577381 -0.577329 0.5773291 -0.5773928 -0.5773368 0.5773633 -0.5773508 -0.5773465 0.5774044 -0.5772999 0.5773654 -0.5773214 0.577364 0.5773702 -0.57735 0.5773307 0.5773634 -0.5773076 0.5773798 0.5773328 -0.5773739 0.5773442 0.5773302 -0.5774044 0.5773162 -0.5772929 0.5774006 -0.5773573 -0.5773354 0.5773451 -0.5773704 0.5773195 -0.5773581 0.5773732 -0.5773938 0.5772967 -0.5773603 0.5773208 -0.5773227 0.5774074 0.5773605 -0.5773527 0.5773378 0.5773727 -0.5773624 0.5773159 0.5773064 -0.5773513 0.5773931 0.5773417 -0.5773575 0.5773516 0.577342 -0.5773579 0.577351 0.5773583 -0.5773537 0.5773389 0.5773534 -0.5773597 0.5773378 0.5773527 -0.5773606 0.5773376 0.5773203 -0.5773717 0.5773589 0.5773375 -0.5773605 0.577353 0.577354 -0.5773495 0.5773473 -0.5773651 0.5773308 -0.5773551 -0.5773437 0.5773478 -0.5773594 -0.5773539 0.5773397 -0.5773574 -0.5773797 0.5773161 -0.5773552 -0.5773438 0.5773397 -0.5773673 -0.5773751 0.5773196 -0.5773562 -0.5773791 0.5773676 -0.5773042 -0.5773724 0.5773591 -0.5773195 -0.5773721 0.5773586 -0.5773201 -0.57738 0.5773567 -0.5773143 -0.5773663 0.5773469 -0.5773378 -0.5773415 0.5773309 -0.5773784 -0.5773631 0.577337 -0.5773508 -0.577355 0.5773367 -0.5773591 -0.5773229 0.5773355 -0.5773924 0.5773741 -0.5773253 0.5773515 0.5773463 -0.5773525 0.5773521 0.5773563 -0.5773425 0.5773521 0.5772857 -0.5773977 0.5773676 0.5773308 -0.5773714 0.5773486 0.5773407 -0.5773655 0.5773445 -0.5773518 0.5773546 -0.5773446 -0.5773563 0.5773407 -0.5773538 -0.5773672 0.577309 -0.5773747 0.5773138 -0.5773695 0.5773677 0.5773819 -0.5773356 0.5773334 0.5774102 -0.5773214 0.5773193 -0.5773004 0.5774031 -0.5773474 -0.5772884 0.577409 -0.5773535 -0.577327 0.5773895 -0.5773344 -0.5773323 0.5773558 -0.5773628 -0.5773952 0.577333 -0.5773226 -0.5774008 0.5773288 -0.5773213 0.5773359 -0.577353 0.577362 0.5773271 -0.5773331 0.5773907 0.5773384 -0.5773591 0.5773534 -0.5773655 0.5773493 -0.5773361 -0.5773642 0.577352 -0.5773347 -0.5773654 0.5773493 -0.5773361 -0.577336 0.5773639 -0.577351 -0.5773559 0.5773052 -0.5773898 0.5772827 -0.5774141 0.5773541</float_array>
          <technique_common>
            <accessor source="#Mesh_435-mesh-normals-array" count="412" stride="3">
              <param name="X" type="float"/>
              <param name="Y" type="float"/>
              <param name="Z" type="float"/>
            </accessor>
          </technique_common>
        </source>
        <source id="Mesh_435-mesh-map-0">
          <float_array id="Mesh_435-mesh-map-0-array" count="1524">0.7875396 0.184324 0.8102844 0.187263 0.8039814 0.2220866 0.7875396 0.184324 0.8039814 0.2220866 0.7902063 0.2240268 0.8237233 0.1826573 0.818235 0.2074398 0.8039814 0.2220866 0.8237233 0.1826573 0.8039814 0.2220866 0.8102844 0.187263 0.5991284 0.03078466 0.6193448 0.05661767 0.5894557 0.07228463 0.5991284 0.03078466 0.5894557 0.07228463 0.5841839 0.03861838 0.6613047 0.1266812 0.6790913 0.19668 0.6407641 0.1374492 0.6613047 0.1266812 0.6407641 0.1374492 0.6193448 0.05661767 0.6072456 0.2208804 0.6494141 0.243164 0.6135365 0.2063297 0.6072456 0.2208804 0.6135365 0.2063297 0.5638101 0.1931845 0.7119432 0.2680319 0.7131689 0.2665996 0.7095179 0.3018122 0.7119432 0.2680319 0.7095179 0.3018122 0.6999067 0.3024418 0.8179861 0.1474528 0.8102844 0.187263 0.7875396 0.184324 0.8179861 0.1474528 0.7875396 0.184324 0.7890002 0.1404767 0.7111418 0.08734053 0.7245501 0.08361583 0.7450851 0.1528251 0.7111418 0.08734053 0.7450851 0.1528251 0.7370893 0.1587784 0.6625989 0.2489455 0.6552734 0.2509765 0.6125602 0.2216621 0.6625989 0.2489455 0.6125602 0.2216621 0.673045 0.2417356 0.6888945 0.09706741 0.7209566 0.1641382 0.71512 0.1688023 0.6888945 0.09706741 0.71512 0.1688023 0.6800566 0.1030694 0.6671597 0.01771277 0.6703239 0.0536794 0.7042287 0.04320114 0.6671597 0.01771277 0.7042287 0.04320114 0.6841124 0.01247352 0.5999072 0.08602005 0.6391847 0.1443293 0.6456927 0.1436858 0.5999072 0.08602005 0.6456927 0.1436858 0.6034276 0.0890581 0.6641038 0.0496518 0.6502609 0.05690521 0.6571289 0.01932519 0.6641038 0.0496518 0.6571289 0.01932519 0.6640502 0.01569837 0.8190777 0.2072523 0.7829073 0.2151557 0.7831763 0.2041447 0.8190777 0.2072523 0.7831763 0.2041447 0.7971641 0.2005299 0.7971641 0.2005299 0.7831763 0.2041447 0.7773438 0.1972655 0.8263906 0.1145058 0.835753 0.1380413 0.8179861 0.1474528 0.8263906 0.1145058 0.8179861 0.1474528 0.8154922 0.1189318 0.8154922 0.1189318 0.8179861 0.1474528 0.7890002 0.1404767 0.5665377 0.1092135 0.6391847 0.1443293 0.5999072 0.08602005 0.5665377 0.1092135 0.5999072 0.08602005 0.5491358 0.08218652 0.5491358 0.08218652 0.5999072 0.08602005 0.5628907 0.07254284 0.7833487 0.2038268 0.7971641 0.2005299 0.7892282 0.1638761 0.7833487 0.2038268 0.7892282 0.1638761 0.7758724 0.1685419 0.7758724 0.1685419 0.7892282 0.1638761 0.7782021 0.1182963 0.6736186 0.2046607 0.6688151 0.2125156 0.6456927 0.1436858 0.6736186 0.2046607 0.6456927 0.1436858 0.6712836 0.2035246 0.6712836 0.2035246 0.6456927 0.1436858 0.6391847 0.1443293 0.5638101 0.1931845 0.5700001 0.197969 0.6125602 0.2216621 0.5638101 0.1931845 0.6125602 0.2216621 0.6072456 0.2208804 0.6072456 0.2208804 0.6125602 0.2216621 0.6552734 0.2509765 0.6980095 0.03917306 0.6910339 0.008846819 0.7180718 0.03594797 0.6980095 0.03917306 0.7180718 0.03594797 0.7111418 0.08734053 0.7111418 0.08734053 0.7180718 0.03594797 0.7245501 0.08361583 0.6613047 0.1266812 0.6193448 0.05661767 0.6420494 0.04502314 0.6613047 0.1266812 0.6420494 0.04502314 0.6768387 0.1187487 0.6768387 0.1187487 0.6420494 0.04502314 0.6348644 0.04909604 0.5852977 0.1074772 0.6332886 0.1562879 0.6143758 0.1695336 0.5852977 0.1074772 0.6143758 0.1695336 0.5577873 0.1267644 0.5577873 0.1267644 0.6143758 0.1695336 0.6078675 0.1701776 0.5991284 0.03078466 0.5841839 0.03861838 0.5919438 0.03485709 0.5991284 0.03078466 0.5919438 0.03485709 0.6104808 0.02498728 0.6104808 0.02498728 0.5919438 0.03485709 0.6068882 0.02702373 0.7225838 0.3103833 0.7312654 0.3227454 0.7095179 0.3018122 0.7225838 0.3103833 0.7095179 0.3018122 0.7033307 0.2937594 0.7033307 0.2937594 0.7095179 0.3018122 0.6774029 0.2758491 0.6718317 0.1215834 0.6983295 0.1816796 0.701393 0.1790716 0.6718317 0.1215834 0.701393 0.1790716 0.6768387 0.1187487 0.6768387 0.1187487 0.701393 0.1790716 0.6917746 0.1865715 0.6768387 0.1187487 0.6917746 0.1865715 0.6613047 0.1266812 0.724149 0.1566101 0.7514817 0.1527029 0.6860119 0.2018007 0.724149 0.1566101 0.6860119 0.2018007 0.6605948 0.2006835 0.6605948 0.2006835 0.6860119 0.2018007 0.6679166 0.2241162 0.6605948 0.2006835 0.6679166 0.2241162 0.6415173 0.2242178 0.8041007 0.2220384 0.8053804 0.2845796 0.7688334 0.2580448 0.8041007 0.2220384 0.7688334 0.2580448 0.7829073 0.2151557 0.7829073 0.2151557 0.7688334 0.2580448 0.7526826 0.2387074 0.7829073 0.2151557 0.7526826 0.2387074 0.7773438 0.1972655 0.7131689 0.2665996 0.6605948 0.2006835 0.6415173 0.2242178 0.7131689 0.2665996 0.6415173 0.2242178 0.7095179 0.3018122 0.7095179 0.3018122 0.6415173 0.2242178 0.6572266 0.2607421 0.7095179 0.3018122 0.6572266 0.2607421 0.6774029 0.2758491 0.7280666 0.2594573 0.7504013 0.2798557 0.7005887 0.2704133 0.7280666 0.2594573 0.7005887 0.2704133 0.6960397 0.2366203 0.6960397 0.2366203 0.7005887 0.2704133 0.671984 0.2449323 0.6960397 0.2366203 0.671984 0.2449323 0.6679166 0.2241162 0.560938 0.1687555 0.5685518 0.1609842 0.5730603 0.1653707 0.560938 0.1687555 0.5730603 0.1653707 0.5591455 0.1790102 0.5591455 0.1790102 0.5730603 0.1653707 0.5684231 0.1740476 0.5591455 0.1790102 0.5684231 0.1740476 0.5613846 0.1813957 0.5484075 0.1276323 0.6202719 0.157575 0.5665377 0.1092135 0.5484075 0.1276323 0.5665377 0.1092135 0.5400707 0.09139615 0.5400707 0.09139615 0.5665377 0.1092135 0.5491358 0.08218652 0.5400707 0.09139615 0.5491358 0.08218652 0.5447607 0.09096211 0.5447607 0.09096211 0.5491358 0.08218652 0.5637238 0.09173494 0.8053804 0.2845796 0.7741611 0.3045887 0.7504013 0.2798557 0.8053804 0.2845796 0.7504013 0.2798557 0.7688334 0.2580448 0.7688334 0.2580448 0.7504013 0.2798557 0.7280666 0.2594573 0.7688334 0.2580448 0.7280666 0.2594573 0.7526826 0.2387074 0.7526826 0.2387074 0.7280666 0.2594573 0.6960397 0.2366203 0.8154922 0.1189318 0.7982537 0.1144843 0.8084224 0.0993759 0.8154922 0.1189318 0.8084224 0.0993759 0.8230516 0.1033535 0.8230516 0.1033535 0.8084224 0.0993759 0.8286476 0.115984 0.8230516 0.1033535 0.8286476 0.115984 0.8263906 0.1145058 0.8263906 0.1145058 0.8286476 0.115984 0.835753 0.1380413 0.7982537 0.1144843 0.8154922 0.1189318 0.7890002 0.1404767 0.7982537 0.1144843 0.7890002 0.1404767 0.7782021 0.1182963 0.7782021 0.1182963 0.7890002 0.1404767 0.7875396 0.184324 0.7782021 0.1182963 0.7875396 0.184324 0.7758724 0.1685419 0.7758724 0.1685419 0.7875396 0.184324 0.7762863 0.1982308 0.7758724 0.1685419 0.7762863 0.1982308 0.7833487 0.2038268 0.7450851 0.1528251 0.7245501 0.08361583 0.715712 0.08961814 0.7450851 0.1528251 0.715712 0.08961814 0.7392489 0.1574892 0.7392489 0.1574892 0.715712 0.08961814 0.6934651 0.09934455 0.7392489 0.1574892 0.6934651 0.09934455 0.7242668 0.1654778 0.7242668 0.1654778 0.6934651 0.09934455 0.6800566 0.1030694 0.7242668 0.1654778 0.6800566 0.1030694 0.71512 0.1688023 0.6983295 0.1816796 0.6718317 0.1215834 0.6512909 0.1323508 0.6983295 0.1816796 0.6512909 0.1323508 0.685647 0.191788 0.685647 0.191788 0.6512909 0.1323508 0.6357567 0.1402836 0.685647 0.191788 0.6357567 0.1402836 0.6760281 0.1992886 0.6760281 0.1992886 0.6357567 0.1402836 0.6407641 0.1374492 0.6760281 0.1992886 0.6407641 0.1374492 0.6790913 0.19668 0.6703239 0.0536794 0.6934651 0.09934455 0.715712 0.08961814 0.6703239 0.0536794 0.715712 0.08961814 0.7042287 0.04320114 0.7042287 0.04320114 0.715712 0.08961814 0.7180718 0.03594797 0.7042287 0.04320114 0.7180718 0.03594797 0.6841124 0.01247352 0.6841124 0.01247352 0.7180718 0.03594797 0.6910339 0.008846819 0.6841124 0.01247352 0.6910339 0.008846819 0.6810029 0.01045876 0.6810029 0.01045876 0.6910339 0.008846819 0.6980095 0.03917306 0.5843451 0.09424406 0.5999072 0.08602005 0.6034276 0.0890581 0.5843451 0.09424406 0.6034276 0.0890581 0.5852977 0.1074772 0.5852977 0.1074772 0.6034276 0.0890581 0.6456927 0.1436858 0.5852977 0.1074772 0.6456927 0.1436858 0.6332886 0.1562879 0.6332886 0.1562879 0.6456927 0.1436858 0.6688151 0.2125156 0.6332886 0.1562879 0.6688151 0.2125156 0.6143758 0.1695336 0.6143758 0.1695336 0.6688151 0.2125156 0.6590145 0.2250759 0.6718317 0.1215834 0.6348644 0.04909604 0.6049752 0.06476289 0.6718317 0.1215834 0.6049752 0.06476289 0.6512909 0.1323508 0.6512909 0.1323508 0.6049752 0.06476289 0.5822712 0.07635706 0.6512909 0.1323508 0.5822712 0.07635706 0.6357567 0.1402836 0.6357567 0.1402836 0.5822712 0.07635706 0.5894557 0.07228463 0.6357567 0.1402836 0.5894557 0.07228463 0.6407641 0.1374492 0.6407641 0.1374492 0.5894557 0.07228463 0.6193448 0.05661767 0.6193448 0.05661767 0.5991284 0.03078466 0.6104808 0.02498728 0.6193448 0.05661767 0.6104808 0.02498728 0.6420494 0.04502314 0.6420494 0.04502314 0.6104808 0.02498728 0.6068882 0.02702373 0.6420494 0.04502314 0.6068882 0.02702373 0.6348644 0.04909604 0.6348644 0.04909604 0.6068882 0.02702373 0.5919438 0.03485709 0.6348644 0.04909604 0.5919438 0.03485709 0.6049752 0.06476289 0.6049752 0.06476289 0.5919438 0.03485709 0.5805914 0.04065448 0.6049752 0.06476289 0.5805914 0.04065448 0.5822712 0.07635706 0.5822712 0.07635706 0.5805914 0.04065448 0.5841839 0.03861838 0.5822712 0.07635706 0.5841839 0.03861838 0.5894557 0.07228463 0.568099 0.06863659 0.5999072 0.08602005 0.5843451 0.09424406 0.568099 0.06863659 0.5843451 0.09424406 0.5637238 0.09173494 0.5637238 0.09173494 0.5843451 0.09424406 0.5852977 0.1074772 0.5637238 0.09173494 0.5852977 0.1074772 0.5447607 0.09096211 0.5447607 0.09096211 0.5852977 0.1074772 0.5577873 0.1267644 0.5447607 0.09096211 0.5577873 0.1267644 0.5484075 0.1276323 0.5484075 0.1276323 0.5577873 0.1267644 0.6078675 0.1701776 0.5484075 0.1276323 0.6078675 0.1701776 0.6202719 0.157575 0.6202719 0.157575 0.6078675 0.1701776 0.6531937 0.2254119 0.6202719 0.157575 0.6531937 0.2254119 0.6600468 0.2151191 0.6980095 0.03917306 0.7111418 0.08734053 0.6641038 0.0496518 0.6980095 0.03917306 0.6641038 0.0496518 0.6810029 0.01045876 0.6810029 0.01045876 0.6641038 0.0496518 0.6640502 0.01569837 0.6810029 0.01045876 0.6640502 0.01569837 0.6671597 0.01771277 0.6671597 0.01771277 0.6640502 0.01569837 0.6571289 0.01932519 0.6671597 0.01771277 0.6571289 0.01932519 0.6703239 0.0536794 0.6703239 0.0536794 0.6571289 0.01932519 0.6502609 0.05690521 0.6703239 0.0536794 0.6502609 0.05690521 0.6800566 0.1030694 0.6800566 0.1030694 0.6502609 0.05690521 0.6641038 0.0496518 0.6800566 0.1030694 0.6641038 0.0496518 0.6888945 0.09706741 0.6888945 0.09706741 0.6641038 0.0496518 0.7111418 0.08734053 0.6888945 0.09706741 0.7111418 0.08734053 0.7209566 0.1641382 0.7209566 0.1641382 0.7111418 0.08734053 0.7370893 0.1587784 0.6572266 0.2607421 0.6415173 0.2242178 0.671984 0.2449323 0.6572266 0.2607421 0.671984 0.2449323 0.6774029 0.2758491 0.6774029 0.2758491 0.671984 0.2449323 0.7005887 0.2704133 0.6774029 0.2758491 0.7005887 0.2704133 0.7033307 0.2937594 0.7033307 0.2937594 0.7005887 0.2704133 0.7504013 0.2798557 0.7033307 0.2937594 0.7504013 0.2798557 0.7225838 0.3103833 0.7225838 0.3103833 0.7504013 0.2798557 0.7503863 0.3141388 0.7225838 0.3103833 0.7503863 0.3141388 0.7312654 0.3227454 0.7312654 0.3227454 0.7503863 0.3141388 0.7741611 0.3045887 0.7312654 0.3227454 0.7741611 0.3045887 0.7880941 0.2918704 0.7880941 0.2918704 0.7741611 0.3045887 0.8053804 0.2845796 0.7880941 0.2918704 0.8053804 0.2845796 0.8152309 0.2463563 0.8152309 0.2463563 0.8053804 0.2845796 0.8041007 0.2220384 0.8152309 0.2463563 0.8041007 0.2220384 0.8190777 0.2072523 0.6135365 0.2063297 0.6494141 0.243164 0.6536685 0.2373071 0.6135365 0.2063297 0.6536685 0.2373071 0.6232588 0.1941778 0.6232588 0.1941778 0.6536685 0.2373071 0.6650391 0.2333983 0.6232588 0.1941778 0.6650391 0.2333983 0.6259766 0.2041015 0.6259766 0.2041015 0.6650391 0.2333983 0.673045 0.2417356 0.6259766 0.2041015 0.673045 0.2417356 0.6225397 0.2105849 0.6225397 0.2105849 0.673045 0.2417356 0.6125602 0.2216621 0.6225397 0.2105849 0.6125602 0.2216621 0.5862706 0.1862569 0.5862706 0.1862569 0.6125602 0.2216621 0.5700001 0.197969 0.5862706 0.1862569 0.5700001 0.197969 0.5613846 0.1813957 0.5613846 0.1813957 0.5700001 0.197969 0.5638101 0.1931845 0.5613846 0.1813957 0.5638101 0.1931845 0.5591455 0.1790102 0.5591455 0.1790102 0.5638101 0.1931845 0.5677676 0.1729022 0.5591455 0.1790102 0.5677676 0.1729022 0.560938 0.1687555 0.560938 0.1687555 0.5677676 0.1729022 0.5836014 0.1586017 0.560938 0.1687555 0.5836014 0.1586017 0.5685518 0.1609842 0.5685518 0.1609842 0.5836014 0.1586017 0.6012756 0.1762258 0.5685518 0.1609842 0.6012756 0.1762258 0.5730603 0.1653707 0.5730603 0.1653707 0.6012756 0.1762258 0.5862706 0.1862569 0.5730603 0.1653707 0.5862706 0.1862569 0.5684231 0.1740476 0.6679166 0.2241162 0.6860119 0.2018007 0.6960397 0.2366203 0.6960397 0.2366203 0.6860119 0.2018007 0.7626953 0.1689452 0.6960397 0.2366203 0.7626953 0.1689452 0.7526826 0.2387074 0.7526826 0.2387074 0.7626953 0.1689452 0.7773438 0.1972655 0.5638101 0.1931845 0.6135365 0.2063297 0.5677676 0.1729022 0.5677676 0.1729022 0.6135365 0.2063297 0.6232588 0.1941778 0.5677676 0.1729022 0.6232588 0.1941778 0.5836014 0.1586017 0.5836014 0.1586017 0.6232588 0.1941778 0.6259766 0.2041015 0.5836014 0.1586017 0.6259766 0.2041015 0.6012756 0.1762258 0.6012756 0.1762258 0.6259766 0.2041015 0.5862706 0.1862569 0.818235 0.2074398 0.8237233 0.1826573 0.7971641 0.2005299 0.7971641 0.2005299 0.8237233 0.1826573 0.8108308 0.1680546 0.7971641 0.2005299 0.8108308 0.1680546 0.7892282 0.1638761 0.7892282 0.1638761 0.8108308 0.1680546 0.8286476 0.115984 0.7892282 0.1638761 0.8286476 0.115984 0.8005982 0.1103503 0.8005982 0.1103503 0.8286476 0.115984 0.8084224 0.0993759 0.8005982 0.1103503 0.8084224 0.0993759 0.7944232 0.1052765 0.7944232 0.1052765 0.8084224 0.0993759 0.7982537 0.1144843 0.8190777 0.2072523 0.8041007 0.2220384 0.7829073 0.2151557 0.6860119 0.2018007 0.7514817 0.1527029 0.7626953 0.1689452 0.7741611 0.3045887 0.7503863 0.3141388 0.7504013 0.2798557 0.6679166 0.2241162 0.671984 0.2449323 0.6415173 0.2242178 0.6072456 0.2208804 0.6552734 0.2509765 0.6494141 0.243164 0.6202719 0.157575 0.6600468 0.2151191 0.6712836 0.2035246 0.6391847 0.1443293 0.6202719 0.157575 0.6712836 0.2035246 0.5665377 0.1092135 0.6202719 0.157575 0.6391847 0.1443293 0.6143758 0.1695336 0.6590145 0.2250759 0.6531937 0.2254119 0.6078675 0.1701776 0.6143758 0.1695336 0.6531937 0.2254119 0.5400707 0.09139615 0.5447607 0.09096211 0.5484075 0.1276323 0.6348644 0.04909604 0.6718317 0.1215834 0.6768387 0.1187487 0.6613047 0.1266812 0.6917746 0.1865715 0.6790913 0.19668 0.6671597 0.01771277 0.6841124 0.01247352 0.6810029 0.01045876 0.8286476 0.115984 0.8108308 0.1680546 0.8237233 0.1826573 0.835753 0.1380413 0.8286476 0.115984 0.8237233 0.1826573 0.8230516 0.1033535 0.8263906 0.1145058 0.8154922 0.1189318 0.8179861 0.1474528 0.835753 0.1380413 0.8237233 0.1826573 0.8005982 0.1103503 0.7782021 0.1182963 0.7892282 0.1638761 0.7944232 0.1052765 0.7782021 0.1182963 0.8005982 0.1103503 0.7875396 0.184324 0.7902063 0.2240268 0.7762863 0.1982308 0.7944232 0.1052765 0.7982537 0.1144843 0.7782021 0.1182963 0.7773438 0.1972655 0.7831763 0.2041447 0.7829073 0.2151557 0.6259766 0.2041015 0.6225397 0.2105849 0.5862706 0.1862569 0.8152309 0.2463563 0.8118796 0.2619979 0.7880941 0.2918704 0.7095179 0.3018122 0.7312654 0.3227454 0.6999067 0.3024418 0.8237233 0.1826573 0.8102844 0.187263 0.8179861 0.1474528 0.5637238 0.09173494 0.5491358 0.08218652 0.568099 0.06863659 0.5841839 0.03861838 0.5805914 0.04065448 0.5919438 0.03485709 0.715712 0.08961814 0.7245501 0.08361583 0.7180718 0.03594797 0.6800566 0.1030694 0.6934651 0.09934455 0.6703239 0.0536794 0.5613846 0.1813957 0.5684231 0.1740476 0.5862706 0.1862569</float_array>
          <technique_common>
            <accessor source="#Mesh_435-mesh-map-0-array" count="762" stride="2">
              <param name="S" type="float"/>
              <param name="T" type="float"/>
            </accessor>
          </technique_common>
        </source>
        <source id="Mesh_435-mesh-colors-Col" name="Col">
          <float_array id="Mesh_435-mesh-colors-Col-array" count="3048">0.7254902 0.5803922 0.5411765 1 0.8431373 0.6470589 0.5960785 1 0.9686275 0.7372549 0.6784314 1 0.7254902 0.5803922 0.5411765 1 0.9686275 0.7372549 0.6784314 1 0.8039216 0.6509804 0.627451 1 0.8156863 0.6352941 0.6039216 1 0.9058824 0.6901961 0.6352941 1 0.9686275 0.7372549 0.6784314 1 0.8156863 0.6352941 0.6039216 1 0.9686275 0.7372549 0.6784314 1 0.8431373 0.6509804 0.5960785 1 0.654902 0.5803922 0.6 1 0.8039216 0.6745098 0.6784314 1 0.427451 0.4235294 0.4235294 1 0.654902 0.5803922 0.6 1 0.427451 0.4235294 0.4235294 1 0.4941176 0.4235294 0.4784314 1 0.8431373 0.6745098 0.6509804 1 0.627451 0.5215687 0.5019608 1 0.4862745 0.4431372 0.4705882 1 0.8431373 0.6745098 0.6509804 1 0.4862745 0.4431372 0.4705882 1 0.8039216 0.6745098 0.6784314 1 0.7960785 0.5019608 0.7372549 1 0.8431373 0.4941176 0.772549 1 0.8470588 0.4784314 0.7803922 1 0.7960785 0.5019608 0.7372549 1 0.8470588 0.4784314 0.7803922 1 0.7254902 0.4901961 0.6745098 1 0.427451 0.4235294 0.427451 1 0.6666667 0.5450981 0.5137255 1 0.6666667 0.5450981 0.5137255 1 0.427451 0.4235294 0.427451 1 0.6666667 0.5450981 0.5137255 1 0.427451 0.4235294 0.427451 1 0.9490196 0.7490196 0.6862745 1 0.8431373 0.6509804 0.5960785 1 0.7254902 0.5803922 0.5411765 1 0.9490196 0.7490196 0.6862745 1 0.7254902 0.5803922 0.5411765 1 0.7254902 0.5803922 0.5411765 1 0.9529412 0.772549 0.7686275 1 1 0.827451 0.9058824 1 0.8431373 0.7058824 0.7098039 1 0.9529412 0.772549 0.7686275 1 0.8431373 0.7058824 0.7098039 1 0.7529412 0.6196079 0.6078432 1 0.5490196 0.4666666 0.5215687 1 0.7372549 0.5019608 0.682353 1 0.5333334 0.4627451 0.509804 1 0.5490196 0.4666666 0.5215687 1 0.5333334 0.4627451 0.509804 1 0.6980392 0.5607843 0.5254902 1 0.5215687 0.4666666 0.4588235 1 0.627451 0.5215687 0.5019608 1 0.5607843 0.4431372 0.5372549 1 0.5215687 0.4666666 0.4588235 1 0.5607843 0.4431372 0.5372549 1 0.6392157 0.4235294 0.6039216 1 0.7450981 0.4313725 0.6901961 1 0.7843137 0.4313725 0.7254902 1 0.8 0.4862745 0.7333334 1 0.7450981 0.4313725 0.6901961 1 0.8 0.4862745 0.7333334 1 0.7803922 0.5803922 0.7607843 1 0.7921569 0.5176471 0.7450981 1 0.8509804 0.5254902 0.7607843 1 0.972549 0.7098039 0.7764706 1 0.7921569 0.5176471 0.7450981 1 0.972549 0.7098039 0.7764706 1 0.9098039 0.7254902 0.7764706 1 0.427451 0.4235294 0.4235294 1 0.6666667 0.4235294 0.6313726 1 0.6666667 0.4235294 0.627451 1 0.427451 0.4235294 0.4235294 1 0.6666667 0.4235294 0.627451 1 0.4431372 0.4235294 0.4392157 1 0.9176471 0.7176471 0.7058824 1 0.8039216 0.6509804 0.6313726 1 0.8313726 0.6627451 0.682353 1 0.9176471 0.7176471 0.7058824 1 0.8313726 0.6627451 0.682353 1 0.8705883 0.6784314 0.7137255 1 0.8705883 0.6784314 0.7137255 1 0.8313726 0.6627451 0.682353 1 0.6862745 0.5764706 0.6078432 1 1 1 1 1 1 0.972549 0.9058824 1 0.9529412 0.7490196 0.6862745 1 1 1 1 1 0.9529412 0.7490196 0.6862745 1 1 0.9333333 0.9176471 1 1 0.9333333 0.9176471 1 0.9529412 0.7490196 0.6862745 1 0.7254902 0.5803922 0.5411765 1 0.827451 0.4431372 0.7686275 1 0.8509804 0.5215687 0.7607843 1 0.7921569 0.5176471 0.7450981 1 0.827451 0.4431372 0.7686275 1 0.7921569 0.5176471 0.7450981 1 0.7568628 0.4313725 0.7019608 1 0.7568628 0.4313725 0.7019608 1 0.7921569 0.5176471 0.7450981 1 0.6745098 0.5058824 0.6509804 1 0.6352941 0.4313725 0.5960785 1 0.8235294 0.4784314 0.7529412 1 0.7490196 0.4509804 0.6862745 1 0.6352941 0.4313725 0.5960785 1 0.7490196 0.4509804 0.6862745 1 0.4705882 0.4235294 0.4627451 1 0.4705882 0.4235294 0.4627451 1 0.7490196 0.4509804 0.6862745 1 0.5019608 0.4745098 0.5137255 1 0.6784314 0.5529412 0.5215687 1 0.627451 0.5215687 0.5019608 1 0.972549 0.7098039 0.7764706 1 0.6784314 0.5529412 0.5215687 1 0.972549 0.7098039 0.7764706 1 0.7529412 0.6196079 0.6039216 1 0.7529412 0.6196079 0.6039216 1 0.972549 0.7098039 0.7764706 1 0.8509804 0.5215687 0.7607843 1 0.7254902 0.4901961 0.6745098 1 0.5058824 0.4509804 0.4901961 1 0.5333334 0.4627451 0.509804 1 0.7254902 0.4901961 0.6745098 1 0.5333334 0.4627451 0.509804 1 0.7647059 0.4941176 0.7098039 1 0.7647059 0.4941176 0.7098039 1 0.5333334 0.4627451 0.509804 1 0.7647059 0.4941176 0.7098039 1 0.9960784 0.854902 0.8784314 1 0.9686275 0.8509804 0.9294118 1 1 0.8941177 0.9803922 1 0.9960784 0.854902 0.8784314 1 1 0.8941177 0.9803922 1 0.9529412 0.772549 0.7686275 1 0.9529412 0.772549 0.7686275 1 1 0.8941177 0.9803922 1 1 0.8313726 0.9098039 1 0.8470588 0.6784314 0.6509804 1 0.8039216 0.6745098 0.6784314 1 0.9647059 0.7960785 0.8705883 1 0.8470588 0.6784314 0.6509804 1 0.9647059 0.7960785 0.8705883 1 1 0.7607843 0.827451 1 1 0.7607843 0.827451 1 0.9647059 0.7960785 0.8705883 1 0.7960785 0.5529412 0.7607843 1 0.7607843 0.6156863 0.5882353 1 0.8235294 0.6392157 0.6 1 0.5137255 0.4509804 0.4941176 1 0.7607843 0.6156863 0.5882353 1 0.5137255 0.4509804 0.4941176 1 0.4627451 0.4313725 0.4509804 1 0.4627451 0.4313725 0.4509804 1 0.5137255 0.4509804 0.4941176 1 0.7647059 0.4941176 0.7098039 1 0.654902 0.5803922 0.6 1 0.5176471 0.4627451 0.5176471 1 0.7568628 0.4313725 0.7019608 1 0.654902 0.5803922 0.6 1 0.7568628 0.4313725 0.7019608 1 0.8196079 0.7254902 0.7686275 1 0.8196079 0.7254902 0.7686275 1 0.7568628 0.4313725 0.7019608 1 0.7294118 0.5764706 0.7215687 1 0.6039216 0.509804 0.4901961 1 0.5215687 0.4235294 0 1 0.6666667 0.5450981 0.5137255 1 0.6039216 0.509804 0.4901961 1 0.6666667 0.5450981 0.5137255 1 0.7372549 0.5843138 0.5450981 1 0.7372549 0.5843138 0.5450981 1 0.6666667 0.5450981 0.5137255 1 0.6666667 0.5450981 0.5137255 1 0.9647059 0.6666667 0.8235294 1 0.7529412 0.6196079 0.6078432 1 0.7529412 0.6196079 0.6078432 1 0.9647059 0.6666667 0.8235294 1 0.7529412 0.6196079 0.6078432 1 1 0.7607843 0.827451 1 1 0.7607843 0.827451 1 0.7529412 0.6196079 0.6078432 1 0.7529412 0.6196079 0.6078432 1 1 0.7607843 0.827451 1 0.7529412 0.6196079 0.6078432 1 0.8470588 0.6784314 0.6509804 1 0.6039216 0.5529412 0.5725491 1 0.8431373 0.7058824 0.7098039 1 0.7529412 0.6196079 0.6078432 1 0.6039216 0.5529412 0.5725491 1 0.7529412 0.6196079 0.6078432 1 0.5137255 0.4666666 0.4627451 1 0.5137255 0.4666666 0.4627451 1 0.7529412 0.6196079 0.6078432 1 0.6784314 0.5529412 0.5215687 1 0.5137255 0.4666666 0.4627451 1 0.6784314 0.5529412 0.5215687 1 0.4784314 0.4470588 0.4392157 1 0.9686275 0.7372549 0.6784314 1 0.8470588 0.654902 0.6 1 0.8431373 0.6509804 0.5960785 1 0.9686275 0.7372549 0.6784314 1 0.8431373 0.6509804 0.5960785 1 0.8039216 0.6509804 0.627451 1 0.8039216 0.6509804 0.627451 1 0.8431373 0.6509804 0.5960785 1 0.8470588 0.6588236 0.6156863 1 0.8039216 0.6509804 0.627451 1 0.8470588 0.6588236 0.6156863 1 0.6862745 0.5764706 0.6078432 1 0.6666667 0.5450981 0.5137255 1 0.5137255 0.4666666 0.4627451 1 0.4784314 0.4470588 0.4392157 1 0.6666667 0.5450981 0.5137255 1 0.4784314 0.4470588 0.4392157 1 0.6666667 0.5450981 0.5137255 1 0.6666667 0.5450981 0.5137255 1 0.4784314 0.4470588 0.4392157 1 0.4235294 0.4235294 0.4235294 1 0.6666667 0.5450981 0.5137255 1 0.4235294 0.4235294 0.4235294 1 0.6666667 0.5450981 0.5137255 1 0.8627451 0.6588236 0.6078432 1 0.8313726 0.6431373 0.5921569 1 0.8196079 0.6352941 0.5843138 1 0.8627451 0.6588236 0.6078432 1 0.8196079 0.6352941 0.5843138 1 0.8862745 0.6784314 0.6196079 1 0.8862745 0.6784314 0.6196079 1 0.8196079 0.6352941 0.5843138 1 0.6980392 0.5607843 0.5254902 1 0.8862745 0.6784314 0.6196079 1 0.6980392 0.5607843 0.5254902 1 0.6784314 0.5529412 0.5215687 1 0.5450981 0.4235294 0.5215687 1 0.6509804 0.4470588 0.6 1 0.7058824 0.5686275 0.5294118 1 0.5450981 0.4235294 0.5215687 1 0.7058824 0.5686275 0.5294118 1 0.5647059 0.4313725 0.5372549 1 0.5647059 0.4313725 0.5372549 1 0.7058824 0.5686275 0.5294118 1 0.6196079 0.5176471 0.4941176 1 0.5647059 0.4313725 0.5372549 1 0.6196079 0.5176471 0.4941176 1 0.4509804 0.4313725 0.4470588 1 0.7529412 0.4666666 0.6980392 1 0.8627451 0.4666666 0.7882353 1 0.8313726 0.4431372 0.7686275 1 0.7529412 0.4666666 0.6980392 1 0.8313726 0.4431372 0.7686275 1 0.7058824 0.4313725 0.6627451 1 0.7058824 0.4313725 0.6627451 1 0.8313726 0.4431372 0.7686275 1 0.7568628 0.4313725 0.7019608 1 0.7058824 0.4313725 0.6627451 1 0.7568628 0.4313725 0.7019608 1 0.4745098 0.4235294 0.4666666 1 0.4745098 0.4235294 0.4666666 1 0.7568628 0.4313725 0.7019608 1 0.6078432 0.5215687 0.509804 1 0.8470588 0.654902 0.6 1 0.6509804 0.5372549 0.5058824 1 0.8352941 0.6431373 0.5921569 1 0.8470588 0.654902 0.6 1 0.8352941 0.6431373 0.5921569 1 0.8431373 0.6509804 0.5960785 1 0.8431373 0.6509804 0.5960785 1 0.8352941 0.6431373 0.5921569 1 0.8627451 0.6588236 0.6078432 1 0.8431373 0.6509804 0.5960785 1 0.8627451 0.6588236 0.6078432 1 0.8470588 0.6588236 0.6156863 1 0.8470588 0.6588236 0.6156863 1 0.8627451 0.6588236 0.6078432 1 0.8862745 0.6784314 0.6196079 1 1 0.9333333 0.9176471 1 0.8 0.7137255 0.7529412 1 0.8862745 0.8078432 0.882353 1 1 0.9333333 0.9176471 1 0.8862745 0.8078432 0.882353 1 1 0.9686275 0.9882353 1 1 0.9686275 0.9882353 1 0.8862745 0.8078432 0.882353 1 0.854902 0.627451 0.8 1 1 0.9686275 0.9882353 1 0.854902 0.627451 0.8 1 1 1 1 1 1 1 1 1 0.854902 0.627451 0.8 1 1 0.9764706 0.9058824 1 0.8 0.7137255 0.7529412 1 1 0.9294118 0.9176471 1 0.7254902 0.5803922 0.5411765 1 0.8 0.7137255 0.7529412 1 0.7254902 0.5803922 0.5411765 1 0.4980392 0.4745098 0.5137255 1 0.4980392 0.4745098 0.5137255 1 0.7254902 0.5803922 0.5411765 1 0.7254902 0.5803922 0.5411765 1 0.4980392 0.4745098 0.5137255 1 0.7254902 0.5803922 0.5411765 1 0.4705882 0.4235294 0.4627451 1 0.4705882 0.4235294 0.4627451 1 0.7254902 0.5803922 0.5411765 1 0.7254902 0.5803922 0.5411765 1 0.4705882 0.4235294 0.4627451 1 0.7254902 0.5803922 0.5411765 1 0.7254902 0.5803922 0.5411765 1 0.9215686 0.6235294 0.7843137 1 1 0.827451 0.9058824 1 0.8039216 0.4666666 0.7294118 1 0.9215686 0.6235294 0.7843137 1 0.8039216 0.4666666 0.7294118 1 0.8078432 0.4627451 0.7333334 1 0.8078432 0.4627451 0.7333334 1 0.8039216 0.4666666 0.7294118 1 0.7764706 0.4392157 0.7176471 1 0.8078432 0.4627451 0.7333334 1 0.7764706 0.4392157 0.7176471 1 0.7215687 0.4392157 0.6705883 1 0.7215687 0.4392157 0.6705883 1 0.7764706 0.4392157 0.7176471 1 0.6392157 0.4235294 0.6039216 1 0.7215687 0.4392157 0.6705883 1 0.6392157 0.4235294 0.6039216 1 0.6862745 0.4431372 0.6470589 1 0.8313726 0.4627451 0.7568628 1 0.8431373 0.4627451 0.7686275 1 0.8313726 0.4509804 0.7647059 1 0.8313726 0.4627451 0.7568628 1 0.8313726 0.4509804 0.7647059 1 0.7921569 0.4588235 0.7333334 1 0.7921569 0.4588235 0.7333334 1 0.8313726 0.4509804 0.7647059 1 0.7372549 0.4627451 0.6862745 1 0.7921569 0.4588235 0.7333334 1 0.7372549 0.4627451 0.6862745 1 0.7215687 0.4784314 0.6705883 1 0.7215687 0.4784314 0.6705883 1 0.7372549 0.4627451 0.6862745 1 0.4862745 0.4431372 0.4705882 1 0.7215687 0.4784314 0.6705883 1 0.4862745 0.4431372 0.4705882 1 0.6431373 0.4705882 0.6039216 1 0.7843137 0.4313725 0.7254902 1 0.7764706 0.4392157 0.7176471 1 0.8039216 0.4666666 0.7294118 1 0.7843137 0.4313725 0.7254902 1 0.8039216 0.4666666 0.7294118 1 0.8 0.4862745 0.7333334 1 0.8 0.4862745 0.7333334 1 0.8039216 0.4666666 0.7294118 1 1 0.8941177 0.9803922 1 0.8 0.4862745 0.7333334 1 1 0.8941177 0.9803922 1 0.7803922 0.5803922 0.7607843 1 0.7803922 0.5803922 0.7607843 1 1 0.8941177 0.9803922 1 0.9686275 0.8509804 0.9294118 1 0.7803922 0.5803922 0.7607843 1 0.9686275 0.8509804 0.9294118 1 0.8745098 0.7843137 0.827451 1 0.8745098 0.7843137 0.827451 1 0.9686275 0.8509804 0.9294118 1 0.9960784 0.854902 0.8784314 1 0.7372549 0.6313726 0.6392157 1 0.7921569 0.5176471 0.7450981 1 0.9098039 0.7254902 0.7764706 1 0.7372549 0.6313726 0.6392157 1 0.9098039 0.7254902 0.7764706 1 0.7607843 0.6156863 0.5882353 1 0.7607843 0.6156863 0.5882353 1 0.9098039 0.7254902 0.7764706 1 0.972549 0.7098039 0.7764706 1 0.7607843 0.6156863 0.5882353 1 0.972549 0.7098039 0.7764706 1 0.8235294 0.6431373 0.6 1 0.8235294 0.6431373 0.6 1 0.972549 0.7098039 0.7764706 1 0.627451 0.5215687 0.5019608 1 0.8235294 0.6431373 0.6 1 0.627451 0.5215687 0.5019608 1 0.5137255 0.4509804 0.4941176 1 0.5137255 0.4509804 0.4941176 1 0.627451 0.5215687 0.5019608 1 0.627451 0.5215687 0.5019608 1 0.8431373 0.4627451 0.7686275 1 0.7960785 0.5529412 0.7607843 1 0.8196079 0.4392157 0.7568628 1 0.8431373 0.4627451 0.7686275 1 0.8196079 0.4392157 0.7568628 1 0.8313726 0.4509804 0.7647059 1 0.8313726 0.4509804 0.7647059 1 0.8196079 0.4392157 0.7568628 1 0.7333334 0.4313725 0.6862745 1 0.8313726 0.4509804 0.7647059 1 0.7333334 0.4313725 0.6862745 1 0.7372549 0.4627451 0.6862745 1 0.7372549 0.4627451 0.6862745 1 0.7333334 0.4313725 0.6862745 1 0.427451 0.4235294 0.427451 1 0.7372549 0.4627451 0.6862745 1 0.427451 0.4235294 0.427451 1 0.4862745 0.4431372 0.4705882 1 0.4862745 0.4431372 0.4705882 1 0.427451 0.4235294 0.427451 1 0.8039216 0.6745098 0.6784314 1 0.8039216 0.6745098 0.6784314 1 0.654902 0.5803922 0.6 1 0.8196079 0.7254902 0.7686275 1 0.8039216 0.6745098 0.6784314 1 0.8196079 0.7254902 0.7686275 1 0.9647059 0.7960785 0.8705883 1 0.9647059 0.7960785 0.8705883 1 0.8196079 0.7254902 0.7686275 1 0.7294118 0.5764706 0.7215687 1 0.9647059 0.7960785 0.8705883 1 0.7294118 0.5764706 0.7215687 1 0.7960785 0.5529412 0.7607843 1 0.7960785 0.5529412 0.7607843 1 0.7294118 0.5764706 0.7215687 1 0.7568628 0.4313725 0.7019608 1 0.7960785 0.5529412 0.7607843 1 0.7568628 0.4313725 0.7019608 1 0.8196079 0.4392157 0.7568628 1 0.8196079 0.4392157 0.7568628 1 0.7568628 0.4313725 0.7019608 1 0.7176471 0.4235294 0.6745098 1 0.8196079 0.4392157 0.7568628 1 0.7176471 0.4235294 0.6745098 1 0.7333334 0.4313725 0.6862745 1 0.7333334 0.4313725 0.6862745 1 0.7176471 0.4235294 0.6745098 1 0.4941176 0.4235294 0.4784314 1 0.7333334 0.4313725 0.6862745 1 0.4941176 0.4235294 0.4784314 1 0.427451 0.4235294 0.427451 1 0.6784314 0.5058824 0.6509804 1 0.7921569 0.5176471 0.7450981 1 0.7372549 0.6313726 0.6392157 1 0.6784314 0.5058824 0.6509804 1 0.7372549 0.6313726 0.6392157 1 0.6078432 0.5215687 0.509804 1 0.6078432 0.5215687 0.509804 1 0.7372549 0.6313726 0.6392157 1 0.7607843 0.6156863 0.5882353 1 0.6078432 0.5215687 0.509804 1 0.7607843 0.6156863 0.5882353 1 0.4470588 0.4235294 0.4431372 1 0.4470588 0.4235294 0.4431372 1 0.7607843 0.6156863 0.5882353 1 0.4627451 0.4313725 0.4509804 1 0.4470588 0.4235294 0.4431372 1 0.4627451 0.4313725 0.4509804 1 0.7529412 0.4666666 0.6980392 1 0.7529412 0.4666666 0.6980392 1 0.4627451 0.4313725 0.4509804 1 0.7647059 0.4941176 0.7098039 1 0.7529412 0.4666666 0.6980392 1 0.7647059 0.4941176 0.7098039 1 0.8627451 0.4666666 0.7882353 1 0.8627451 0.4666666 0.7882353 1 0.7647059 0.4941176 0.7098039 1 0.7372549 0.5019608 0.682353 1 0.8627451 0.4666666 0.7882353 1 0.7372549 0.5019608 0.682353 1 0.8235294 0.4784314 0.7607843 1 0.9921569 0.8509804 0.8784314 1 0.9529412 0.772549 0.7686275 1 0.427451 0.4235294 0.4235294 1 0.9921569 0.8509804 0.8784314 1 0.427451 0.4235294 0.4235294 1 0.8745098 0.7843137 0.827451 1 0.8745098 0.7843137 0.827451 1 0.427451 0.4235294 0.4235294 1 0.4431372 0.4235294 0.4392157 1 0.8745098 0.7843137 0.827451 1 0.4431372 0.4235294 0.4392157 1 0.7450981 0.4313725 0.6901961 1 0.7450981 0.4313725 0.6901961 1 0.4431372 0.4235294 0.4392157 1 0.6666667 0.4235294 0.627451 1 0.7450981 0.4313725 0.6901961 1 0.6666667 0.4235294 0.627451 1 0.7843137 0.4313725 0.7254902 1 0.7843137 0.4313725 0.7254902 1 0.6666667 0.4235294 0.627451 1 0.6666667 0.4235294 0.6313726 1 0.7843137 0.4313725 0.7254902 1 0.6666667 0.4235294 0.6313726 1 0.6392157 0.4235294 0.6039216 1 0.6392157 0.4235294 0.6039216 1 0.6666667 0.4235294 0.6313726 1 0.427451 0.4235294 0.4235294 1 0.6392157 0.4235294 0.6039216 1 0.427451 0.4235294 0.4235294 1 0.5215687 0.4666666 0.4588235 1 0.5215687 0.4666666 0.4588235 1 0.427451 0.4235294 0.4235294 1 0.9529412 0.772549 0.7686275 1 0.5215687 0.4666666 0.4588235 1 0.9529412 0.772549 0.7686275 1 0.627451 0.5215687 0.5019608 1 0.627451 0.5215687 0.5019608 1 0.9529412 0.772549 0.7686275 1 0.7529412 0.6196079 0.6078432 1 0.4235294 0.4235294 0.4235294 1 0.4784314 0.4470588 0.4392157 1 0.6980392 0.5607843 0.5254902 1 0.4235294 0.4235294 0.4235294 1 0.6980392 0.5607843 0.5254902 1 0.6666667 0.5450981 0.5137255 1 0.6666667 0.5450981 0.5137255 1 0.6980392 0.5607843 0.5254902 1 0.8196079 0.6352941 0.5843138 1 0.6666667 0.5450981 0.5137255 1 0.8196079 0.6352941 0.5843138 1 0.7372549 0.5843138 0.5450981 1 0.7372549 0.5843138 0.5450981 1 0.8196079 0.6352941 0.5843138 1 0.8313726 0.6431373 0.5921569 1 0.7372549 0.5843138 0.5450981 1 0.8313726 0.6431373 0.5921569 1 0.6039216 0.509804 0.4901961 1 0.6039216 0.509804 0.4901961 1 0.8313726 0.6431373 0.5921569 1 0.5921569 0.5058824 0.4862745 1 0.6039216 0.509804 0.4901961 1 0.5921569 0.5058824 0.4862745 1 0.5215687 0.4235294 0 1 0.5215687 0.4235294 0 1 0.5921569 0.5058824 0.4862745 1 0.6509804 0.5372549 0.5058824 1 0.5215687 0.4235294 0 1 0.6509804 0.5372549 0.5058824 1 0.5215687 0.4235294 0 1 0.5215687 0.4235294 0 1 0.6509804 0.5372549 0.5058824 1 0.8470588 0.654902 0.6 1 0.5215687 0.4235294 0 1 0.8470588 0.654902 0.6 1 0.8352941 0.6431373 0.5921569 1 0.8352941 0.6431373 0.5921569 1 0.8470588 0.654902 0.6 1 0.9686275 0.7372549 0.6784314 1 0.8352941 0.6431373 0.5921569 1 0.9686275 0.7372549 0.6784314 1 0.9058824 0.6901961 0.6352941 1 0.8470588 0.4745098 0.7803922 1 0.8431373 0.4941176 0.772549 1 0.6784314 0.5529412 0.5215687 1 0.8470588 0.4745098 0.7803922 1 0.6784314 0.5529412 0.5215687 1 0.8235294 0.509804 0.7137255 1 0.8235294 0.509804 0.7137255 1 0.6784314 0.5529412 0.5215687 1 0.6784314 0.5529412 0.5215687 1 0.8235294 0.509804 0.7137255 1 0.6784314 0.5529412 0.5215687 1 0.9333333 0.6784314 0.6784314 1 0.9333333 0.6784314 0.6784314 1 0.6784314 0.5529412 0.5215687 1 0.6980392 0.5607843 0.5254902 1 0.9333333 0.6784314 0.6784314 1 0.6980392 0.5607843 0.5254902 1 0.7960785 0.6196079 0.5725491 1 0.7960785 0.6196079 0.5725491 1 0.6980392 0.5607843 0.5254902 1 0.5333334 0.4627451 0.509804 1 0.7960785 0.6196079 0.5725491 1 0.5333334 0.4627451 0.509804 1 0.7607843 0.6156863 0.5882353 1 0.7607843 0.6156863 0.5882353 1 0.5333334 0.4627451 0.509804 1 0.5058824 0.4509804 0.4901961 1 0.7607843 0.6156863 0.5882353 1 0.5058824 0.4509804 0.4901961 1 0.4509804 0.4313725 0.4470588 1 0.4509804 0.4313725 0.4470588 1 0.5058824 0.4509804 0.4901961 1 0.7254902 0.4901961 0.6745098 1 0.4509804 0.4313725 0.4470588 1 0.7254902 0.4901961 0.6745098 1 0.5647059 0.4313725 0.5372549 1 0.5647059 0.4313725 0.5372549 1 0.7254902 0.4901961 0.6745098 1 0.7372549 0.4470588 0.6862745 1 0.5647059 0.4313725 0.5372549 1 0.7372549 0.4470588 0.6862745 1 0.5450981 0.4235294 0.5215687 1 0.5450981 0.4235294 0.5215687 1 0.7372549 0.4470588 0.6862745 1 0.6509804 0.4470588 0.6 1 0.5450981 0.4235294 0.5215687 1 0.6509804 0.4470588 0.6 1 0.6509804 0.4470588 0.6 1 0.6509804 0.4470588 0.6 1 0.6509804 0.4470588 0.6 1 0.7607843 0.6156863 0.5882353 1 0.6509804 0.4470588 0.6 1 0.7607843 0.6156863 0.5882353 1 0.7058824 0.5686275 0.5294118 1 0.7058824 0.5686275 0.5294118 1 0.7607843 0.6156863 0.5882353 1 0.7607843 0.6156863 0.5882353 1 0.7058824 0.5686275 0.5294118 1 0.7607843 0.6156863 0.5882353 1 0.6196079 0.5176471 0.4941176 1 0.6784314 0.5529412 0.5215687 1 0.7529412 0.6196079 0.6078432 1 0.8862745 0.6784314 0.6196079 1 0.8862745 0.6784314 0.6196079 1 0.7529412 0.6196079 0.6078432 1 0.9411765 0.7450981 0.7254902 1 0.8862745 0.6784314 0.6196079 1 0.9411765 0.7450981 0.7254902 1 0.8470588 0.6588236 0.6156863 1 0.8470588 0.6588236 0.6156863 1 0.9411765 0.7450981 0.7254902 1 0.7529412 0.6196079 0.6039216 1 0.7254902 0.4901961 0.6745098 1 0.8470588 0.4745098 0.7803922 1 0.7372549 0.4470588 0.6862745 1 0.7372549 0.4470588 0.6862745 1 0.8470588 0.4745098 0.7803922 1 0.8235294 0.509804 0.7137255 1 0.7372549 0.4470588 0.6862745 1 0.8235294 0.509804 0.7137255 1 0.6509804 0.4470588 0.6 1 0.6509804 0.4470588 0.6 1 0.8235294 0.509804 0.7137255 1 0.9333333 0.6784314 0.6784314 1 0.6509804 0.4470588 0.6 1 0.9333333 0.6784314 0.6784314 1 0.7607843 0.6156863 0.5882353 1 0.7607843 0.6156863 0.5882353 1 0.9333333 0.6784314 0.6784314 1 0.7607843 0.6156863 0.5882353 1 0.7921569 0.5607843 0.6392157 1 0.8156863 0.6352941 0.6039216 1 0.8235294 0.4784314 0.7529412 1 0.8235294 0.4784314 0.7529412 1 0.8156863 0.6352941 0.6039216 1 0.7882353 0.4901961 0.7254902 1 0.8235294 0.4784314 0.7529412 1 0.7882353 0.4901961 0.7254902 1 0.7490196 0.4509804 0.6862745 1 0.7490196 0.4509804 0.6862745 1 0.7882353 0.4901961 0.7254902 1 0.854902 0.627451 0.8 1 0.7490196 0.4509804 0.6862745 1 0.854902 0.627451 0.8 1 0.8392157 0.6117647 0.8196079 1 0.8392157 0.6117647 0.8196079 1 0.854902 0.627451 0.8 1 0.8862745 0.8078432 0.882353 1 0.8392157 0.6117647 0.8196079 1 0.8862745 0.8078432 0.882353 1 0.7019608 0.6862745 0.7686275 1 0.7019608 0.6862745 0.7686275 1 0.8862745 0.8078432 0.882353 1 0.8 0.7137255 0.7529412 1 0.9058824 0.6901961 0.6352941 1 0.9686275 0.7372549 0.6784314 1 0.8039216 0.6509804 0.6313726 1 0.7529412 0.6196079 0.6078432 1 0.8431373 0.7058824 0.7098039 1 0.9411765 0.7450981 0.7254902 1 0.6509804 0.5372549 0.5058824 1 0.5921569 0.5058824 0.4862745 1 0.8313726 0.6431373 0.5921569 1 0.6784314 0.5529412 0.5215687 1 0.6980392 0.5607843 0.5254902 1 0.4745098 0.4470588 0.4392157 1 0.7647059 0.4941176 0.7098039 1 0.7882353 0.5019608 0.7333334 1 0.8431373 0.4941176 0.772549 1 0.8627451 0.4666666 0.7882353 1 0.8235294 0.4784314 0.7607843 1 0.8431373 0.4627451 0.7686275 1 0.8509804 0.5215687 0.7607843 1 0.8588235 0.4666666 0.7882353 1 0.8431373 0.4627451 0.7686275 1 0.8313726 0.4431372 0.7686275 1 0.8627451 0.4666666 0.7882353 1 0.8509804 0.5215687 0.7607843 1 0.5137255 0.4509804 0.4941176 1 0.6431373 0.4862745 0.6078432 1 0.7372549 0.5019608 0.682353 1 0.7647059 0.4941176 0.7098039 1 0.5137255 0.4509804 0.4941176 1 0.7647059 0.4941176 0.7098039 1 0.7058824 0.4313725 0.6627451 1 0.4470588 0.4235294 0.4431372 1 0.7529412 0.4666666 0.6980392 1 0.7960785 0.5529412 0.7607843 1 0.9647059 0.6666667 0.8235294 1 1 0.7607843 0.827451 1 0.8470588 0.6745098 0.6509804 1 0.7529412 0.6196079 0.6078432 1 0.627451 0.5215687 0.5019608 1 0.7450981 0.4313725 0.6901961 1 0.7803922 0.5803922 0.7607843 1 0.8745098 0.7843137 0.827451 1 0.8509804 0.627451 0.8 1 0.7882353 0.4901961 0.7254902 1 0.8156863 0.6392157 0.6078432 1 1 0.972549 0.9058824 1 0.8509804 0.627451 0.8 1 0.8156863 0.6392157 0.6039216 1 1 0.9686275 0.9882353 1 1 1 1 1 1 0.9333333 0.9215686 1 0.9490196 0.7490196 0.6862745 1 1 0.972549 0.9058824 1 0.8156863 0.6392157 0.6039216 1 0.8392157 0.6117647 0.8196079 1 0.5019608 0.4745098 0.5137255 1 0.7490196 0.4509804 0.6862745 1 0.7019608 0.6862745 0.7686275 1 0.4980392 0.4745098 0.5137255 1 0.8392157 0.6117647 0.8196079 1 0.7254902 0.5803922 0.5411765 1 0.8039216 0.6509804 0.627451 1 0.7254902 0.5803922 0.5411765 1 0.7019608 0.6862745 0.7686275 1 0.8 0.7137255 0.7529412 1 0.4980392 0.4745098 0.5137255 1 0.6862745 0.5764706 0.6078432 1 0.8313726 0.6627451 0.682353 1 0.8039216 0.6509804 0.6313726 1 0.9333333 0.6784314 0.6784314 1 0.7960785 0.6196079 0.5725491 1 0.7607843 0.6156863 0.5882353 1 0.8352941 0.6431373 0.5921569 1 0.5215687 0.4235294 0 1 0.5215687 0.4235294 0 1 0.6666667 0.5450981 0.5137255 1 0.5215687 0.4235294 0 1 0.5215687 0.4235294 0 1 0.8156863 0.6392157 0.6039216 1 0.8431373 0.6509804 0.5960785 1 0.9529412 0.7529412 0.6862745 1 0.6078432 0.5215687 0.509804 1 0.7568628 0.4313725 0.7019608 1 0.6784314 0.5058824 0.6509804 1 0.5176471 0.4627451 0.5176471 1 0.7176471 0.4235294 0.6745098 1 0.7568628 0.4313725 0.7019608 1 0.8039216 0.4666666 0.7294118 1 1 0.8313726 0.9098039 1 1 0.8941177 0.9803922 1 0.6392157 0.4235294 0.6039216 1 0.7803922 0.4392157 0.7176471 1 0.7843137 0.4313725 0.7254902 1 0.4509804 0.4313725 0.4470588 1 0.6196079 0.5176471 0.4941176 1 0.7607843 0.6156863 0.5882353 1</float_array>
          <technique_common>
            <accessor source="#Mesh_435-mesh-colors-Col-array" count="762" stride="4">
              <param name="R" type="float"/>
              <param name="G" type="float"/>
              <param name="B" type="float"/>
              <param name="A" type="float"/>
            </accessor>
          </technique_common>
        </source>
        <vertices id="Mesh_435-mesh-vertices">
          <input semantic="POSITION" source="#Mesh_435-mesh-positions"/>
        </vertices>
        <triangles material="Image_1-material" count="254">
          <input semantic="VERTEX" source="#Mesh_435-mesh-vertices" offset="0"/>
          <input semantic="NORMAL" source="#Mesh_435-mesh-normals" offset="1"/>
          <input semantic="TEXCOORD" source="#Mesh_435-mesh-map-0" offset="2" set="0"/>
          <input semantic="COLOR" source="#Mesh_435-mesh-colors-Col" offset="3" set="0"/>
          <p>1 0 0 0 0 1 1 1 2 2 2 2 1 0 3 3 2 2 4 4 3 3 5 5 5 4 6 6 4 5 7 7 6 6 8 8 5 4 9 9 6 6 10 10 7 7 11 11 9 8 12 12 8 9 13 13 10 10 14 14 9 8 15 15 10 10 16 16 11 11 17 17 13 12 18 18 12 13 19 19 14 14 20 20 13 12 21 21 14 14 22 22 15 15 23 23 17 16 24 24 16 17 25 25 18 18 26 26 17 16 27 27 18 18 28 28 19 19 29 29 21 20 30 30 20 21 31 31 22 22 32 32 21 20 33 33 22 22 34 34 23 23 35 35 25 24 36 36 24 25 37 37 26 26 38 38 25 24 39 39 26 26 40 40 27 27 41 41 29 28 42 42 28 29 43 43 30 30 44 44 29 28 45 45 30 30 46 46 31 31 47 47 33 32 48 48 32 33 49 49 34 34 50 50 33 32 51 51 34 34 52 52 35 35 53 53 37 36 54 54 36 37 55 55 38 38 56 56 37 36 57 57 38 38 58 58 39 39 59 59 41 40 60 60 40 41 61 61 42 42 62 62 41 40 63 63 42 42 64 64 43 43 65 65 45 44 66 66 44 45 67 67 46 46 68 68 45 44 69 69 46 46 70 70 47 47 71 71 49 48 72 72 48 49 73 73 50 50 74 74 49 48 75 75 50 50 76 76 51 51 77 77 53 52 78 78 52 53 79 79 54 54 80 80 53 52 81 81 54 54 82 82 55 55 83 83 55 55 84 84 54 54 85 85 56 56 86 86 58 57 87 87 57 58 88 88 59 59 89 89 58 57 90 90 59 59 91 91 60 60 92 92 60 60 93 93 59 59 94 94 61 61 95 95 63 62 96 96 62 63 97 97 64 64 98 98 63 62 99 99 64 64 100 100 65 65 101 101 65 65 102 102 64 64 103 103 66 66 104 104 68 67 105 105 67 68 106 106 69 69 107 107 68 67 108 108 69 69 109 109 70 70 110 110 70 70 111 111 69 69 112 112 71 71 113 113 73 72 114 114 72 73 115 115 74 74 116 116 73 72 117 117 74 74 118 118 75 75 119 119 75 75 120 120 74 74 121 121 76 76 122 122 78 77 123 123 77 78 124 124 79 79 125 125 78 77 126 126 79 79 127 127 80 80 128 128 80 80 129 129 79 79 130 130 81 81 131 131 83 82 132 132 82 83 133 133 84 84 134 134 83 82 135 135 84 84 136 136 85 85 137 137 85 85 138 138 84 84 139 139 86 86 140 140 88 87 141 141 87 88 142 142 89 89 143 143 88 87 144 144 89 89 145 145 90 90 146 146 90 90 147 147 89 89 148 148 91 91 149 149 93 92 150 150 92 93 151 151 94 94 152 152 93 92 153 153 94 94 154 154 95 95 155 155 95 95 156 156 94 94 157 157 96 96 158 158 98 97 159 159 97 98 160 160 99 99 161 161 98 97 162 162 99 99 163 163 100 100 164 164 100 100 165 165 99 99 166 166 101 101 167 167 103 102 168 168 102 103 169 169 104 104 170 170 103 102 171 171 104 104 172 172 105 105 173 173 105 105 174 174 104 104 175 175 106 106 176 176 108 107 177 177 107 108 178 178 109 109 179 179 108 107 180 180 109 109 181 181 110 110 182 182 110 110 183 183 109 109 184 184 111 111 185 185 110 110 186 186 111 111 187 187 112 112 188 188 114 113 189 189 113 114 190 190 115 115 191 191 114 113 192 192 115 115 193 193 116 116 194 194 116 116 195 195 115 115 196 196 117 117 197 197 116 116 198 198 117 117 199 199 118 118 200 200 120 119 201 201 119 120 202 202 121 121 203 203 120 119 204 204 121 121 205 205 122 122 206 206 122 122 207 207 121 121 208 208 123 123 209 209 122 122 210 210 123 123 211 211 124 124 212 212 126 125 213 213 125 126 214 214 127 127 215 215 126 125 216 216 127 127 217 217 128 128 218 218 128 128 219 219 127 127 220 220 129 129 221 221 128 128 222 222 129 129 223 223 130 130 224 224 132 131 225 225 131 132 226 226 133 133 227 227 132 131 228 228 133 133 229 229 134 134 230 230 134 134 231 231 133 133 232 232 135 135 233 233 134 134 234 234 135 135 235 235 136 136 236 236 138 137 237 237 137 138 238 238 139 139 239 239 138 137 240 240 139 139 241 241 140 140 242 242 140 140 243 243 139 139 244 244 141 141 245 245 140 140 246 246 141 141 247 247 142 142 248 248 144 143 249 249 143 144 250 250 145 145 251 251 144 143 252 252 145 145 253 253 146 146 254 254 146 146 255 255 145 145 256 256 147 147 257 257 146 146 258 258 147 147 259 259 148 148 260 260 148 148 261 261 147 147 262 262 149 149 263 263 151 150 264 264 150 151 265 265 152 152 266 266 151 150 267 267 152 152 268 268 153 153 269 269 153 153 270 270 152 152 271 271 154 154 272 272 153 153 273 273 154 154 274 274 155 155 275 275 155 155 276 276 154 154 277 277 156 156 278 278 158 157 279 279 157 158 280 280 159 159 281 281 158 157 282 282 159 159 283 283 160 160 284 284 160 160 285 285 159 159 286 286 161 161 287 287 160 160 288 288 161 161 289 289 162 162 290 290 162 162 291 291 161 161 292 292 163 163 293 293 165 164 294 294 164 165 295 295 166 166 296 296 165 164 297 297 166 166 298 298 167 167 299 299 167 167 300 300 166 166 301 301 168 168 302 302 167 167 303 303 168 168 304 304 169 169 305 305 169 169 306 306 168 168 307 307 170 170 308 308 169 169 309 309 170 170 310 310 171 171 311 311 173 172 312 312 172 173 313 313 174 174 314 314 173 172 315 315 174 174 316 316 175 175 317 317 175 175 318 318 174 174 319 319 176 176 320 320 175 175 321 321 176 176 322 322 177 177 323 323 177 177 324 324 176 176 325 325 178 178 326 326 177 177 327 327 178 178 328 328 179 179 329 329 181 180 330 330 180 181 331 331 182 182 332 332 181 180 333 333 182 182 334 334 183 183 335 335 183 183 336 336 182 182 337 337 184 184 338 338 183 183 339 339 184 184 340 340 185 185 341 341 185 185 342 342 184 184 343 343 186 186 344 344 185 185 345 345 186 186 346 346 187 187 347 347 189 188 348 348 188 189 349 349 190 190 350 350 189 188 351 351 190 190 352 352 191 191 353 353 191 191 354 354 190 190 355 355 192 192 356 356 191 191 357 357 192 192 358 358 193 193 359 359 193 193 360 360 192 192 361 361 194 194 362 362 193 193 363 363 194 194 364 364 195 195 365 365 195 195 366 366 194 194 367 367 196 196 368 368 198 197 369 369 197 198 370 370 199 199 371 371 198 197 372 372 199 199 373 373 200 200 374 374 200 200 375 375 199 199 376 376 201 201 377 377 200 200 378 378 201 201 379 379 202 202 380 380 202 202 381 381 201 201 382 382 203 203 383 383 202 202 384 384 203 203 385 385 204 204 386 386 204 204 387 387 203 203 388 388 205 205 389 389 207 206 390 390 206 207 391 391 208 208 392 392 207 206 393 393 208 208 394 394 209 209 395 395 209 209 396 396 208 208 397 397 210 210 398 398 209 209 399 399 210 210 400 400 211 211 401 401 211 211 402 402 210 210 403 403 212 212 404 404 211 211 405 405 212 212 406 406 213 213 407 407 213 213 408 408 212 212 409 409 214 214 410 410 216 215 411 411 215 216 412 412 217 217 413 413 216 215 414 414 217 217 415 415 218 218 416 416 218 218 417 417 217 217 418 418 219 219 419 419 218 218 420 420 219 219 421 421 220 220 422 422 220 220 423 423 219 219 424 424 221 221 425 425 220 220 426 426 221 221 427 427 222 222 428 428 222 222 429 429 221 221 430 430 223 223 431 431 222 222 432 432 223 223 433 433 224 224 434 434 224 224 435 435 223 223 436 436 225 225 437 437 224 224 438 438 225 225 439 439 226 226 440 440 228 227 441 441 227 228 442 442 229 229 443 443 228 227 444 444 229 229 445 445 230 230 446 446 230 230 447 447 229 229 448 448 231 231 449 449 230 230 450 450 231 231 451 451 232 232 452 452 232 232 453 453 231 231 454 454 233 233 455 455 232 232 456 456 233 233 457 457 234 234 458 458 234 234 459 459 233 233 460 460 235 235 461 461 234 234 462 462 235 235 463 463 236 236 464 464 236 236 465 465 235 235 466 466 237 237 467 467 236 236 468 468 237 237 469 469 238 238 470 470 240 239 471 471 239 240 472 472 241 241 473 473 240 239 474 474 241 241 475 475 242 242 476 476 242 242 477 477 241 241 478 478 243 243 479 479 242 242 480 480 243 243 481 481 244 244 482 482 244 244 483 483 243 243 484 484 245 245 485 485 244 244 486 486 245 245 487 487 246 246 488 488 246 246 489 489 245 245 490 490 247 247 491 491 246 246 492 492 247 247 493 493 248 248 494 494 248 248 495 495 247 247 496 496 249 249 497 497 248 248 498 498 249 249 499 499 250 250 500 500 250 250 501 501 249 249 502 502 251 251 503 503 250 250 504 504 251 251 505 505 252 252 506 506 252 252 507 507 251 251 508 508 253 253 509 509 255 254 510 510 254 255 511 511 256 256 512 512 255 254 513 513 256 256 514 514 257 257 515 515 257 257 516 516 256 256 517 517 258 258 518 518 257 257 519 519 258 258 520 520 259 259 521 521 259 259 522 522 258 258 523 523 260 260 524 524 259 259 525 525 260 260 526 526 261 261 527 527 261 261 528 528 260 260 529 529 262 262 530 530 261 261 531 531 262 262 532 532 263 263 533 533 263 263 534 534 262 262 535 535 264 264 536 536 263 263 537 537 264 264 538 538 265 265 539 539 265 265 540 540 264 264 541 541 266 266 542 542 265 265 543 543 266 266 544 544 267 267 545 545 267 267 546 546 266 266 547 547 268 268 548 548 267 267 549 549 268 268 550 550 269 269 551 551 271 270 552 552 270 271 553 553 272 272 554 554 271 270 555 555 272 272 556 556 273 273 557 557 273 273 558 558 272 272 559 559 274 274 560 560 273 273 561 561 274 274 562 562 275 275 563 563 275 275 564 564 274 274 565 565 276 276 566 566 275 275 567 567 276 276 568 568 277 277 569 569 277 277 570 570 276 276 571 571 278 278 572 572 277 277 573 573 278 278 574 574 279 279 575 575 279 279 576 576 278 278 577 577 280 280 578 578 279 279 579 579 280 280 580 580 281 281 581 581 281 281 582 582 280 280 583 583 282 282 584 584 281 281 585 585 282 282 586 586 283 283 587 587 283 283 588 588 282 282 589 589 284 284 590 590 283 283 591 591 284 284 592 592 285 285 593 593 285 285 594 594 284 284 595 595 286 286 596 596 285 285 597 597 286 286 598 598 287 287 599 599 287 287 600 600 286 286 601 601 288 288 602 602 287 287 603 603 288 288 604 604 289 289 605 605 289 289 606 606 288 288 607 607 290 290 608 608 289 289 609 609 290 290 610 610 291 291 611 611 292 292 612 612 293 293 613 613 294 294 614 614 294 294 615 615 293 293 616 616 295 295 617 617 294 294 618 618 295 295 619 619 296 296 620 620 296 296 621 621 295 295 622 622 297 297 623 623 298 298 624 624 299 299 625 625 300 300 626 626 300 300 627 627 299 299 628 628 301 301 629 629 300 300 630 630 301 301 631 631 302 302 632 632 302 302 633 633 301 301 634 634 303 303 635 635 302 302 636 636 303 303 637 637 304 304 638 638 304 304 639 639 303 303 640 640 305 305 641 641 306 306 642 642 307 307 643 643 308 308 644 644 308 308 645 645 307 307 646 646 309 309 647 647 308 308 648 648 309 309 649 649 310 310 650 650 310 310 651 651 309 309 652 652 311 311 653 653 310 310 654 654 311 311 655 655 312 312 656 656 312 312 657 657 311 311 658 658 313 313 659 659 312 312 660 660 313 313 661 661 314 314 662 662 314 314 663 663 313 313 664 664 315 315 665 665 317 316 666 666 316 317 667 667 318 318 668 668 320 319 669 669 319 320 670 670 321 321 671 671 323 322 672 672 322 323 673 673 324 324 674 674 326 325 675 675 325 326 676 676 327 327 677 677 329 328 678 678 328 329 679 679 330 330 680 680 332 331 681 681 331 332 682 682 333 333 683 683 335 334 684 684 334 335 685 685 336 336 686 686 338 337 687 687 337 338 688 688 339 339 689 689 341 340 690 690 340 341 691 691 342 342 692 692 344 343 693 693 343 344 694 694 345 345 695 695 347 346 696 696 346 347 697 697 348 348 698 698 350 349 699 699 349 350 700 700 351 351 701 701 353 352 702 702 352 353 703 703 354 354 704 704 356 355 705 705 355 356 706 706 357 357 707 707 359 358 708 708 358 359 709 709 360 360 710 710 362 361 711 711 361 362 712 712 363 363 713 713 365 364 714 714 364 365 715 715 366 366 716 716 368 367 717 717 367 368 718 718 369 369 719 719 371 370 720 720 370 371 721 721 372 372 722 722 374 373 723 723 373 374 724 724 375 375 725 725 377 376 726 726 376 377 727 727 378 378 728 728 380 379 729 729 379 380 730 730 381 381 731 731 383 382 732 732 382 383 733 733 384 384 734 734 386 385 735 735 385 386 736 736 387 387 737 737 389 388 738 738 388 389 739 739 390 390 740 740 392 391 741 741 391 392 742 742 393 393 743 743 395 394 744 744 394 395 745 745 396 396 746 746 398 397 747 747 397 398 748 748 399 399 749 749 401 400 750 750 400 401 751 751 402 402 752 752 404 403 753 753 403 404 754 754 405 405 755 755 407 406 756 756 406 407 757 757 408 408 758 758 410 409 759 759 409 410 760 760 411 411 761 761</p>
        </triangles>
      </mesh>
    </geometry>
    <geometry id="Mesh_430-mesh" name="Mesh_430">
      <mesh>
        <source id="Mesh_430-mesh-positions">
          <float_array id="Mesh_430-mesh-positions-array" count="108">81.29312 -0.4822273 -50 81.29312 14.91779 -50 0.2041257 0.1026082 -50 -0.598315 15.69431 -50 81.29312 14.91779 -50 81.29312 -0.4822273 -50 81.29312 14.91779 175.1 81.29312 -0.4822273 176.2599 0.2041257 0.1026082 -50 -0.598315 15.69431 -50 0.2041257 0.1026082 146 -0.598315 15.69431 144.84 81.29312 -0.4822273 176.2599 81.29312 14.91779 175.1 37.50413 0.1026087 169.02 37.50413 15.50262 167.8601 0.2041257 0.1026082 146 -0.598315 15.69431 144.84 81.29312 -0.4822273 176.2599 81.29312 -0.4822273 -50 37.50413 0.1026087 169.02 -0.598315 15.69431 144.84 -0.598315 15.69431 -50 37.50413 15.50262 167.8601 0.2041257 0.1026082 146 37.50413 0.1026087 169.02 0.2041257 0.1026082 -50 81.29312 -0.4822273 -50 0.2041257 0.1026082 -50 37.50413 0.1026087 169.02 81.29312 14.91779 175.1 37.50413 15.50262 167.8601 81.29312 14.91779 -50 -0.598315 15.69431 -50 81.29312 14.91779 -50 37.50413 15.50262 167.8601</float_array>
          <technique_common>
            <accessor source="#Mesh_430-mesh-positions-array" count="36" stride="3">
              <param name="X" type="float"/>
              <param name="Y" type="float"/>
              <param name="Z" type="float"/>
            </accessor>
          </technique_common>
        </source>
        <source id="Mesh_430-mesh-normals">
          <float_array id="Mesh_430-mesh-normals-array" count="99">1 -5.08587e-5 0 1 -5.13913e-5 0 1 -1.65403e-6 1.19524e-7 0.9999551 -0.009481787 0 1 0 0 1 0 0 0.577383 -0.5773344 0.5773334 1 3.04952e-5 -8.02102e-7 1 3.04878e-5 6.88074e-7 -0.5773588 0.5773462 -0.5773458 -0.5773302 0.5773767 -0.577344 -0.5773735 0.5773456 -0.5773317 -0.5773903 0.5773502 -0.5773103 1 5.6643e-6 3.72019e-5 1 -2.31117e-5 -3.8743e-7 0.5773391 -0.5773367 0.5773751 0.5773351 -0.5773367 0.5773792 0.5773509 -0.5773369 0.5773631 -0.577388 0.5773628 -0.5773001 -0.5773612 0.5773627 -0.577327 -0.5773374 0.5773626 -0.5773509 0.5773475 -0.577351 0.5773524 0.5773668 -0.577351 0.577333 0.5773605 -0.577351 0.5773393 0.5773491 -0.5773323 0.5773695 0.5773877 -0.5773327 0.5773305 0.5773281 -0.5773321 0.5773906 -0.5773379 0.5773367 -0.5773764 -0.577362 0.577337 -0.5773519 -0.5774105 0.5773376 -0.5773028 -0.5773247 0.5773416 -0.5773847 -0.5773585 0.5773419 -0.5773506 -0.5773802 0.5773421 -0.5773286</float_array>
          <technique_common>
            <accessor source="#Mesh_430-mesh-normals-array" count="33" stride="3">
              <param name="X" type="float"/>
              <param name="Y" type="float"/>
              <param name="Z" type="float"/>
            </accessor>
          </technique_common>
        </source>
        <source id="Mesh_430-mesh-map-0">
          <float_array id="Mesh_430-mesh-map-0-array" count="96">0.4319661 0.8310547 0.4326172 0.8277994 0.3382161 0.8277995 0.4319661 0.8310547 0.3382161 0.8277995 0.3388672 0.8310547 0.4319661 0.8291016 0.4287109 0.8306826 0.4241536 0.6038411 0.4319661 0.8291016 0.4241536 0.6038411 0.4306641 0.5927734 0.3388672 0.8310547 0.3388672 0.8310547 0.3388672 0.6318359 0.3388672 0.8310547 0.3388672 0.6318359 0.3388672 0.6318359 0.4306641 0.5927734 0.4306641 0.5986328 0.3779297 0.6103516 0.3779297 0.6103516 0.4306641 0.5986328 0.3779297 0.6103516 0.3779297 0.6103516 0.3779297 0.6103516 0.3388672 0.6318359 0.3388672 0.6318359 0.3779297 0.6103516 0.3388672 0.6318359 0.4326172 0.8310547 0.4306641 0.5927734 0.3779297 0.6103516 0.3388672 0.8310547 0.3388672 0.6318359 0.3779297 0.6103516 0.3779297 0.6103516 0.3388672 0.6318359 0.3388672 0.8310547 0.3388672 0.8296596 0.4331752 0.8299387 0.3779297 0.6103516 0.3779297 0.6103516 0.4306641 0.5927734 0.4326172 0.8310547 0.4328962 0.8304967 0.3388672 0.8296596 0.3779297 0.6103516</float_array>
          <technique_common>
            <accessor source="#Mesh_430-mesh-map-0-array" count="48" stride="2">
              <param name="S" type="float"/>
              <param name="T" type="float"/>
            </accessor>
          </technique_common>
        </source>
        <source id="Mesh_430-mesh-colors-Col" name="Col">
          <float_array id="Mesh_430-mesh-colors-Col-array" count="192">0.8392157 0.827451 0.8313726 1 0.854902 0.7607843 0.6588236 1 0.854902 0.7607843 0.6588236 1 0.8392157 0.827451 0.8313726 1 0.854902 0.7607843 0.6588236 1 0.6901961 0.6705883 0.654902 1 0.854902 0.7607843 0.6588236 1 0.8392157 0.827451 0.8313726 1 0.9019608 0.8627451 0.8470588 1 0.854902 0.7607843 0.6588236 1 0.9019608 0.8627451 0.8470588 1 0.9019608 0.8627451 0.8470588 1 0.6313726 0.5843138 0.5686275 1 0.854902 0.7607843 0.6588236 1 0.854902 0.7607843 0.6588236 1 0.6313726 0.5843138 0.5686275 1 0.854902 0.7607843 0.6588236 1 0.854902 0.7607843 0.6588236 1 1 0.9411765 0.8784314 1 0.6313726 0.5843138 0.5686275 1 1 0.9411765 0.8784314 1 1 0.9411765 0.8784314 1 0.6313726 0.5843138 0.5686275 1 0.7450981 0.7529412 0.8039216 1 1 0.9411765 0.8784314 1 0.7450981 0.7529412 0.8039216 1 0.854902 0.7607843 0.6588236 1 0.854902 0.7607843 0.6588236 1 0.7450981 0.7529412 0.8039216 1 0.7450981 0.7529412 0.8039216 1 0.854902 0.7607843 0.6588236 1 1 0.9411765 0.8784314 1 1 0.9411765 0.8784314 1 0.6901961 0.6705883 0.654902 1 0.6901961 0.6705883 0.654902 1 0.8078432 0.7294118 0.6980392 1 1 0.9411765 0.8784314 1 0.854902 0.7607843 0.6588236 1 0.854902 0.7607843 0.6588236 1 0.854902 0.7607843 0.6588236 1 0.854902 0.7607843 0.6588236 1 1 0.9411765 0.8784314 1 0.8078432 0.7294118 0.6980392 1 0.9294118 0.8745098 0.8470588 1 0.8392157 0.827451 0.8313726 1 0.8392157 0.827451 0.8313726 1 0.6901961 0.6705883 0.654902 1 0.8078432 0.7294118 0.6980392 1</float_array>
          <technique_common>
            <accessor source="#Mesh_430-mesh-colors-Col-array" count="48" stride="4">
              <param name="R" type="float"/>
              <param name="G" type="float"/>
              <param name="B" type="float"/>
              <param name="A" type="float"/>
            </accessor>
          </technique_common>
        </source>
        <vertices id="Mesh_430-mesh-vertices">
          <input semantic="POSITION" source="#Mesh_430-mesh-positions"/>
        </vertices>
        <triangles material="Image_0-material" count="16">
          <input semantic="VERTEX" source="#Mesh_430-mesh-vertices" offset="0"/>
          <input semantic="NORMAL" source="#Mesh_430-mesh-normals" offset="1"/>
          <input semantic="TEXCOORD" source="#Mesh_430-mesh-map-0" offset="2" set="0"/>
          <input semantic="COLOR" source="#Mesh_430-mesh-colors-Col" offset="3" set="0"/>
          <p>1 0 0 0 0 1 1 1 2 2 2 2 1 0 3 3 2 2 4 4 3 3 5 5 5 4 6 6 4 4 7 7 6 4 8 8 5 5 9 9 6 5 10 10 7 5 11 11 9 6 12 12 8 6 13 13 10 7 14 14 9 6 15 15 10 7 16 16 11 8 17 17 12 9 18 18 13 10 19 19 14 11 20 20 14 11 21 21 13 10 22 22 15 12 23 23 14 11 24 24 15 12 25 25 16 13 26 26 16 13 27 27 15 12 28 28 17 14 29 29 19 15 30 30 18 16 31 31 20 17 32 32 22 18 33 33 21 19 34 34 23 20 35 35 25 21 36 36 24 22 37 37 26 23 38 38 28 24 39 39 27 25 40 40 29 26 41 41 31 27 42 42 30 28 43 43 32 29 44 44 34 30 45 45 33 31 46 46 35 32 47 47</p>
        </triangles>
      </mesh>
    </geometry>
    <geometry id="Mesh_375-mesh" name="Mesh_375">
      <mesh>
        <source id="Mesh_375-mesh-positions">
          <float_array id="Mesh_375-mesh-positions-array" count="1251">11.97349 28.20528 196.5824 44.78625 21.06961 172.8709 -31.20098 17.17647 209.9419 -9.911685 -12.95024 170.9882 71.73762 77.2516 236.0064 21.29438 82.90939 192.192 91.88642 46.06906 220.5246 47.82635 57.55558 166.9512 71.73762 77.2516 236.0064 91.88642 46.06906 220.5246 114.1254 81.22509 282.179 133.7099 46.51323 268.845 19.14363 -242.3581 87.31606 -3.687 -179.0254 79.58817 8.556558 -236.6489 116.1649 -11.45232 -178.797 97.00517 -38.98107 -13.0695 244.4409 -27.88058 -122.8876 210.4443 -48.95626 -45.13406 271.5425 -99.57878 -70.91402 285.6001 4.006 -175.9012 62.35784 -37.44007 -135.4901 25.0173 -56.41098 -117.7927 48.3888 -79.56794 -110.448 39.41305 37.32933 2.840823 106.4919 13.21349 -73.11049 94.51889 -9.911685 -12.95024 170.9882 26.01942 -105.0145 122.6871 47.82635 57.55558 166.9512 49.07252 32.18871 165.5713 91.88642 46.06906 220.5246 88.91003 11.21517 219.7909 88.91003 11.21517 219.7909 123.2754 -1.687231 269.4425 91.88642 46.06906 220.5246 133.7099 46.51323 268.845 123.2754 -1.687231 269.4425 140.329 4.533071 317.2078 133.7099 46.51323 268.845 149.1702 32.44017 309.9123 -3.688095 55.58058 209.2525 21.29438 82.90939 192.192 46.42602 59.22332 260.7415 71.73762 77.2516 236.0064 52.56788 -2.624711 263.1348 13.51486 28.02548 196.9386 46.42602 59.22332 260.7415 -3.688095 55.58058 209.2525 -68.24104 -168.7102 455.6514 -31.99239 -174.3883 414.0457 -65.5236 -204.7476 450.9552 -53.85675 -218.7594 379.7408 -91.61901 -173.572 297.3118 -50.8767 -177.7335 298.7565 -109.4812 -245.4636 384.1613 -54.51413 -254.854 383.2758 -53.39331 -154.459 146.0289 -38.39868 -141.531 166.7472 -65.47477 -246.7097 203.8995 -44.03242 -228.2227 233.5263 35.10748 -234.0406 137.6271 34.01491 -166.1966 107.0649 70.72853 -230.2752 129.2329 37.36652 -164.671 87.53908 -3.687 -179.0254 79.58817 19.14363 -242.3581 87.31606 50.11193 -241.5462 84.61975 39.32798 -310.9409 99.91335 -125.3944 -211.5511 437.4028 -109.2481 -186.9232 461.5117 -107.9696 -231.2021 432.4173 -79.8813 -230.2591 444.4547 -33.45972 -124.4793 198.4977 -50.8767 -177.7335 298.7565 -46.74763 -105.9443 216.0869 -91.61901 -173.572 297.3118 -75.23857 -103.0342 215.0766 -94.35784 -222.4219 245.5618 -90.44168 -118.6591 196.4769 -113.3594 -195.9162 270.7151 -75.23857 -103.0342 215.0766 -91.61901 -173.572 297.3118 3.889466 -155.3492 144.3647 -3.075257 -228.8594 232.3366 -12.45192 -144.2823 161.5822 -44.03242 -228.2227 233.5263 -38.39868 -141.531 166.7472 75.79333 -308.1183 90.48609 39.32798 -310.9409 99.91335 57.90298 -336.1691 115.5277 31.92435 -309.0426 139.6854 57.56834 -333.0337 134.6503 -101.9145 -341.4256 361.3062 -110.5311 -319.4014 384.5825 -67.70622 -331.3663 388.7239 -92.47268 -300.6109 401.0172 -55.34577 -300.9404 394.7709 -30.75812 -356.3723 302.8859 -6.125088 -364.108 300.1283 -47.52174 -374.3936 283.0418 6.351593 -379.2435 283.6822 -7.370682 -391.5482 256.0298 75.59393 -237.68 104.6748 37.36652 -164.671 87.53908 50.11193 -241.5462 84.61975 18.72163 -172.9786 73.20602 -3.687 -179.0254 79.58817 39.57926 -166.0313 80.30609 -35.0038 -171.784 117.8841 16.17557 -153.9003 142.5684 -91.10798 -135.6366 192.9137 -27.88058 -122.8876 210.4443 149.1702 32.44017 309.9123 140.329 4.533071 317.2078 125.9956 48.61482 335.6773 118.2391 3.741298 331.2664 114.6053 27.63523 340.1775 9.794981 -7.317654 5.909956 38.75841 -22.54769 43.97711 -9.460098 40.84732 14.47662 -0.6332303 87.53047 68.9099 -50.16589 73.34484 6.596106 25.47079 19.7511 181.4119 13.51486 28.02548 196.9386 59.45584 2.969494 237.4584 52.56788 -2.624711 263.1348 87.95234 -8.538859 309.472 -3.075257 -228.8594 232.3366 3.889466 -155.3492 144.3647 16.43977 -247.9828 201.5192 -10.20147 -165.882 122.3018 -5.002308 -266.4697 171.8921 16.17557 -153.9003 142.5684 -27.88058 -122.8876 210.4443 26.01942 -105.0145 122.6871 -38.98107 -13.0695 244.4409 -9.911685 -12.95024 170.9882 -31.20098 17.17647 209.9419 47.472 57.84429 167.1214 44.78625 21.06961 172.8709 21.29441 82.90938 192.192 11.97349 28.20528 196.5824 -3.688123 55.58057 209.2525 -31.20098 17.17647 209.9419 -53.93559 -322.9452 310.6352 -22.48614 -290.3824 349.3634 -53.6158 -226.5835 247.0065 -31.87524 -204.239 273.6039 -48.66287 -140.1045 179.8982 -33.45972 -124.4793 198.4977 -113.158 -316.7668 308.6701 -53.93559 -322.9452 310.6352 -94.35784 -222.4219 245.5618 -53.6158 -226.5835 247.0065 -77.15385 -137.1943 178.888 -48.66287 -140.1045 179.8982 -57.14983 -26.34506 -18.37776 -58.41406 -89.55147 3.05902 -1.41346 -50.50373 -7.287954 -37.44007 -135.4901 25.0173 9.255945 -89.41362 9.640944 10.54153 -141.7445 35.46096 -57.70351 -53.11376 268.4362 -106.9862 -107.9719 356.3995 -85.80978 -54.64275 263.0582 -121.9455 -138.3297 332.9293 -96.27085 -75.87193 246.6453 -96.71296 -166.5007 317.1486 -78.62564 -95.57222 235.6099 39.32798 -310.9409 99.91335 75.79333 -308.1183 90.48609 50.11193 -241.5462 84.61975 100.6599 -297.0056 115.0773 75.59393 -237.68 104.6748 70.72853 -230.2752 129.2329 37.36652 -164.671 87.53908 47.472 57.84429 167.1214 -0.6332303 87.53047 68.9099 37.32933 2.840823 106.4919 38.75841 -22.54769 43.97711 13.21349 -73.11049 94.51889 26.76691 -103.6582 48.18525 26.01942 -105.0145 122.6871 39.57926 -166.0313 80.30609 87.95234 -8.538859 309.472 52.56788 -2.624711 263.1348 81.03131 34.03261 328.895 46.42602 59.22332 260.7415 91.37356 69.81789 327.5946 114.1254 81.22509 282.179 141.5088 52.01298 312.6068 133.7099 46.51323 268.845 133.7099 46.51323 268.845 149.1702 32.44017 309.9123 141.5088 52.01298 312.6068 125.9956 48.61482 335.6773 91.37356 69.81789 327.5946 114.6053 27.63523 340.1775 81.03131 34.03261 328.895 118.2391 3.741298 331.2664 87.95234 -8.538859 309.472 96.74246 -328.5545 124.7898 87.52426 -328.2709 141.4839 96.48362 -293.1131 148.1564 74.36657 -329.0281 149.259 62.90506 -299.5656 158.7953 31.92435 -309.0426 139.6854 35.10748 -234.0406 137.6271 8.556558 -236.6489 116.1649 6.377969 -171.333 112.0287 -71.20663 -135.2504 438.7431 -109.2481 -186.9232 461.5117 -126.934 -136.681 425.7863 -125.3944 -211.5511 437.4028 -148.7986 -181.0521 391.4817 -107.9696 -231.2021 432.4173 -112.2602 -222.0911 368.4592 -79.8813 -230.2591 444.4547 -53.85675 -218.7594 379.7408 -56.41098 -117.7927 48.3888 -35.0038 -171.784 117.8841 4.006 -175.9012 62.35784 39.57926 -166.0313 80.30609 10.54153 -141.7445 35.46096 26.76691 -103.6582 48.18525 9.255945 -89.41362 9.640944 38.75841 -22.54769 43.97711 -1.41346 -50.50373 -7.287954 9.794981 -7.317654 5.909956 -57.14983 -26.34506 -18.37776 -9.460098 40.84732 14.47662 -50.16589 73.34484 6.596106 -69.07815 -343.702 356.495 -113.158 -316.7668 308.6701 -101.9145 -341.4256 361.3062 -140.9309 -278.0267 345.4334 -110.5311 -319.4014 384.5825 -109.4812 -245.4636 384.1613 -92.47268 -300.6109 401.0172 -54.51413 -254.854 383.2758 -55.34577 -300.9404 394.7709 -22.48614 -290.3824 349.3634 -67.70622 -331.3663 388.7239 -53.93559 -322.9452 310.6352 -69.07815 -343.702 356.495 74.36657 -329.0281 149.259 87.52426 -328.2709 141.4839 57.56834 -333.0337 134.6503 96.74246 -328.5545 124.7898 57.90298 -336.1691 115.5277 81.1892 -332.1683 111.025 75.79333 -308.1183 90.48609 96.74246 -328.5545 124.7898 100.6599 -297.0056 115.0773 96.48362 -293.1131 148.1564 70.72853 -230.2752 129.2329 62.90506 -299.5656 158.7953 35.10748 -234.0406 137.6271 -96.71296 -166.5007 317.1486 -53.85675 -218.7594 379.7408 -56.52074 -164.314 324.839 -31.99239 -174.3883 414.0457 -41.5614 -133.956 348.3093 -71.20663 -135.2504 438.7431 -66.79389 -105.785 364.0897 -126.934 -136.681 425.7863 -106.9862 -107.9719 356.3995 -148.7986 -181.0521 391.4817 -121.9455 -138.3297 332.9293 -112.2602 -222.0911 368.4592 -96.71296 -166.5007 317.1486 -53.85675 -218.7594 379.7408 -89.46777 -113.9886 63.37766 -79.56794 -110.448 39.41305 -74.3623 -121.7122 87.43979 -56.41098 -117.7927 48.3888 -91.10798 -135.6366 192.9137 -35.0038 -171.784 117.8841 -109.4812 -245.4636 384.1613 -91.61901 -173.572 297.3118 -140.9309 -278.0267 345.4334 -113.3594 -195.9162 270.7151 -113.158 -316.7668 308.6701 -94.35784 -222.4219 245.5618 -65.47477 -246.7097 203.8995 -53.39331 -154.459 146.0289 -45.95964 -265.8328 173.0818 -39.74649 -167.832 124.4783 -5.002308 -266.4697 171.8921 -10.20147 -165.882 122.3018 25.47079 19.7511 181.4119 49.07252 32.18871 165.5713 59.45584 2.969494 237.4584 88.91003 11.21517 219.7909 87.95234 -8.538859 309.472 123.2754 -1.687231 269.4425 140.329 4.533071 317.2078 -57.70351 -53.11376 268.4362 -66.79389 -105.785 364.0897 -40.05818 -72.8136 257.4009 -41.5614 -133.956 348.3093 -50.51937 -94.04296 240.9876 -56.52074 -164.314 324.839 -78.62564 -95.57222 235.6099 -96.71296 -166.5007 317.1486 5.785065 -355.4029 204.4745 -7.370682 -391.5482 256.0298 -45.5878 -347.4789 213.4152 -31.71802 -387.4475 250.6688 -82.27554 -326.4283 251.4041 -47.52174 -374.3936 283.0418 -51.26106 -299.5011 294.5588 -30.75812 -356.3723 302.8859 2.343064 -313.0195 291.0975 -6.125088 -364.108 300.1283 33.83591 -330.3997 247.6292 6.351593 -379.2435 283.6822 5.785065 -355.4029 204.4745 -7.370682 -391.5482 256.0298 5.785065 -355.4029 204.4745 -5.002308 -266.4697 171.8921 33.83591 -330.3997 247.6292 16.43977 -247.9828 201.5192 2.343064 -313.0195 291.0975 -3.075257 -228.8594 232.3366 -51.26106 -299.5011 294.5588 -44.03242 -228.2227 233.5263 -82.27554 -326.4283 251.4041 -65.47477 -246.7097 203.8995 -45.5878 -347.4789 213.4152 -45.95964 -265.8328 173.0818 5.785065 -355.4029 204.4745 -5.002308 -266.4697 171.8921 -99.57878 -70.91402 285.6001 -27.88058 -122.8876 210.4443 -91.10798 -135.6366 192.9137 47.472 57.84429 167.1214 37.32933 2.840823 106.4919 44.78625 21.06961 172.8709 -11.45232 -178.797 97.00517 6.377969 -171.333 112.0287 8.556558 -236.6489 116.1649 57.56834 -333.0337 134.6503 31.92435 -309.0426 139.6854 74.36657 -329.0281 149.259 6.377969 -171.333 112.0287 34.01491 -166.1966 107.0649 35.10748 -234.0406 137.6271 19.14363 -242.3581 87.31606 8.556558 -236.6489 116.1649 39.32798 -310.9409 99.91335 39.32798 -310.9409 99.91335 8.556558 -236.6489 116.1649 31.92435 -309.0426 139.6854 -77.15385 -137.1943 178.888 -90.44168 -118.6591 196.4769 -94.35784 -222.4219 245.5618 -53.93559 -322.9452 310.6352 -113.158 -316.7668 308.6701 -69.07815 -343.702 356.495 -101.9145 -341.4256 361.3062 -67.70622 -331.3663 388.7239 -69.07815 -343.702 356.495 -50.8767 -177.7335 298.7565 -31.87524 -204.239 273.6039 -54.51413 -254.854 383.2758 -54.51413 -254.854 383.2758 -31.87524 -204.239 273.6039 -22.48614 -290.3824 349.3634 -50.8767 -177.7335 298.7565 -33.45972 -124.4793 198.4977 -31.87524 -204.239 273.6039 -71.20663 -135.2504 438.7431 -31.99239 -174.3883 414.0457 -68.24104 -168.7102 455.6514 -106.9862 -107.9719 356.3995 -57.70351 -53.11376 268.4362 -66.79389 -105.785 364.0897 -109.2481 -186.9232 461.5117 -71.20663 -135.2504 438.7431 -68.24104 -168.7102 455.6514 -68.24104 -168.7102 455.6514 -65.5236 -204.7476 450.9552 -109.2481 -186.9232 461.5117 -65.5236 -204.7476 450.9552 -53.85675 -218.7594 379.7408 -79.8813 -230.2591 444.4547 39.57926 -166.0313 80.30609 16.17557 -153.9003 142.5684 26.01942 -105.0145 122.6871 -9.911685 -12.95024 170.9882 44.78625 21.06961 172.8709 37.32933 2.840823 106.4919 47.472 57.84429 167.1214 21.29441 82.90938 192.192 -0.6332303 87.53047 68.9099 4.006 -175.9012 62.35784 10.54153 -141.7445 35.46096 -37.44007 -135.4901 25.0173 -58.41406 -89.55147 3.05902 -79.56794 -110.448 39.41305 -37.44007 -135.4901 25.0173 -31.71802 -387.4475 250.6688 -47.52174 -374.3936 283.0418 -7.370682 -391.5482 256.0298 -79.8813 -230.2591 444.4547 -109.2481 -186.9232 461.5117 -65.5236 -204.7476 450.9552 71.73762 77.2516 236.0064 114.1254 81.22509 282.179 46.42602 59.22332 260.7415 118.2391 3.741298 331.2664 140.329 4.533071 317.2078 87.95234 -8.538859 309.472 -50.16589 73.34484 6.596106 -0.6332303 87.53047 68.9099 21.29441 82.90938 192.192</float_array>
          <technique_common>
            <accessor source="#Mesh_375-mesh-positions-array" count="417" stride="3">
              <param name="X" type="float"/>
              <param name="Y" type="float"/>
              <param name="Z" type="float"/>
            </accessor>
          </technique_common>
        </source>
        <source id="Mesh_375-mesh-normals">
          <float_array id="Mesh_375-mesh-normals-array" count="1251">0.5773338 -0.5773611 0.5773561 0.5773561 -0.5773432 0.5773516 0.57736 -0.5773486 0.5773422 0.5773566 -0.5773507 0.5773434 -0.5773726 0.5773562 -0.577322 -0.5773341 0.5773295 -0.5773875 -0.5773583 0.5773584 -0.5773341 -0.5773525 0.5773135 -0.5773848 -0.5773653 0.577328 -0.5773576 -0.5773453 0.5773852 -0.5773203 -0.5773633 0.5773382 -0.5773495 -0.5773679 0.5773415 -0.5773415 0.5773112 -0.5773767 0.5773631 0.577344 -0.5773752 0.5773319 0.5773496 -0.5773386 0.5773626 0.5773521 -0.5773621 0.5773367 0.5773267 -0.5773651 0.5773591 -0.5773631 0.5773541 -0.5773336 0.5773604 -0.5773403 0.5773501 0.5773451 -0.5773667 0.5773391 0.5773243 -0.5773504 0.5773761 0.5773832 -0.5773673 0.5773004 0.5773392 -0.5773546 0.5773571 0.577354 -0.5773596 0.5773372 1 1.51247e-6 1.63913e-5 0.5773608 -0.5773388 0.5773515 0.5773677 -0.5773628 0.5773203 -0.577321 0.5773674 -0.5773626 -0.5772947 0.5774075 -0.5773487 -0.5773353 0.5773786 -0.5773369 -0.5773721 0.5773854 -0.5772933 0.5773466 -0.5773258 0.5773785 0.5773639 -0.5773421 0.5773449 0.5773321 -0.5774045 0.5773143 -0.5773701 0.5773882 -0.5772925 -0.5773981 0.5773165 -0.5773363 0.5773454 -0.5773792 0.5773262 0.5773597 -0.5773534 0.5773378 -0.5773429 0.5773157 -0.5773923 -0.5773209 0.5773175 -0.5774126 -0.5773252 0.5773534 -0.5773723 -0.5773289 0.5773668 -0.5773552 -0.5773367 0.5773744 -0.5773397 -0.5773266 0.5773785 -0.5773459 0.5773222 -0.5773716 0.5773571 0.5773858 -0.5773488 0.5773163 -0.5773455 0.5773303 -0.5773751 0.5773342 -0.5773526 0.577364 0.5773303 -0.5773646 0.577356 -0.577409 0.5773004 -0.5773414 0.5773606 -0.577334 0.5773564 0.5773282 -0.5773624 0.5773602 -0.5773666 0.5773312 -0.5773531 -0.5774053 0.5773338 -0.5773117 -0.5773079 0.577323 -0.5774199 -0.5773546 0.577314 -0.5773823 -0.5773428 0.577347 -0.5773609 1 4.51505e-6 1.93119e-5 -0.5773695 0.5773044 -0.5773769 -0.5773434 0.5773488 -0.5773587 -0.5774011 0.5773029 -0.5773469 -0.5773816 0.5773755 -0.5772938 -0.5773699 0.577299 -0.5773819 -0.5773484 0.5773122 -0.5773904 0.5773571 -0.5773646 0.5773292 0.5773339 -0.5773233 0.5773937 0.5773937 -0.5773321 0.5773251 0.5773715 -0.577362 0.5773174 0.5773409 -0.5773288 0.5773813 0.5773445 -0.5773371 0.5773692 0.5773582 -0.5773189 0.5773737 0.5773742 -0.5773147 0.577362 -0.5773615 0.5773634 -0.5773261 -0.5773693 0.5773323 -0.5773493 -0.57735 0.5773589 -0.5773419 -0.5773782 0.5773302 -0.5773424 -0.5773069 0.5773607 -0.5773833 -0.5773574 0.5773422 -0.5773513 0.5773497 -0.5773972 0.5773038 -0.5773599 0.5773571 -0.5773339 -0.5773547 0.5773668 -0.5773294 -0.5773581 0.5773601 -0.5773327 -0.5773655 0.5773336 -0.5773519 -0.5773401 0.5774016 -0.5773091 -0.5773567 0.5773088 -0.5773854 -0.5773275 0.5773555 -0.577368 -0.5773147 0.5773641 -0.5773722 0.5773611 -0.5773425 0.5773473 0.5774038 -0.5773416 0.5773055 0.5773571 -0.5773483 0.5773454 0.5773355 -0.5773419 0.5773735 0.5773459 -0.5773391 0.5773659 0.5773582 -0.577362 0.5773308 0.5773503 -0.577384 0.5773166 0.5773707 -0.5773203 0.5773599 0.577353 -0.5773583 0.5773395 0.5773414 -0.5773567 0.5773528 0.5773319 -0.5773397 0.5773792 0.57736 -0.5773146 0.5773764 0.5773425 -0.5773498 0.5773585 0.5773333 -0.5773432 0.5773743 0.5773581 -0.5773528 0.57734 -0.5773724 0.5772962 -0.5773822 -0.5773537 0.577354 -0.5773432 0.5773714 -0.5773382 0.5773414 0.5773302 -0.5773366 0.5773841 0.5773233 -0.5773656 0.577362 0.5773536 -0.5773295 0.5773678 0.5773491 -0.5773649 0.577337 0.5773458 -0.577372 0.5773331 0.5773336 -0.5773345 0.5773828 0.5773655 -0.5773493 0.5773361 0.5773547 -0.5773597 0.5773365 -0.5773644 0.577317 -0.5773695 -0.5773319 0.577355 -0.5773639 0.5773487 -0.5773456 0.5773566 0.5773327 -0.5773586 0.5773595 -0.5773421 0.5773469 -0.5773618 -0.5773507 0.5773825 -0.5773176 -0.5773531 0.5773665 -0.5773314 -0.5773567 0.5773167 -0.5773774 -0.5773421 0.5773632 -0.5773457 0.5773485 -0.5773447 0.5773577 0.5773463 -0.5773324 0.5773721 0.5773181 -0.5773538 0.5773789 0.5773151 -0.5773726 0.5773632 0.5773276 -0.5773479 0.5773754 -0.5773572 0.5773173 -0.5773763 -0.5773157 0.5773372 -0.5773979 -0.5773707 0.5773401 -0.5773402 0.5773341 -0.5773614 0.5773553 0.5773372 -0.5773821 0.5773316 0.5773589 -0.577364 0.5773281 1 -1.56611e-5 2.14577e-6 -0.5772995 0.5773916 -0.5773598 -0.5773897 0.5773466 -0.5773145 0.5773561 -0.5773652 0.5773296 -0.5773517 0.5773395 -0.5773597 0.5773255 -0.5773726 0.5773527 -0.5773812 0.5773009 -0.5773688 1 2.36928e-5 1.51098e-5 0.577345 -0.5773493 0.5773566 0.5773483 -0.577344 0.5773587 0.5773303 -0.5773709 0.5773497 0.5773548 -0.5773363 0.5773598 0.5773753 -0.5772974 0.5773781 0.5773544 -0.5773543 0.577342 -0.5773079 0.5773617 -0.5773813 0.5773659 -0.5773504 0.5773346 -0.5773062 0.5773923 -0.5773524 0.5773766 -0.5773085 0.5773659 0.5773444 -0.5773242 0.5773822 0.5773532 -0.5773823 0.5773153 0.5773773 -0.5773192 0.5773546 0.5773488 -0.5773684 0.5773337 0.5773894 -0.5773463 0.5773153 0.5773274 -0.5773487 0.5773747 -0.5773459 0.5773401 -0.5773648 0.5773848 -0.5773551 0.5773109 0.5772885 -0.5773538 0.5774085 0.5773021 -0.5773345 0.5774143 0.5773142 -0.5773422 0.5773944 -0.5773487 0.5773656 -0.5773366 -0.5773376 0.577355 -0.5773584 -0.5773525 0.5773702 -0.5773281 -0.5773727 0.5773404 -0.5773378 0.5772995 -0.5773786 0.5773728 0.5773394 -0.5773701 0.5773416 0.5773365 -0.5773698 0.5773447 0.5773751 -0.5773257 0.5773501 0.5773392 -0.5773293 0.5773825 0.5773456 -0.5773453 0.57736 -0.5773524 0.5773398 -0.5773587 -0.5773528 0.5773544 -0.5773436 -0.5773897 0.5772914 -0.5773697 -0.5773119 0.5774102 -0.5773288 -0.5773053 0.577417 -0.5773286 -0.5773696 0.5773915 -0.5772898 0.5773301 -0.577336 0.5773848 -0.5773439 0.5773404 -0.5773667 1 -7.59214e-6 -1.43647e-5 1 6.71763e-6 5.26011e-6 -0.5773516 0.5773934 -0.5773059 0.5773576 -0.5773971 0.5772963 0.5773971 -0.5773694 0.5772845 0.5773273 -0.5773956 0.5773281 0.5773695 -0.5773821 0.5772992 -0.5773438 0.5773345 -0.5773724 -0.5773723 0.5773161 -0.5773625 -0.5773441 0.5773638 -0.5773429 -0.5773379 0.5773653 -0.5773476 -0.5773295 0.5773345 -0.577387 -0.5773056 0.5773918 -0.5773535 -0.5773091 0.577371 -0.5773708 -0.5773883 0.5773329 -0.5773297 -0.577389 0.5773305 -0.5773314 -0.5773695 0.5773302 -0.5773512 0.5773479 -0.5773578 0.5773451 0.5773537 -0.5773619 0.5773354 0.5773466 -0.577323 0.5773813 0.5773552 -0.5773127 0.5773831 0.5773428 -0.5773543 0.5773537 0.5773573 -0.5773229 0.5773708 0.577337 -0.5773683 0.5773457 0.5773785 -0.5773339 0.5773385 -0.5773539 0.5773624 -0.5773346 0.5773467 -0.5773817 0.5773226 -0.5773144 0.5773632 -0.5773733 -0.5773966 0.5773432 -0.577311 -0.5773535 0.5774247 -0.5772728 0.5773454 -0.5773674 0.577338 -0.5773711 0.577291 -0.5773889 -0.5773401 0.5773811 -0.5773297 0.5773413 -0.5773673 0.5773423 0.5773482 -0.577329 0.5773737 0.5773681 -0.5773418 0.577341 0.5773626 -0.5773681 0.5773202 0.5773833 -0.5773455 0.577322 0.5773526 -0.5773443 0.5773539 0.5773583 -0.5773575 0.5773351 0.5773864 -0.5773037 0.5773609 0.5772974 -0.5773645 0.577389 0.5773532 -0.5773575 0.5773401 0.5773518 -0.5773716 0.5773274 1 7.49528e-6 -2.24113e-5 0.577323 -0.5773711 0.5773567 -0.5773121 0.5773897 -0.5773491 0.5773609 -0.57731 0.57738 -0.5773488 0.5773361 -0.5773659 -0.5773518 0.5773493 -0.5773499 -0.5773364 0.5773627 -0.5773518 -0.5773664 0.5773365 -0.577348 0.5773031 -0.5773492 0.5773987 0.5773414 -0.5773618 0.5773477 0.5773529 -0.5773621 0.5773359 0.5773369 -0.5773605 0.5773535 0.5773475 -0.5773231 0.5773803 -0.5773229 0.577367 -0.5773611 0.5773268 -0.5773792 0.5773449 -0.5773528 0.5773814 -0.5773167 0.5773441 -0.5773573 0.5773495 0.5773552 -0.5773452 0.5773504 0.5773719 -0.5773427 0.5773364 0.5773561 -0.5773542 0.5773406 0.5773345 -0.57736 0.5773565 0.5773599 -0.5773624 0.5773286 0.5773456 -0.5773351 0.5773702 0.5773503 -0.57736 0.5773407 0.5773733 -0.5773351 0.5773426 0.5773621 -0.5773272 0.5773617 0.5773187 -0.5773548 0.5773774 0.5773602 -0.5773275 0.5773633 0.5773752 -0.5773214 0.5773543 -0.5773443 0.5773622 -0.5773444 0.5773354 -0.5773645 0.577351 -0.5773551 0.5773164 -0.5773794 -0.5773482 0.5773945 -0.5773081 -0.5773835 0.5772809 -0.5773864 0.5773505 -0.5773777 0.5773226 0.577354 -0.5773601 0.5773369 0.5773608 -0.5773464 0.5773436 0.5773701 -0.5773668 0.5773141 -0.5773351 0.5773535 -0.5773622 -0.5773529 0.5773539 -0.5773441 -0.5773847 0.5773392 -0.5773269 -0.5773331 0.5773749 -0.5773429 -0.5773613 0.5773409 -0.5773487 0.5773867 -0.5773147 0.5773494 -0.5773552 0.5773355 -0.5773602 0.5773652 -0.5773596 0.5773259 0.5773211 -0.5774004 0.5773293 0.5773715 -0.5773531 0.5773263 0.5773745 -0.5773379 0.5773385 0.5773682 -0.5773392 0.5773434 0.5773432 -0.577334 0.5773736 0.5773786 -0.5773538 0.5773185 0.5773702 -0.5773692 0.5773115 0.5773268 -0.5774133 0.5773108 -0.5773524 0.5773595 -0.5773389 -0.5773578 0.5773259 -0.5773671 0.5773483 -0.5773604 0.5773423 -0.5773715 0.5773362 -0.5773431 0.5773435 -0.5773614 0.577346 0.5773333 -0.5773535 0.5773641 -0.5773221 0.5773554 -0.5773735 1 -1.74269e-5 1.24574e-5 0.5773523 -0.5773436 0.577355 0.5773638 -0.5773338 0.5773532 0.5772916 -0.5773366 0.5774227 0.5773254 -0.5773221 0.5774035 0.5773403 -0.57735 0.5773605 0.5733255 -0.579013 0.5796912 0.5773375 -0.5773482 0.5773652 0.5773125 -0.5773732 0.5773651 0.5773864 -0.5773462 0.5773182 0.5773603 -0.5773531 0.5773375 0.5773834 -0.5773285 0.577339 -0.5773499 0.5774084 -0.5772926 -0.5773366 0.5774072 -0.5773071 -0.5773293 0.5773733 -0.5773482 -0.5773838 0.5773288 -0.5773383 0.5773731 -0.5773266 0.5773512 0.5773546 -0.5773266 0.5773698 0.5773503 -0.5773636 0.577337 0.5773053 -0.5773891 0.5773564 0.5773589 -0.5773392 0.5773528 0.5773928 -0.577335 0.5773231 0.5773655 -0.5773115 0.5773739 0.577333 -0.5773593 0.5773587 0.5773298 -0.5773488 0.5773724 0.577372 -0.5773327 0.5773462 -0.5773647 0.577353 -0.5773332 0.5773301 -0.5773642 0.5773566 -0.5773666 0.5773083 -0.577376 0.5773639 -0.5773513 0.5773356 0.5773343 -0.5773684 0.5773481 0.5773438 -0.5773455 0.5773615 0.5773509 -0.5773589 0.577341 0.5773363 -0.5773768 0.5773378 0.5773489 -0.577351 0.577351 0.5773465 -0.5773358 0.5773687 0.5773602 -0.5773256 0.5773651 -0.5773577 0.5773595 -0.5773337 -0.5773807 0.5772947 -0.5773756 -0.5773414 0.5773262 -0.5773832 -0.5773679 0.5773367 -0.5773463 -0.5773538 0.5773548 -0.5773422 0.5773221 -0.5773511 0.5773777 -0.5773707 0.5773406 -0.5773395 0.5773828 -0.5773282 0.5773399 0.5773401 -0.5773492 0.5773615 0.5773805 -0.5773229 0.5773475 0.577378 -0.5773535 0.5773193 0.5773724 -0.5773646 0.5773138 0.5773664 -0.5773512 0.5773332 0.5773648 -0.577347 0.577339 0.5773623 -0.5773859 0.5773027 -0.5774126 0.577299 -0.5773392 0.5773729 -0.5773204 0.5773575 -0.5772839 0.5774013 -0.5773656 -0.5772815 0.5774062 -0.5773632 -0.5772919 0.5773871 -0.5773719 0.5773643 -0.5773707 0.5773158 0.5773667 -0.5773212 0.5773628 0.5773648 -0.5773546 0.5773316 -0.5773398 0.5773943 -0.5773169 -0.5773218 0.5774047 -0.5773244 -0.5772958 0.5774216 -0.5773335 0.577369 -0.577386 0.5772958 0.5773485 -0.5773639 0.5773385 0.5773715 -0.5773888 0.5772905 0.5774046 -0.5773513 0.5772949 0.5773963 -0.5773387 0.5773158 0.5773964 -0.5773387 0.5773157 -0.5773746 0.5773553 -0.5773209 0.5773438 -0.5773921 0.5773149 0.5773075 -0.5773692 0.5773741 0.5773373 -0.5773588 0.5773549 0.5773006 -0.5773684 0.5773817 0.5774059 -0.5773404 0.5773046 0.5773778 -0.5773402 0.5773328 0.5773645 -0.5773328 0.5773535 0.5773603 -0.5773298 0.5773607 -0.5773879 0.5773194 -0.5773435 -0.5773902 0.5773214 -0.5773392 -0.5773851 0.5773169 -0.5773488 -0.5772975 0.5773701 -0.5773832 -0.5772933 0.5773675 -0.5773901 0.5773657 -0.5773569 0.5773283 -0.5773873 0.5773557 -0.5773078 -0.5773651 0.5773365 -0.5773494 -0.5773659 0.5773373 -0.5773476 0.5773282 -0.5773478 0.5773749 -0.5773219 0.5773468 -0.5773823 -0.5773268 0.5773479 -0.5773761 -0.5772824 0.5773778 -0.5773907 -0.5773533 0.5773459 -0.5773517 -0.577364 0.5773411 -0.5773458 -0.5773851 0.5773306 -0.5773351 0.5773618 -0.5773478 0.5773413 -0.5773488 0.5773571 -0.577345 0.5773143 -0.5773838 0.5773528 -0.577351 0.5773134 -0.5773866 0.5773209 -0.577378 0.5773519 0.5773314 -0.5773736 0.5773459 0.5773507 -0.5773339 0.5773663 0.5773441 -0.5773473 0.5773596 1 -5.42402e-6 1.31819e-5 0.5773558 -0.5773509 0.5773442 -0.5773315 0.5774036 -0.5773158 0.5773212 -0.5773578 0.5773719 0.577363 -0.5773362 0.5773516 0.5773565 -0.5773396 0.5773549 -0.5773102 0.5773293 -0.5774114 -0.5773409 0.5773628 -0.5773472 -0.5773553 0.5773785 -0.577317 0.5773805 -0.5773572 0.5773131 0.5773353 -0.577385 0.5773306 0.5773061 -0.577403 0.5773419 0.577328 -0.5773846 0.5773383 0.5773026 -0.5773865 0.5773618 0.5773186 -0.5773853 0.577347 0.5773305 -0.5773447 0.5773757 0.5773363 -0.5773469 0.5773677 0.5773618 -0.5773662 0.5773229 0.5773491 -0.5773506 0.5773512 0.5773558 -0.5773416 0.5773535 0.5773724 -0.5773199 0.5773586 -0.5773211 0.577378 -0.5773518 -0.5773699 0.5773511 -0.5773299 -0.5773378 0.577369 -0.5773441 0.5773263 -0.5773527 0.5773719 0.5773312 -0.5773531 0.5773666 0.5773155 -0.5773518 0.5773836 -0.5773602 0.5773372 -0.5773535 -0.5773879 0.5773236 -0.5773394 -0.5773088 0.5773624 -0.5773797</float_array>
          <technique_common>
            <accessor source="#Mesh_375-mesh-normals-array" count="417" stride="3">
              <param name="X" type="float"/>
              <param name="Y" type="float"/>
              <param name="Z" type="float"/>
            </accessor>
          </technique_common>
        </source>
        <source id="Mesh_375-mesh-map-0">
          <float_array id="Mesh_375-mesh-map-0-array" count="1530">0.7818099 0.2146956 0.788733 0.2017264 0.7834956 0.191825 0.7818099 0.2146956 0.7834956 0.191825 0.7609454 0.2099569 0.8214733 0.2137886 0.8228238 0.1865754 0.8038012 0.1909253 0.8214733 0.2137886 0.8038012 0.1909253 0.8033197 0.2245315 0.8038012 0.1909253 0.8228238 0.1865754 0.8317736 0.1507176 0.8038012 0.1909253 0.8317736 0.1507176 0.8072128 0.1640629 0.6501101 0.236054 0.612495 0.2205054 0.6191136 0.204214 0.6501101 0.236054 0.6191136 0.204214 0.6521517 0.2256632 0.6984953 0.1673731 0.768897 0.1659508 0.7523863 0.1441926 0.6984953 0.1673731 0.7523863 0.1441926 0.7382672 0.1313293 0.6748047 0.274414 0.6552734 0.2470702 0.6840465 0.2606408 0.6748047 0.274414 0.6840465 0.2606408 0.6826172 0.274414 0.716059 0.2453756 0.7634887 0.251302 0.7609454 0.2099569 0.716059 0.2453756 0.7609454 0.2099569 0.6997619 0.2230065 0.7877646 0.2209842 0.8033197 0.2245315 0.8038012 0.1909253 0.7877646 0.2209842 0.8038012 0.1909253 0.7809513 0.1848987 0.7785401 0.1529417 0.7809513 0.1848987 0.8038012 0.1909253 0.7785401 0.1529417 0.8038012 0.1909253 0.8072128 0.1640629 0.7871474 0.1275429 0.7785401 0.1529417 0.8072128 0.1640629 0.7871474 0.1275429 0.8072128 0.1640629 0.8036856 0.1345919 0.8214733 0.2137886 0.8067413 0.1988598 0.8145785 0.1686552 0.8214733 0.2137886 0.8145785 0.1686552 0.8228238 0.1865754 0.7886629 0.2014824 0.7938458 0.1612603 0.8145785 0.1686552 0.7886629 0.2014824 0.8145785 0.1686552 0.8067413 0.1988598 0.6894636 0.0365706 0.6895087 0.0118454 0.6757906 0.006215631 0.6894636 0.0365706 0.6757906 0.006215631 0.6587716 0.04946202 0.6748375 0.1050321 0.6772061 0.1066142 0.6430377 0.04221028 0.6748375 0.1050321 0.6430377 0.04221028 0.6395005 0.03996855 0.6824002 0.1903253 0.6722864 0.200503 0.6225884 0.1499415 0.6824002 0.1903253 0.6225884 0.1499415 0.6370518 0.135388 0.6609025 0.2218121 0.6230423 0.1918119 0.6244118 0.1974878 0.6609025 0.2218121 0.6244118 0.1974878 0.6596955 0.2337676 0.612495 0.2205054 0.6501101 0.236054 0.6126936 0.2222601 0.612495 0.2205054 0.6126936 0.2222601 0.5722239 0.2011366 0.6878811 0.005951106 0.6706879 0.01241725 0.6569703 0.01577228 0.6878811 0.005951106 0.6569703 0.01577228 0.658598 0.01268118 0.6748375 0.1050321 0.6962238 0.1742524 0.7094012 0.1669154 0.6748375 0.1050321 0.7094012 0.1669154 0.6772061 0.1066142 0.6772061 0.1066142 0.7094012 0.1669154 0.7110576 0.1680219 0.6995373 0.1764662 0.6418889 0.1291809 0.6607326 0.1186886 0.6995373 0.1764662 0.6607326 0.1186886 0.7110576 0.1680219 0.7110576 0.1680219 0.6607326 0.1186886 0.6772061 0.1066142 0.636535 0.1359902 0.6715644 0.2013457 0.6801652 0.1929441 0.636535 0.1359902 0.6801652 0.1929441 0.6370518 0.135388 0.6370518 0.135388 0.6801652 0.1929441 0.6824002 0.1903253 0.5722239 0.2011366 0.5729078 0.207268 0.5609763 0.1877259 0.5722239 0.2011366 0.5609763 0.1877259 0.5758808 0.1789472 0.5758808 0.1789472 0.5609763 0.1877259 0.5626026 0.1765252 0.596562 0.03060573 0.5827912 0.03827267 0.5930258 0.02836304 0.596562 0.03060573 0.5930258 0.02836304 0.6085641 0.0218169 0.6085641 0.0218169 0.5930258 0.02836304 0.6067963 0.02069574 0.5618102 0.07207423 0.5622239 0.07159703 0.5516901 0.08219665 0.5618102 0.07207423 0.5516901 0.08219665 0.5508625 0.08315044 0.5508625 0.08315044 0.5516901 0.08219665 0.5403294 0.09374982 0.6596955 0.2337676 0.6172322 0.2109175 0.6126936 0.2222601 0.6596955 0.2337676 0.6126936 0.2222601 0.6530848 0.240918 0.6530848 0.240918 0.6126936 0.2222601 0.6501101 0.236054 0.6586912 0.2143697 0.6580791 0.2378646 0.6722473 0.2026712 0.6586912 0.2143697 0.6722473 0.2026712 0.6888381 0.1756727 0.6888381 0.1756727 0.6722473 0.2026712 0.6984953 0.1673731 0.7871474 0.1275429 0.8036856 0.1345919 0.8167467 0.1181707 0.7871474 0.1275429 0.8167467 0.1181707 0.7874171 0.1165222 0.7874171 0.1165222 0.8167467 0.1181707 0.8036419 0.1117475 0.7412421 0.2843605 0.7449332 0.318772 0.776516 0.3129571 0.7412421 0.2843605 0.776516 0.3129571 0.8154297 0.2861328 0.8154297 0.2861328 0.776516 0.3129571 0.7953899 0.3232796 0.7886629 0.2014824 0.7819422 0.2093539 0.7778748 0.1728977 0.7886629 0.2014824 0.7778748 0.1728977 0.7938458 0.1612603 0.7938458 0.1612603 0.7778748 0.1728977 0.7757701 0.1266477 0.6715644 0.2013457 0.636535 0.1359902 0.6215553 0.1511473 0.6715644 0.2013457 0.6215553 0.1511473 0.6627578 0.2127419 0.6627578 0.2127419 0.6215553 0.1511473 0.6070926 0.1657014 0.6984953 0.1673731 0.6722473 0.2026712 0.6997619 0.2230065 0.6984953 0.1673731 0.6997619 0.2230065 0.768897 0.1659508 0.768897 0.1659508 0.6997619 0.2230065 0.7609454 0.2099569 0.768897 0.1659508 0.7609454 0.2099569 0.7834956 0.191825 0.7818099 0.2146956 0.8035135 0.2244797 0.8214733 0.2137886 0.7818099 0.2146956 0.8214733 0.2137886 0.788733 0.2017264 0.788733 0.2017264 0.8214733 0.2137886 0.8067413 0.1988598 0.788733 0.2017264 0.8067413 0.1988598 0.7834956 0.191825 0.6119589 0.05530363 0.5879541 0.07287985 0.6395199 0.1275982 0.6119589 0.05530363 0.6395199 0.1275982 0.6559942 0.1155237 0.6559942 0.1155237 0.6395199 0.1275982 0.6847034 0.182696 0.6559942 0.1155237 0.6847034 0.182696 0.6962238 0.1742524 0.5879541 0.07287985 0.5914918 0.07512217 0.6418889 0.1291809 0.5879541 0.07287985 0.6418889 0.1291809 0.6395199 0.1275982 0.6395199 0.1275982 0.6418889 0.1291809 0.6863604 0.183803 0.6395199 0.1275982 0.6863604 0.183803 0.6847034 0.182696 0.6962891 0.2998046 0.731229 0.3308749 0.7186649 0.3102383 0.6962891 0.2998046 0.7186649 0.3102383 0.6748047 0.274414 0.6748047 0.274414 0.7186649 0.3102383 0.7001953 0.2880859 0.6748047 0.274414 0.7001953 0.2880859 0.6689453 0.2626953 0.7234981 0.08254247 0.747201 0.1446772 0.7456851 0.1476338 0.7234981 0.08254247 0.7456851 0.1476338 0.7024983 0.09136265 0.7024983 0.09136265 0.7456851 0.1476338 0.7310007 0.1538017 0.7024983 0.09136265 0.7310007 0.1538017 0.6836681 0.09595507 0.6836681 0.09595507 0.7310007 0.1538017 0.7178322 0.1570128 0.5729078 0.207268 0.5722239 0.2011366 0.6126936 0.2222601 0.5729078 0.207268 0.6126936 0.2222601 0.5831364 0.1949544 0.5831364 0.1949544 0.6126936 0.2222601 0.6172322 0.2109175 0.5831364 0.1949544 0.6172322 0.2109175 0.6244118 0.1974878 0.6244118 0.1974878 0.6172322 0.2109175 0.6596955 0.2337676 0.8154297 0.2861328 0.8035135 0.2244797 0.7634887 0.251302 0.8154297 0.2861328 0.7634887 0.251302 0.7412421 0.2843605 0.7412421 0.2843605 0.7634887 0.251302 0.716059 0.2453756 0.7412421 0.2843605 0.716059 0.2453756 0.6923055 0.263445 0.6923055 0.263445 0.716059 0.2453756 0.6997619 0.2230065 0.6923055 0.263445 0.6997619 0.2230065 0.6580791 0.2378646 0.7938458 0.1612603 0.7757701 0.1266477 0.8024591 0.1203665 0.7938458 0.1612603 0.8024591 0.1203665 0.8145785 0.1686552 0.8145785 0.1686552 0.8024591 0.1203665 0.8283151 0.1304482 0.8145785 0.1686552 0.8283151 0.1304482 0.8317736 0.1507176 0.8317736 0.1507176 0.8283151 0.1304482 0.8165457 0.1309908 0.8317736 0.1507176 0.8165457 0.1309908 0.8072128 0.1640629 0.8036856 0.1345919 0.8072128 0.1640629 0.8165457 0.1309908 0.8036856 0.1345919 0.8165457 0.1309908 0.8167467 0.1181707 0.8167467 0.1181707 0.8165457 0.1309908 0.8283151 0.1304482 0.8167467 0.1181707 0.8283151 0.1304482 0.8036419 0.1117475 0.8036419 0.1117475 0.8283151 0.1304482 0.8024591 0.1203665 0.8036419 0.1117475 0.8024591 0.1203665 0.7874171 0.1165222 0.7874171 0.1165222 0.8024591 0.1203665 0.7757701 0.1266477 0.5686087 0.1735442 0.5642453 0.1832023 0.5883201 0.1753205 0.5686087 0.1735442 0.5883201 0.1753205 0.5666308 0.1684677 0.5666308 0.1684677 0.5883201 0.1753205 0.585882 0.1655921 0.5666308 0.1684677 0.585882 0.1655921 0.5758808 0.1789472 0.5758808 0.1789472 0.585882 0.1655921 0.6230423 0.1918119 0.5758808 0.1789472 0.6230423 0.1918119 0.6191136 0.204214 0.6191136 0.204214 0.6230423 0.1918119 0.6583255 0.2179536 0.6878811 0.005951106 0.7168998 0.02985996 0.7136441 0.03604179 0.6878811 0.005951106 0.7136441 0.03604179 0.6706879 0.01241725 0.6706879 0.01241725 0.7136441 0.03604179 0.682952 0.04893368 0.6706879 0.01241725 0.682952 0.04893368 0.6569703 0.01577228 0.6569703 0.01577228 0.682952 0.04893368 0.6555159 0.05564349 0.6569703 0.01577228 0.6555159 0.05564349 0.658598 0.01268118 0.658598 0.01268118 0.6555159 0.05564349 0.6587716 0.04946202 0.6586912 0.2143697 0.6840465 0.2606408 0.6552734 0.2470702 0.6586912 0.2143697 0.6552734 0.2470702 0.6580791 0.2378646 0.6580791 0.2378646 0.6552734 0.2470702 0.6689453 0.2626953 0.6580791 0.2378646 0.6689453 0.2626953 0.6923055 0.263445 0.6923055 0.263445 0.6689453 0.2626953 0.7001953 0.2880859 0.6923055 0.263445 0.7001953 0.2880859 0.7412421 0.2843605 0.7412421 0.2843605 0.7001953 0.2880859 0.7186649 0.3102383 0.7412421 0.2843605 0.7186649 0.3102383 0.7449332 0.318772 0.7449332 0.318772 0.7186649 0.3102383 0.731229 0.3308749 0.7449332 0.318772 0.731229 0.3308749 0.776516 0.3129571 0.776516 0.3129571 0.731229 0.3308749 0.7953899 0.3232796 0.5914918 0.07512217 0.5810228 0.03715199 0.5827912 0.03827267 0.5914918 0.07512217 0.5827912 0.03827267 0.6190327 0.05978709 0.6190327 0.05978709 0.5827912 0.03827267 0.596562 0.03060573 0.6190327 0.05978709 0.596562 0.03060573 0.6430377 0.04221028 0.6430377 0.04221028 0.596562 0.03060573 0.6085641 0.0218169 0.6430377 0.04221028 0.6085641 0.0218169 0.6395005 0.03996855 0.6395005 0.03996855 0.6085641 0.0218169 0.6067963 0.02069574 0.6395005 0.03996855 0.6067963 0.02069574 0.6119589 0.05530363 0.6119589 0.05530363 0.6067963 0.02069574 0.5930258 0.02836304 0.6119589 0.05530363 0.5930258 0.02836304 0.5879541 0.07287985 0.5879541 0.07287985 0.5930258 0.02836304 0.5810228 0.03715199 0.5686087 0.1735442 0.5666308 0.1684677 0.5626026 0.1765252 0.5686087 0.1735442 0.5626026 0.1765252 0.5642453 0.1832023 0.5642453 0.1832023 0.5626026 0.1765252 0.5609763 0.1877259 0.5642453 0.1832023 0.5609763 0.1877259 0.5605472 0.1908218 0.5605472 0.1908218 0.5609763 0.1877259 0.5729078 0.207268 0.5605472 0.1908218 0.5729078 0.207268 0.5642453 0.1832023 0.5642453 0.1832023 0.5729078 0.207268 0.5831364 0.1949544 0.5642453 0.1832023 0.5831364 0.1949544 0.5883201 0.1753205 0.5883201 0.1753205 0.5831364 0.1949544 0.6244118 0.1974878 0.5883201 0.1753205 0.6244118 0.1974878 0.585882 0.1655921 0.585882 0.1655921 0.6244118 0.1974878 0.6230423 0.1918119 0.6587716 0.04946202 0.6836681 0.09595507 0.6858356 0.09172683 0.6587716 0.04946202 0.6858356 0.09172683 0.6894636 0.0365706 0.6894636 0.0365706 0.6858356 0.09172683 0.706835 0.08290666 0.6894636 0.0365706 0.706835 0.08290666 0.7168998 0.02985996 0.7168998 0.02985996 0.706835 0.08290666 0.7256661 0.07831424 0.7168998 0.02985996 0.7256661 0.07831424 0.7136441 0.03604179 0.7136441 0.03604179 0.7256661 0.07831424 0.7234981 0.08254247 0.7136441 0.03604179 0.7234981 0.08254247 0.682952 0.04893368 0.682952 0.04893368 0.7234981 0.08254247 0.7024983 0.09136265 0.682952 0.04893368 0.7024983 0.09136265 0.6555159 0.05564349 0.6555159 0.05564349 0.7024983 0.09136265 0.6836681 0.09595507 0.6555159 0.05564349 0.6836681 0.09595507 0.6587716 0.04946202 0.7314453 0.2548828 0.7255859 0.3173828 0.6904297 0.1865233 0.6904297 0.1865233 0.7255859 0.3173828 0.6845703 0.2568359 0.6904297 0.1865233 0.6845703 0.2568359 0.6888381 0.1756727 0.6888381 0.1756727 0.6845703 0.2568359 0.6586912 0.2143697 0.6430377 0.04221028 0.6772061 0.1066142 0.6190327 0.05978709 0.6190327 0.05978709 0.6772061 0.1066142 0.6607326 0.1186886 0.6190327 0.05978709 0.6607326 0.1186886 0.5914918 0.07512217 0.5914918 0.07512217 0.6607326 0.1186886 0.6418889 0.1291809 0.6225884 0.1499415 0.6722864 0.200503 0.6076092 0.1650984 0.6076092 0.1650984 0.6722864 0.200503 0.6618115 0.2111024 0.6076092 0.1650984 0.6618115 0.2111024 0.6070926 0.1657014 0.6070926 0.1657014 0.6618115 0.2111024 0.6627578 0.2127419 0.7819422 0.2093539 0.7877646 0.2209842 0.7778748 0.1728977 0.7778748 0.1728977 0.7877646 0.2209842 0.7809513 0.1848987 0.7778748 0.1728977 0.7809513 0.1848987 0.7757701 0.1266477 0.7757701 0.1266477 0.7809513 0.1848987 0.7785401 0.1529417 0.7757701 0.1266477 0.7785401 0.1529417 0.7871474 0.1275429 0.747201 0.1446772 0.7256661 0.07831424 0.7340329 0.1478882 0.7340329 0.1478882 0.7256661 0.07831424 0.706835 0.08290666 0.7340329 0.1478882 0.706835 0.08290666 0.7193482 0.1540566 0.7193482 0.1540566 0.706835 0.08290666 0.6858356 0.09172683 0.7193482 0.1540566 0.6858356 0.09172683 0.7178322 0.1570128 0.7178322 0.1570128 0.6858356 0.09172683 0.6836681 0.09595507 0.5566466 0.1308551 0.5403294 0.09374982 0.5574741 0.1299012 0.5574741 0.1299012 0.5403294 0.09374982 0.5407443 0.09327381 0.5574741 0.1299012 0.5407443 0.09327381 0.5793685 0.1077486 0.5793685 0.1077486 0.5407443 0.09327381 0.5516901 0.08219665 0.5793685 0.1077486 0.5516901 0.08219665 0.6004346 0.08654946 0.6004346 0.08654946 0.5516901 0.08219665 0.5622239 0.07159703 0.6004346 0.08654946 0.5622239 0.07159703 0.5996071 0.08750301 0.5996071 0.08750301 0.5622239 0.07159703 0.5618102 0.07207423 0.5996071 0.08750301 0.5618102 0.07207423 0.5777134 0.109656 0.5777134 0.109656 0.5618102 0.07207423 0.5508625 0.08315044 0.5777134 0.109656 0.5508625 0.08315044 0.5566466 0.1308551 0.5566466 0.1308551 0.5508625 0.08315044 0.5403294 0.09374982 0.5566466 0.1308551 0.6070926 0.1657014 0.5777134 0.109656 0.5777134 0.109656 0.6070926 0.1657014 0.6215553 0.1511473 0.5777134 0.109656 0.6215553 0.1511473 0.5996071 0.08750301 0.5996071 0.08750301 0.6215553 0.1511473 0.636535 0.1359902 0.5996071 0.08750301 0.636535 0.1359902 0.6004346 0.08654946 0.6004346 0.08654946 0.636535 0.1359902 0.6370518 0.135388 0.6004346 0.08654946 0.6370518 0.135388 0.5793685 0.1077486 0.5793685 0.1077486 0.6370518 0.135388 0.6225884 0.1499415 0.5793685 0.1077486 0.6225884 0.1499415 0.5574741 0.1299012 0.5574741 0.1299012 0.6225884 0.1499415 0.6076092 0.1650984 0.5574741 0.1299012 0.6076092 0.1650984 0.5566466 0.1308551 0.5566466 0.1308551 0.6076092 0.1650984 0.6070926 0.1657014 0.6984953 0.1673731 0.7382672 0.1313293 0.6888381 0.1756727 0.7634887 0.251302 0.8035135 0.2244797 0.7818099 0.2146956 0.6583255 0.2179536 0.6521517 0.2256632 0.6191136 0.204214 0.5758808 0.1789472 0.5626026 0.1765252 0.5666308 0.1684677 0.6609025 0.2218121 0.6583255 0.2179536 0.6230423 0.1918119 0.6191136 0.204214 0.612495 0.2205054 0.5722239 0.2011366 0.6191136 0.204214 0.5722239 0.2011366 0.5758808 0.1789472 0.6995373 0.1764662 0.6863604 0.183803 0.6418889 0.1291809 0.5914918 0.07512217 0.5879541 0.07287985 0.5810228 0.03715199 0.5930258 0.02836304 0.5827912 0.03827267 0.5810228 0.03715199 0.6559942 0.1155237 0.6748375 0.1050321 0.6395005 0.03996855 0.6559942 0.1155237 0.6395005 0.03996855 0.6119589 0.05530363 0.6962238 0.1742524 0.6748375 0.1050321 0.6559942 0.1155237 0.6894636 0.0365706 0.7168998 0.02985996 0.6895087 0.0126267 0.747201 0.1446772 0.7234981 0.08254247 0.7256661 0.07831424 0.7168998 0.02985996 0.6906155 0.01220113 0.6895087 0.01145476 0.6757906 0.006215631 0.6897692 0.01171523 0.6906155 0.01181048 0.6587716 0.04946202 0.6757906 0.006215631 0.658598 0.01268118 0.6722473 0.2026712 0.6580791 0.2378646 0.6997619 0.2230065 0.7818099 0.2146956 0.7609454 0.2099569 0.7634887 0.251302 0.8214733 0.2137886 0.8035135 0.2244797 0.8154297 0.2861328 0.6689453 0.2626953 0.6552734 0.2470702 0.6748047 0.274414 0.6826172 0.274414 0.6962891 0.2998046 0.6748047 0.274414 0.5516901 0.08219665 0.5407443 0.09327381 0.5403294 0.09374982 0.6894436 0.01181048 0.658598 0.01268118 0.6757906 0.006215631 0.8317736 0.1507176 0.8228238 0.1865754 0.8145785 0.1686552 0.7871474 0.1275429 0.7874171 0.1165222 0.7757701 0.1266477 0.8154297 0.2861328 0.7953899 0.3232796 0.8214733 0.2137886</float_array>
          <technique_common>
            <accessor source="#Mesh_375-mesh-map-0-array" count="765" stride="2">
              <param name="S" type="float"/>
              <param name="T" type="float"/>
            </accessor>
          </technique_common>
        </source>
        <source id="Mesh_375-mesh-colors-Col" name="Col">
          <float_array id="Mesh_375-mesh-colors-Col-array" count="3060">1 0.7960785 0.7843137 1 0.9607843 0.8039216 0.8313726 1 0.8470588 0.7333334 0.7647059 1 1 0.7960785 0.7843137 1 0.8470588 0.7333334 0.7647059 1 1 0.8235294 0.7882353 1 0.9411765 0.8235294 0.7686275 1 1 0.972549 0.9019608 1 1 0.8509804 0.7803922 1 0.9411765 0.8235294 0.7686275 1 1 0.8509804 0.7803922 1 0.8862745 0.6784314 0.6196079 1 1 0.8509804 0.7803922 1 1 0.972549 0.9019608 1 1 1 1 1 1 0.8509804 0.7803922 1 1 1 1 1 1 0.9529412 0.8705883 1 0.7294118 0.6392157 0.6666667 1 0.9176471 0.8431373 0.9254902 1 0.8862745 0.8196079 0.8941177 1 0.7294118 0.6392157 0.6666667 1 0.8862745 0.8196079 0.8941177 1 0.7294118 0.6392157 0.6666667 1 0.9568628 0.7843137 0.7843137 1 1 1 0.9882353 1 1 0.9058824 0.9176471 1 0.9568628 0.7843137 0.7843137 1 1 0.9058824 0.9176471 1 0.7843137 0.7137255 0.7607843 1 0.8235294 0.6509804 0.6117647 1 0.7294118 0.6392157 0.6666667 1 0.7372549 0.6431373 0.6666667 1 0.8235294 0.6509804 0.6117647 1 0.7372549 0.6431373 0.6666667 1 0.5921569 0.4117647 0.3333333 1 1 0.7921569 0.7215687 1 1 0.7921569 0.7215687 1 1 0.8235294 0.7843137 1 1 0.7921569 0.7215687 1 1 0.8235294 0.7843137 1 1 0.8117647 0.7490196 1 1 0.7960785 0.7843137 1 0.8862745 0.6784314 0.6196079 1 1 0.8470588 0.7764706 1 1 0.7960785 0.7843137 1 1 0.8470588 0.7764706 1 0.972549 0.7960785 0.8 1 0.9450981 0.7529412 0.7333334 1 0.972549 0.7960785 0.8 1 1 0.8470588 0.7803922 1 0.9450981 0.7529412 0.7333334 1 1 0.8470588 0.7803922 1 1 0.9490196 0.8705883 1 0.9372549 0.7647059 0.7607843 1 0.9450981 0.7529412 0.7333334 1 1 0.9529412 0.8705883 1 0.9372549 0.7647059 0.7607843 1 1 0.9529412 0.8705883 1 1 0.9450981 0.9019608 1 0.8588235 0.6078432 0.8039216 1 0.8 0.5372549 0.7529412 1 0.8470588 0.5607843 0.8 1 0.8588235 0.6078432 0.8039216 1 0.8470588 0.5607843 0.8 1 0.9019608 0.6980392 0.8352941 1 0.7568628 0.7058824 0.7607843 1 0.7529412 0.6078432 0.7372549 1 0.8470588 0.5607843 0.8 1 0.7568628 0.7058824 0.7607843 1 0.8470588 0.5607843 0.8 1 0.8 0.5372549 0.7529412 1 1 0.9843137 0.9686275 1 1 0.9058824 1 1 0.9882353 0.8352941 0.8509804 1 1 0.9843137 0.9686275 1 0.9882353 0.8352941 0.8509804 1 0.8235294 0.6784314 0.6705883 1 1 0.9568628 1 1 1 0.8235294 0.9803922 1 0.8745098 0.6666667 0.8666667 1 1 0.9568628 1 1 0.8745098 0.6666667 0.8666667 1 1 0.9254902 1 1 0.7607843 0.4862745 0.7019608 1 0.8 0.6784314 0.7843137 1 0.7529412 0.5882353 0.7215687 1 0.7607843 0.4862745 0.7019608 1 0.7529412 0.5882353 0.7215687 1 0.8588235 0.6039216 0.827451 1 1 0.7333334 0.8 1 0.772549 0.5372549 0.7372549 1 1 0.8 0.8039216 1 1 0.7333334 0.8 1 1 0.8 0.8039216 1 0.9294118 0.7254902 0.6745098 1 0.9058824 0.8352941 0.9137255 1 0.7294118 0.6392157 0.6666667 1 0.8 0.7254902 0.7803922 1 0.9058824 0.8352941 0.9137255 1 0.8 0.7254902 0.7803922 1 0.8745098 0.8078432 0.882353 1 0.8862745 0.6862745 0.8705883 1 0.5647059 0.4509804 0.5333334 1 0.509804 0.4941176 0.509804 1 0.8862745 0.6862745 0.8705883 1 0.509804 0.4941176 0.509804 1 0.4705882 0.4588235 0.4666666 1 1 0.9568628 1 1 0.9607843 0.7960785 0.7843137 1 1 0.8196079 0.9215686 1 1 0.9568628 1 1 1 0.8196079 0.9215686 1 1 0.8235294 0.9803922 1 1 0.8235294 0.9803922 1 1 0.8196079 0.9215686 1 0.9803922 0.7294118 0.8941177 1 0.7294118 0.6078432 0.7098039 1 0.8980392 0.827451 0.9058824 1 0.6784314 0.5058824 0.6392157 1 0.7294118 0.6078432 0.7098039 1 0.6784314 0.5058824 0.6392157 1 0.7529412 0.4627451 0.6862745 1 0.7529412 0.4627451 0.6862745 1 0.6784314 0.5058824 0.6392157 1 0.7450981 0.4627451 0.682353 1 1 0.8313726 0.9176471 1 0.9019608 0.7960785 0.7843137 1 1 0.7529412 0.854902 1 1 0.8313726 0.9176471 1 1 0.7529412 0.854902 1 0.8588235 0.6039216 0.827451 1 0.8588235 0.6039216 0.827451 1 1 0.7529412 0.854902 1 0.9960784 0.7098039 0.8470588 1 0.8745098 0.8078432 0.882353 1 0.6862745 0.6392157 0.6901961 1 0.4235294 0.4235294 0.4235294 1 0.8745098 0.8078432 0.882353 1 0.4235294 0.4235294 0.4235294 1 0.7647059 0.7098039 0.7686275 1 0.7647059 0.7098039 0.7686275 1 0.4235294 0.4235294 0.4235294 1 0.4235294 0.4235294 0.4235294 1 0.5215687 0.5176471 0.5529412 1 0.5137255 0.509804 0.5372549 1 0.8313726 0.6862745 0.682353 1 0.5215687 0.5176471 0.5529412 1 0.8313726 0.6862745 0.682353 1 0.8431373 0.6980392 0.8627451 1 0.8431373 0.6980392 0.8627451 1 0.8313726 0.6862745 0.682353 1 0.9294118 0.827451 0.8941177 1 0.8901961 0.7607843 0.7882353 1 0.7647059 0.6313726 0.772549 1 0.4470588 0.4431372 0.4509804 1 0.8901961 0.7607843 0.7882353 1 0.4470588 0.4431372 0.4509804 1 0.8235294 0.6431373 0.6039216 1 0.8235294 0.6431373 0.6039216 1 0.4470588 0.4431372 0.4509804 1 0.4431372 0.4431372 0.4470588 1 0.9294118 0.7254902 0.6745098 1 0.9960784 0.7450981 0.6745098 1 0.8 0.7254902 0.7803922 1 0.9294118 0.7254902 0.6745098 1 0.8 0.7254902 0.7803922 1 0.7960785 0.7372549 0.7960785 1 0.7960785 0.7372549 0.7960785 1 0.8 0.7254902 0.7803922 1 0.7294118 0.6392157 0.6666667 1 0.6745098 0.5647059 0.5529412 1 0.9294118 0.7019608 0.6392157 1 0.9098039 0.7137255 0.6862745 1 0.6745098 0.5647059 0.5529412 1 0.9098039 0.7137255 0.6862745 1 0.7372549 0.6431373 0.6666667 1 0.7372549 0.6431373 0.6666667 1 0.9098039 0.7137255 0.6862745 1 0.9607843 0.7960785 0.7843137 1 0.9372549 0.7647059 0.7607843 1 1 0.9490196 0.9058824 1 1 0.9372549 0.9882353 1 0.9372549 0.7647059 0.7607843 1 1 0.9372549 0.9882353 1 0.7058824 0.6941177 0.772549 1 0.7058824 0.6941177 0.772549 1 1 0.9372549 0.9882353 1 0.7921569 0.7607843 0.8627451 1 1 0.7529412 0.682353 1 0.772549 0.6078432 0.5607843 1 0.7803922 0.6117647 0.5686275 1 1 0.7529412 0.682353 1 0.7803922 0.6117647 0.5686275 1 0.9333333 0.7058824 0.6392157 1 0.9333333 0.7058824 0.6392157 1 0.7803922 0.6117647 0.5686275 1 0.4941176 0.3647059 0 1 0.7568628 0.7058824 0.7607843 1 0.8470588 0.7843137 0.854902 1 0.7843137 0.7254902 0.7882353 1 0.7568628 0.7058824 0.7607843 1 0.7843137 0.7254902 0.7882353 1 0.7529412 0.6078432 0.7372549 1 0.7529412 0.6078432 0.7372549 1 0.7843137 0.7254902 0.7882353 1 0.6666667 0.6352941 0.6862745 1 0.9254902 0.7843137 0.7843137 1 1 0.8313726 0.9176471 1 1 0.7960785 0.7333334 1 0.9254902 0.7843137 0.7843137 1 1 0.7960785 0.7333334 1 0.6745098 0.5647059 0.5529412 1 0.6745098 0.5647059 0.5529412 1 1 0.7960785 0.7333334 1 0.9411765 0.8117647 0.8509804 1 0.9568628 0.7803922 0.7843137 1 0.9098039 0.7176471 0.6862745 1 1 0.8117647 0.7490196 1 0.9568628 0.7803922 0.7843137 1 1 0.8117647 0.7490196 1 1 1 0.9882353 1 1 1 0.9882353 1 1 0.8117647 0.7490196 1 1 0.8235294 0.7882353 1 1 1 0.9882353 1 1 0.8235294 0.7882353 1 1 0.9882353 0.9450981 1 1 0.7960785 0.7843137 1 1 0.8078432 0.7450981 1 1 0.9019608 0.9058824 1 1 0.7960785 0.7843137 1 1 0.9019608 0.9058824 1 0.9607843 0.8078432 0.8313726 1 0.9607843 0.8078432 0.8313726 1 1 0.9019608 0.9058824 1 1 0.8431373 0.8862745 1 0.9607843 0.8078432 0.8313726 1 1 0.8431373 0.8862745 1 0.8470588 0.7333334 0.7647059 1 1 0.8156863 0.7921569 1 0.7254902 0.6431373 0.6705883 1 0.9803922 0.8431373 0.8862745 1 1 0.8156863 0.7921569 1 0.9803922 0.8431373 0.8862745 1 1 0.8392157 0.7921569 1 1 0.8392157 0.7921569 1 0.9803922 0.8431373 0.8862745 1 0.7372549 0.6431373 0.6666667 1 1 0.8392157 0.7921569 1 0.7372549 0.6431373 0.6666667 1 0.9607843 0.7960785 0.7843137 1 0.7254902 0.6431373 0.6705883 1 0.6980392 0.654902 0.7058824 1 0.8980392 0.827451 0.9058824 1 0.7254902 0.6431373 0.6705883 1 0.8980392 0.827451 0.9058824 1 0.9803922 0.8431373 0.8862745 1 0.9803922 0.8431373 0.8862745 1 0.8980392 0.827451 0.9058824 1 0.7372549 0.6431373 0.6666667 1 0.9803922 0.8431373 0.8862745 1 0.7372549 0.6431373 0.6666667 1 0.7372549 0.6431373 0.6666667 1 0.5921569 0.4117647 0.3333333 1 0.5921569 0.4117647 0.3333333 1 0.7529412 0.6313726 0.6313726 1 0.5921569 0.4117647 0.3333333 1 0.7529412 0.6313726 0.6313726 1 0.8117647 0.6431373 0.6078432 1 0.8117647 0.6431373 0.6078432 1 0.7529412 0.6313726 0.6313726 1 0.8117647 0.6431373 0.6078432 1 0.8117647 0.6431373 0.6078432 1 0.8117647 0.6431373 0.6078432 1 0.8235294 0.6509804 0.6117647 1 0.8235294 0.5372549 0.7607843 1 0.9686275 0.7647059 0.9294118 1 0.7686275 0.4627451 0.6980392 1 0.8235294 0.5372549 0.7607843 1 0.7686275 0.4627451 0.6980392 1 0.6901961 0.5764706 0.6705883 1 0.6901961 0.5764706 0.6705883 1 0.7686275 0.4627451 0.6980392 1 0.7254902 0.654902 0.7254902 1 0.6901961 0.5764706 0.6705883 1 0.7254902 0.654902 0.7254902 1 0.8470588 0.7843137 0.854902 1 0.8470588 0.7843137 0.854902 1 0.7254902 0.654902 0.7254902 1 0.827451 0.7686275 0.8352941 1 0.6862745 0.6392157 0.6901961 1 0.8745098 0.8078432 0.882353 1 0.8 0.7254902 0.7803922 1 0.6862745 0.6392157 0.6901961 1 0.8 0.7254902 0.7803922 1 0.9647059 0.7254902 0.6588236 1 0.9647059 0.7254902 0.6588236 1 0.8 0.7254902 0.7803922 1 0.9960784 0.7450981 0.6745098 1 0.9647059 0.7254902 0.6588236 1 0.9960784 0.7450981 0.6745098 1 1 0.7960785 0.8039216 1 1 0.7960785 0.8039216 1 0.9960784 0.7450981 0.6745098 1 0.9294118 0.7254902 0.6745098 1 0.9333333 0.7058824 0.6392157 1 1 0.8078432 0.7450981 1 1 0.7921569 0.7215687 1 0.9333333 0.7058824 0.6392157 1 1 0.7921569 0.7215687 1 1 0.7529412 0.682353 1 1 0.7529412 0.682353 1 1 0.7921569 0.7215687 1 1 0.7921569 0.7215687 1 1 0.7529412 0.682353 1 1 0.7921569 0.7215687 1 1 0.7686275 0.6901961 1 1 0.7686275 0.6901961 1 1 0.7921569 0.7215687 1 1 0.8117647 0.7450981 1 1 0.7686275 0.6901961 1 1 0.8117647 0.7450981 1 0.9294118 0.7019608 0.6392157 1 0.7529412 0.6078432 0.7372549 1 0.6666667 0.6352941 0.6862745 1 0.8431373 0.6705883 0.8470588 1 0.7529412 0.6078432 0.7372549 1 0.8431373 0.6705883 0.8470588 1 0.8470588 0.5647059 0.8 1 0.8470588 0.5647059 0.8 1 0.8431373 0.6705883 0.8470588 1 0.9215686 0.7019608 0.8980392 1 0.8470588 0.5647059 0.8 1 0.9215686 0.7019608 0.8980392 1 1 1 1 1 1 1 1 1 0.9215686 0.7019608 0.8980392 1 1 1 1 1 1 1 1 1 1 1 1 1 1 0.9529412 0.8705883 1 1 0.9490196 0.9058824 1 1 0.9529412 0.8705883 1 1 1 1 1 1 0.9490196 0.9058824 1 1 1 1 1 1 0.9372549 0.9882353 1 1 0.9372549 0.9882353 1 1 1 1 1 0.9215686 0.7019608 0.8980392 1 1 0.9372549 0.9882353 1 0.9215686 0.7019608 0.8980392 1 0.7921569 0.7607843 0.8627451 1 0.7921569 0.7607843 0.8627451 1 0.9215686 0.7019608 0.8980392 1 0.8431373 0.6705883 0.8470588 1 0.7921569 0.7607843 0.8627451 1 0.8431373 0.6705883 0.8470588 1 0.7058824 0.6941177 0.772549 1 0.7058824 0.6941177 0.772549 1 0.8431373 0.6705883 0.8470588 1 0.6666667 0.6352941 0.6862745 1 0.854902 0.654902 0.6039216 1 0.854902 0.654902 0.6039216 1 1 0.8392157 0.9176471 1 0.854902 0.654902 0.6039216 1 1 0.8392157 0.9176471 1 0.5176471 0.4862745 0.5254902 1 0.5176471 0.4862745 0.5254902 1 1 0.8392157 0.9176471 1 0.682353 0.5372549 0.6705883 1 0.5176471 0.4862745 0.5254902 1 0.682353 0.5372549 0.6705883 1 0.7647059 0.7098039 0.7686275 1 0.7647059 0.7098039 0.7686275 1 0.682353 0.5372549 0.6705883 1 0.772549 0.5372549 0.7333334 1 0.7647059 0.7098039 0.7686275 1 0.772549 0.5372549 0.7333334 1 0.8862745 0.8196079 0.8941177 1 0.8862745 0.8196079 0.8941177 1 0.772549 0.5372549 0.7333334 1 0.7568628 0.5019608 0.7058824 1 0.8862745 0.6862745 0.8705883 1 1 0.9607843 1 1 0.8196079 0.5490196 0.772549 1 0.8862745 0.6862745 0.8705883 1 0.8196079 0.5490196 0.772549 1 0.5647059 0.4509804 0.5333334 1 0.5647059 0.4509804 0.5333334 1 0.8196079 0.5490196 0.772549 1 0.5372549 0.4431372 0.5137255 1 0.5647059 0.4509804 0.5333334 1 0.5372549 0.4431372 0.5137255 1 0.509804 0.4941176 0.509804 1 0.509804 0.4941176 0.509804 1 0.5372549 0.4431372 0.5137255 1 0.7019608 0.654902 0.7058824 1 0.509804 0.4941176 0.509804 1 0.7019608 0.654902 0.7058824 1 0.4705882 0.4588235 0.4666666 1 0.4705882 0.4588235 0.4666666 1 0.7019608 0.654902 0.7058824 1 0.8235294 0.6784314 0.6705883 1 0.6745098 0.5647059 0.5529412 1 0.7372549 0.6431373 0.6666667 1 0.7294118 0.6392157 0.6666667 1 0.6745098 0.5647059 0.5529412 1 0.7294118 0.6392157 0.6666667 1 0.9294118 0.7019608 0.6392157 1 0.9294118 0.7019608 0.6392157 1 0.7294118 0.6392157 0.6666667 1 0.8235294 0.6509804 0.6117647 1 0.9294118 0.7019608 0.6392157 1 0.8235294 0.6509804 0.6117647 1 1 0.7686275 0.6901961 1 1 0.7686275 0.6901961 1 0.8235294 0.6509804 0.6117647 1 0.8117647 0.6431373 0.6078432 1 1 0.7686275 0.6901961 1 0.8117647 0.6431373 0.6078432 1 1 0.7529412 0.682353 1 1 0.7529412 0.682353 1 0.8117647 0.6431373 0.6078432 1 0.7529412 0.6313726 0.6313726 1 1 0.7529412 0.682353 1 0.7529412 0.6313726 0.6313726 1 0.772549 0.6078432 0.5607843 1 0.772549 0.6078432 0.5607843 1 0.7529412 0.6313726 0.6313726 1 0.5921569 0.4117647 0.3333333 1 0.772549 0.6078432 0.5607843 1 0.5921569 0.4117647 0.3333333 1 0.7803922 0.6117647 0.5686275 1 0.7803922 0.6117647 0.5686275 1 0.5921569 0.4117647 0.3333333 1 0.5921569 0.4117647 0.3333333 1 0.6980392 0.654902 0.7058824 1 0.4862745 0.4705882 0.4862745 1 0.4862745 0.4705882 0.4862745 1 0.6980392 0.654902 0.7058824 1 0.4862745 0.4705882 0.4862745 1 0.5686275 0.4392157 0.5333334 1 0.5686275 0.4392157 0.5333334 1 0.4862745 0.4705882 0.4862745 1 0.5411765 0.4313725 0.5137255 1 0.5686275 0.4392157 0.5333334 1 0.5411765 0.4313725 0.5137255 1 0.8745098 0.6666667 0.8666667 1 0.8745098 0.6666667 0.8666667 1 0.5411765 0.4313725 0.5137255 1 0.8431373 0.6980392 0.8627451 1 0.8745098 0.6666667 0.8666667 1 0.8431373 0.6980392 0.8627451 1 1 0.9254902 1 1 1 0.9254902 1 1 0.8431373 0.6980392 0.8627451 1 0.9294118 0.827451 0.8941177 1 1 0.9254902 1 1 0.9294118 0.827451 0.8941177 1 1 0.8156863 0.7921569 1 1 0.8156863 0.7921569 1 0.9294118 0.827451 0.8941177 1 0.8313726 0.6862745 0.682353 1 1 0.8156863 0.7921569 1 0.8313726 0.6862745 0.682353 1 0.7254902 0.6431373 0.6666667 1 0.7254902 0.6431373 0.6666667 1 0.8313726 0.6862745 0.682353 1 0.4980392 0.4862745 0.5019608 1 0.854902 0.654902 0.6039216 1 0.5176471 0.4862745 0.5254902 1 0.4235294 0.4235294 0.4235294 1 0.854902 0.654902 0.6039216 1 0.4235294 0.4235294 0.4235294 1 0.854902 0.654902 0.6039216 1 0.854902 0.654902 0.6039216 1 0.4235294 0.4235294 0.4235294 1 0.4235294 0.4235294 0.4235294 1 0.854902 0.654902 0.6039216 1 0.4235294 0.4235294 0.4235294 1 0.6862745 0.6392157 0.6901961 1 0.6862745 0.6392157 0.6901961 1 0.4235294 0.4235294 0.4235294 1 0.6862745 0.6392157 0.6901961 1 0.6862745 0.6392157 0.6901961 1 0.6862745 0.6392157 0.6901961 1 0.854902 0.654902 0.6039216 1 0.854902 0.654902 0.6039216 1 0.6862745 0.6392157 0.6901961 1 0.9647059 0.7254902 0.6588236 1 0.854902 0.654902 0.6039216 1 0.9647059 0.7254902 0.6588236 1 1 0.8392157 0.9176471 1 1 0.8392157 0.9176471 1 0.9647059 0.7254902 0.6588236 1 1 0.8 0.8039216 1 1 0.8392157 0.9176471 1 1 0.8 0.8039216 1 0.682353 0.5411765 0.6705883 1 0.682353 0.5411765 0.6705883 1 1 0.8 0.8039216 1 0.772549 0.5372549 0.7372549 1 0.8235294 0.6784314 0.6705883 1 0.8470588 0.7843137 0.854902 1 1 0.8352941 0.8392157 1 0.8235294 0.6784314 0.6705883 1 1 0.8352941 0.8392157 1 1 0.9843137 0.9686275 1 1 0.9843137 0.9686275 1 1 0.8352941 0.8392157 1 1 1 0.9921569 1 1 0.9843137 0.9686275 1 1 1 0.9921569 1 1 0.9607843 1 1 1 0.9607843 1 1 1 1 0.9921569 1 1 1 1 1 1 0.9607843 1 1 1 1 1 1 0.8196079 0.5490196 0.772549 1 0.8196079 0.5490196 0.772549 1 1 1 1 1 0.8235294 0.5372549 0.7607843 1 0.8196079 0.5490196 0.772549 1 0.8235294 0.5372549 0.7607843 1 0.5372549 0.4431372 0.5137255 1 0.5372549 0.4431372 0.5137255 1 0.8235294 0.5372549 0.7607843 1 0.6901961 0.5764706 0.6705883 1 0.5372549 0.4431372 0.5137255 1 0.6901961 0.5764706 0.6705883 1 0.7019608 0.654902 0.7058824 1 0.7019608 0.654902 0.7058824 1 0.6901961 0.5764706 0.6705883 1 0.8470588 0.7803922 0.854902 1 0.7019608 0.654902 0.7058824 1 0.8470588 0.7803922 0.854902 1 0.8235294 0.6784314 0.6705883 1 0.5921569 0.4117647 0.3333333 1 0.5921569 0.4117647 0.3333333 1 0.7372549 0.6431373 0.6666667 1 0.7372549 0.6431373 0.6666667 1 0.5921569 0.4117647 0.3333333 1 0.7372549 0.6431373 0.6666667 1 0.7372549 0.6431373 0.6666667 1 0.7372549 0.6431373 0.6666667 1 0.7372549 0.6431373 0.6666667 1 0.7372549 0.6431373 0.6666667 1 0.7372549 0.6431373 0.6666667 1 0.6745098 0.5647059 0.5529412 1 0.8745098 0.6666667 0.8666667 1 0.7450981 0.4627451 0.682353 1 0.5686275 0.4392157 0.5333334 1 0.5686275 0.4392157 0.5333334 1 0.7450981 0.4627451 0.682353 1 0.6784314 0.5058824 0.6392157 1 0.5686275 0.4392157 0.5333334 1 0.6784314 0.5058824 0.6392157 1 0.6980392 0.654902 0.7058824 1 0.6980392 0.654902 0.7058824 1 0.6784314 0.5058824 0.6392157 1 0.8980392 0.8235294 0.9058824 1 0.7529412 0.5882353 0.7215687 1 0.6745098 0.5647059 0.5529412 1 0.9450981 0.8666667 0.9529412 1 0.9450981 0.8666667 0.9529412 1 0.6745098 0.5647059 0.5529412 1 0.6745098 0.5647059 0.5529412 1 0.9450981 0.8666667 0.9529412 1 0.6745098 0.5647059 0.5529412 1 0.9411765 0.8117647 0.8509804 1 0.9411765 0.8117647 0.8509804 1 0.6745098 0.5647059 0.5529412 1 0.6745098 0.5647059 0.5529412 1 0.8470588 0.7843137 0.854902 1 1 0.7960785 0.7843137 1 0.7843137 0.7254902 0.7882353 1 0.7843137 0.7254902 0.7882353 1 1 0.7960785 0.7843137 1 0.972549 0.7960785 0.8 1 0.7843137 0.7254902 0.7882353 1 0.972549 0.7960785 0.8 1 0.6666667 0.6352941 0.6862745 1 0.6666667 0.6352941 0.6862745 1 0.972549 0.7960785 0.8 1 0.9450981 0.7529412 0.7333334 1 0.6666667 0.6352941 0.6862745 1 0.9450981 0.7529412 0.7333334 1 0.9372549 0.7647059 0.7607843 1 1 1 1 1 1 1 1 1 1 0.9137255 0.9098039 1 1 0.9137255 0.9098039 1 1 1 1 1 1 1 0.9921569 1 1 0.9137255 0.9098039 1 1 1 0.9921569 1 0.9058824 0.7960785 0.7843137 1 0.9058824 0.7960785 0.7843137 1 1 1 0.9921569 1 1 0.8352941 0.8392157 1 0.9058824 0.7960785 0.7843137 1 1 0.8352941 0.8392157 1 0.9058824 0.7960785 0.7843137 1 0.9058824 0.7960785 0.7843137 1 1 0.8352941 0.8392157 1 0.8470588 0.7843137 0.854902 1 0.7254902 0.6392157 0.6666667 1 0.5058824 0.4901961 0.5058824 1 0.7960785 0.7372549 0.8 1 0.7960785 0.7372549 0.8 1 0.5058824 0.4901961 0.5058824 1 0.5686275 0.5411765 0.5725491 1 0.7960785 0.7372549 0.8 1 0.5686275 0.5411765 0.5725491 1 0.5529412 0.4313725 0.5215687 1 0.5529412 0.4313725 0.5215687 1 0.5686275 0.5411765 0.5725491 1 0.5137255 0.427451 0.4901961 1 0.5529412 0.4313725 0.5215687 1 0.5137255 0.427451 0.4901961 1 0.8392157 0.6392157 0.827451 1 0.8392157 0.6392157 0.827451 1 0.5137255 0.427451 0.4901961 1 0.7647059 0.6313726 0.772549 1 0.8392157 0.6392157 0.827451 1 0.7647059 0.6313726 0.772549 1 1 0.8392157 0.9176471 1 1 0.8392157 0.9176471 1 0.7647059 0.6313726 0.772549 1 0.8901961 0.7607843 0.7882353 1 1 0.8392157 0.9176471 1 0.8901961 0.7607843 0.7882353 1 0.9921569 0.7607843 0.7098039 1 0.9921569 0.7607843 0.7098039 1 0.8901961 0.7607843 0.7882353 1 0.8235294 0.6431373 0.6039216 1 0.9921569 0.7607843 0.7098039 1 0.8235294 0.6431373 0.6039216 1 0.7254902 0.6392157 0.6666667 1 0.7254902 0.6392157 0.6666667 1 0.8235294 0.6431373 0.6039216 1 0.5058824 0.4901961 0.5058824 1 0.7254902 0.6392157 0.6666667 1 0.9411765 0.8117647 0.8509804 1 0.9921569 0.7607843 0.7098039 1 0.9921569 0.7607843 0.7098039 1 0.9411765 0.8117647 0.8509804 1 1 0.7960785 0.7333334 1 0.9921569 0.7607843 0.7098039 1 1 0.7960785 0.7333334 1 1 0.8392157 0.9176471 1 1 0.8392157 0.9176471 1 1 0.7960785 0.7333334 1 1 0.8313726 0.9176471 1 1 0.8392157 0.9176471 1 1 0.8313726 0.9176471 1 0.8392157 0.6392157 0.827451 1 0.8392157 0.6392157 0.827451 1 1 0.8313726 0.9176471 1 0.8588235 0.6039216 0.827451 1 0.8392157 0.6392157 0.827451 1 0.8588235 0.6039216 0.827451 1 0.5529412 0.4313725 0.5215687 1 0.5529412 0.4313725 0.5215687 1 0.8588235 0.6039216 0.827451 1 0.7529412 0.5882353 0.7215687 1 0.5529412 0.4313725 0.5215687 1 0.7529412 0.5882353 0.7215687 1 0.7960785 0.7372549 0.8 1 0.7960785 0.7372549 0.8 1 0.7529412 0.5882353 0.7215687 1 0.9450981 0.8666667 0.9529412 1 0.7960785 0.7372549 0.8 1 0.9450981 0.8666667 0.9529412 1 0.7254902 0.6392157 0.6666667 1 0.7254902 0.6392157 0.6666667 1 0.9450981 0.8666667 0.9529412 1 0.9411765 0.8117647 0.8509804 1 0.9568628 0.7803922 0.7843137 1 0.7843137 0.7098039 0.7607843 1 0.7372549 0.6431373 0.6666667 1 1 0.7921569 0.7215687 1 1 0.8078432 0.7450981 1 1 0.7960785 0.7843137 1 0.7294118 0.6392157 0.6666667 1 0.7294118 0.6392157 0.6666667 1 0.8862745 0.8196079 0.8941177 1 0.7647059 0.7098039 0.7686275 1 0.4745098 0.4392157 0.4705882 1 0.5176471 0.4862745 0.5254902 1 1 0.7333334 0.8 1 0.7568628 0.5019608 0.7058824 1 0.772549 0.5372549 0.7333334 1 0.8862745 0.8196079 0.8941177 1 0.9176471 0.8431373 0.9215686 1 0.8745098 0.8078432 0.882353 1 0.8862745 0.8156863 0.8941177 1 0.8745098 0.8078432 0.882353 1 0.7647059 0.7098039 0.7686275 1 0.7372549 0.6431373 0.6666667 1 0.7372549 0.6431373 0.6666667 1 0.8980392 0.827451 0.9058824 1 0.6980392 0.654902 0.7058824 1 0.7254902 0.6431373 0.6666667 1 0.4980392 0.4862745 0.5019608 1 0.8313726 0.6862745 0.682353 1 0.4862745 0.4705882 0.4862745 1 0.4862745 0.4705882 0.4862745 1 1 0.8431373 0.7921569 1 1 0.9568628 1 1 1 0.9254902 1 1 1 0.8431373 0.7921569 1 1 0.9254902 1 1 1 0.8156863 0.7921569 1 0.9333333 0.7960785 0.7843137 1 1 0.9568628 1 1 1 0.8431373 0.7921569 1 1 0.9843137 0.9686275 1 1 0.9607843 1 1 1 0.9058824 1 1 0.972549 0.7647059 0.9294118 1 0.8235294 0.5372549 0.7607843 1 1 1 1 1 1 0.9607843 1 1 0.8862745 0.6862745 0.8705883 1 1 0.9058824 1 1 0.9882353 0.8352941 0.8509804 1 1 0.9058824 1 1 0.8862745 0.6862745 0.8705883 1 0.8235294 0.6784314 0.6705883 1 0.9882353 0.8352941 0.8509804 1 0.4705882 0.4588235 0.4666666 1 0.9098039 0.7137255 0.6862745 1 0.9294118 0.7254902 0.6745098 1 1 0.8117647 0.7490196 1 1 0.7960785 0.7843137 1 1 0.8235294 0.7882353 1 1 0.7921569 0.7215687 1 1 0.8980392 0.8313726 1 1 0.8078432 0.7450981 1 0.9333333 0.7058824 0.6392157 1 0.8235294 0.6509804 0.6117647 1 0.7294118 0.6392157 0.6666667 1 0.8235294 0.6509804 0.6117647 1 0.5921569 0.4117647 0.3333333 1 0.5921569 0.4117647 0.3333333 1 0.8117647 0.6431373 0.6078432 1 0.4470588 0.4431372 0.4509804 1 0.5686275 0.5411765 0.5725491 1 0.4431372 0.4431372 0.4470588 1 0.8862745 0.6862745 0.8705883 1 0.4705882 0.4588235 0.4666666 1 0.9882353 0.8352941 0.8509804 1 1 1 1 1 0.9019608 0.6980392 0.8392157 1 0.8470588 0.5647059 0.8 1 0.9372549 0.7647059 0.7607843 1 0.7058824 0.6941177 0.772549 1 0.6666667 0.6352941 0.6862745 1 0.7254902 0.4588235 0.6627451 1 0 0 0 1 0.8117647 0.5764706 0.7411765 1</float_array>
          <technique_common>
            <accessor source="#Mesh_375-mesh-colors-Col-array" count="765" stride="4">
              <param name="R" type="float"/>
              <param name="G" type="float"/>
              <param name="B" type="float"/>
              <param name="A" type="float"/>
            </accessor>
          </technique_common>
        </source>
        <vertices id="Mesh_375-mesh-vertices">
          <input semantic="POSITION" source="#Mesh_375-mesh-positions"/>
        </vertices>
        <triangles material="Image_1-material" count="255">
          <input semantic="VERTEX" source="#Mesh_375-mesh-vertices" offset="0"/>
          <input semantic="NORMAL" source="#Mesh_375-mesh-normals" offset="1"/>
          <input semantic="TEXCOORD" source="#Mesh_375-mesh-map-0" offset="2" set="0"/>
          <input semantic="COLOR" source="#Mesh_375-mesh-colors-Col" offset="3" set="0"/>
          <p>1 0 0 0 0 1 1 1 2 2 2 2 1 0 3 3 2 2 4 4 3 3 5 5 5 4 6 6 4 5 7 7 6 6 8 8 5 4 9 9 6 6 10 10 7 7 11 11 9 8 12 12 8 9 13 13 10 10 14 14 9 8 15 15 10 10 16 16 11 11 17 17 13 12 18 18 12 13 19 19 14 14 20 20 13 12 21 21 14 14 22 22 15 15 23 23 17 16 24 24 16 17 25 25 18 18 26 26 17 16 27 27 18 18 28 28 19 19 29 29 21 20 30 30 20 21 31 31 22 22 32 32 21 20 33 33 22 22 34 34 23 23 35 35 25 24 36 36 24 25 37 37 26 26 38 38 25 24 39 39 26 26 40 40 27 27 41 41 29 28 42 42 28 29 43 43 30 30 44 44 29 28 45 45 30 30 46 46 31 31 47 47 33 32 48 48 32 33 49 49 34 34 50 50 33 32 51 51 34 34 52 52 35 35 53 53 37 36 54 54 36 37 55 55 38 38 56 56 37 36 57 57 38 38 58 58 39 39 59 59 41 40 60 60 40 41 61 61 42 42 62 62 41 40 63 63 42 42 64 64 43 43 65 65 45 44 66 66 44 45 67 67 46 46 68 68 45 44 69 69 46 46 70 70 47 47 71 71 49 48 72 72 48 49 73 73 50 50 74 74 49 48 75 75 50 50 76 76 51 51 77 77 53 52 78 78 52 53 79 79 54 54 80 80 53 52 81 81 54 54 82 82 55 55 83 83 57 56 84 84 56 57 85 85 58 58 86 86 57 56 87 87 58 58 88 88 59 59 89 89 61 60 90 90 60 61 91 91 62 62 92 92 61 60 93 93 62 62 94 94 63 63 95 95 65 64 96 96 64 65 97 97 66 66 98 98 65 64 99 99 66 66 100 100 67 67 101 101 69 68 102 102 68 69 103 103 70 70 104 104 69 68 105 105 70 70 106 106 71 71 107 107 73 72 108 108 72 73 109 109 74 74 110 110 73 72 111 111 74 74 112 112 75 75 113 113 75 75 114 114 74 74 115 115 76 76 116 116 78 77 117 117 77 78 118 118 79 79 119 119 78 77 120 120 79 79 121 121 80 80 122 122 80 80 123 123 79 79 124 124 81 81 125 125 83 82 126 126 82 83 127 127 84 84 128 128 83 82 129 129 84 84 130 130 85 85 131 131 85 85 132 132 84 84 133 133 86 86 134 134 88 87 135 135 87 88 136 136 89 89 137 137 88 87 138 138 89 89 139 139 90 90 140 140 90 90 141 141 89 89 142 142 91 91 143 143 93 92 144 144 92 93 145 145 94 94 146 146 93 92 147 147 94 94 148 148 95 95 149 149 95 95 150 150 94 94 151 151 96 96 152 152 98 97 153 153 97 98 154 154 99 99 155 155 98 97 156 156 99 99 157 157 100 100 158 158 100 100 159 159 99 99 160 160 101 101 161 161 103 102 162 162 102 103 163 163 104 104 164 164 103 102 165 165 104 104 166 166 105 105 167 167 105 105 168 168 104 104 169 169 106 106 170 170 108 107 171 171 107 108 172 172 109 109 173 173 108 107 174 174 109 109 175 175 110 110 176 176 110 110 177 177 109 109 178 178 111 111 179 179 113 112 180 180 112 113 181 181 114 114 182 182 113 112 183 183 114 114 184 184 115 115 185 185 115 115 186 186 114 114 187 187 116 116 188 188 118 117 189 189 117 118 190 190 119 119 191 191 118 117 192 192 119 119 193 193 120 120 194 194 120 120 195 195 119 119 196 196 121 121 197 197 123 122 198 198 122 123 199 199 124 124 200 200 123 122 201 201 124 124 202 202 125 125 203 203 125 125 204 204 124 124 205 205 126 126 206 206 128 127 207 207 127 128 208 208 129 129 209 209 128 127 210 210 129 129 211 211 130 130 212 212 130 130 213 213 129 129 214 214 131 131 215 215 133 132 216 216 132 133 217 217 134 134 218 218 133 132 219 219 134 134 220 220 135 135 221 221 135 135 222 222 134 134 223 223 136 136 224 224 135 135 225 225 136 136 226 226 137 137 227 227 139 138 228 228 138 139 229 229 140 140 230 230 139 138 231 231 140 140 232 232 141 141 233 233 141 141 234 234 140 140 235 235 142 142 236 236 141 141 237 237 142 142 238 238 143 143 239 239 145 144 240 240 144 145 241 241 146 146 242 242 145 144 243 243 146 146 244 244 147 147 245 245 147 147 246 246 146 146 247 247 148 148 248 248 147 147 249 249 148 148 250 250 149 149 251 251 151 150 252 252 150 151 253 253 152 152 254 254 151 150 255 255 152 152 256 256 153 153 257 257 153 153 258 258 152 152 259 259 154 154 260 260 153 153 261 261 154 154 262 262 155 155 263 263 157 156 264 264 156 157 265 265 158 158 266 266 157 156 267 267 158 158 268 268 159 159 269 269 159 159 270 270 158 158 271 271 160 160 272 272 159 159 273 273 160 160 274 274 161 161 275 275 163 162 276 276 162 163 277 277 164 164 278 278 163 162 279 279 164 164 280 280 165 165 281 281 165 165 282 282 164 164 283 283 166 166 284 284 165 165 285 285 166 166 286 286 167 167 287 287 167 167 288 288 166 166 289 289 168 168 290 290 170 169 291 291 169 170 292 292 171 171 293 293 170 169 294 294 171 171 295 295 172 172 296 296 172 172 297 297 171 171 298 298 173 173 299 299 172 172 300 300 173 173 301 301 174 174 302 302 174 174 303 303 173 173 304 304 175 175 305 305 177 176 306 306 176 177 307 307 178 178 308 308 177 176 309 309 178 178 310 310 179 179 311 311 179 179 312 312 178 178 313 313 180 180 314 314 179 179 315 315 180 180 316 316 181 181 317 317 181 181 318 318 180 180 319 319 182 182 320 320 181 181 321 321 182 182 322 322 183 183 323 323 185 184 324 324 184 185 325 325 186 186 326 326 185 184 327 327 186 186 328 328 187 187 329 329 187 187 330 330 186 186 331 331 188 188 332 332 187 187 333 333 188 188 334 334 189 189 335 335 189 189 336 336 188 188 337 337 190 190 338 338 189 189 339 339 190 190 340 340 191 191 341 341 193 192 342 342 192 193 343 343 194 194 344 344 193 192 345 345 194 194 346 346 195 195 347 347 195 195 348 348 194 194 349 349 196 196 350 350 195 195 351 351 196 196 352 352 197 197 353 353 197 197 354 354 196 196 355 355 198 198 356 356 197 197 357 357 198 198 358 358 199 199 359 359 199 199 360 360 198 198 361 361 200 200 362 362 202 201 363 363 201 202 364 364 203 203 365 365 202 201 366 366 203 203 367 367 204 204 368 368 204 204 369 369 203 203 370 370 205 205 371 371 204 204 372 372 205 205 373 373 206 206 374 374 206 206 375 375 205 205 376 376 207 207 377 377 206 206 378 378 207 207 379 379 208 208 380 380 208 208 381 381 207 207 382 382 209 209 383 383 211 210 384 384 210 211 385 385 212 212 386 386 211 210 387 387 212 212 388 388 213 213 389 389 213 213 390 390 212 212 391 391 214 214 392 392 213 213 393 393 214 214 394 394 215 215 395 395 215 215 396 396 214 214 397 397 216 216 398 398 215 215 399 399 216 216 400 400 217 217 401 401 217 217 402 402 216 216 403 403 218 218 404 404 220 219 405 405 219 220 406 406 221 221 407 407 220 219 408 408 221 221 409 409 222 222 410 410 222 222 411 411 221 221 412 412 223 223 413 413 222 222 414 414 223 223 415 415 224 224 416 416 224 224 417 417 223 223 418 418 225 225 419 419 224 224 420 420 225 225 421 421 226 226 422 422 226 226 423 423 225 225 424 424 227 227 425 425 226 226 426 426 227 227 427 427 228 228 428 428 228 228 429 429 227 227 430 430 229 229 431 431 228 228 432 432 229 229 433 433 230 230 434 434 230 230 435 435 229 229 436 436 231 231 437 437 233 232 438 438 232 233 439 439 234 234 440 440 233 232 441 441 234 234 442 442 235 235 443 443 235 235 444 444 234 234 445 445 236 236 446 446 235 235 447 447 236 236 448 448 237 237 449 449 237 237 450 450 236 236 451 451 238 238 452 452 237 237 453 453 238 238 454 454 239 239 455 455 239 239 456 456 238 238 457 457 240 240 458 458 239 239 459 459 240 240 460 460 241 241 461 461 241 241 462 462 240 240 463 463 242 242 464 464 241 241 465 465 242 242 466 466 243 243 467 467 243 243 468 468 242 242 469 469 244 244 470 470 246 245 471 471 245 246 472 472 247 247 473 473 246 245 474 474 247 247 475 475 248 248 476 476 248 248 477 477 247 247 478 478 249 249 479 479 248 248 480 480 249 249 481 481 250 250 482 482 250 250 483 483 249 249 484 484 251 251 485 485 250 250 486 486 251 251 487 487 252 252 488 488 252 252 489 489 251 251 490 490 253 253 491 491 252 252 492 492 253 253 493 493 254 254 494 494 254 254 495 495 253 253 496 496 255 255 497 497 254 254 498 498 255 255 499 499 256 256 500 500 256 256 501 501 255 255 502 502 257 257 503 503 259 258 504 504 258 259 505 505 260 260 506 506 259 258 507 507 260 260 508 508 261 261 509 509 261 261 510 510 260 260 511 511 262 262 512 512 261 261 513 513 262 262 514 514 263 263 515 515 263 263 516 516 262 262 517 517 264 264 518 518 263 263 519 519 264 264 520 520 265 265 521 521 265 265 522 522 264 264 523 523 266 266 524 524 265 265 525 525 266 266 526 526 267 267 527 527 267 267 528 528 266 266 529 529 268 268 530 530 267 267 531 531 268 268 532 532 269 269 533 533 269 269 534 534 268 268 535 535 270 270 536 536 269 269 537 537 270 270 538 538 271 271 539 539 272 272 540 540 273 273 541 541 274 274 542 542 274 274 543 543 273 273 544 544 275 275 545 545 274 274 546 546 275 275 547 547 276 276 548 548 276 276 549 549 275 275 550 550 277 277 551 551 278 278 552 552 279 279 553 553 280 280 554 554 280 280 555 555 279 279 556 556 281 281 557 557 280 280 558 558 281 281 559 559 282 282 560 560 282 282 561 561 281 281 562 562 283 283 563 563 284 284 564 564 285 285 565 565 286 286 566 566 286 286 567 567 285 285 568 568 287 287 569 569 286 286 570 570 287 287 571 571 288 288 572 572 288 288 573 573 287 287 574 574 289 289 575 575 290 290 576 576 291 291 577 577 292 292 578 578 292 292 579 579 291 291 580 580 293 293 581 581 292 292 582 582 293 293 583 583 294 294 584 584 294 294 585 585 293 293 586 586 295 295 587 587 294 294 588 588 295 295 589 589 296 296 590 590 297 297 591 591 298 298 592 592 299 299 593 593 299 299 594 594 298 298 595 595 300 300 596 596 299 299 597 597 300 300 598 598 301 301 599 599 301 301 600 600 300 300 601 601 302 302 602 602 301 301 603 603 302 302 604 604 303 303 605 605 303 303 606 606 302 302 607 607 304 304 608 608 305 305 609 609 306 306 610 610 307 307 611 611 307 307 612 612 306 306 613 613 308 308 614 614 307 307 615 615 308 308 616 616 309 309 617 617 309 309 618 618 308 308 619 619 310 310 620 620 309 309 621 621 310 310 622 622 311 311 623 623 311 311 624 624 310 310 625 625 312 312 626 626 311 311 627 627 312 312 628 628 313 313 629 629 313 313 630 630 312 312 631 631 314 314 632 632 313 313 633 633 314 314 634 634 315 315 635 635 315 315 636 636 314 314 637 637 316 316 638 638 315 315 639 639 316 316 640 640 317 317 641 641 317 317 642 642 316 316 643 643 318 318 644 644 319 319 645 645 320 320 646 646 321 321 647 647 321 321 648 648 320 320 649 649 322 322 650 650 321 321 651 651 322 322 652 652 323 323 653 653 323 323 654 654 322 322 655 655 324 324 656 656 323 323 657 657 324 324 658 658 325 325 659 659 325 325 660 660 324 324 661 661 326 326 662 662 325 325 663 663 326 326 664 664 327 327 665 665 327 327 666 666 326 326 667 667 328 328 668 668 327 327 669 669 328 328 670 670 329 329 671 671 329 329 672 672 328 328 673 673 330 330 674 674 329 329 675 675 330 330 676 676 331 331 677 677 331 331 678 678 330 330 679 679 332 332 680 680 334 333 681 681 333 334 682 682 335 335 683 683 337 336 684 684 336 337 685 685 338 338 686 686 340 339 687 687 339 340 688 688 341 341 689 689 343 342 690 690 342 343 691 691 344 344 692 692 346 345 693 693 345 346 694 694 347 347 695 695 349 348 696 696 348 349 697 697 350 350 698 698 352 351 699 699 351 352 700 700 353 353 701 701 355 354 702 702 354 355 703 703 356 356 704 704 358 357 705 705 357 358 706 706 359 359 707 707 361 360 708 708 360 361 709 709 362 362 710 710 364 363 711 711 363 364 712 712 365 365 713 713 367 366 714 714 366 367 715 715 368 368 716 716 370 369 717 717 369 370 718 718 371 371 719 719 373 372 720 720 372 373 721 721 374 374 722 722 376 375 723 723 375 376 724 724 377 377 725 725 379 378 726 726 378 379 727 727 380 380 728 728 382 381 729 729 381 382 730 730 383 383 731 731 385 384 732 732 384 385 733 733 386 386 734 734 388 387 735 735 387 388 736 736 389 389 737 737 391 390 738 738 390 391 739 739 392 392 740 740 394 393 741 741 393 394 742 742 395 395 743 743 397 396 744 744 396 397 745 745 398 398 746 746 400 399 747 747 399 400 748 748 401 401 749 749 403 402 750 750 402 403 751 751 404 404 752 752 406 405 753 753 405 406 754 754 407 407 755 755 409 408 756 756 408 409 757 757 410 410 758 758 412 411 759 759 411 412 760 760 413 413 761 761 415 414 762 762 414 415 763 763 416 416 764 764</p>
        </triangles>
      </mesh>
    </geometry>
    <geometry id="Mesh_271-mesh" name="Mesh_271">
      <mesh>
        <source id="Mesh_271-mesh-positions">
          <float_array id="Mesh_271-mesh-positions-array" count="2385">188.5518 -184.0026 -88.51864 211.042 -163.6993 -89.54415 190.0008 -168.5155 -112.3352 202.1724 -157.5275 -112.8902 224.9658 -171.3835 30.95474 195.5809 -197.9111 32.29462 223.0108 -169.0277 67.44919 200.5206 -189.3311 68.47466 217.8103 -164.4894 92.2313 224.9658 -171.3835 30.95474 242.6149 -135.9228 30.81276 223.3778 -171.1982 -11.6959 242.481 -132.8158 -11.84956 218.4884 -168.4998 -54.0094 236.1375 -133.0391 -54.15138 195.5809 -197.9111 32.29462 224.9658 -171.3835 30.95474 191.5718 -199.9113 -10.24563 223.3778 -171.1982 -11.6959 189.1035 -195.0273 -52.66952 218.4884 -168.4998 -54.0094 217.8103 -164.4894 92.2313 225.1208 -149.8011 92.17255 223.0108 -169.0277 67.44919 236.5189 -141.8873 67.34047 224.9658 -171.3835 30.95474 242.6149 -135.9228 30.81276 189.1035 -195.0273 -52.66952 165.1961 -197.0821 -50.91663 191.5718 -199.9113 -10.24563 165.6947 -202.1355 -8.348313 195.5809 -197.9111 32.29462 171.6736 -199.9659 34.04747 200.5206 -189.3311 68.47466 182.2227 -190.9037 69.81629 205.6387 -175.4774 92.78633 195.7359 -176.3286 93.51242 224.5501 -136.5588 -89.65283 209.4829 -142.8392 -112.949 202.1724 -157.5275 -112.8902 193.2297 -150.9239 -120.4934 190.0008 -168.5155 -112.3352 180.098 -169.3667 -111.6092 188.5518 -184.0026 -88.51864 170.2539 -185.5753 -87.17705 189.1035 -195.0273 -52.66952 165.1961 -197.0821 -50.91663 200.5206 -189.3311 68.47466 205.6387 -175.4774 92.78633 217.8103 -164.4894 92.2313 210.1561 -158.4595 101.5287 225.1208 -149.8011 92.17255 223.2878 -140.0167 92.64435 236.5189 -141.8873 67.34047 233.1319 -123.8081 68.21236 242.6149 -135.9228 30.81276 238.1897 -112.3013 31.95183 242.481 -132.8158 -11.84956 237.6911 -107.2479 -10.61661 236.1375 -133.0391 -54.15138 231.7122 -109.4175 -53.01227 224.5501 -136.5588 -89.65283 221.1631 -118.4797 -88.78098 209.4829 -142.8392 -112.949 207.6499 -133.0548 -112.4772 193.2297 -150.9239 -120.4934 195.7359 -176.3286 93.51242 210.1561 -158.4595 101.5287 205.6387 -175.4774 92.78633 211.042 -163.6993 -89.54415 224.5501 -136.5588 -89.65283 202.1724 -157.5275 -112.8902 189.1035 -195.0273 -52.66952 188.5518 -184.0026 -88.51864 218.4884 -168.4998 -54.0094 211.042 -163.6993 -89.54415 236.1375 -133.0391 -54.15138 224.5501 -136.5588 -89.65283 -39.87726 -285.7767 35.76683 -58.31377 -270.3273 36.2841 -31.85717 -282.1067 72.22534 -45.96788 -270.2822 72.62123 40.52571 -259.0402 72.3935 27.12955 -273.8973 73.34023 18.02075 -262.4945 97.95433 12.4343 -270.7342 97.49016 12.4343 -270.7342 97.49016 -3.102787 -275.9876 97.04796 -4.655932 -266.0431 105.9969 -19.4891 -275.1772 96.88683 -27.12574 -268.7778 97.10106 -45.96788 -270.2822 72.62123 -58.31377 -270.3273 36.2841 -39.87726 -285.7767 35.76683 -62.28392 -268.9062 -6.37825 -42.32836 -285.6286 -6.938095 -57.27383 -266.2353 -48.87085 -38.83731 -281.6847 -49.38808 27.12955 -273.8973 73.34023 40.52571 -259.0402 72.3935 37.1926 -275.0505 37.22351 53.93289 -253.5352 40.26665 41.09146 -274.0186 -5.361481 60.49039 -253.3314 -7.479782 -57.27383 -266.2353 -48.87085 -38.83731 -281.6847 -49.38808 -44.04631 -262.7212 -95.85733 -29.93559 -274.5458 -96.25319 -24.61508 -258.8989 -119.6138 -16.97843 -265.2983 -119.8281 -1.938408 -255.3503 -127.6564 41.09146 -274.0186 -5.361481 60.49039 -253.3314 -7.479782 38.23255 -270.9586 -47.93148 57.41004 -250.9795 -48.69121 29.05113 -266.3363 -95.13834 42.83892 -250.9531 -95.22422 14.94496 -260.8554 -119.2247 14.94496 -260.8554 -119.2247 -0.5921249 -266.1087 -119.6669 29.05113 -266.3363 -95.13834 0.342352 -276.0431 -95.95537 38.23255 -270.9586 -47.93148 0.7227346 -283.6412 -48.99898 41.09146 -274.0186 -5.361481 0.4911254 -287.7462 -6.516952 37.1926 -275.0505 37.22351 -0.3172186 -287.7332 36.15593 27.12955 -273.8973 73.34023 -1.579225 -283.6041 72.5232 12.4343 -270.7342 97.49016 -3.102787 -275.9876 97.04796 -19.4891 -275.1772 96.88683 -3.102787 -275.9876 97.04796 -31.85717 -282.1067 72.22534 -1.579225 -283.6041 72.5232 -39.87726 -285.7767 35.76683 -0.3172186 -287.7332 36.15593 -42.32836 -285.6286 -6.938095 0.4911254 -287.7462 -6.516952 -38.83731 -281.6847 -49.38808 0.7227346 -283.6412 -48.99898 -29.93559 -274.5458 -96.25319 0.342352 -276.0431 -95.95537 -16.97843 -265.2983 -119.8281 -0.5921249 -266.1087 -119.6669 -1.938408 -255.3503 -127.6564 14.94496 -260.8554 -119.2247 23.26318 -252.7182 -119.9368 42.83892 -250.9531 -95.22422 18.02075 -262.4945 97.95433 12.4343 -270.7342 97.49016 -4.655932 -266.0431 105.9969 -31.85717 -282.1067 72.22534 -45.96788 -270.2822 72.62123 -19.4891 -275.1772 96.88683 223.7536 -199.2915 -438.2041 238.1221 -209.6903 -437.928 220.1746 -216.1055 -452.628 238.1038 -224.3555 -454.3117 239.1645 -223.0072 -478.3104 238.1038 -224.3555 -454.3117 243.1456 -205.2006 -450.2052 238.1221 -209.6903 -437.928 222.4936 -244.3632 -506.2982 219.938 -242.4227 -476.7003 239.1645 -223.0072 -478.3104 238.1038 -224.3555 -454.3117 -32.08296 -294.6068 -429.5786 -14.71126 -287.7258 -416.1894 -16.96644 -302.2477 -474.5194 1.676428 -302.9694 -450.4616 12.6027 -328.8175 -506.742 26.65322 -325.7941 -478.7911 52.13522 -321.3331 -541.7694 70.80607 -316.6058 -511.355 135.3681 -298.9667 -556.1012 132.8945 -289.3927 -521.9597 195.4667 -256.9439 -537.5003 186.6268 -269.0179 -506.1469 222.4936 -244.3632 -506.2982 219.938 -242.4227 -476.7003 -14.71126 -287.7258 -416.1894 -2.600305 -269.1818 -416.2139 1.676428 -302.9694 -450.4616 13.54244 -284.2485 -446.9978 26.65322 -325.7941 -478.7911 37.34767 -307.1548 -472.7686 70.80607 -316.6058 -511.355 74.44944 -300.921 -500.9804 132.8945 -289.3927 -521.9597 130.3668 -276.7709 -511.1675 186.6268 -269.0179 -506.1469 174.0955 -256.5765 -497.5322 219.938 -242.4227 -476.7003 206.449 -232.2149 -471.5915 238.1038 -224.3555 -454.3117 220.1746 -216.1055 -452.628 -56.69088 -276.7414 -219.5889 -38.45594 -302.1453 -285.4847 -131.8542 -284.6512 -204.1107 -98.87469 -274.157 -279.3128 222.9693 -219.0473 -298.3293 266.7975 -98.68393 -220.742 252.783 -165.5122 -291.3274 271.536 -111.6315 -281.7509 -38.45594 -302.1453 -285.4847 -56.69088 -276.7414 -219.5889 26.80933 -305.0646 -291.7624 9.331411 -276.8098 -221.7248 76.25773 -290.9643 -297.8519 74.57164 -266.9838 -222.2644 126.4872 -270.0098 -305.7777 128.8047 -247.4519 -237.8675 176.4984 -248.9233 -302.9207 176.1179 -223.1947 -225.0099 222.9693 -219.0473 -298.3293 224.4711 -157.6454 -220.6764 266.7975 -98.68393 -220.742 -88.0193 -256.8668 -291.6175 -98.87469 -274.157 -279.3128 -51.60879 -283.7243 -302.9847 -38.45594 -302.1453 -285.4847 9.492553 -274.4696 -310.1331 26.80933 -305.0646 -291.7624 62.5793 -259.4783 -312.9739 76.25773 -290.9643 -297.8519 109.9411 -240.9653 -320.1432 126.4872 -270.0098 -305.7777 156.0952 -216.0212 -315.6059 176.4984 -248.9233 -302.9207 196.1518 -184.958 -308.5639 222.9693 -219.0473 -298.3293 230.7862 -130.9004 -297.0676 252.783 -165.5122 -291.3274 253.7793 -104.2512 -291.4807 271.536 -111.6315 -281.7509 300.1606 -103.8667 -224.6491 271.536 -111.6315 -281.7509 266.7975 -98.68393 -220.742 475.0658 -10.66177 -183.102 413.0323 -17.28378 -231.2889 378.1064 -139.8606 -197.4019 335.6815 -28.16261 -241.8953 335.6815 -28.16261 -241.8953 315.517 -98.93235 -222.3305 378.1064 -139.8606 -197.4019 255.9178 -110.1867 -176.2978 274.8776 -159.3536 -117.6707 367.0055 -152.1407 3.37204 298.7026 -49.05708 49.216 415.488 -97.69364 33.35434 376.0533 -38.17825 59.82239 447.9953 -25.95764 30.00626 236.669 -55.67909 1.029129 298.7026 -49.05708 49.216 315.5384 -174.7099 -51.907 367.0055 -152.1407 3.37204 470.2344 -132.6477 -76.35914 415.488 -97.69364 33.35434 475.0873 -86.43936 -12.67845 447.9953 -25.95764 30.00626 495.2518 -15.66963 -32.24312 495.2518 -15.66963 -32.24312 505.1603 -10.07095 -110.2462 470.2344 -132.6477 -76.35914 475.0658 -10.66177 -183.102 434.7368 -152.2012 -143.9725 378.1064 -139.8606 -197.4019 315.5384 -174.7099 -51.907 274.8776 -159.3536 -117.6707 206.5746 -56.26999 -71.82671 255.9178 -110.1867 -176.2978 216.483 -50.67131 -149.8297 434.7368 -152.2012 -143.9725 315.5384 -174.7099 -51.907 470.2344 -132.6477 -76.35914 236.669 -55.67909 1.029129 315.5384 -174.7099 -51.907 206.5746 -56.26999 -71.82671 475.0873 -86.43936 -12.67845 495.2518 -15.66963 -32.24312 470.2344 -132.6477 -76.35914 -151.6915 -257.858 45.08415 -106.7435 -214.5937 -3.101578 -66.25584 -351.5223 -56.03802 -86.94526 -191.9192 -75.95688 -77.35794 -264.3746 -180.4283 -124.288 -302.7957 -226.4621 -133.1672 -377.0503 -201.5341 -191.4619 -272.7525 -246.0278 -349.3254 -272.3691 -68.53741 -323.8493 -318.4975 -9.910317 -303.6056 -386.9618 -36.37852 -265.3498 -357.3748 25.87181 -236.4317 -417.005 -16.81282 -133.1672 -377.0503 -201.5341 -66.25584 -351.5223 -56.03802 -51.88192 -310.5029 -121.8012 -86.94526 -191.9192 -75.95688 -77.35794 -264.3746 -180.4283 -97.60173 -195.9103 -153.9601 -265.3498 -357.3748 25.87181 -189.5016 -378.5838 29.22104 -236.4317 -417.005 -16.81282 -197.9134 -442.989 -80.49309 -303.6056 -386.9618 -36.37852 -314.2621 -390.9528 -114.3817 -349.3254 -272.3691 -68.53741 -294.4638 -368.2783 -187.237 -334.9515 -231.3497 -134.3006 -284.5791 -206.4304 -189.5785 -265.3498 -357.3748 25.87181 -209.7454 -310.1195 55.68916 -189.5016 -378.5838 29.22104 -151.6915 -257.858 45.08415 -116.6282 -376.4417 -0.7601166 -66.25584 -351.5223 -56.03802 -197.9134 -442.989 -80.49309 -160.116 -428.3646 -148.1057 -294.4638 -368.2783 -187.237 -133.1672 -377.0503 -201.5341 -249.5158 -325.014 -235.4228 -191.4619 -272.7525 -246.0278 -284.5791 -206.4304 -189.5785 -211.7057 -204.2882 -219.5596 -160.116 -428.3646 -148.1057 -66.25584 -351.5223 -56.03802 -133.1672 -377.0503 -201.5341 -314.2621 -390.9528 -114.3817 -197.9134 -442.989 -80.49309 -294.4638 -368.2783 -187.237 -116.6282 -376.4417 -0.7601166 -197.9134 -442.989 -80.49309 -189.5016 -378.5838 29.22104 -51.88192 -310.5029 -121.8012 -77.35794 -264.3746 -180.4283 -133.1672 -377.0503 -201.5341 -249.5158 -325.014 -235.4228 -284.5791 -206.4304 -189.5785 -294.4638 -368.2783 -187.237 142.0391 -311.6633 -66.76869 197.798 -302.4576 -93.13336 155.3194 -339.874 -58.41328 203.6081 -331.9016 -81.24573 132.4953 -290.9279 -89.5937 180.784 -282.9556 -112.4262 142.0391 -311.6633 -66.76869 197.798 -302.4576 -93.13336 143.19 -311.1217 -174.7736 115.3106 -315.7246 -161.5913 156.6483 -339.2486 -183.1266 108.3596 -347.221 -160.2942 108.3382 -301.7756 -134.5907 129.2453 -283.2237 -120.7724 96.28315 -323.0606 -113.5278 132.4953 -290.9279 -89.5937 100.2249 -348.7669 -94.40529 142.0391 -311.6633 -66.76869 119.1071 -372.0067 -82.34726 155.3194 -339.874 -58.41328 115.3106 -315.7246 -161.5913 108.3382 -301.7756 -134.5907 108.3596 -347.221 -160.2942 96.28315 -323.0606 -113.5278 114.1696 -376.665 -148.4065 100.2249 -348.7669 -94.40529 131.1837 -396.1671 -129.1137 119.1071 -372.0067 -82.34726 156.6483 -339.2486 -183.1266 108.3596 -347.221 -160.2942 169.9286 -367.4593 -174.7712 114.1696 -376.665 -148.4065 179.4724 -388.1947 -151.9461 131.1837 -396.1671 -129.1137 182.7224 -395.8989 -120.7675 154.8429 -400.5017 -107.5852 180.784 -282.9556 -112.4262 192.8605 -307.1159 -159.1926 197.798 -302.4576 -93.13336 211.7428 -330.3557 -147.1346 203.6081 -331.9016 -81.24573 215.6846 -356.062 -128.0121 196.6572 -363.398 -79.94858 203.6295 -377.3471 -106.9492 178.8079 -388.5074 -89.58946 119.1071 -372.0067 -82.34726 147.8706 -386.5527 -80.58457 154.8429 -400.5017 -107.5852 178.8079 -388.5074 -89.58946 182.7224 -395.8989 -120.7675 203.6295 -377.3471 -106.9492 179.4724 -388.1947 -151.9461 215.6846 -356.062 -128.0121 169.9286 -367.4593 -174.7712 211.7428 -330.3557 -147.1346 156.6483 -339.2486 -183.1266 192.8605 -307.1159 -159.1926 143.19 -311.1217 -174.7736 164.0971 -292.5699 -160.9553 168.7777 -368.0009 -66.76625 196.6572 -363.398 -79.94858 178.8079 -388.5074 -89.58946 147.8706 -386.5527 -80.58457 168.7777 -368.0009 -66.76625 178.8079 -388.5074 -89.58946 131.1837 -396.1671 -129.1137 119.1071 -372.0067 -82.34726 154.8429 -400.5017 -107.5852 196.6572 -363.398 -79.94858 203.6081 -331.9016 -81.24573 168.7777 -368.0009 -66.76625 155.3194 -339.874 -58.41328 147.8706 -386.5527 -80.58457 119.1071 -372.0067 -82.34726 192.8605 -307.1159 -159.1926 164.0971 -292.5699 -160.9553 180.784 -282.9556 -112.4262 157.1248 -278.6209 -133.9547 132.4953 -290.9279 -89.5937 129.2453 -283.2237 -120.7724 -27.01671 -241.7494 -616.4309 -143.5134 -170.2351 -504.8944 -74.35047 -263.7804 -572.4309 -138.328 -280.1293 -479.359 -231.5835 88.7188 -216.7196 -213.8046 -82.37015 -210.796 -230.6137 -146.8238 -251.8858 -211.1089 -132.0611 -212.0528 -230.6137 -146.8238 -251.8858 -173.4103 -170.6901 -423.0934 -237.3611 87.67983 -348.6633 -228.359 68.03765 -438.072 -249.7063 -219.5256 -209.7427 -230.6137 -146.8238 -251.8858 -242.0486 -180.5289 -183.3771 -211.1089 -132.0611 -212.0528 -65.33151 -278.4752 -109.6942 -15.84064 -257.7982 -111.8909 3.232157 -305.9215 -152.133 119.4362 -256.0954 -121.5562 361.7098 8.577655 -225.5225 333.7925 -7.880781 -317.1828 346.9971 -67.51899 -321.0025 302.7857 -75.22835 -478.8046 -173.4103 -170.6901 -423.0934 -230.6137 -146.8238 -251.8858 -210.2342 -208.3684 -311.4467 -249.7063 -219.5256 -209.7427 -27.01671 -241.7494 -616.4309 28.31912 -202.2638 -648.091 -46.91048 -112.5869 -572.6906 82.64794 -176.9298 -648.0911 -58.97303 -157.0347 -411.4001 -10.77654 -278.5724 -456.8423 -104.158 -123.4618 -322.7562 -92.20635 -252.3772 -288.6401 -319.7139 -43.69194 82.95929 -229.9134 -155.1323 -45.21515 -284.0069 -57.90443 -45.78075 -230.5732 -148.5462 -143.544 80.43125 -175.2645 246.978 197.2519 -115.157 227.3672 120.8903 -259.1498 86.20629 236.9978 -132.624 86.20621 133.9178 -281.5956 -236.1171 89.27783 -292.3435 -214.0411 160.7431 -344.5758 -177.1209 -39.89973 -299.5134 -191.5327 128.4442 3.470384 -269.6884 155.4237 -11.89278 -329.7966 91.73664 -45.2874 -368.5947 157.1134 -52.08366 -420.3146 255.3258 -101.7172 -579.5733 254.0915 -180.9716 -536.8773 302.7857 -75.22835 -478.8046 284.5093 -155.3741 -467.4243 346.9971 -67.51899 -321.0025 294.2234 -155.8094 -176.1632 256.1427 -161.7538 -204.479 229.3417 -200.8613 -154.1912 160.7431 -344.5758 -177.1209 119.4362 -256.0954 -121.5562 294.2234 -155.8094 -176.1632 229.3417 -200.8613 -154.1912 263.4505 -136.4775 -128.3484 195.9802 -155.9991 -120.3267 232.1803 -95.04395 -101.849 313.5956 -103.1142 -205.9655 334.8103 -77.08641 -222.9677 286.7473 -125.6521 -293.3461 366.6462 -34.69863 -228.7489 346.9971 -67.51899 -321.0025 -34.53092 -255.4726 -35.03719 -58.67543 -278.2017 86.20644 120.8903 -259.1498 86.20629 -42.22143 -229.6334 240.578 80.43125 -175.2645 246.978 232.1803 -95.04395 -101.849 195.9802 -155.9991 -120.3267 257.2742 -36.72828 -37.22141 207.3783 -136.7995 -35.03738 285.3227 -23.40767 83.63854 -6.565389 -79.77875 -576.0109 -83.18444 119.4957 -578.7023 -46.91048 -112.5869 -572.6906 -110.2678 -151.8382 -545.6344 -27.01671 -241.7494 -616.4309 -27.01671 -241.7494 -616.4309 -21.17584 -302.7188 -547.6148 55.07588 -271.951 -607.5733 53.35565 -314.9915 -541.9403 135.4844 -285.1038 -555.0512 -21.17584 -302.7188 -547.6148 -95.73921 -322.0185 -474.218 -15.3352 -332.5346 -480.1995 -151.9579 -303.9942 -308.9538 -99.96784 -302.0599 -298.7607 57.52675 -115.2562 -412.9297 0.1377784 -146.0347 -399.2987 34.39717 -62.72072 -362.9268 -14.83269 -98.47023 -364.3118 -86.17547 -99.16474 -250.3126 -78.87608 -234.3573 -97.87113 -104.1204 -196.2178 -104.8028 -137.1605 -220.6561 -37.22114 -180.0552 -150.8913 -113.1913 -229.9134 -155.1323 -45.21515 -230.5732 -148.5462 -143.544 -138.328 -280.1293 -479.359 -173.4103 -170.6901 -423.0934 -201.5211 -258.7602 -323.3198 -210.2342 -208.3684 -311.4467 -243.789 -270.4981 -225.2773 -249.7063 -219.5256 -209.7427 -83.18444 119.4957 -578.7023 -145.7452 84.59046 -555.3519 -110.2678 -151.8382 -545.6344 -180.7229 67.86774 -514.7253 -143.5134 -170.2351 -504.8944 -173.4103 -170.6901 -423.0934 -104.7441 -297.0763 -184.2039 -63.60174 -307.6037 -135.4722 -39.89973 -299.5134 -191.5327 3.232157 -305.9215 -152.133 160.7431 -344.5758 -177.1209 119.4362 -256.0954 -121.5562 160.7431 -344.5758 -177.1209 256.1427 -161.7538 -204.479 180.6187 -255.5217 -221.2669 247.1365 -76.89827 -232.9651 92.22904 -192.4987 -248.4438 128.4442 3.470384 -269.6884 29.19121 -56.43539 -275.6805 82.64794 -176.9298 -648.0911 115.263 -246.4829 -620.5245 136.8159 -151.6709 -648.0911 171.2987 -220.3976 -620.7336 214.7817 -123.1847 -619.9761 254.0915 -180.9716 -536.8773 255.3258 -101.7172 -579.5733 189.4902 -196.3282 -501.7994 157.1134 -52.08366 -420.3146 226.768 -168.8465 -444.1341 155.4237 -11.89278 -329.7966 248.5298 -91.50498 -292.8186 128.4442 3.470384 -269.6884 247.1365 -76.89827 -232.9651 198.0651 -253.0595 -536.462 189.4902 -196.3282 -501.7994 245.7262 -208.8797 -470.2487 226.768 -168.8465 -444.1341 286.7473 -125.6521 -293.3461 248.5298 -91.50498 -292.8186 313.5956 -103.1142 -205.9655 247.1365 -76.89827 -232.9651 -133.1976 -293.0659 -197.3379 -99.96784 -302.0599 -298.7607 -181.8166 -312.2971 -216.0172 -151.9579 -303.9942 -308.9538 -201.5211 -258.7602 -323.3198 -95.73921 -322.0185 -474.218 -138.328 -280.1293 -479.359 -74.35047 -263.7804 -572.4309 160.7431 -344.5758 -177.1209 180.6187 -255.5217 -221.2669 133.9178 -281.5956 -236.1171 92.22904 -192.4987 -248.4438 89.27783 -292.3435 -214.0411 -107.4101 -246.6697 -234.3113 -39.89973 -299.5134 -191.5327 -133.1976 -293.0659 -197.3379 -104.7441 -297.0763 -184.2039 -133.1976 -293.0659 -197.3379 -92.20635 -252.3772 -288.6401 -99.96784 -302.0599 -298.7607 -10.77654 -278.5724 -456.8423 -15.3352 -332.5346 -480.1995 34.56895 -271.0248 -498.5733 53.35565 -314.9915 -541.9403 120.3688 -251.1277 -521.9246 135.4844 -285.1038 -555.0512 -290.7378 74.61411 207.4298 -264.2742 -102.6093 223.6459 -324.281 88.48397 82.97364 -319.7139 -43.69194 82.95929 -310.6503 55.83809 -40.88634 -284.0069 -57.90443 -45.78075 -254.0475 28.98849 -133.4345 -231.1939 -59.87549 -135.6125 -229.5578 29.78081 -169.0058 -223.5562 9.473189 -200.4539 29.19121 -56.43539 -275.6805 128.4442 3.470384 -269.6884 34.39717 -62.72072 -362.9268 91.73664 -45.2874 -368.5947 112.6163 -84.21936 -407.3564 157.1134 -52.08366 -420.3146 163.7008 -204.026 -471.0713 189.4902 -196.3282 -501.7994 120.3688 -251.1277 -521.9246 198.0651 -253.0595 -536.462 135.4844 -285.1038 -555.0512 -264.2742 -102.6093 223.6459 -263.7107 -145.1208 83.62435 -160.5862 -204.5613 231.6083 -165.3937 -233.5802 83.63877 -42.22143 -229.6334 240.578 -58.67543 -278.2017 86.20644 163.7008 -204.026 -471.0713 123.4675 -248.8109 -487.8506 120.3688 -251.1277 -521.9246 46.64058 -273.6739 -469.9771 34.56895 -271.0248 -498.5733 -58.97303 -157.0347 -411.4001 -15.84064 -257.7982 -111.8909 -34.53092 -255.4726 -35.03719 -137.1605 -220.6561 -37.22114 -165.3937 -233.5802 83.63877 -229.9134 -155.1323 -45.21515 -263.7107 -145.1208 83.62435 -319.7139 -43.69194 82.95929 -264.2742 -102.6093 223.6459 -86.17547 -99.16474 -250.3126 -104.158 -123.4618 -322.7562 -14.83269 -98.47023 -364.3118 -58.97303 -157.0347 -411.4001 0.1377784 -146.0347 -399.2987 46.64058 -273.6739 -469.9771 57.52675 -115.2562 -412.9297 123.4675 -248.8109 -487.8506 163.7008 -204.026 -471.0713 270.4924 -23.94424 188.2256 197.2519 -115.157 227.3672 285.3227 -23.40767 83.63854 236.9978 -132.624 86.20621 207.3783 -136.7995 -35.03738 120.8903 -259.1498 86.20629 120.5745 -246.8556 -35.23285 -34.53092 -255.4726 -35.03719 119.4362 -256.0954 -121.5562 -15.84064 -257.7982 -111.8909 -27.01671 -241.7494 -616.4309 28.31912 -202.2638 -648.091 55.07588 -271.951 -607.5733 115.263 -246.4829 -620.5245 135.4844 -285.1038 -555.0512 171.2987 -220.3976 -620.7336 198.0651 -253.0595 -536.462 254.0915 -180.9716 -536.8773 245.7262 -208.8797 -470.2487 284.5093 -155.3741 -467.4243 -243.789 -270.4981 -225.2773 -181.8166 -312.2971 -216.0172 -201.5211 -258.7602 -323.3198 -65.33151 -278.4752 -109.6942 -78.87608 -234.3573 -97.87113 -15.84064 -257.7982 -111.8909 366.6462 -34.69863 -228.7489 361.7098 8.577655 -225.5225 346.9971 -67.51899 -321.0025 -173.4103 -170.6901 -423.0934 -138.328 -280.1293 -479.359 -143.5134 -170.2351 -504.8944 -228.359 68.03765 -438.072 -173.4103 -170.6901 -423.0934 -180.7229 67.86774 -514.7253 -78.87608 -234.3573 -97.87113 -137.1605 -220.6561 -37.22114 -15.84064 -257.7982 -111.8909 245.7262 -208.8797 -470.2487 286.7473 -125.6521 -293.3461 284.5093 -155.3741 -467.4243 284.5093 -155.3741 -467.4243 286.7473 -125.6521 -293.3461 346.9971 -67.51899 -321.0025 -107.4101 -246.6697 -234.3113 92.22904 -192.4987 -248.4438 -86.17547 -99.16474 -250.3126 -86.17547 -99.16474 -250.3126 92.22904 -192.4987 -248.4438 29.19121 -56.43539 -275.6805 -10.77654 -278.5724 -456.8423 -58.97303 -157.0347 -411.4001 34.56895 -271.0248 -498.5733 -110.2678 -151.8382 -545.6344 -143.5134 -170.2351 -504.8944 -27.01671 -241.7494 -616.4309 -74.35047 -263.7804 -572.4309 -21.17584 -302.7188 -547.6148 -27.01671 -241.7494 -616.4309 -237.3611 87.67983 -348.6633 -231.5835 88.7188 -216.7196 -230.6137 -146.8238 -251.8858 -63.60174 -307.6037 -135.4722 -65.33151 -278.4752 -109.6942 3.232157 -305.9215 -152.133 195.9802 -155.9991 -120.3267 119.4362 -256.0954 -121.5562 207.3783 -136.7995 -35.03738 313.5956 -103.1142 -205.9655 256.1427 -161.7538 -204.479 294.2234 -155.8094 -176.1632 -213.8046 -82.37015 -210.796 -230.5732 -148.5462 -143.544 -211.1089 -132.0611 -212.0528 -231.1939 -59.87549 -135.6125 -230.5732 -148.5462 -143.544 -213.8046 -82.37015 -210.796 -284.0069 -57.90443 -45.78075 -230.5732 -148.5462 -143.544 -231.1939 -59.87549 -135.6125 -6.565389 -79.77875 -576.0109 -46.91048 -112.5869 -572.6906 82.64794 -176.9298 -648.0911 -6.565389 -79.77875 -576.0109 82.64794 -176.9298 -648.0911 44.33409 -70.03884 -572.6907 136.8159 -151.6709 -648.0911 44.33409 -70.03884 -572.6907 82.64794 -176.9298 -648.0911 57.52675 -115.2562 -412.9297 34.39717 -62.72072 -362.9268 112.6163 -84.21936 -407.3564 -70.46868 127.3753 -585.6083 -83.18444 119.4957 -578.7023 -6.565389 -79.77875 -576.0109 195.9802 -155.9991 -120.3267 229.3417 -200.8613 -154.1912 119.4362 -256.0954 -121.5562 120.5745 -246.8556 -35.23285 207.3783 -136.7995 -35.03738 119.4362 -256.0954 -121.5562 -107.4101 -246.6697 -234.3113 -86.17547 -99.16474 -250.3126 -92.20635 -252.3772 -288.6401 -92.20635 -252.3772 -288.6401 -86.17547 -99.16474 -250.3126 -104.158 -123.4618 -322.7562 29.19121 -56.43539 -275.6805 34.39717 -62.72072 -362.9268 -86.17547 -99.16474 -250.3126 112.6163 -84.21936 -407.3564 163.7008 -204.026 -471.0713 57.52675 -115.2562 -412.9297 -58.67543 -278.2017 86.20644 -34.53092 -255.4726 -35.03719 -165.3937 -233.5802 83.63877 -223.5562 9.473189 -200.4539 -213.8046 -82.37015 -210.796 -231.5835 88.7188 -216.7196 -92.20635 -252.3772 -288.6401 -133.1976 -293.0659 -197.3379 -107.4101 -246.6697 -234.3113 -223.5562 9.473189 -200.4539 -231.1939 -59.87549 -135.6125 -213.8046 -82.37015 -210.796 -21.17584 -302.7188 -547.6148 -74.35047 -263.7804 -572.4309 -95.73921 -322.0185 -474.218 -242.0486 -180.5289 -183.3771 -211.1089 -132.0611 -212.0528 -230.5732 -148.5462 -143.544 -21.17584 -302.7188 -547.6148 -15.3352 -332.5346 -480.1995 53.35565 -314.9915 -541.9403 82.64794 -176.9298 -648.0911 28.31912 -202.2638 -648.091 115.263 -246.4829 -620.5245 256.1427 -161.7538 -204.479 313.5956 -103.1142 -205.9655 247.1365 -76.89827 -232.9651 217.3155 -46.3298 -104.803 232.1803 -95.04395 -101.849 257.2742 -36.72828 -37.22141</float_array>
          <technique_common>
            <accessor source="#Mesh_271-mesh-positions-array" count="795" stride="3">
              <param name="X" type="float"/>
              <param name="Y" type="float"/>
              <param name="Z" type="float"/>
            </accessor>
          </technique_common>
        </source>
        <source id="Mesh_271-mesh-normals">
          <float_array id="Mesh_271-mesh-normals-array" count="2385">0.5773518 -0.5773446 0.5773544 0.5773823 -0.5773165 0.5773521 0.5773375 -0.5773579 0.5773556 0.5773587 -0.5773379 0.5773543 0.5773345 -0.5773562 0.5773602 0.5773267 -0.5773625 0.5773616 0.5773488 -0.5773597 0.5773424 0.577345 -0.5773732 0.5773327 0.5773473 -0.5773541 0.5773495 0.5773702 -0.5773243 0.5773563 0.5773416 -0.5773798 0.5773295 0.5773544 -0.5773662 0.5773302 0.5773739 -0.5773271 0.5773498 0.5773667 -0.5773237 0.5773605 0.5773507 -0.5773518 0.5773483 0.5773761 -0.5773423 0.5773324 0.577361 -0.5773561 0.5773338 0.5773658 -0.5773457 0.5773395 0.5773192 -0.5773615 0.5773701 0.5773509 -0.5773407 0.5773593 0.5773607 -0.577332 0.5773582 0.5773292 -0.5773737 0.577348 0.5773348 -0.5773541 0.5773619 0.5773331 -0.5773687 0.5773491 0.5773434 -0.5773419 0.5773656 0.5773573 -0.5773334 0.5773602 0.5773531 -0.5773459 0.5773519 0.5773607 -0.5773622 0.5773281 0.5773192 -0.5773693 0.5773623 0.5773666 -0.5773649 0.5773194 0.5773727 -0.5773315 0.5773466 0.5773514 -0.5773405 0.577359 0.5773777 -0.5773415 0.5773317 0.5773616 -0.5773321 0.5773572 0.5773458 -0.5773378 0.5773673 0.5773577 -0.5773382 0.577355 0.5773507 -0.5773302 0.57737 0.5773467 -0.5773451 0.577359 0.5773814 -0.5773119 0.5773575 0.5773345 -0.5773586 0.5773577 0.5773773 -0.5773308 0.5773427 0.5773534 -0.5773551 0.5773425 0.5773206 -0.5773504 0.5773798 0.5773772 -0.5773531 0.5773206 0.5773466 -0.5773351 0.5773691 0.5773059 -0.5773509 0.577394 0.5773301 -0.5773443 0.5773765 0.5773366 -0.5773457 0.5773686 0.5773611 -0.5773403 0.5773494 0.5773499 -0.5773578 0.5773431 0.5773516 -0.5773679 0.5773315 0.5773435 -0.5773392 0.5773681 -0.5773797 0.5773119 -0.5773592 0.577332 -0.5773602 0.5773587 -0.5773224 0.5773467 -0.5773817 0.5773545 -0.5773506 0.5773457 -0.5773544 0.5773502 -0.5773464 0.5773537 -0.577347 0.5773501 -0.577316 0.5773895 -0.5773454 0.5773316 -0.5773277 0.5773917 -0.5773517 0.5773379 -0.5773612 0.577339 -0.5773457 0.5773663 -0.5773039 0.5773717 -0.5773753 0.5773035 -0.5773698 0.5773776 -0.5773637 0.5773179 -0.5773693 0.5773088 -0.5773589 0.5773832 0.5773282 -0.5773696 0.5773531 0.5773215 -0.5773828 0.5773466 0.5773424 -0.5773419 0.5773667 0.5773595 -0.5773478 0.5773437 0.5773413 -0.5773747 0.577335 0.5773652 -0.5773389 0.5773468 0.5773541 -0.5773523 0.5773444 0.5773466 -0.577359 0.5773453 0.5773462 -0.577336 0.5773686 0.5773484 -0.5773392 0.5773634 0.5773584 -0.5773532 0.5773394 0.5773625 -0.5773455 0.5773428 0.5773398 -0.5773637 0.5773474 0.5773444 -0.5773708 0.5773357 0.5773165 -0.5773263 0.5774081 0.5773392 -0.5773612 0.5773505 0.5773375 -0.5773575 0.5773559 0.5773602 -0.5773484 0.5773425 0.5773345 -0.5773549 0.5773615 0.5773533 -0.5773441 0.5773534 0.5773516 -0.5773679 0.5773313 0.5773575 -0.5773583 0.5773352 0.5773587 -0.5773279 0.5773643 0.5773347 -0.5773632 0.5773529 0.5773297 -0.5773684 0.5773527 0.5773686 -0.5773645 0.5773178 0.5773718 -0.5773565 0.5773226 0.5773463 -0.5773327 0.5773719 0.5773684 -0.5773469 0.5773356 0.5773675 -0.5773428 0.5773406 0.5773112 -0.5773916 0.5773479 0.5772775 -0.5773722 0.5774012 0.5773427 -0.5773603 0.5773479 0.5773307 -0.5773678 0.5773525 0.5773514 -0.5773654 0.5773341 0.5773329 -0.5773624 0.5773556 0.5773727 -0.5773442 0.577334 0.5773776 -0.5773366 0.5773368 0.577362 -0.5773472 0.5773417 0.5773642 -0.5773474 0.5773392 0.5773423 -0.5773299 0.5773788 0.5773386 -0.5774037 0.5773085 0.5773391 -0.5773794 0.5773323 0.5773684 -0.5773907 0.5772917 0.5773462 -0.5773801 0.5773245 0.5773305 -0.5773736 0.5773467 0.5773528 -0.5773454 0.5773527 0.5773592 -0.5773558 0.5773358 0.5773684 -0.5773426 0.5773399 0.5773574 -0.5773401 0.5773534 0.5773361 -0.5773581 0.5773566 0.5773395 -0.577344 0.5773673 0.5773515 -0.5773616 0.5773378 0.5812864 -0.5752062 0.5755382 0.5773503 -0.5773444 0.5773563 0.5773786 -0.5773298 0.5773424 0.5773619 -0.577354 0.5773351 0.5773614 -0.5773562 0.5773332 0.5773753 -0.5773337 0.5773419 0.5773262 -0.5773503 0.5773744 0.5773647 -0.5773589 0.5773273 0.5773637 -0.5773525 0.5773346 0.5773571 -0.5773649 0.5773289 0.5773639 -0.5773535 0.5773335 0.5773473 -0.5773676 0.577336 0.577359 -0.5773686 0.5773233 0.5773417 -0.5773364 0.5773727 0.5773319 -0.5773304 0.5773886 0.5773537 -0.5773608 0.5773363 0.5773561 -0.5773512 0.5773437 0.5773565 -0.5773528 0.5773416 0.5773448 -0.5773286 0.5773774 0.5773729 -0.5773499 0.5773282 0.5773565 -0.5773511 0.5773434 0.577363 -0.5773426 0.5773453 0.5773416 -0.5773667 0.5773426 0.5773795 -0.5773407 0.5773307 0.5773655 -0.5773588 0.5773265 0.5773533 -0.5773464 0.5773512 0.5773395 -0.5773458 0.5773656 0.5773301 -0.5773583 0.5773626 0.5773751 -0.5773348 0.5773409 0.5773753 -0.5773353 0.5773403 0.5773436 -0.5773491 0.5773583 0.5773594 -0.5773479 0.5773435 0.57735 -0.5773563 0.5773447 0.5773777 -0.5773316 0.5773417 0.5773641 -0.5773388 0.577348 0.5773661 -0.5773482 0.5773366 0.5773575 -0.5773035 0.5773897 0.5773459 -0.5773296 0.5773753 0.5773267 -0.5773976 0.5773265 0.5773488 -0.5773518 0.5773503 0.5773634 -0.5773115 0.577376 0.5773311 -0.5773736 0.5773462 0.5773602 -0.5773529 0.5773378 0.5773358 -0.5773426 0.5773725 0.577347 -0.5773406 0.5773634 0.5774736 -0.5772346 0.5773428 0.5773645 -0.5773284 0.577358 0.5773262 -0.5773669 0.5773578 0.5773376 -0.5773811 0.577332 0.5773558 -0.5773634 0.5773316 0.5773774 -0.5773474 0.577326 0.5773544 -0.5773436 0.5773529 0.577371 -0.5773586 0.5773212 0.5773499 -0.5773447 0.5773564 0.5773302 -0.5773629 0.5773577 0.5773347 -0.5773596 0.5773566 0.5773722 -0.577338 0.5773406 0.5773622 -0.5773569 0.5773317 0.5773413 -0.5773627 0.5773468 0.5773515 -0.5773533 0.577346 0.5773444 -0.577365 0.5773415 0.5773385 -0.5773557 0.5773568 0.5773494 -0.5773511 0.5773504 0.5773341 -0.5773683 0.5773485 0.5773642 -0.5773454 0.5773413 0.5773548 -0.57734 0.5773561 0.5773528 -0.5773621 0.5773361 0.5773386 -0.5773469 0.5773653 0.5773677 -0.5773517 0.5773314 0.577338 -0.5773448 0.5773681 0.5773496 -0.5773551 0.5773462 0.5773489 -0.5773565 0.5773456 0.5773584 -0.5773503 0.5773421 0.5773629 -0.5773646 0.5773234 0.5773562 -0.5773653 0.5773293 0.5773667 -0.5773494 0.5773348 0.5773577 -0.5773393 0.5773539 0.5773417 -0.5773567 0.5773524 0.5773641 -0.5773783 0.5773085 0.5773872 -0.5773665 0.5772971 0.5773609 -0.5773524 0.5773375 0.5773795 -0.577353 0.5773184 0.5773623 -0.5773522 0.5773364 0.5773562 -0.5773461 0.5773485 0.5773315 -0.5773639 0.5773554 0.5773407 -0.5773513 0.5773588 0.5773519 -0.5773454 0.5773535 0.5773565 -0.5773394 0.577355 0.5773311 -0.5773657 0.5773541 0.577338 -0.5773552 0.5773575 0.5773673 -0.577353 0.5773305 0.5773503 -0.5773398 0.5773608 0.5773261 -0.5773702 0.5773546 0.5773636 -0.5773521 0.5773352 0.5773608 -0.5773422 0.5773479 0.5773415 -0.5773664 0.5773431 0.577357 -0.5773354 0.5773585 0.5773621 -0.577355 0.5773337 0.5773555 -0.5773504 0.577345 0.5773633 -0.5773444 0.5773432 0.5773131 -0.5774064 0.5773313 0.5773444 -0.577322 0.5773845 0.5773561 -0.5773575 0.5773373 0.5773627 -0.5773487 0.5773395 0.5773568 -0.5773 0.5773941 0.5773237 -0.5773384 0.5773889 0.5773406 -0.577345 0.5773654 0.5773801 -0.5773731 0.5772976 0.5773866 -0.5773245 0.5773398 0.5773706 -0.5773528 0.5773274 0.5773626 -0.5773696 0.5773187 0.5773401 -0.5773286 0.5773822 0.5773636 -0.5773109 0.5773764 0.577312 -0.5773788 0.5773602 0.5773608 -0.5773634 0.5773268 0.5773255 -0.5773612 0.5773643 0.5773618 -0.5773462 0.577343 0.5773561 -0.5773214 0.5773733 0.5773621 -0.577334 0.5773547 0.5773686 -0.5773368 0.5773456 0.5773295 -0.5773202 0.5774012 0.5773445 -0.5773536 0.5773528 0.5774019 -0.5773015 0.5773475 0.5773455 -0.577362 0.5773434 0.5773769 -0.5773583 0.5773158 0.5773767 -0.5773178 0.5773565 0.5774034 -0.5773353 0.5773122 0.5773625 -0.5773615 0.5773269 0.5773571 -0.5773459 0.5773479 0.577364 -0.5773444 0.5773426 0.5773543 -0.577351 0.5773457 0.5773373 -0.5773865 0.5773271 0.5773404 -0.5773403 0.5773702 0.5773525 -0.5773495 0.5773489 0.5773373 -0.5773684 0.5773451 0.5773661 -0.5773237 0.5773611 0.5773645 -0.5773501 0.5773364 0.5773709 -0.5773484 0.5773317 0.5773802 -0.5773531 0.5773177 0.5773642 -0.5773375 0.5773492 0.577346 -0.5773472 0.5773577 0.5773513 -0.577351 0.5773486 0.5773525 -0.5773388 0.5773595 0.5773809 -0.5773452 0.5773248 0.5773757 -0.5773262 0.5773491 0.5773614 -0.5773276 0.577362 0.577323 -0.5773801 0.5773478 0.5773332 -0.5773685 0.5773493 0.577355 -0.5773352 0.5773607 0.5773779 -0.5773197 0.5773533 0.5773411 -0.5773567 0.5773532 0.5773296 -0.5773535 0.5773677 0.5773753 -0.5773527 0.577323 0.5773339 -0.577396 0.5773209 0.5773296 -0.5773913 0.57733 0.5773487 -0.5773614 0.5773407 0.5773718 -0.5773572 0.5773218 0.5773667 -0.5773581 0.5773261 0.57733 -0.5773537 0.5773672 0.5773425 -0.577395 0.5773134 0.5773344 -0.5773689 0.5773476 0.5773619 -0.5773246 0.5773643 0.5773566 -0.5773558 0.5773385 0.5773595 -0.5773381 0.5773533 -0.5773339 0.5773965 -0.5773205 0.577333 -0.5773534 0.5773645 0.5773326 -0.577328 0.5773903 -0.5773607 0.5773733 -0.5773169 0.5773798 -0.5773137 0.5773574 -0.5773568 0.5773411 -0.5773529 0.5773808 -0.5773265 0.5773435 0.5773535 -0.5773653 0.577332 0.5773311 -0.5773869 0.5773329 0.5773845 -0.577325 0.5773414 0.5773699 -0.5773311 0.5773499 0.5773673 -0.5773799 0.5773037 0.5773566 -0.5773272 0.577367 0.577344 -0.5773758 0.5773311 0.5773158 -0.5774051 0.57733 0.5773473 -0.577324 0.5773795 -0.5773333 0.5773513 -0.5773662 -0.5773792 0.5772975 -0.5773742 -0.57738 0.5773021 -0.5773687 0.5773679 -0.5773333 0.5773498 0.5773692 -0.5773303 0.5773515 0.5773722 -0.5773731 0.5773056 0.5773456 -0.5773506 0.5773546 0.5773463 -0.5773777 0.5773268 0.5773444 -0.577383 0.5773235 0.5773214 -0.5773853 0.5773442 0.5773345 -0.5773966 0.5773198 0.57733 -0.5773931 0.5773277 -0.5773414 0.5773543 -0.5773552 0.5773357 -0.5773652 0.5773501 0.5773558 -0.577324 0.5773711 0.5773425 -0.577374 0.5773343 0.577345 -0.577349 0.5773569 0.5773648 -0.5773285 0.5773577 0.5773391 -0.577347 0.5773649 0.5773711 -0.5773478 0.577332 0.5773209 -0.5773391 0.577391 0.5773506 -0.57735 0.5773503 0.5773879 -0.5773215 0.5773415 0.5773214 -0.5773909 0.5773385 0.5773339 -0.5773586 0.5773583 -0.5773323 0.5773615 -0.5773572 -0.5773566 0.5773426 -0.5773518 0.5773208 -0.5773994 0.5773307 0.5773296 -0.5773894 0.5773319 0.5773669 -0.5773472 0.5773368 0.5773081 -0.5773527 0.5773901 0.5773526 -0.5773505 0.5773478 0.5773397 -0.5773515 0.5773598 0.5773475 -0.5773546 0.5773487 0.5773331 -0.5773443 0.5773735 0.5773615 -0.5773642 0.5773252 -0.5773578 0.5773392 -0.5773539 0.5773211 -0.5773974 0.5773324 0.5773566 -0.5773411 0.5773531 -0.5773599 0.577357 -0.577334 0.5773345 -0.5773959 0.5773205 0.5773056 -0.5773921 0.5773533 -0.5773556 0.5773168 -0.5773785 -0.577333 0.5773261 -0.5773918 0.5773869 -0.5773377 0.5773262 -0.5773599 0.5773146 -0.5773764 -0.5773553 0.5773703 -0.5773252 -0.5773245 0.5773804 -0.5773459 -0.5773857 0.5773606 -0.5773046 -0.5773477 0.5773723 -0.5773309 -0.5773261 0.5773743 -0.5773504 -0.577323 0.577376 -0.5773519 -0.5773285 0.577373 -0.5773494 0.577378 -0.5773463 0.5773265 -0.5773591 0.5773299 -0.5773618 -0.5773636 0.5773269 -0.5773605 -0.5773457 0.5773482 -0.5773571 -0.5773216 0.5773807 -0.5773487 0.5773659 -0.5773221 0.5773629 -0.5773566 0.5773199 -0.5773744 0.5773566 -0.5773173 0.5773769 0.5773392 -0.577348 0.5773636 -0.5773404 0.577334 -0.5773765 -0.5773409 0.5773307 -0.5773793 0.5773584 -0.5773352 0.5773572 -0.5773345 0.5773766 -0.5773398 0.5773125 -0.5773603 0.5773779 0.5773138 -0.577363 0.5773742 0.5773432 -0.5773885 0.5773191 0.5773134 -0.577337 0.5774004 0.5773592 -0.577314 0.5773777 -0.5773868 0.577338 -0.5773261 0.5773248 -0.5773322 0.5773938 0.5773533 -0.5773215 0.5773761 0.5773267 -0.5773531 0.5773711 0.5773701 -0.5773459 0.5773348 0.5773391 -0.5773431 0.5773687 0.5773342 -0.5773431 0.5773736 -0.5773144 0.5773366 -0.5773999 -0.5773438 0.5773883 -0.5773189 -0.577312 0.57736 -0.5773789 -0.5773134 0.5773628 -0.5773746 -0.5773565 0.577337 -0.5773574 0.577372 -0.577349 0.5773298 0.5773611 -0.5773402 0.5773495 0.5773397 -0.5773631 0.5773481 0.5773546 -0.5773431 0.5773532 0.5773282 -0.5773505 0.5773723 0.5773597 -0.5773308 0.5773602 0.5773541 -0.5773473 0.5773494 0.5773262 -0.5773671 0.5773575 0.577342 -0.5773637 0.5773451 0.5773466 -0.5773701 0.5773343 0.5773209 -0.5773801 0.5773499 0.5773462 -0.5773487 0.5773559 0.5773564 -0.5773198 0.5773746 -0.5773662 0.5773214 -0.5773631 -0.57736 0.5773334 -0.5773575 -0.5773324 0.5773669 -0.5773516 -0.5773208 0.577379 -0.577351 -0.5773188 0.5773842 -0.5773479 0.5773426 -0.5773524 0.5773559 0.5773435 -0.5773503 0.5773571 0.5773495 -0.5773379 0.5773634 0.577342 -0.5773517 0.5773571 0.5773421 -0.5773549 0.5773538 0.5773424 -0.5773573 0.5773511 0.5773775 -0.5773605 0.577313 0.5773623 -0.5773387 0.5773498 0.5773701 -0.5773501 0.5773308 0.5773276 -0.5773739 0.5773495 -0.5773786 0.5773451 -0.5773273 0.5773465 -0.57735 0.5773544 0.5773379 -0.5773463 0.5773667 0.577353 -0.5773818 0.5773161 0.5773274 -0.5773643 0.5773593 -0.5773395 0.5773056 -0.5774057 -0.5773649 0.5773434 -0.5773426 -0.5773628 0.5773321 -0.577356 -0.5773515 0.5773488 -0.5773506 -0.5773527 0.5773395 -0.5773588 -0.5773383 0.5773425 -0.57737 0.577327 -0.5773876 0.5773361 0.5773416 -0.5773208 0.5773885 0.577361 -0.5773031 0.5773867 0.5773213 -0.577363 0.5773667 0.5773589 -0.5773545 0.5773375 0.5773889 -0.5773164 0.5773457 -0.5773636 0.5773359 -0.5773514 -0.577361 0.577338 -0.5773519 0.5774115 -0.5773242 0.5773152 -0.5773334 0.5773612 -0.5773562 0.5773372 -0.5773285 0.5773853 0.5773727 -0.5773502 0.577328 -0.577353 0.577328 -0.5773699 -0.5773327 0.5773854 -0.5773329 -0.5773364 0.577344 -0.5773706 -0.577383 0.577323 -0.5773448 0.5773535 -0.5773485 0.5773488 0.5773528 -0.5773522 0.5773459 0.5773574 -0.5773471 0.5773463 0.5773408 -0.5773765 0.5773336 -0.5773363 0.5773738 -0.5773409 -0.5773242 0.5773838 -0.5773429 0.5773575 -0.5773647 0.5773286 0.5773472 -0.5773358 0.5773679 -0.57735 0.577355 -0.577346 0.5773225 -0.5773853 0.577343 0.5773 -0.5773726 0.5773783 -0.5773447 0.577386 -0.5773202 0.5773316 -0.57732 0.5773993 0.5773472 -0.577354 0.5773498 -0.5773606 0.5773331 -0.5773572 -0.5773501 0.5773548 -0.5773461 0.5773836 -0.5773508 0.5773164 -0.5773693 0.5773465 -0.5773351 -0.5772858 0.5773743 -0.5773907 0.5773559 -0.5773608 0.5773342 0.5772894 -0.577386 0.5773755 0.5773544 -0.5773767 0.5773197 0.5773335 -0.5773417 0.5773758 1 5.45084e-5 -2.95937e-5 0.5773488 -0.5773645 0.5773376 0.5773633 -0.577335 0.5773527 0.5773553 -0.5773631 0.5773326 0.5799012 -0.574391 0.5777454 0.5773271 -0.5773236 0.5774002 0.5773177 -0.5773864 0.5773468 0.577411 -0.5773181 0.5773217 0.577289 -0.577371 0.5773908 0.5773594 -0.5773354 0.5773561 0.5773644 -0.5773506 0.5773358 0.577346 -0.57735 0.5773549 0.5773486 -0.577354 0.5773482 0.5773628 -0.5773379 0.5773501 0.5773521 -0.5773401 0.5773587 0.577344 -0.577338 0.5773689 0.5773304 -0.577361 0.5773595 0.5773534 -0.5773314 0.5773661 0.5773463 -0.5773472 0.5773574 0.5773735 -0.5773213 0.5773561 0.5773322 -0.5773634 0.5773552 0.5773379 -0.5773687 0.5773443 0.5773422 -0.5773431 0.5773657 0.577344 -0.5773569 0.57735 0.5773456 -0.5773646 0.5773407 0.5773549 -0.5773538 0.5773422 0.5773375 -0.5773522 0.5773612 0.5773481 -0.5773511 0.5773516 0.577368 -0.5773362 0.5773467 0.5773469 -0.5773692 0.5773349 0.5773758 -0.5773356 0.5773395 0.5773432 -0.5773448 0.5773628 0.5773528 -0.5773479 0.5773501 0.5773352 -0.5773547 0.5773609 0.577365 -0.5773338 0.577352 0.5773717 -0.5773406 0.5773386 0.577345 -0.5773507 0.5773553 0.577337 -0.5773522 0.5773617 0.5773755 -0.5773231 0.5773522 0.5773531 -0.5773485 0.5773493 0.5773617 -0.5773288 0.5773605 0.5773667 -0.5773339 0.5773503 0.5773251 -0.5773946 0.5773312 0.5773792 -0.5773708 0.5773009 -0.5773639 0.5773445 -0.5773425 -0.5773658 0.5773238 -0.5773613 0.5773591 -0.5773246 0.5773672 0.5773577 -0.5773308 0.5773623 0.5773671 -0.5773291 0.5773546 0.5773481 -0.5773871 0.5773156 0.5773323 -0.5773447 0.5773739 0.5773376 -0.5773521 0.5773612 0.5773065 -0.5773848 0.5773596 0.577343 -0.5773553 0.5773525 0.5773943 -0.5773598 0.5772967 0.5773858 -0.5773507 0.5773144 0.5773498 -0.5773544 0.5773468 0.5773258 -0.5773643 0.5773608 0.5773426 -0.5773445 0.5773636 0.5773532 -0.5773478 0.5773499 0.5773581 -0.5773434 0.5773495 0.5773631 -0.5773412 0.5773466 0.5773438 -0.5773646 0.5773425 0.5773278 -0.5773945 0.5773286 0.5774277 -0.5772994 0.5773238 0.5773752 -0.5773426 0.577333 0.5773573 -0.5773703 0.5773233 0.5773913 -0.5772932 0.5773664 0.5773524 -0.5773505 0.5773479 0.5773442 -0.5773677 0.5773391 0.5773214 -0.5774194 0.57731 0.5773925 -0.5773115 0.5773469 0.5773776 -0.5773096 0.5773638 0.5773307 -0.5773544 0.5773658 -0.5773425 0.5773444 -0.577364 0.5773203 -0.577399 0.5773316 0.57738 -0.5773019 0.577369 0.5774035 -0.5773032 0.5773442 0.5773722 -0.577332 0.5773466 0.5773383 -0.5773937 0.5773189 0.5772814 -0.577372 0.5773974 0.5773063 -0.5773702 0.5773743 0.5773479 -0.5773537 0.5773493 0.577364 -0.5773405 0.5773465 0.5773676 -0.577333 0.5773503 0.5773677 -0.5773671 0.5773161 0.5773301 -0.5773801 0.5773407 0.577358 -0.5773422 0.5773508 0.5773671 -0.577351 0.5773328 0.57732 -0.5773893 0.5773415 0.5773106 -0.5773532 0.5773871 0.5773193 -0.5773634 0.5773681 0.577363 -0.5773653 0.5773226 0.5773326 -0.5773237 0.5773946 0.5773069 -0.5773369 0.5774072 -0.5773587 0.5773422 -0.5773499 0.5773732 -0.5773228 0.5773549 0.577361 -0.5773411 0.5773488 0.5773291 -0.5773757 0.577346 0.5773288 -0.5773922 0.5773299 0.577342 -0.5773847 0.5773242 0.5773375 -0.5773433 0.5773701 0.5773494 -0.5772954 0.5774061 0.5773506 -0.5773221 0.5773782 0.5773436 -0.5773542 0.577353 0.5773599 -0.5773753 0.5773158 0.577345 -0.5773498 0.5773561 0.5773478 -0.5773778 0.5773252 0.5773475 -0.5773511 0.5773522 0.5773618 -0.5773649 0.5773241 0.5773441 -0.5773399 0.5773669 0.5773667 -0.5773479 0.5773362 0.5773393 -0.5773386 0.577373 0.5773642 -0.5773686 0.5773182 0.5773694 -0.5773845 0.577297 0.5773299 -0.5773245 0.5773963 0.5773696 -0.5773606 0.5773206 0.5773264 -0.5773665 0.577358 0.5773597 -0.5773454 0.5773458 0.577359 -0.577367 0.5773248 0.5773104 -0.5774083 0.5773321 0.5773643 -0.5773215 0.5773651 0.577358 -0.5773316 0.5773613 0.5773138 -0.5774005 0.5773366 0.5773646 -0.5773252 0.577361 0.5773159 -0.57739 0.5773448 0.5773314 -0.5773668 0.5773527 0.5773463 -0.5773916 0.577313 0.5773754 -0.5773713 0.5773043 0.5773342 -0.5773704 0.5773464 0.5773245 -0.5773277 0.5773987 0.5773805 -0.5773382 0.5773323 0.5773569 -0.5773581 0.5773358 0.5773391 -0.5773571 0.5773546 0.5773313 -0.5773454 0.5773742 0.5773479 -0.5773444 0.5773586 0.5773609 -0.5773386 0.5773513 0.5773481 -0.5773478 0.577355 0.5773573 -0.5773605 0.577333 0.5773531 -0.5773582 0.5773396 0.5773359 -0.577366 0.577349 0.5773651 -0.5773466 0.5773392 0.5773177 -0.5773202 0.5774129 0.5773633 -0.5773125 0.5773752 0.5773386 -0.5773792 0.5773332 0.5773128 -0.5773742 0.577364 0.5773683 -0.5773363 0.5773462 0.5773093 -0.5773689 0.5773727 0.5773352 -0.5773544 0.5773614 0.5773115 -0.5774 0.5773395 0.5773481 -0.577374 0.5773288 0.5773127 -0.5774067 0.5773315 0.5773758 -0.5773435 0.5773317 0.5773186 -0.5773611 0.5773713 0.5773365 -0.5773655 0.5773489 0.5773437 -0.5773532 0.5773538 0.5773516 -0.5773465 0.5773528 0.5773528 -0.577349 0.5773492 0.5773395 -0.577357 0.5773544 0.577349 -0.5773583 0.5773437 0.5773615 -0.5773515 0.5773379 0.5773469 -0.5773699 0.577334 0.5773574 -0.5773726 0.5773209 0.5773603 -0.57739 0.5773005 0.5773686 -0.577337 0.5773454 0.5773398 -0.5773699 0.5773411 0.5773585 -0.577371 0.5773214 0.5773537 -0.5773655 0.5773317 0.5773243 -0.5773359 0.5773907 0.5773607 -0.5773456 0.5773447 0.5773615 -0.5773567 0.5773327 0.5773551 -0.5773542 0.5773416 0.5773445 -0.5773603 0.5773461 0.5773236 -0.5773576 0.5773697 0.5773568 -0.5773361 0.5773581 0.5773369 -0.5773354 0.5773786 0.5773399 -0.5773373 0.5773736 0.5773536 -0.5773673 0.57733 0.5773332 -0.5773311 0.5773867 0.5773307 -0.5773655 0.5773547 0.5773934 -0.5773054 0.5773521 0.5773596 -0.5773557 0.5773357 0.5773767 -0.5772711 0.577403 0.5773441 -0.5773577 0.5773491 0.5773567 -0.5773595 0.5773347 0.577348 -0.5773662 0.5773366 0.5773419 -0.5773466 0.5773623 0.5773636 -0.5773479 0.5773395 0.5773379 -0.5773492 0.5773639 0.5773506 -0.5773497 0.5773506 0.5773559 -0.5773338 0.5773611 0.5773192 -0.5773759 0.5773558 0.5773315 -0.5773594 0.5773599 0.5773287 -0.5773645 0.5773577 0.5773631 -0.577335 0.5773527 0.577337 -0.577348 0.577366 0.5773708 -0.5773367 0.5773434 0.5773329 -0.5773702 0.5773478 0.57735 -0.5773379 0.577363 0.577381 -0.5773417 0.5773281 0.5773223 -0.5773578 0.5773708 0.5773561 -0.577355 0.5773397 0.5774152 -0.5773565 0.5772792 0.5773642 -0.5773665 0.5773202 0.5773555 -0.5773562 0.5773391 0.5773937 -0.5773101 0.5773471 0.5773156 -0.5773918 0.5773435 0.5773451 -0.5773525 0.5773533 0.5773484 -0.5773453 0.5773572 0.5773531 -0.5773292 0.5773686 0.5773491 -0.5773521 0.5773497 0.5773324 -0.5773569 0.5773615 0.5773341 -0.577366 0.5773507 0.5773832 -0.5773741 0.5772935 0.5773432 -0.5773683 0.5773393 0.5773509 -0.5773476 0.5773524 0.5773646 -0.5773324 0.5773538 0.5773431 -0.5773564 0.5773515 -0.5773159 0.5773982 -0.5773367 0.5773593 -0.5773438 0.5773477 0.5773639 -0.5772958 0.5773912 0.5773438 -0.5773334 0.5773737 0.577373 -0.5773705 0.5773074 0.5773499 -0.5773411 0.5773598 0.57735 -0.5773118 0.577389 0.5773663 -0.5773187 0.5773658 0.577342 -0.5773084 0.5774004 0.5773572 -0.5773571 0.5773366 0.5773282 -0.577351 0.5773716 0.5773069 -0.5773463 0.5773977 0.5773679 -0.5773142 0.5773688 0.577336 -0.5773597 0.577355 0.5773456 -0.5773462 0.5773591 0.5773251 -0.5773636 0.5773622 0.5773658 -0.5773209 0.577364 0.5773463 -0.5773414 0.5773631 0.5773994 -0.5773143 0.5773372 0.5773344 -0.5773704 0.5773461 0.5773552 -0.5773524 0.5773434 0.5773023 -0.5774064 0.5773421 0.5774084 -0.5773329 0.5773096 0.5773608 -0.5773657 0.5773245 -0.5773491 0.5773921 -0.5773097 0.5773472 -0.5773544 0.5773493 0.577331 -0.5773558 0.5773642 0.5773137 -0.5774033 0.5773338 0.5773126 -0.5774035 0.5773348 0.5773141 -0.5774044 0.5773324 0.5772922 -0.5773946 0.5773642 0.5772858 -0.5773956 0.5773695 0.5773833 -0.5773687 0.5772988 0.577304 -0.5773866 0.5773602 0.5773045 -0.5773736 0.5773727 -0.5773441 0.5773336 -0.5773732 0.5773643 -0.5773437 0.5773429 0.5773907 -0.5771981 0.5774621 0.5773648 -0.5773428 0.5773434 0.5773843 -0.5773187 0.5773479 0.5773576 -0.577354 0.5773393 0.5773309 -0.5773893 0.5773306 0.5773115 -0.5773897 0.5773497 0.5774051 -0.5772972 0.5773486 0.5773352 -0.5773663 0.5773493 1 -1.69277e-5 3.49879e-5 0.5773314 -0.5773712 0.5773484 -0.5773556 0.5773144 -0.5773809 1 2.11541e-5 -5.04404e-5 0.5773925 -0.5773516 0.5773068 0.5773786 -0.577302 0.5773704 1 -2.55704e-5 -6.4835e-5 0.577391 -0.5772984 0.5773614 0.5773937 -0.5773004 0.5773568 -0.5773599 0.5773488 -0.5773422 -0.577362 0.5773466 -0.5773423 -0.5773544 0.5773538 -0.5773426 -0.5773534 0.5773596 -0.5773378 -0.5773672 0.577319 -0.5773647 -0.5773517 0.5773645 -0.5773347 -0.5773498 0.5773521 -0.577349 0.5773218 -0.5773413 0.5773878 -0.5773417 0.577367 -0.5773423 0.5773485 -0.577354 0.5773483 0.5773478 -0.5773563 0.5773467 0.5773474 -0.5773577 0.5773457 0.5773572 -0.5773802 0.5773134 0.577381 -0.5773693 0.5773006 -0.5773101 0.5773692 -0.5773715 0.5773466 -0.5773714 0.5773329 0.577342 -0.577339 0.5773699 0.5773353 -0.5773445 0.577371 0.5773537 -0.5773603 0.5773369 0.57738 -0.5773264 0.5773445 0.5773738 -0.5773344 0.5773428 0.5773426 -0.577384 0.5773243 0.5773419 -0.577381 0.577328 0.5773289 -0.5773299 0.5773922 0.5773558 -0.5773929 0.5773021 0.5773696 -0.577318 0.5773633 -0.5773562 0.57739 -0.5773047 0.5773488 -0.5773464 0.5773557 0.5773261 -0.577354 0.5773709 0.5773633 -0.5773418 0.5773458 0.5773286 -0.5773816 0.5773406 0.5773524 -0.5773442 0.5773542 0.5773494 -0.5773487 0.5773527 0.5774002 -0.5773447 0.577306 0.5773667 -0.5773409 0.5773433 0.5773882 -0.5773433 0.5773194 0.5773509 -0.5773004 0.5773995 0.5773602 -0.5773738 0.5773169 0.5773618 -0.5773864 0.5773026 0.577363 -0.5773289 0.5773589 0.5773631 -0.5773148 0.577373 0.5773634 -0.5773584 0.5773291 0.5773643 -0.5773033 0.5773833 0.5773732 -0.577328 0.5773497 0.5773699 -0.5773187 0.5773623 0.5773405 -0.5773474 0.577363 0.5773617 -0.5773437 0.5773456 0.5774015 -0.5773373 0.5773121 -0.5773517 0.5773561 -0.5773431 -0.5773491 0.5773617 -0.5773401 1 -1.2815e-6 -1.02967e-5 0.5773665 -0.577345 0.5773395 0.5773523 -0.5773469 0.5773517 0.577344 -0.5773487 0.5773583 0.577346 -0.5773893 0.5773155 -0.57735 0.5773485 -0.5773524 0.5773661 -0.5773707 0.577314 0.5773693 -0.5773774 0.5773041 0.5773325 -0.5774137 0.5773047 0.5773712 -0.5773755 0.5773041 -0.5773399 0.5772975 -0.5774135 -0.5773152 0.5774053 -0.5773304 -0.5773273 0.5773492 -0.5773743</float_array>
          <technique_common>
            <accessor source="#Mesh_271-mesh-normals-array" count="795" stride="3">
              <param name="X" type="float"/>
              <param name="Y" type="float"/>
              <param name="Z" type="float"/>
            </accessor>
          </technique_common>
        </source>
        <source id="Mesh_271-mesh-map-0">
          <float_array id="Mesh_271-mesh-map-0-array" count="3006">0.3637225 0.376592 0.3963147 0.3756047 0.3822856 0.4040184 0.3637225 0.376592 0.3822856 0.4040184 0.3646468 0.4045528 0.4016588 0.2347343 0.3590751 0.2360243 0.3576916 0.1941782 0.4016588 0.2347343 0.3576916 0.1941782 0.390284 0.1931908 0.390284 0.1931908 0.3576916 0.1941782 0.3567672 0.1662173 0.3164913 0.2373142 0.3590751 0.2360243 0.3607071 0.2853852 0.3164913 0.2373142 0.3607071 0.2853852 0.3146146 0.2867815 0.3146146 0.2867815 0.3607071 0.2853852 0.362339 0.3347461 0.3146146 0.2867815 0.362339 0.3347461 0.3197551 0.336036 0.3590751 0.2360243 0.4016588 0.2347343 0.4067994 0.2839888 0.3590751 0.2360243 0.4067994 0.2839888 0.3607071 0.2853852 0.3607071 0.2853852 0.4067994 0.2839888 0.4049227 0.333456 0.3607071 0.2853852 0.4049227 0.333456 0.362339 0.3347461 0.3391284 0.1667518 0.3567672 0.1662173 0.3576916 0.1941782 0.3391284 0.1667518 0.3576916 0.1941782 0.3250995 0.1951656 0.3250995 0.1951656 0.3576916 0.1941782 0.3590751 0.2360243 0.3250995 0.1951656 0.3590751 0.2360243 0.3164913 0.2373142 0.4225615 0.3329217 0.4049227 0.333456 0.4067994 0.2839888 0.4225615 0.3329217 0.4067994 0.2839888 0.4258915 0.2834105 0.4258915 0.2834105 0.4067994 0.2839888 0.4016588 0.2347343 0.4258915 0.2834105 0.4016588 0.2347343 0.4192976 0.2341999 0.4192976 0.2341999 0.4016588 0.2347343 0.390284 0.1931908 0.4192976 0.2341999 0.390284 0.1931908 0.403784 0.1927817 0.403784 0.1927817 0.390284 0.1931908 0.3744059 0.165683 0.403784 0.1927817 0.3744059 0.165683 0.3817122 0.1654618 0.3470081 0.4050871 0.3311302 0.3775794 0.3646468 0.4045528 0.3470081 0.4050871 0.3646468 0.4045528 0.3649715 0.4143711 0.3649715 0.4143711 0.3646468 0.4045528 0.3822856 0.4040184 0.3649715 0.4143711 0.3822856 0.4040184 0.3895918 0.403797 0.3895918 0.403797 0.3822856 0.4040184 0.3963147 0.3756047 0.3895918 0.403797 0.3963147 0.3756047 0.4098148 0.3751957 0.4098148 0.3751957 0.3963147 0.3756047 0.4049227 0.333456 0.4098148 0.3751957 0.4049227 0.333456 0.4225615 0.3329217 0.3744059 0.165683 0.390284 0.1931908 0.3567672 0.1662173 0.3744059 0.165683 0.3567672 0.1662173 0.3564426 0.1563991 0.3564426 0.1563991 0.3567672 0.1662173 0.3391284 0.1667518 0.3564426 0.1563991 0.3391284 0.1667518 0.3318222 0.166973 0.3318222 0.166973 0.3391284 0.1667518 0.3250995 0.1951656 0.3318222 0.166973 0.3250995 0.1951656 0.3115992 0.1955745 0.3115992 0.1955745 0.3250995 0.1951656 0.3164913 0.2373142 0.3115992 0.1955745 0.3164913 0.2373142 0.2988525 0.2378486 0.2988525 0.2378486 0.3164913 0.2373142 0.3146146 0.2867815 0.2988525 0.2378486 0.3146146 0.2867815 0.2955226 0.2873599 0.2955226 0.2873599 0.3146146 0.2867815 0.3197551 0.336036 0.2955226 0.2873599 0.3197551 0.336036 0.3021163 0.3365705 0.3021163 0.3365705 0.3197551 0.336036 0.3311302 0.3775794 0.3021163 0.3365705 0.3311302 0.3775794 0.31763 0.3779883 0.31763 0.3779883 0.3311302 0.3775794 0.3470081 0.4050871 0.31763 0.3779883 0.3470081 0.4050871 0.3397018 0.4053084 0.3397018 0.4053084 0.3470081 0.4050871 0.3649715 0.4143711 0.3564426 0.1563991 0.3817122 0.1654618 0.3744059 0.165683 0.3311302 0.3775794 0.3637225 0.376592 0.3646468 0.4045528 0.4049227 0.333456 0.3963147 0.3756047 0.362339 0.3347461 0.362339 0.3347461 0.3963147 0.3756047 0.3637225 0.376592 0.362339 0.3347461 0.3637225 0.376592 0.3197551 0.336036 0.3197551 0.336036 0.3637225 0.376592 0.3311302 0.3775794 0.2977539 0.2352448 0.3169011 0.2352448 0.3277471 0.1944823 0.2977539 0.2352448 0.3277471 0.1944823 0.3130925 0.1944823 0.3985059 0.1944823 0.4131606 0.1944823 0.3902047 0.167246 0.3985059 0.1944823 0.3902047 0.167246 0.3822737 0.167246 0.3631266 0.167246 0.3822737 0.167246 0.3631266 0.1576818 0.3631266 0.167246 0.3631266 0.1576818 0.3439793 0.167246 0.3439793 0.167246 0.3631266 0.1576818 0.3360484 0.167246 0.3439793 0.167246 0.3360484 0.167246 0.3130925 0.1944823 0.3169011 0.2352448 0.2977539 0.2352448 0.2923677 0.2833271 0.3169011 0.2352448 0.2923677 0.2833271 0.3130925 0.2833271 0.3130925 0.2833271 0.2923677 0.2833271 0.2977539 0.3314094 0.3130925 0.2833271 0.2977539 0.3314094 0.3169011 0.3314094 0.4131606 0.1944823 0.3985059 0.1944823 0.409352 0.2352448 0.4131606 0.1944823 0.409352 0.2352448 0.4284992 0.2352448 0.4284992 0.2352448 0.409352 0.2352448 0.4131606 0.2833271 0.4284992 0.2352448 0.4131606 0.2833271 0.4338855 0.2833271 0.3169011 0.3314094 0.2977539 0.3314094 0.3130925 0.3721717 0.3169011 0.3314094 0.3130925 0.3721717 0.3277471 0.3721717 0.3277471 0.3721717 0.3130925 0.3721717 0.3360484 0.3994081 0.3277471 0.3721717 0.3360484 0.3994081 0.3439793 0.3994081 0.3439793 0.3994081 0.3360484 0.3994081 0.3631266 0.4089722 0.4338855 0.2833271 0.4131606 0.2833271 0.409352 0.3314094 0.4338855 0.2833271 0.409352 0.3314094 0.4284992 0.3314094 0.4284992 0.3314094 0.409352 0.3314094 0.3985059 0.3721717 0.4284992 0.3314094 0.3985059 0.3721717 0.4131606 0.3721717 0.4131606 0.3721717 0.3985059 0.3721717 0.3822737 0.3994081 0.3631266 0.3994081 0.3822737 0.3994081 0.3985059 0.3721717 0.3631266 0.3994081 0.3985059 0.3721717 0.3631266 0.3721717 0.3631266 0.3721717 0.3985059 0.3721717 0.409352 0.3314094 0.3631266 0.3721717 0.409352 0.3314094 0.3631266 0.3314094 0.3631266 0.3314094 0.409352 0.3314094 0.4131606 0.2833271 0.3631266 0.3314094 0.4131606 0.2833271 0.3631266 0.2833271 0.3631266 0.2833271 0.4131606 0.2833271 0.409352 0.2352448 0.3631266 0.2833271 0.409352 0.2352448 0.3631266 0.2352448 0.3631266 0.2352448 0.409352 0.2352448 0.3985059 0.1944823 0.3631266 0.2352448 0.3985059 0.1944823 0.3631266 0.1944823 0.3631266 0.1944823 0.3985059 0.1944823 0.3822737 0.167246 0.3631266 0.1944823 0.3822737 0.167246 0.3631266 0.167246 0.3631266 0.167246 0.3439793 0.167246 0.3277471 0.1944823 0.3631266 0.167246 0.3277471 0.1944823 0.3631266 0.1944823 0.3631266 0.1944823 0.3277471 0.1944823 0.3169011 0.2352448 0.3631266 0.1944823 0.3169011 0.2352448 0.3631266 0.2352448 0.3631266 0.2352448 0.3169011 0.2352448 0.3130925 0.2833271 0.3631266 0.2352448 0.3130925 0.2833271 0.3631266 0.2833271 0.3631266 0.2833271 0.3130925 0.2833271 0.3169011 0.3314094 0.3631266 0.2833271 0.3169011 0.3314094 0.3631266 0.3314094 0.3631266 0.3314094 0.3169011 0.3314094 0.3277471 0.3721717 0.3631266 0.3314094 0.3277471 0.3721717 0.3631266 0.3721717 0.3631266 0.3721717 0.3277471 0.3721717 0.3439793 0.3994081 0.3631266 0.3721717 0.3439793 0.3994081 0.3631266 0.3994081 0.3631266 0.3994081 0.3439793 0.3994081 0.3631266 0.4089722 0.3631266 0.3994081 0.3631266 0.4089722 0.3822737 0.3994081 0.3822737 0.3994081 0.3631266 0.4089722 0.3902047 0.3994081 0.3822737 0.3994081 0.3902047 0.3994081 0.4131606 0.3721717 0.3822737 0.167246 0.3902047 0.167246 0.3631266 0.1576818 0.3130925 0.1944823 0.3277471 0.1944823 0.3439793 0.167246 0.3583984 0.8251953 0.3740234 0.8310547 0.4013672 0.8623047 0.3583984 0.8251953 0.4013672 0.8623047 0.3896484 0.8662109 0.3896484 0.8662109 0.3740234 0.8876953 0.3564453 0.8447266 0.3896484 0.8662109 0.3564453 0.8447266 0.3583984 0.8251953 0.4248047 0.9013672 0.4189453 0.9228516 0.3720703 0.8876953 0.4248047 0.9013672 0.3720703 0.8876953 0.3896484 0.8662109 0.3583984 0.8251953 0.3564453 0.8447266 0.3740234 0.8876953 0.3583984 0.8251953 0.3740234 0.8876953 0.3896484 0.8662109 0.3896484 0.8662109 0.3740234 0.8876953 0.4189453 0.9228516 0.3896484 0.8662109 0.4189453 0.9228516 0.4248047 0.9013672 0.4248047 0.9013672 0.4189453 0.9228516 0.4736328 0.9345703 0.4248047 0.9013672 0.4736328 0.9345703 0.4794922 0.9072266 0.4794922 0.9072266 0.4736328 0.9345703 0.5224609 0.9365234 0.4794922 0.9072266 0.5224609 0.9365234 0.5244141 0.9091797 0.5244141 0.9091797 0.5224609 0.9365234 0.4736328 0.9345703 0.5244141 0.9091797 0.4736328 0.9345703 0.4794922 0.9072266 0.4794922 0.9072266 0.4736328 0.9345703 0.4189453 0.9228516 0.4794922 0.9072266 0.4189453 0.9228516 0.4248047 0.9013672 0.3740234 0.8310547 0.3583984 0.8251953 0.3896484 0.8662109 0.3740234 0.8310547 0.3896484 0.8662109 0.4013672 0.8623047 0.4013672 0.8623047 0.3896484 0.8662109 0.4248047 0.9013672 0.4013672 0.8623047 0.4248047 0.9013672 0.4287109 0.8935547 0.4287109 0.8935547 0.4248047 0.9013672 0.4794922 0.9072266 0.4287109 0.8935547 0.4794922 0.9072266 0.4794922 0.8974609 0.4794922 0.8974609 0.4794922 0.9072266 0.5244141 0.9091797 0.4794922 0.8974609 0.5244141 0.9091797 0.5219727 0.8979492 0.5219727 0.8979492 0.5244141 0.9091797 0.4794922 0.9072266 0.5219727 0.8979492 0.4794922 0.9072266 0.4794922 0.8974609 0.4794922 0.8974609 0.4794922 0.9072266 0.4248047 0.9013672 0.4794922 0.8974609 0.4248047 0.9013672 0.4287109 0.8935547 0.4287109 0.8935547 0.4248047 0.9013672 0.3896484 0.8662109 0.4287109 0.8935547 0.3896484 0.8662109 0.4013672 0.8623047 0.3369141 0.5973307 0.3330078 0.5322266 0.2666016 0.5263672 0.3369141 0.5973307 0.2666016 0.5263672 0.3004557 0.6051432 0.3330078 0.5322266 0.3916016 0.5927734 0.3369141 0.5973307 0.3330078 0.5322266 0.3369141 0.5973307 0.3004557 0.6051432 0.3330078 0.5322266 0.3369141 0.5973307 0.3916016 0.5927734 0.3330078 0.5322266 0.3916016 0.5927734 0.3916016 0.5283203 0.3916016 0.5283203 0.3916016 0.5927734 0.4560547 0.5966797 0.3916016 0.5283203 0.4560547 0.5966797 0.4560547 0.5341797 0.4560547 0.5341797 0.4560547 0.5966797 0.5185547 0.6142578 0.4560547 0.5341797 0.5185547 0.6142578 0.5185547 0.5771484 0.5185547 0.5771484 0.5185547 0.6142578 0.4560547 0.5966797 0.5185547 0.5771484 0.4560547 0.5966797 0.4560547 0.5341797 0.4560547 0.5341797 0.4560547 0.5966797 0.3916016 0.5927734 0.4560547 0.5341797 0.3916016 0.5927734 0.3916016 0.5283203 0.3916016 0.5283203 0.3916016 0.5927734 0.3330078 0.5322266 0.3004557 0.6051432 0.3056641 0.6162109 0.3401693 0.6070963 0.3004557 0.6051432 0.3401693 0.6070963 0.3369141 0.5973307 0.3369141 0.5973307 0.3401693 0.6070963 0.3929036 0.6038412 0.3369141 0.5973307 0.3929036 0.6038412 0.3916016 0.5927734 0.3916016 0.5927734 0.3929036 0.6038412 0.4547526 0.6083984 0.3916016 0.5927734 0.4547526 0.6083984 0.4560547 0.5966797 0.4560547 0.5966797 0.4547526 0.6083984 0.5107422 0.6246744 0.4560547 0.5966797 0.5107422 0.6246744 0.5185547 0.6142578 0.5185547 0.6142578 0.5107422 0.6246744 0.4547526 0.6083984 0.5185547 0.6142578 0.4547526 0.6083984 0.4560547 0.5966797 0.4560547 0.5966797 0.4547526 0.6083984 0.3929036 0.6038412 0.4560547 0.5966797 0.3929036 0.6038412 0.3916016 0.5927734 0.3916016 0.5927734 0.3929036 0.6038412 0.3401693 0.6070963 0.3916016 0.5927734 0.3401693 0.6070963 0.3369141 0.5973307 0.3369141 0.5973307 0.3401693 0.6070963 0.3056641 0.6162109 0.3369141 0.5973307 0.3056641 0.6162109 0.3004557 0.6051432 0.3004557 0.6051432 0.2666016 0.5263672 0.3330078 0.5322266 0.2762978 0.4093146 0.2462527 0.3485721 0.2332415 0.4478254 0.2762978 0.4093146 0.2332415 0.4478254 0.271649 0.4776116 0.2467904 0.4998458 0.271649 0.4776116 0.2332415 0.4478254 0.2467904 0.4998458 0.2332415 0.4478254 0.1970733 0.5443143 0.1970733 0.5443143 0.2332415 0.4478254 0.1471292 0.5248469 0.0173397 0.4657034 0.06039589 0.4271926 0.04684698 0.3751722 0.0173397 0.4657034 0.04684698 0.3751722 0.02198845 0.3974064 0.02198845 0.3974064 0.04684698 0.3751722 0.06008541 0.3398548 0.0173397 0.4657034 0.04738461 0.5264459 0.09710168 0.4819775 0.0173397 0.4657034 0.09710168 0.4819775 0.06039589 0.4271926 0.06039589 0.4271926 0.09710168 0.4819775 0.1465082 0.350171 0.06039589 0.4271926 0.1465082 0.350171 0.04684698 0.3751722 0.04684698 0.3751722 0.1465082 0.350171 0.09656393 0.3307037 0.04684698 0.3751722 0.09656393 0.3307037 0.06008541 0.3398548 0.06008541 0.3398548 0.09656393 0.3307037 0.1214225 0.3084695 0.1895645 0.3116604 0.1214225 0.3084695 0.1465082 0.350171 0.1895645 0.3116604 0.1465082 0.350171 0.2462527 0.3485721 0.2462527 0.3485721 0.1465082 0.350171 0.1965357 0.3930406 0.2462527 0.3485721 0.1965357 0.3930406 0.2332415 0.4478254 0.2332415 0.4478254 0.1965357 0.3930406 0.09710168 0.4819775 0.2332415 0.4478254 0.09710168 0.4819775 0.1471292 0.5248469 0.1471292 0.5248469 0.09710168 0.4819775 0.104073 0.5633577 0.1471292 0.5248469 0.104073 0.5633577 0.1970733 0.5443143 0.1970733 0.5443143 0.104073 0.5633577 0.1722149 0.5665485 0.09710168 0.4819775 0.1965357 0.3930406 0.1465082 0.350171 0.09710168 0.4819775 0.04738461 0.5264459 0.104073 0.5633577 0.1214225 0.3084695 0.09656393 0.3307037 0.1465082 0.350171 0.06585717 0.5562503 0.02013397 0.5016636 0.1048038 0.5014302 0.06585717 0.5562503 0.1048038 0.5014302 0.1324518 0.5814591 0.260494 0.4883047 0.2215474 0.5431249 0.2336382 0.4390319 0.260494 0.4883047 0.2336382 0.4390319 0.2799674 0.4608945 0.06595373 0.3500949 0.1213204 0.3592364 0.08542704 0.3226847 0.06595373 0.3500949 0.08542704 0.3226847 0.03143262 0.3668144 0.03143262 0.3668144 0.08542704 0.3226847 0.06595373 0.3500949 0.1048038 0.5014302 0.2336382 0.4390319 0.1661806 0.5339834 0.1048038 0.5014302 0.1661806 0.5339834 0.1324518 0.5814591 0.1324518 0.5814591 0.1661806 0.5339834 0.2215474 0.5431249 0.1324518 0.5814591 0.2215474 0.5431249 0.2020741 0.5705351 0.02700704 0.4049152 0.03143262 0.3668144 0.06595373 0.3500949 0.02700704 0.4049152 0.06595373 0.3500949 0.1213204 0.3592364 0.1213204 0.3592364 0.06595373 0.3500949 0.08542704 0.3226847 0.1213204 0.3592364 0.08542704 0.3226847 0.1550492 0.3117606 0.1550492 0.3117606 0.08542704 0.3226847 0.1213204 0.3592364 0.1550492 0.3117606 0.1213204 0.3592364 0.2216439 0.3369693 0.2216439 0.3369693 0.1213204 0.3592364 0.1826972 0.3917896 0.2216439 0.3369693 0.1826972 0.3917896 0.2336382 0.4390319 0.007533729 0.4323252 0.03143262 0.3668144 0.02700704 0.4049152 0.007533729 0.4323252 0.02700704 0.4049152 0.02013397 0.5016636 0.02013397 0.5016636 0.02700704 0.4049152 0.05386281 0.4541878 0.02013397 0.5016636 0.05386281 0.4541878 0.1048038 0.5014302 0.1048038 0.5014302 0.05386281 0.4541878 0.1213204 0.3592364 0.1048038 0.5014302 0.1213204 0.3592364 0.1826972 0.3917896 0.1826972 0.3917896 0.1213204 0.3592364 0.2216439 0.3369693 0.1826972 0.3917896 0.2216439 0.3369693 0.2336382 0.4390319 0.2336382 0.4390319 0.2216439 0.3369693 0.2673671 0.3915562 0.2336382 0.4390319 0.2673671 0.3915562 0.2799674 0.4608945 0.2799674 0.4608945 0.2673671 0.3915562 0.2336382 0.4390319 0.2799674 0.4608945 0.2336382 0.4390319 0.260494 0.4883047 0.1048038 0.5014302 0.1826972 0.3917896 0.2336382 0.4390319 0.1213204 0.3592364 0.1550492 0.3117606 0.2216439 0.3369693 0.1213204 0.3592364 0.05386281 0.4541878 0.02700704 0.4049152 0.2215474 0.5431249 0.1661806 0.5339834 0.2336382 0.4390319 0.2336382 0.4390319 0.2673671 0.3915562 0.2216439 0.3369693 0.06926155 0.07345467 0.037925 0.05232256 0.0512498 0.03709179 0.06926155 0.07345467 0.0512498 0.03709179 0.07838803 0.05539268 0.05593681 0.08868533 0.02879858 0.07038432 0.037925 0.05232256 0.05593681 0.08868533 0.037925 0.05232256 0.06926155 0.07345467 0.02631586 0.08643776 0.04198414 0.09700387 0.05593687 0.08868533 0.02631586 0.08643776 0.05593687 0.08868533 0.02879863 0.07038432 0.02631586 0.08643776 0.01848167 0.08115476 0.01522946 0.06123393 0.02631586 0.08643776 0.01522946 0.06123393 0.02879858 0.07038432 0.02879858 0.07038432 0.01522946 0.06123393 0.02225673 0.04175645 0.02879858 0.07038432 0.02225673 0.04175645 0.037925 0.05232256 0.037925 0.05232256 0.02225673 0.04175645 0.03768068 0.02794128 0.037925 0.05232256 0.03768068 0.02794128 0.0512498 0.03709179 0.01848167 0.08115476 0.02631586 0.08643776 0.02879863 0.07038432 0.01848167 0.08115476 0.02879863 0.07038432 0.01522946 0.06123393 0.01522946 0.06123393 0.02879863 0.07038432 0.037925 0.05232256 0.01522946 0.06123393 0.037925 0.05232256 0.02225673 0.04175645 0.02225673 0.04175645 0.037925 0.05232256 0.05124986 0.03709179 0.02225673 0.04175645 0.05124986 0.03709179 0.03768068 0.02794128 0.02879863 0.07038432 0.05593687 0.08868533 0.06926155 0.07345467 0.02879863 0.07038432 0.06926155 0.07345467 0.037925 0.05232256 0.037925 0.05232256 0.06926155 0.07345467 0.07838803 0.05539268 0.037925 0.05232256 0.07838803 0.05539268 0.05124986 0.03709179 0.05124986 0.03709179 0.07838803 0.05539268 0.0808708 0.03933936 0.05124986 0.03709179 0.0808708 0.03933936 0.06520253 0.02877324 0.06950598 0.09783583 0.05593681 0.08868533 0.06926155 0.07345467 0.06950598 0.09783583 0.06926155 0.07345467 0.08492988 0.08402067 0.08492988 0.08402067 0.06926155 0.07345467 0.07838803 0.05539268 0.08492988 0.08402067 0.07838803 0.05539268 0.09195721 0.06454318 0.09195721 0.06454318 0.07838803 0.05539268 0.0808708 0.03933936 0.09195721 0.06454318 0.0808708 0.03933936 0.08870488 0.04462236 0.08870488 0.04462236 0.0808708 0.03933936 0.07604461 0.02959591 0.05736833 0.02349025 0.03768068 0.02794128 0.06520253 0.02877324 0.05736833 0.02349025 0.06520253 0.02877324 0.07604461 0.02959591 0.07604461 0.02959591 0.06520253 0.02877324 0.0808708 0.03933936 0.07604461 0.02959591 0.0808708 0.03933936 0.08870488 0.04462236 0.08870488 0.04462236 0.0808708 0.03933936 0.07838803 0.05539268 0.08870488 0.04462236 0.07838803 0.05539268 0.09195721 0.06454318 0.09195721 0.06454318 0.07838803 0.05539268 0.06926155 0.07345467 0.09195721 0.06454318 0.06926155 0.07345467 0.08492988 0.08402067 0.08492988 0.08402067 0.06926155 0.07345467 0.05593687 0.08868533 0.08492988 0.08402067 0.05593687 0.08868533 0.06950598 0.09783583 0.06950598 0.09783583 0.05593687 0.08868533 0.04198414 0.09700387 0.06950598 0.09783583 0.04198414 0.09700387 0.04981821 0.1022868 0.0808708 0.03933936 0.06520253 0.02877324 0.07604461 0.02959591 0.06520253 0.02877324 0.05736833 0.02349025 0.07604461 0.02959591 0.03768068 0.02794128 0.05124986 0.03709179 0.06520253 0.02877324 0.0808708 0.03933936 0.07838803 0.05539268 0.06520253 0.02877324 0.06520253 0.02877324 0.07838803 0.05539268 0.0512498 0.03709179 0.06520253 0.02877324 0.0512498 0.03709179 0.05736833 0.02349025 0.05736833 0.02349025 0.0512498 0.03709179 0.03768068 0.02794128 0.06950598 0.09783583 0.04981821 0.1022868 0.05593681 0.08868533 0.05593681 0.08868533 0.04981821 0.1022868 0.04198414 0.09700387 0.05593681 0.08868533 0.04198414 0.09700387 0.02879858 0.07038432 0.02879858 0.07038432 0.04198414 0.09700387 0.02631586 0.08643776 0.196289 0.8681641 0.3017578 0.9345703 0.2724609 0.8916016 0.196289 0.8681641 0.2724609 0.8916016 0.2314453 0.7822266 0.06542968 0.5712891 0.05761718 0.6806641 0.1416015 0.6279297 0.06542968 0.5712891 0.1416015 0.6279297 0.1044921 0.5810547 0.1572265 0.6669922 0.1416015 0.6279297 0.004882812 0.6513672 0.1572265 0.6669922 0.004882812 0.6513672 0.01660156 0.6650391 0.1416015 0.6279297 0.149414 0.5673828 0.1220703 0.5634766 0.1416015 0.6279297 0.1220703 0.5634766 0.1044921 0.5810547 0.3447266 0.4111328 0.2783203 0.415039 0.3642578 0.461914 0.3447266 0.4111328 0.3642578 0.461914 0.5185547 0.3896484 0.1787109 0.6552734 0.1196407 0.5473931 0.1890501 0.635349 0.1787109 0.6552734 0.1890501 0.635349 0.2333984 0.8212891 0.1416015 0.6279297 0.1728515 0.7021484 0.1630859 0.6337891 0.1416015 0.6279297 0.1630859 0.6337891 0.149414 0.5673828 0.3251953 0.9677734 0.3017578 0.9345703 0.2236328 0.9775391 0.3251953 0.9677734 0.2236328 0.9775391 0.3466797 0.9833984 0.3603516 0.8134766 0.3863932 0.7832031 0.3505859 0.6806641 0.3603516 0.8134766 0.3505859 0.6806641 0.3154297 0.6376953 0.1455078 0.2666015 0.09472656 0.1826171 0.1083984 0.2509765 0.1455078 0.2666015 0.1083984 0.2509765 0.1416015 0.2822265 0.3571582 0.0139169 0.5166572 0.03734844 0.5224609 0.1669921 0.3571582 0.0139169 0.5224609 0.1669921 0.3134766 0.1669921 0.4462891 0.5126953 0.5166016 0.5361328 0.5166016 0.4599609 0.4462891 0.5126953 0.5166016 0.4599609 0.3330078 0.4892578 0.3505859 0.6806641 0.3909505 0.6162109 0.4462891 0.7096354 0.3505859 0.6806641 0.4462891 0.7096354 0.3863932 0.7832031 0.3408203 0.9306641 0.2978516 0.9306641 0.2255859 0.8251953 0.3408203 0.9306641 0.2255859 0.8251953 0.2626953 0.8271484 0.2626953 0.8271484 0.2255859 0.8251953 0.1890501 0.635349 0.3330078 0.4892578 0.2822266 0.4521484 0.3642578 0.461914 0.3330078 0.4892578 0.3642578 0.461914 0.5166016 0.4599609 0.5166016 0.4599609 0.3642578 0.461914 0.5184254 0.3892184 0.3642578 0.461914 0.2822266 0.4521484 0.3056641 0.4248046 0.3642578 0.461914 0.3056641 0.4248046 0.3720703 0.4228515 0.3720703 0.4228515 0.3056641 0.4248046 0.2958984 0.3916015 0.2294921 0.5341797 0.2490234 0.4970703 0.2646484 0.6201172 0.2294921 0.5341797 0.2646484 0.6201172 0.1884765 0.5615234 0.1884765 0.5615234 0.2646484 0.6201172 0.1890501 0.635349 0.2919922 0.1787108 0.3193359 0.321289 0.5224609 0.1669921 0.2919922 0.1787108 0.5224609 0.1669921 0.3556954 0.01312202 0.3556954 0.01312202 0.5224609 0.1669921 0.5166572 0.03734844 0.3720703 0.4228515 0.2822266 0.3720703 0.2138671 0.2724609 0.3720703 0.4228515 0.2138671 0.2724609 0.3486328 0.321289 0.3486328 0.321289 0.2138671 0.2724609 0.1923828 0.1767577 0.1064453 0.9912109 0.2255859 0.9912109 0.2236328 0.9775391 0.1064453 0.9912109 0.2236328 0.9775391 0.211914 0.9267578 0.211914 0.9267578 0.2236328 0.9775391 0.3017578 0.9345703 0.3388672 0.9189453 0.3369141 0.9814453 0.4189453 0.9658203 0.3388672 0.9189453 0.4189453 0.9658203 0.4033203 0.9287109 0.4033203 0.9287109 0.4189453 0.9658203 0.5185547 0.9384766 0.2724609 0.8251953 0.3388672 0.9189453 0.3349609 0.8271484 0.2724609 0.8251953 0.3349609 0.8271484 0.2138671 0.6357422 0.2138671 0.6357422 0.3349609 0.8271484 0.2646484 0.6240234 0.4501953 0.7470703 0.5224609 0.7568359 0.5205078 0.7021484 0.4501953 0.7470703 0.5205078 0.7021484 0.4462891 0.7096354 0.4462891 0.7096354 0.5205078 0.7021484 0.3916016 0.6155598 0.2099609 0.3544921 0.2744141 0.3740234 0.196289 0.2998046 0.2099609 0.3544921 0.196289 0.2998046 0.1767578 0.3486328 0.1767578 0.3486328 0.196289 0.2998046 0.1455078 0.2666015 0.1767578 0.3486328 0.1455078 0.2666015 0.1416015 0.2822265 0.1728515 0.7021484 0.2307943 0.7828776 0.1884765 0.6396484 0.1728515 0.7021484 0.1884765 0.6396484 0.1630859 0.6337891 0.1630859 0.6337891 0.1884765 0.6396484 0.1767578 0.5673828 0.1630859 0.6337891 0.1767578 0.5673828 0.149414 0.5712891 0.1064453 0.9814453 0.1064453 0.9912109 0.211914 0.9267578 0.1064453 0.9814453 0.211914 0.9267578 0.1005859 0.9638672 0.1005859 0.9638672 0.211914 0.9267578 0.196289 0.8681641 0.1005859 0.9638672 0.196289 0.8681641 0.2021484 0.8095703 0.2802734 0.4560546 0.2666016 0.477539 0.3330078 0.4892578 0.2802734 0.4560546 0.3330078 0.4892578 0.3642578 0.461914 0.3642578 0.461914 0.3330078 0.4892578 0.5166016 0.4599609 0.3642578 0.461914 0.5166016 0.4599609 0.5185547 0.3896484 0.3330078 0.4892578 0.5166016 0.4599609 0.4462891 0.5126953 0.3330078 0.4892578 0.4462891 0.5126953 0.3095703 0.5498047 0.3095703 0.5498047 0.4462891 0.5126953 0.5185547 0.5927734 0.3095703 0.5498047 0.5185547 0.5927734 0.3909505 0.6162109 0.3909505 0.6162109 0.5185547 0.5927734 0.5205078 0.6324869 0.5205078 0.9736328 0.5205078 0.9970703 0.4484292 0.9988552 0.5205078 0.9736328 0.4484292 0.9988552 0.4208984 0.9736328 0.4208984 0.9736328 0.4484292 0.9988552 0.3525391 0.9833984 0.4208984 0.9736328 0.3525391 0.9833984 0.3408203 0.9306641 0.3408203 0.9306641 0.3525391 0.9833984 0.2970643 0.9308248 0.3863932 0.7832031 0.4179688 0.8779297 0.3505859 0.8167318 0.3863932 0.7832031 0.3505859 0.8167318 0.3505859 0.6806641 0.3505859 0.6806641 0.3505859 0.8167318 0.3304037 0.6305338 0.3505859 0.6806641 0.3304037 0.6305338 0.3909505 0.6162109 0.3909505 0.6162109 0.3304037 0.6305338 0.3095703 0.5498047 0.4179688 0.8779297 0.4091797 0.9248047 0.3388672 0.8245443 0.4179688 0.8779297 0.3388672 0.8245443 0.3505859 0.8167318 0.3505859 0.8167318 0.3388672 0.8245443 0.2646484 0.6201172 0.3505859 0.8167318 0.2646484 0.6201172 0.3304037 0.6305338 0.3304037 0.6305338 0.2646484 0.6201172 0.2490234 0.4970703 0.3304037 0.6305338 0.2490234 0.4970703 0.3095703 0.5498047 0.2646484 0.6240234 0.2353515 0.5263672 0.1865234 0.5634766 0.2646484 0.6240234 0.1865234 0.5634766 0.2138671 0.6357422 0.2138671 0.6357422 0.1865234 0.5634766 0.1884765 0.6396484 0.2138671 0.6357422 0.1884765 0.6396484 0.2724609 0.8251953 0.2724609 0.8251953 0.1884765 0.6396484 0.227539 0.7783203 0.2724609 0.8251953 0.227539 0.7783203 0.2646484 0.9033203 0.4462891 0.5126953 0.5166016 0.4599609 0.5166016 0.5361328 0.4462891 0.5126953 0.5166016 0.5361328 0.5185547 0.5927734 0.5185547 0.5927734 0.5166016 0.5361328 0.4462891 0.5126953 0.5185547 0.5927734 0.4462891 0.5126953 0.3095703 0.5498047 0.3095703 0.5498047 0.4462891 0.5126953 0.3330078 0.4892578 0.3095703 0.5498047 0.3330078 0.4892578 0.2353515 0.5263672 0.2353515 0.5263672 0.3330078 0.4892578 0.2666016 0.477539 0.3154297 0.6376953 0.2353515 0.5263672 0.2646484 0.6240234 0.3154297 0.6376953 0.2646484 0.6240234 0.3603516 0.8134766 0.3603516 0.8134766 0.2646484 0.6240234 0.3349609 0.8271484 0.3603516 0.8134766 0.3349609 0.8271484 0.4179688 0.8779297 0.4179688 0.8779297 0.3349609 0.8271484 0.4091797 0.9248047 0.4179688 0.8779297 0.4091797 0.9248047 0.5214844 0.8945313 0.5214844 0.8945313 0.4091797 0.9248047 0.5185547 0.9345703 0.102539 0.07519525 0.05761718 0.1220702 0.05957031 0.1884765 0.102539 0.07519525 0.05957031 0.1884765 0.09472656 0.1826171 0.09472656 0.1826171 0.05957031 0.1884765 0.07324218 0.2255858 0.09472656 0.1826171 0.07324218 0.2255858 0.1083984 0.2509765 0.1083984 0.2509765 0.07324218 0.2255858 0.08105468 0.2626953 0.1083984 0.2509765 0.08105468 0.2626953 0.1123046 0.274414 0.1123046 0.274414 0.08105468 0.2626953 0.09082031 0.2861328 0.1123046 0.274414 0.09082031 0.2861328 0.09667968 0.2978515 0.3909505 0.6162109 0.5205078 0.6324869 0.5205078 0.7021484 0.3909505 0.6162109 0.5205078 0.7021484 0.4462891 0.7096354 0.4462891 0.7096354 0.5205078 0.7021484 0.4501953 0.7470703 0.4462891 0.7096354 0.4501953 0.7470703 0.3863932 0.7832031 0.3863932 0.7832031 0.4501953 0.7470703 0.4462891 0.828125 0.3863932 0.7832031 0.4462891 0.828125 0.4179688 0.8779297 0.4179688 0.8779297 0.4462891 0.828125 0.5214844 0.8945313 0.4179688 0.8779297 0.5214844 0.8945313 0.4091797 0.9248047 0.4091797 0.9248047 0.5214844 0.8945313 0.5185547 0.9345703 0.102539 0.07519525 0.1357421 0.1767577 0.1845703 0.04589837 0.1845703 0.04589837 0.1357421 0.1767577 0.1845703 0.1689452 0.1845703 0.04589837 0.1845703 0.1689452 0.3556954 0.01312202 0.3556954 0.01312202 0.1845703 0.1689452 0.2919922 0.1787108 0.4462891 0.828125 0.5214844 0.8583984 0.5214844 0.8945313 0.5214844 0.8945313 0.5214844 0.8583984 0.4462891 0.828125 0.5214844 0.8945313 0.4462891 0.828125 0.4179688 0.8779297 0.4179688 0.8779297 0.4462891 0.828125 0.3863932 0.7832031 0.3447266 0.4111328 0.3193359 0.321289 0.196289 0.2998046 0.196289 0.2998046 0.3193359 0.321289 0.1845703 0.1689452 0.196289 0.2998046 0.1845703 0.1689452 0.1455078 0.2666015 0.1455078 0.2666015 0.1845703 0.1689452 0.1357421 0.1767577 0.1455078 0.2666015 0.1357421 0.1767577 0.09472656 0.1826171 0.09472656 0.1826171 0.1357421 0.1767577 0.102539 0.07519525 0.3916016 0.6155598 0.3505859 0.6806641 0.4462891 0.7096354 0.4462891 0.7096354 0.3505859 0.6806641 0.3863932 0.7832031 0.4462891 0.7096354 0.3863932 0.7832031 0.4501953 0.7470703 0.4501953 0.7470703 0.3863932 0.7832031 0.4462891 0.828125 0.4501953 0.7470703 0.4462891 0.828125 0.5224609 0.7568359 0.5224609 0.7568359 0.4462891 0.828125 0.5214844 0.8583984 0.5224609 0.7568359 0.5214844 0.8583984 0.4462891 0.828125 0.2387589 0.03017836 0.3571582 0.0139169 0.1923828 0.1767577 0.1923828 0.1767577 0.3571582 0.0139169 0.3134766 0.1669921 0.1923828 0.1767577 0.3134766 0.1669921 0.3486328 0.321289 0.3486328 0.321289 0.3134766 0.1669921 0.5224609 0.1669921 0.3486328 0.321289 0.5224609 0.1669921 0.5205078 0.3095703 0.5205078 0.3095703 0.5224609 0.1669921 0.3193359 0.321289 0.5205078 0.3095703 0.3193359 0.321289 0.5185547 0.3896484 0.5185547 0.3896484 0.3193359 0.321289 0.3447266 0.4111328 0.3369141 0.9814453 0.3642578 0.9970703 0.4189453 0.9658203 0.4189453 0.9658203 0.3642578 0.9970703 0.5205078 0.9736328 0.4189453 0.9658203 0.5205078 0.9736328 0.5185547 0.9384766 0.5185547 0.9384766 0.5205078 0.9736328 0.4208984 0.9736328 0.5185547 0.9384766 0.4208984 0.9736328 0.4033203 0.9287109 0.4033203 0.9287109 0.4208984 0.9736328 0.3408203 0.9306641 0.4033203 0.9287109 0.3408203 0.9306641 0.3388672 0.8251953 0.3388672 0.8251953 0.3408203 0.9306641 0.2626953 0.8271484 0.1865234 0.5634766 0.1767578 0.5654297 0.1884765 0.6396484 0.2724609 0.3720703 0.2783203 0.415039 0.3447266 0.4111328 0.133789 0.5673828 0.1884765 0.5615234 0.1890501 0.635349 0.2307943 0.7841797 0.2021484 0.8089193 0.196289 0.8681641 0.2041015 0.8173828 0.1044921 0.9619141 0.1103515 0.9716797 0.196289 0.2998046 0.2724609 0.3720703 0.3447266 0.4111328 0.2646484 0.6201172 0.3388672 0.8245443 0.2626953 0.8271484 0.2646484 0.6201172 0.2626953 0.8271484 0.1890501 0.635349 0.5185547 0.5927734 0.3095703 0.5498047 0.3916016 0.6155598 0.5185547 0.5927734 0.3916016 0.6155598 0.5211589 0.6331381 0.3863932 0.7832031 0.3610026 0.8154297 0.4179688 0.8779297 0.211914 0.9267578 0.196289 0.8681641 0.3017578 0.9345703 0.3388672 0.9189453 0.2646484 0.9033203 0.3369141 0.9814453 9.76562e-4 0.6142578 0.002929687 0.6513672 0.1416015 0.6279297 0.2783203 0.415039 0.2802734 0.4560546 0.3642578 0.461914 0.5183818 0.389315 0.3720703 0.4228515 0.3486328 0.321289 0.3330078 0.4892578 0.2490234 0.4970703 0.2822266 0.4521484 0.1416015 0.2822265 0.1142578 0.305664 0.1416015 0.2978515 0.1416015 0.2822265 0.1123046 0.274414 0.1142578 0.305664 0.1123046 0.274414 0.1083984 0.2509765 0.1416015 0.2822265 0.2255859 0.9912109 0.2236328 0.9775391 0.3466797 0.9833984 0.3466797 0.9833984 0.2236328 0.9990234 0.2255859 0.9912109 0.2236328 0.9990234 0.3662109 0.9990234 0.3466797 0.9833984 0.5205078 0.7021484 0.5224609 0.7568359 0.4501953 0.7470703 0.102539 0.9990234 0.1064453 0.9912109 0.2255859 0.9912109 0.3642578 0.461914 0.3720703 0.4228515 0.5193583 0.389315 0.3486328 0.321289 0.5205078 0.3095703 0.5184254 0.3892184 0.3916016 0.6155598 0.3095703 0.5498047 0.3160808 0.6383463 0.3916016 0.6155598 0.3154297 0.6376953 0.3505859 0.6806641 0.5205078 0.7021484 0.5211589 0.6331381 0.3916016 0.6155598 0.4462891 0.828125 0.4501953 0.7470703 0.5224609 0.7568359 0.3193359 0.321289 0.2919922 0.1787108 0.1845703 0.1689452 0.06542968 0.5712891 9.76562e-4 0.6142578 0.05761718 0.6787109 0.2353515 0.5263672 0.3160808 0.6383463 0.3095703 0.5498047 0.1123046 0.274414 0.09667968 0.2978515 0.1142578 0.305664 0.2646484 0.9033203 0.3388672 0.9189453 0.2724609 0.8251953 0.1044921 0.5810547 0.1220703 0.5634766 0.09667968 0.5576172 0.3349609 0.8271484 0.3388672 0.9189453 0.4033203 0.9287109 0.3642578 0.9970703 0.3857422 0.9990234 0.5205078 0.9736328 0.2490234 0.4970703 0.3330078 0.4892578 0.3095703 0.5498047 0.2958984 0.3916015 0.227539 0.3232421 0.2138671 0.2724609</float_array>
          <technique_common>
            <accessor source="#Mesh_271-mesh-map-0-array" count="1503" stride="2">
              <param name="S" type="float"/>
              <param name="T" type="float"/>
            </accessor>
          </technique_common>
        </source>
        <source id="Mesh_271-mesh-colors-Col" name="Col">
          <float_array id="Mesh_271-mesh-colors-Col-array" count="6012">1 0.9333333 0.8666667 1 1 1 0.9803922 1 1 1 1 1 1 0.9333333 0.8666667 1 1 1 1 1 1 1 0.9372549 1 1 0.9686275 0.9450981 1 0.8745098 0.7843137 0.7607843 1 0.8039216 0.7254902 0.7333334 1 1 0.9686275 0.9450981 1 0.8039216 0.7254902 0.7333334 1 1 0.9176471 0.9176471 1 1 0.9176471 0.9176471 1 0.8039216 0.7254902 0.7333334 1 0.7058824 0.6705883 0.7215687 1 0.4705882 0.4705882 0.4666666 1 0.8745098 0.7843137 0.7607843 1 0.9294118 0.827451 0.7843137 1 0.4705882 0.4705882 0.4666666 1 0.9294118 0.827451 0.7843137 1 0.5529412 0.5529412 0.5372549 1 0.5529412 0.5529412 0.5372549 1 0.9294118 0.827451 0.7843137 1 0.9803922 0.8705883 0.8117647 1 0.5529412 0.5529412 0.5372549 1 0.9803922 0.8705883 0.8117647 1 0.6352941 0.6352941 0.6078432 1 0.8745098 0.7843137 0.7607843 1 1 0.9686275 0.9450981 1 1 1 0.9607843 1 0.8745098 0.7843137 0.7607843 1 1 1 0.9607843 1 0.9294118 0.827451 0.7843137 1 0.9294118 0.827451 0.7843137 1 1 1 0.9607843 1 1 1 0.9764706 1 0.9294118 0.827451 0.7843137 1 1 1 0.9764706 1 0.9843137 0.8705883 0.8117647 1 0.5764706 0.5686275 0.6156863 1 0.7058824 0.6705883 0.7215687 1 0.8039216 0.7254902 0.7333334 1 0.5764706 0.5686275 0.6156863 1 0.8039216 0.7254902 0.7333334 1 0.4470588 0.4470588 0.4588235 1 0.4470588 0.4470588 0.4588235 1 0.8039216 0.7254902 0.7333334 1 0.8745098 0.7803922 0.7607843 1 0.4470588 0.4470588 0.4588235 1 0.8745098 0.7803922 0.7607843 1 0.4705882 0.4705882 0.4666666 1 1 1 1 1 1 1 0.9764706 1 1 1 0.9607843 1 1 1 1 1 1 1 0.9607843 1 1 1 1 1 1 1 1 1 1 1 0.9607843 1 1 0.9686275 0.9450981 1 1 1 1 1 1 0.9686275 0.9450981 1 1 1 0.9960784 1 1 1 0.9960784 1 1 0.9686275 0.9450981 1 1 0.9176471 0.9176471 1 1 1 0.9960784 1 1 0.9176471 0.9176471 1 1 0.972549 0.9647059 1 1 0.972549 0.9647059 1 1 0.9176471 0.9176471 1 0.9294118 0.827451 0.8627451 1 1 0.972549 0.9647059 1 0.9294118 0.827451 0.8627451 1 0.9647059 0.8705883 0.9019608 1 0.9450981 0.882353 0.827451 1 0.772549 0.7450981 0.7058824 1 1 1 0.9372549 1 0.9450981 0.882353 0.827451 1 1 1 0.9372549 1 1 0.9294118 0.9176471 1 1 0.9294118 0.9176471 1 1 1 0.9372549 1 1 1 1 1 1 0.9294118 0.9176471 1 1 1 1 1 1 1 0.9607843 1 1 1 0.9607843 1 1 1 1 1 1 1 0.9803922 1 1 1 0.9607843 1 1 1 0.9803922 1 1 1 1 1 1 1 1 1 1 1 0.9803922 1 1 1 0.9764706 1 1 1 1 1 1 1 0.9764706 1 1 1 1 1 0.9294118 0.827451 0.8627451 1 1 0.9176471 0.9176471 1 0.7058824 0.6705883 0.7215687 1 0.9294118 0.827451 0.8627451 1 0.7058824 0.6705883 0.7215687 1 0.8235294 0.7568628 0.7921569 1 0.8235294 0.7568628 0.7921569 1 0.7058824 0.6705883 0.7215687 1 0.5764706 0.5686275 0.6156863 1 0.8235294 0.7568628 0.7921569 1 0.5764706 0.5686275 0.6156863 1 0.4980392 0.4941176 0.5176471 1 0.4980392 0.4941176 0.5176471 1 0.5764706 0.5686275 0.6156863 1 0.4470588 0.4470588 0.4588235 1 0.4980392 0.4941176 0.5176471 1 0.4470588 0.4470588 0.4588235 1 0.4235294 0.4235294 0.4235294 1 0.4235294 0.4235294 0.4235294 1 0.4470588 0.4470588 0.4588235 1 0.4705882 0.4705882 0.4666666 1 0.4235294 0.4235294 0.4235294 1 0.4705882 0.4705882 0.4666666 1 0.4235294 0.4235294 0.4235294 1 0.4235294 0.4235294 0.4235294 1 0.4705882 0.4705882 0.4666666 1 0.5529412 0.5529412 0.5372549 1 0.4235294 0.4235294 0.4235294 1 0.5529412 0.5529412 0.5372549 1 0.4235294 0.4235294 0.4235294 1 0.4235294 0.4235294 0.4235294 1 0.5529412 0.5529412 0.5372549 1 0.6352941 0.6352941 0.6078432 1 0.4235294 0.4235294 0.4235294 1 0.6352941 0.6352941 0.6078432 1 0.5450981 0.5137255 0.5254902 1 0.5450981 0.5137255 0.5254902 1 0.6352941 0.6352941 0.6078432 1 0.772549 0.7450981 0.7058824 1 0.5450981 0.5137255 0.5254902 1 0.772549 0.7450981 0.7058824 1 0.682353 0.6313726 0.6470589 1 0.682353 0.6313726 0.6470589 1 0.772549 0.7450981 0.7058824 1 0.9450981 0.882353 0.827451 1 0.682353 0.6313726 0.6470589 1 0.9450981 0.882353 0.827451 1 0.8470588 0.6784314 0.7843137 1 0.8470588 0.6784314 0.7843137 1 0.9450981 0.882353 0.827451 1 1 0.9294118 0.9176471 1 0.8235294 0.7568628 0.7921569 1 0.9647059 0.8666667 0.9019608 1 0.9294118 0.827451 0.8627451 1 0.772549 0.7450981 0.7058824 1 1 0.9294118 0.8666667 1 1 1 0.9372549 1 1 1 0.9764706 1 1 1 0.9803922 1 0.9843137 0.8705883 0.8117647 1 0.9843137 0.8705883 0.8117647 1 1 1 0.9803922 1 1 0.9294118 0.8666667 1 0.9843137 0.8705883 0.8117647 1 1 0.9294118 0.8666667 1 0.6352941 0.6352941 0.6078432 1 0.6352941 0.6352941 0.6078432 1 1 0.9294118 0.8666667 1 0.772549 0.7450981 0.7058824 1 0.9372549 0.7333334 0.654902 1 1 0.8784314 0.8078432 1 1 0.8862745 0.8235294 1 0.9372549 0.7333334 0.654902 1 1 0.8862745 0.8235294 1 0.9843137 0.7960785 0.7333334 1 1 0.9843137 0.9686275 1 1 0.9137255 0.9215686 1 1 0.9215686 0.9294118 1 1 0.9843137 0.9686275 1 1 0.9215686 0.9294118 1 1 0.9568628 0.9529412 1 1 0.9803922 0.9490196 1 1 0.9568628 0.9529412 1 1 0.9098039 0.8862745 1 1 0.9803922 0.9490196 1 1 0.9098039 0.8862745 1 1 0.9294118 0.8862745 1 1 0.9294118 0.8862745 1 1 0.9098039 0.8862745 1 0.9411765 0.7960785 0.7450981 1 1 0.9294118 0.8862745 1 0.9411765 0.7960785 0.7450981 1 0.9843137 0.8 0.7333334 1 1 0.8745098 0.8078432 1 0.9372549 0.7333334 0.654902 1 0.9372549 0.7333334 0.6588236 1 1 0.8745098 0.8078432 1 0.9372549 0.7333334 0.6588236 1 1 0.8862745 0.8078432 1 1 0.8862745 0.8078432 1 0.9372549 0.7333334 0.6588236 1 0.9882353 0.7960785 0.7333334 1 1 0.8862745 0.8078432 1 0.9882353 0.7960785 0.7333334 1 1 0.9098039 0.827451 1 1 0.9137255 0.9176471 1 1 0.9843137 0.9686275 1 1 1 0.972549 1 1 0.9137255 0.9176471 1 1 1 0.972549 1 1 0.9411765 0.9294118 1 1 0.9411765 0.9294118 1 1 1 0.972549 1 1 1 0.9803922 1 1 0.9411765 0.9294118 1 1 1 0.9803922 1 1 0.972549 0.9411765 1 1 0.9098039 0.827451 1 0.9921569 0.7960785 0.7333334 1 1 0.8862745 0.8196079 1 1 0.9098039 0.827451 1 1 0.8862745 0.8196079 1 1 0.972549 0.8941177 1 1 0.972549 0.8941177 1 1 0.8862745 0.8196079 1 0.9215686 0.8156863 0.7686275 1 1 0.972549 0.8941177 1 0.9215686 0.8156863 0.7686275 1 1 1 0.9647059 1 1 1 0.9647059 1 0.9215686 0.8156863 0.7686275 1 1 1 1 1 1 0.972549 0.9411765 1 1 1 0.9803922 1 1 1 0.9882353 1 1 0.972549 0.9411765 1 1 1 0.9882353 1 1 1 0.9607843 1 1 1 0.9607843 1 1 1 0.9882353 1 1 1 0.9960784 1 1 1 0.9607843 1 1 1 0.9960784 1 1 1 0.9686275 1 1 1 0.9686275 1 1 1 0.9960784 1 1 1 1 1 1 1 1 1 1 1 1 1 1 1 0.9960784 1 1 1 1 1 1 1 0.9960784 1 1 1 0.972549 1 1 1 0.972549 1 1 1 0.9960784 1 1 1 0.9882353 1 1 1 0.972549 1 1 1 0.9882353 1 1 1 0.9686275 1 1 1 0.9686275 1 1 1 0.9882353 1 1 1 0.9803922 1 1 1 0.9686275 1 1 1 0.9803922 1 1 1 0.9647059 1 1 1 0.9647059 1 1 1 0.9803922 1 1 1 0.972549 1 1 1 0.9647059 1 1 1 0.972549 1 1 1 0.9607843 1 1 1 0.9607843 1 1 1 0.972549 1 1 0.9843137 0.9686275 1 1 1 0.9607843 1 1 0.9843137 0.9686275 1 1 1 0.9607843 1 1 1 0.9607843 1 1 0.9843137 0.9686275 1 1 0.9568628 0.9529412 1 1 1 0.9607843 1 1 0.9568628 0.9529412 1 1 0.9803922 0.9490196 1 1 0.9803922 0.9490196 1 1 0.9294118 0.8862745 1 1 0.8901961 0.8235294 1 1 0.9803922 0.9490196 1 1 0.8901961 0.8235294 1 1 1 0.9607843 1 1 1 0.9607843 1 1 0.8901961 0.8235294 1 1 0.8784314 0.8078432 1 1 1 0.9607843 1 1 0.8784314 0.8078432 1 1 1 0.9607843 1 1 1 0.9607843 1 1 0.8784314 0.8078432 1 1 0.8862745 0.8078432 1 1 1 0.9607843 1 1 0.8862745 0.8078432 1 1 1 0.9647059 1 1 1 0.9647059 1 1 0.8862745 0.8078432 1 1 0.9098039 0.827451 1 1 1 0.9647059 1 1 0.9098039 0.827451 1 1 1 0.9686275 1 1 1 0.9686275 1 1 0.9098039 0.827451 1 1 0.972549 0.8941177 1 1 1 0.9686275 1 1 0.972549 0.8941177 1 1 1 0.972549 1 1 1 0.972549 1 1 0.972549 0.8941177 1 1 1 0.9647059 1 1 1 0.972549 1 1 1 0.9647059 1 1 1 1 1 1 1 1 1 1 1 0.9647059 1 1 1 1 1 1 1 1 1 1 1 1 1 1 1 1 1 1 1 1 1 1 1 1 1 1 1 1 1 1 1 1 1 1 1 1 1 1 1 0.9686275 1 1 0.9568628 0.9529412 1 1 0.9215686 0.9294118 1 1 0.9098039 0.8862745 1 0.9843137 0.8 0.7333334 1 1 0.8901961 0.8235294 1 1 0.9294118 0.8862745 1 1 0.9450981 0.9411765 1 1 0.9411765 0.9333333 1 1 0.9960784 0.9686275 1 1 0.9450981 0.9411765 1 1 0.9960784 0.9686275 1 1 1 0.9764706 1 1 1 1 1 1 1 1 1 1 1 1 1 1 1 1 1 1 1 1 1 1 1 1 1 1 0.882353 0.9137255 1 1 1 1 1 0.8705883 0.8705883 0.8705883 1 1 0.882353 0.9137255 1 0.8705883 0.8705883 0.8705883 1 1 1 1 1 1 1 1 1 1 1 1 1 0.7568628 0.7568628 0.7568628 1 1 1 1 1 0.7568628 0.7568628 0.7568628 1 1 0.882353 0.9137255 1 1 0.882353 0.9137255 1 0.7568628 0.7568628 0.7568628 1 0.8705883 0.8705883 0.8705883 1 1 0.882353 0.9137255 1 0.8705883 0.8705883 0.8705883 1 1 0.882353 0.9137255 1 1 0.882353 0.9137255 1 0.8705883 0.8705883 0.8705883 1 1 0.9843137 0.9411765 1 1 0.882353 0.9137255 1 1 0.9843137 0.9411765 1 1 0.9843137 0.9411765 1 1 0.9843137 0.9411765 1 1 0.9843137 0.9411765 1 1 0.972549 0.9411765 1 1 0.9843137 0.9411765 1 1 0.972549 0.9411765 1 1 0.882353 0.9137255 1 1 0.882353 0.9137255 1 1 0.972549 0.9411765 1 0.8705883 0.8705883 0.8705883 1 1 0.882353 0.9137255 1 0.8705883 0.8705883 0.8705883 1 1 0.882353 0.9137255 1 1 0.882353 0.9137255 1 0.8705883 0.8705883 0.8705883 1 1 0.9843137 0.9411765 1 1 0.882353 0.9137255 1 1 0.9843137 0.9411765 1 1 0.882353 0.9137255 1 1 1 1 1 1 1 1 1 1 0.882353 0.9137255 1 1 1 1 1 1 0.882353 0.9137255 1 1 0.882353 0.9137255 1 1 0.882353 0.9137255 1 1 0.882353 0.9137255 1 1 0.882353 0.9137255 1 1 0.882353 0.9137255 1 1 0.882353 0.9137255 1 1 0.882353 0.9137255 1 1 0.882353 0.9137255 1 1 0.882353 0.9137255 1 1 1 1 1 1 0.882353 0.9137255 1 1 1 1 1 1 0.882353 0.9137255 1 1 0.882353 0.9137255 1 1 1 1 1 1 0.882353 0.9137255 1 1 0.882353 0.9137255 1 1 0.882353 0.9137255 1 1 0.882353 0.9137255 1 1 0.882353 0.9137255 1 1 0.882353 0.9137255 1 1 0.882353 0.9137255 1 1 0.882353 0.9137255 1 1 0.882353 0.9137255 1 1 0.882353 0.9137255 1 1 0.882353 0.9137255 1 1 0.882353 0.9137255 1 1 0.882353 0.9137255 1 1 0.882353 0.9137255 1 1 0.882353 0.9137255 1 1 0.882353 0.9137255 1 1 0.882353 0.9137255 1 1 0.882353 0.9137255 1 1 1 1 1 1 0.882353 0.9137255 1 1 1 1 1 1 1 1 1 1 0.972549 0.9176471 1 1 0.8901961 0.8588235 1 1 0.882353 0.8431373 1 1 0.972549 0.9176471 1 1 0.882353 0.8431373 1 1 0.9529412 0.9176471 1 1 0.882353 0.8431373 1 1 0.9254902 0.9058824 1 1 0.882353 0.8431373 1 1 0.882353 0.8431373 1 1 0.882353 0.8431373 1 1 0.882353 0.8431373 1 1 0.882353 0.8431373 1 1 0.972549 0.9176471 1 1 0.9686275 0.9411765 1 1 0.882353 0.8431373 1 1 0.9686275 0.9411765 1 1 0.882353 0.8431373 1 1 0.882353 0.8431373 1 1 0.9686275 0.9411765 1 1 1 1 1 1 0.882353 0.8431373 1 1 1 1 1 1 0.882353 0.8431373 1 1 0.882353 0.8431373 1 1 1 1 1 1 1 1 1 1 0.882353 0.8431373 1 1 1 1 1 1 0.882353 0.8431373 1 1 0.882353 0.8431373 1 1 1 1 1 1 1 1 1 1 0.882353 0.8431373 1 1 1 1 1 1 0.882353 0.8431373 1 1 0.882353 0.8431373 1 1 1 1 1 1 0.9254902 0.9058824 1 1 0.882353 0.8431373 1 1 0.9254902 0.9058824 1 1 0.882353 0.8431373 1 1 0.882353 0.8431373 1 1 0.9254902 0.9058824 1 1 0.882353 0.8431373 1 1 0.9529412 0.9176471 1 1 0.9686275 0.9411765 1 1 1 0.9647059 1 1 0.9529412 0.9176471 1 1 1 0.9647059 1 1 0.972549 0.9176471 1 1 0.972549 0.9176471 1 1 1 0.9647059 1 1 1 1 1 1 0.972549 0.9176471 1 1 1 1 1 1 0.9686275 0.9411765 1 1 0.9686275 0.9411765 1 1 1 1 1 1 1 1 1 1 0.9686275 0.9411765 1 1 1 1 1 1 1 1 1 1 1 1 1 1 1 1 1 1 1 1 1 1 1 1 1 1 1 1 1 1 1 1 1 1 1 1 1 1 1 1 1 1 1 1 1 1 1 1 1 1 1 1 1 1 1 1 1 1 1 1 1 1 1 1 1 1 0.9960784 0.9333333 1 1 1 1 1 1 0.9960784 0.9333333 1 1 0.9254902 0.9058824 1 1 0.9254902 0.9058824 1 1 0.9960784 0.9333333 1 1 0.9254902 0.9058824 1 1 0.9254902 0.9058824 1 1 0.9254902 0.9058824 1 1 0.882353 0.8431373 1 1 0.882353 0.8431373 1 1 0.9254902 0.9058824 1 1 0.882353 0.8431373 1 1 0.882353 0.8431373 1 1 0.882353 0.8431373 1 1 0.882353 0.8431373 1 1 0.882353 0.8431373 1 1 0.882353 0.8431373 1 1 0.882353 0.8431373 1 0.4862745 0.3764706 0.3882353 1 1 0.8784314 0.8784314 1 1 1 1 1 0.4862745 0.3764706 0.3882353 1 1 1 1 1 0.4862745 0.3764706 0.3882353 1 1 1 1 1 0.4862745 0.3764706 0.3882353 1 1 1 1 1 1 1 1 1 1 1 1 1 0.6784314 0.5843138 0.5843138 1 0.6784314 0.5843138 0.5843138 1 1 1 1 1 0.8235294 0.7294118 0.7372549 1 0.7254902 0.7058824 0.7803922 1 1 0.8117647 0.9137255 1 0.6470589 0.6392157 0.7019608 1 0.7254902 0.7058824 0.7803922 1 0.6470589 0.6392157 0.7019608 1 0.6352941 0.627451 0.6862745 1 0.6352941 0.627451 0.6862745 1 0.6470589 0.6392157 0.7019608 1 1 0.9411765 0.972549 1 0.7294118 0.7058824 0.7803922 1 0.7215687 0.6901961 0.7529412 1 1 0.8784314 0.8784314 1 0.7294118 0.7058824 0.7803922 1 1 0.8784314 0.8784314 1 1 0.8117647 0.9137255 1 1 0.8117647 0.9137255 1 1 0.8784314 0.8784314 1 1 0.8117647 0.9137255 1 1 0.8117647 0.9137255 1 1 0.8117647 0.9137255 1 0.6470589 0.6392157 0.7019608 1 0.6470589 0.6392157 0.7019608 1 1 0.8117647 0.9137255 1 1 0.8117647 0.9137255 1 0.6470589 0.6392157 0.7019608 1 1 0.8117647 0.9137255 1 1 0.9411765 0.972549 1 1 0.9411765 0.972549 1 1 0.8117647 0.9137255 1 1 0.9411765 0.972549 1 1 0.8117647 0.9137255 1 1 0.9411765 0.972549 1 1 0.8117647 0.9137255 1 1 0.8117647 0.9137255 1 1 0.8117647 0.9137255 1 1 0.8784314 0.8784314 1 1 0.8784314 0.8784314 1 1 0.8117647 0.9137255 1 1 0.8784314 0.8784314 1 1 0.8784314 0.8784314 1 1 0.8784314 0.8784314 1 1 1 1 1 1 1 1 1 1 0.8784314 0.8784314 1 1 0.8784314 0.8784314 1 1 1 1 1 1 0.8784314 0.8784314 1 0.8235294 0.7294118 0.7372549 1 0.8235294 0.7294118 0.7372549 1 1 0.8784314 0.8784314 1 0.7176471 0.627451 0.6431373 1 0.8235294 0.7294118 0.7372549 1 0.7176471 0.627451 0.6431373 1 0.6784314 0.5843138 0.5843138 1 0.6784314 0.5843138 0.5843138 1 0.7176471 0.627451 0.6431373 1 0.7803922 0.6470589 0.6392157 1 1 0.8784314 0.8784314 1 1 0.8784314 0.8784314 1 1 0.8117647 0.9137255 1 1 0.8784314 0.8784314 1 0.7215687 0.6901961 0.7529412 1 0.7176471 0.627451 0.6431373 1 1 0.9411765 0.972549 1 1 0.8117647 0.9137255 1 1 0.8117647 0.9137255 1 0.8745098 0.7176471 0.8235294 1 0.5607843 0.509804 0.7058824 1 0.9058824 0.9058824 0.9058824 1 0.8745098 0.7176471 0.8235294 1 0.9058824 0.9058824 0.9058824 1 0.8784314 0.7372549 1 1 1 1 1 1 0.9294118 0.9019608 0.854902 1 1 1 1 1 1 1 1 1 1 1 1 1 0.6 0.509804 0.5372549 1 1 1 1 1 0.8117647 1 0.8627451 1 0.8784314 1 1 1 1 1 1 1 0.8784314 1 1 1 0.9411765 1 1 1 0.9411765 1 1 1 0.8784314 1 1 1 1 1 1 1 0.9137255 0.9019608 0.8941177 1 1 1 1 1 0.9137255 0.9019608 0.8941177 1 0.9137255 0.9019608 0.8941177 1 0.9137255 0.9019608 0.8941177 1 0.8784314 0.7372549 1 1 0.8784314 0.7372549 1 1 0.9137255 0.9019608 0.8941177 1 0.9294118 0.9019608 0.854902 1 0.8784314 0.7372549 1 1 0.9294118 0.9019608 0.854902 1 0.8784314 0.7372549 1 1 0.5607843 0.509804 0.7058824 1 0.9411765 1 1 1 1 1 1 1 0.5607843 0.509804 0.7058824 1 1 1 1 1 1 1 1 1 1 1 1 1 1 1 1 1 0.8784314 1 1 1 1 1 1 1 0.8784314 1 1 1 1 1 1 1 1 1 1 1 0.8784314 1 1 1 0.8117647 1 0.8627451 1 1 1 1 1 0.8117647 1 0.8627451 1 0.9607843 0.9098039 0.8627451 1 0.9607843 0.9098039 0.8627451 1 0.8117647 1 0.8627451 1 0.9137255 1 0.8117647 1 0.9607843 0.9098039 0.8627451 1 0.9137255 1 0.8117647 1 0.6941177 0.6156863 0.6862745 1 0.5607843 0.509804 0.7058824 1 0.9411765 1 1 1 0.5607843 0.509804 0.7058824 1 0.5607843 0.509804 0.7058824 1 0.5607843 0.509804 0.7058824 1 0.5607843 0.509804 0.7058824 1 0.5607843 0.509804 0.7058824 1 0.5607843 0.509804 0.7058824 1 0.5607843 0.509804 0.7058824 1 0.5607843 0.509804 0.7058824 1 0.5607843 0.509804 0.7058824 1 0.9058824 0.9058824 0.9058824 1 0.9058824 0.9058824 0.9058824 1 0.5607843 0.509804 0.7058824 1 1 1 1 1 0.9058824 0.9058824 0.9058824 1 1 1 1 1 1 1 1 1 1 1 1 1 1 1 1 1 0.9607843 0.9098039 0.8627451 1 1 1 1 1 0.9607843 0.9098039 0.8627451 1 1 1 1 1 1 1 1 1 0.9607843 0.9098039 0.8627451 1 1 0.8117647 0.8117647 1 1 1 1 1 1 0.8117647 0.8117647 1 0.6 0.509804 0.5372549 1 0.6 0.509804 0.5372549 1 1 0.8117647 0.8117647 1 0.6941177 0.6156863 0.6862745 1 0.6 0.509804 0.5372549 1 0.6941177 0.6156863 0.6862745 1 0.5764706 0.509804 0.5686275 1 0.9058824 0.9058824 0.9058824 1 1 1 1 1 1 1 1 1 1 1 1 1 1 1 1 1 0.9607843 0.9098039 0.8627451 1 1 1 1 1 0.5607843 0.509804 0.7058824 1 0.5607843 0.509804 0.7058824 1 0.9137255 0.9019608 0.8941177 1 0.9137255 0.9019608 0.8941177 1 1 1 1 1 0.6941177 0.6156863 0.6862745 1 1 0.8117647 0.8117647 1 0.9607843 0.9098039 0.8627451 1 0.6666667 0.5254902 0.654902 1 0.9098039 0.7921569 0.8470588 1 0.9529412 0.8666667 0.9019608 1 0.6666667 0.5254902 0.654902 1 0.9529412 0.8666667 0.9019608 1 0.6509804 0.627451 0.682353 1 0.7411765 0.4588235 0.6784314 1 0.8196079 0.6117647 0.7490196 1 0.9058824 0.7921569 0.8470588 1 0.7411765 0.4588235 0.6784314 1 0.9058824 0.7921569 0.8470588 1 0.6666667 0.5254902 0.654902 1 0.7372549 0.6078432 0.6862745 1 0.9098039 0.7843137 0.8431373 1 1 1 1 1 0.7372549 0.6078432 0.6862745 1 1 1 1 1 0.9647059 0.8392157 0.7803922 1 0.7568628 0.4627451 0.6901961 1 0.6745098 0.4470588 0.6235294 1 0.5960785 0.4901961 0.5137255 1 0.7568628 0.4627451 0.6901961 1 0.5960785 0.4901961 0.5137255 1 0.8196079 0.6117647 0.7490196 1 0.8196079 0.6117647 0.7490196 1 0.5960785 0.4901961 0.5137255 1 0.7529412 0.6745098 0.6705883 1 0.8196079 0.6117647 0.7490196 1 0.7529412 0.6745098 0.6705883 1 0.9098039 0.7921569 0.8470588 1 0.9098039 0.7921569 0.8470588 1 0.7529412 0.6745098 0.6705883 1 0.9372549 0.8117647 0.8156863 1 0.9098039 0.7921569 0.8470588 1 0.9372549 0.8117647 0.8156863 1 0.9529412 0.8666667 0.9019608 1 0.6745098 0.4470588 0.6235294 1 0.7372549 0.6078432 0.6862745 1 0.9647059 0.8392157 0.7803922 1 0.6745098 0.4470588 0.6235294 1 0.9647059 0.8392157 0.7803922 1 0.5960785 0.4901961 0.5137255 1 0.5960785 0.4901961 0.5137255 1 0.9647059 0.8392157 0.7803922 1 1 0.9411765 0.8627451 1 0.5960785 0.4901961 0.5137255 1 1 0.9411765 0.8627451 1 0.7529412 0.6745098 0.6705883 1 0.7529412 0.6745098 0.6705883 1 1 0.9411765 0.8627451 1 1 0.9137255 0.8352941 1 0.7529412 0.6745098 0.6705883 1 1 0.9137255 0.8352941 1 0.9372549 0.8117647 0.8117647 1 0.9686275 0.8392157 0.7803922 1 1 1 1 1 1 1 1 1 0.9686275 0.8392157 0.7803922 1 1 1 1 1 1 0.9411765 0.8627451 1 1 0.9411765 0.8627451 1 1 1 1 1 1 1 1 1 1 0.9411765 0.8627451 1 1 1 1 1 1 0.9137255 0.8352941 1 1 0.9137255 0.8352941 1 1 1 1 1 1 0.8784314 0.8078432 1 1 0.9137255 0.8352941 1 1 0.8784314 0.8078432 1 1 0.8196079 0.7764706 1 0.8627451 0.7333334 0.8039216 1 0.7411765 0.4588235 0.6784314 1 0.6666667 0.5254902 0.654902 1 0.8627451 0.7333334 0.8039216 1 0.6666667 0.5254902 0.654902 1 0.772549 0.7490196 0.7333334 1 0.772549 0.7490196 0.7333334 1 0.6666667 0.5254902 0.654902 1 0.6509804 0.627451 0.6784314 1 0.772549 0.7490196 0.7333334 1 0.6509804 0.627451 0.6784314 1 0.6980392 0.6862745 0.654902 1 0.6980392 0.6862745 0.654902 1 0.6509804 0.627451 0.6784314 1 0.7137255 0.6784314 0.7333334 1 0.6980392 0.6862745 0.654902 1 0.7137255 0.6784314 0.7333334 1 0.7176471 0.6392157 0.627451 1 0.7176471 0.6392157 0.627451 1 0.7137255 0.6784314 0.7333334 1 0.8627451 0.7372549 0.7529412 1 0.9647059 0.827451 0.8352941 1 0.9372549 0.8117647 0.8117647 1 1 0.8196079 0.7764706 1 0.9647059 0.827451 0.8352941 1 1 0.8196079 0.7764706 1 0.8627451 0.7372549 0.7529412 1 0.8627451 0.7372549 0.7529412 1 1 0.8196079 0.7764706 1 1 0.8784314 0.8078432 1 0.8627451 0.7372549 0.7529412 1 1 0.8784314 0.8078432 1 0.7176471 0.6392157 0.627451 1 0.7176471 0.6392157 0.627451 1 1 0.8784314 0.8078432 1 1 1 1 1 0.7176471 0.6392157 0.627451 1 1 1 1 1 0.6980392 0.6862745 0.654902 1 0.6980392 0.6862745 0.654902 1 1 1 1 1 1 1 1 1 0.6980392 0.6862745 0.654902 1 1 1 1 1 0.772549 0.7490196 0.7333334 1 0.772549 0.7490196 0.7333334 1 1 1 1 1 1 1 1 1 0.772549 0.7490196 0.7333334 1 1 1 1 1 0.8627451 0.7333334 0.8039216 1 0.8627451 0.7333334 0.8039216 1 1 1 1 1 0.9098039 0.7843137 0.8431373 1 0.8627451 0.7333334 0.8039216 1 0.9098039 0.7843137 0.8431373 1 0.8431373 0.6156863 0.772549 1 0.7137255 0.6784314 0.7333334 1 0.8901961 0.8156863 0.8588235 1 0.8627451 0.7372549 0.7529412 1 0.8901961 0.8156863 0.8588235 1 0.9647059 0.827451 0.8392157 1 0.8627451 0.7411765 0.7529412 1 0.9372549 0.8117647 0.8117647 1 1 0.9137255 0.8352941 1 1 0.8196079 0.7764706 1 0.7137255 0.6784314 0.7333334 1 0.6509804 0.627451 0.682353 1 0.8901961 0.8156863 0.8588235 1 0.8901961 0.8156863 0.8588235 1 0.6509804 0.627451 0.682353 1 1 1 1 1 0.8901961 0.8156863 0.8588235 1 1 1 1 1 0.9647059 0.827451 0.8392157 1 0.9647059 0.827451 0.8392157 1 1 1 1 1 0.9372549 0.8117647 0.8156863 1 0.8627451 0.7294118 0.8039216 1 0.8431373 0.6156863 0.772549 1 0.7411765 0.4588235 0.6784314 1 0.7411765 0.4588235 0.6784314 1 0.8431373 0.6156863 0.772549 1 0.7921569 0.4666666 0.7176471 1 0.7411765 0.4588235 0.6784314 1 0.7921569 0.4666666 0.7176471 1 0.8196079 0.6078432 0.7490196 1 0.8196079 0.6078432 0.7490196 1 0.7921569 0.4666666 0.7176471 1 0.7568628 0.4627451 0.6901961 1 1 0.7372549 0.7372549 1 0.7843137 0.5921569 0.5843138 1 0.8078432 0.654902 0.682353 1 1 0.7372549 0.7372549 1 0.8078432 0.654902 0.682353 1 0.8745098 0.7647059 0.8039216 1 0.6392157 0.6039216 0.6392157 1 0.8117647 0.8392157 0.6980392 1 0.6705883 0.627451 0.6745098 1 0.6392157 0.6039216 0.6392157 1 0.6705883 0.627451 0.6745098 1 0.6196079 0.5843138 0.627451 1 0.8745098 0.7647059 0.8039216 1 0.6705883 0.627451 0.6745098 1 0.5607843 0.5686275 0.4745098 1 0.8745098 0.7647059 0.8039216 1 0.5607843 0.5686275 0.4745098 1 0.5607843 0.5686275 0.4745098 1 0.6705883 0.627451 0.6745098 1 0.7137255 0.6666667 0.7137255 1 0.7137255 0.6666667 0.7137255 1 0.6705883 0.627451 0.6745098 1 0.7137255 0.6666667 0.7137255 1 0.6235294 0.5843138 0.627451 1 1 0.9176471 0.9058824 1 0.9568628 0.8588235 0.8980392 1 1 0.8705883 0.882353 1 1 0.9176471 0.9058824 1 1 0.8705883 0.882353 1 1 0.9294118 0.9294118 1 0.7137255 0.7137255 0.7137255 1 0.4666666 0.4235294 0.4588235 1 0.7137255 0.7137255 0.7137255 1 0.7137255 0.7137255 0.7137255 1 0.7137255 0.7137255 0.7137255 1 0.4235294 0.4235294 0.4235294 1 0.6705883 0.627451 0.6745098 1 0.8745098 0.7647059 0.8039216 1 0.7607843 0.7058824 0.7647059 1 0.6705883 0.627451 0.6745098 1 0.7607843 0.7058824 0.7647059 1 0.7137255 0.6666667 0.7176471 1 0.8666667 0.6784314 0.5764706 1 0.7843137 0.5921569 0.5843138 1 0.7843137 0.5921569 0.5843138 1 0.8666667 0.6784314 0.5764706 1 0.7843137 0.5921569 0.5843138 1 0.8666667 0.6784314 0.5764706 1 1 0.8431373 0.8666667 1 1 0.8235294 0.8392157 1 1 0.9019608 0.9843137 1 1 0.8431373 0.8666667 1 1 0.9019608 0.9843137 1 1 0.9098039 0.9803922 1 0.9019608 0.7372549 0.7254902 1 0.9411765 1 1 1 0.5960785 0.5490196 0.5725491 1 0.9019608 0.7372549 0.7254902 1 0.5960785 0.5490196 0.5725491 1 0.5960785 0.5490196 0.5725491 1 0.8 0.7294118 0.7607843 1 1 0.9529412 0.9529412 1 1 0.9607843 0.9411765 1 0.8 0.7294118 0.7607843 1 1 0.9607843 0.9411765 1 0.7490196 0.682353 0.6784314 1 1 1 1 1 1 1 1 1 1 1 0.9647059 1 1 1 1 1 1 1 0.9647059 1 1 1 0.9960784 1 1 1 1 1 1 1 0.9686275 1 1 1 1 1 1 1 1 1 1 1 1 1 1 0.9176471 0.9294118 1 1 0.9803922 0.9137255 1 0.7843137 0.5921569 0.5843138 1 0.4235294 0.4235294 0.4235294 1 1 0.9803922 0.9137255 1 0.4235294 0.4235294 0.4235294 1 0.9176471 0.854902 0.8 1 0.9176471 0.854902 0.8 1 0.4235294 0.4235294 0.4235294 1 0.7137255 0.7137255 0.7137255 1 1 1 0.9411765 1 0.9568628 0.8588235 0.8980392 1 0.8039216 0.7254902 0.7803922 1 1 1 0.9411765 1 0.8039216 0.7254902 0.7803922 1 1 1 0.9647059 1 1 1 0.9647059 1 0.8039216 0.7254902 0.7803922 1 1 0.9294118 0.9294118 1 0.8039216 0.7254902 0.7803922 1 0.9568628 0.8588235 0.8980392 1 0.7686275 0.7372549 0.8156863 1 0.8039216 0.7254902 0.7803922 1 0.7686275 0.7372549 0.8156863 1 0.7960785 0.7333334 0.772549 1 0.7960785 0.7333334 0.772549 1 0.7686275 0.7372549 0.8156863 1 0.7490196 0.7333334 0.8235294 1 0.8784314 0.9137255 1 1 0.9686275 0.8705883 0.8196079 1 1 0.9137255 0.8666667 1 0.8784314 0.9137255 1 1 1 0.9137255 0.8666667 1 0.7176471 0.6784314 0.6431373 1 0.7176471 0.6784314 0.6431373 1 1 0.9137255 0.8666667 1 0.7137255 0.7137255 0.7137255 1 1 0.9568628 0.8901961 1 1 0.9843137 0.9098039 1 1 0.9607843 0.9411765 1 1 0.9568628 0.8901961 1 1 0.9607843 0.9411765 1 1 1 0.9647059 1 1 1 0.9647059 1 1 0.9607843 0.9411765 1 1 0.9529412 0.9529412 1 0.7960785 0.7333334 0.772549 1 0.654902 0.654902 0.627451 1 0.6666667 0.6431373 0.6156863 1 0.7960785 0.7333334 0.772549 1 0.6666667 0.6431373 0.6156863 1 0.8941177 0.8039216 0.7568628 1 0.8941177 0.8039216 0.7568628 1 0.6666667 0.6431373 0.6156863 1 0.4941176 0.4941176 0.4862745 1 0.5607843 0.5686275 0.4745098 1 0.7843137 0.5921569 0.5843138 1 0.7843137 0.5921569 0.5843138 1 0.5607843 0.5686275 0.4745098 1 0.7843137 0.5921569 0.5843138 1 1 0.6470589 0.6470589 1 1 0.6470589 0.6470589 1 0.7843137 0.5921569 0.5843138 1 0.7843137 0.5921569 0.5843138 1 1 0.9764706 0.9176471 1 0.7843137 0.5921569 0.5843138 1 1 0.9137255 0.8117647 1 1 0.9764706 0.9176471 1 1 0.9137255 0.8117647 1 1 0.9647059 0.9450981 1 1 0.9647059 0.9450981 1 1 0.9137255 0.8117647 1 1 0.9960784 1 1 1 0.9333333 0.8980392 1 1 0.9803922 0.9176471 1 0.9882353 0.8745098 0.9372549 1 1 0.9333333 0.8980392 1 0.9882353 0.8745098 0.9372549 1 1 0.9411765 0.8941177 1 1 0.9411765 0.8941177 1 0.9882353 0.8745098 0.9372549 1 1 1 0.9960784 1 1 1 1 1 1 0.9254902 0.9490196 1 1 1 1 1 1 1 1 1 1 1 1 1 1 1 1 1 1 1 1 1 1 1 1 1 1 1 0.9607843 1 1 0.9058824 0.8509804 1 1 0.8901961 0.8313726 1 1 0.8627451 0.8039216 1 1 0.9058824 0.8509804 1 1 0.8627451 0.8039216 1 0.9019608 0.7372549 0.7254902 1 0.9019608 0.7372549 0.7254902 1 1 0.8627451 0.8039216 1 0.9019608 0.7411765 0.7254902 1 0.9019608 0.7372549 0.7254902 1 0.9019608 0.7411765 0.7254902 1 0.5960785 0.5490196 0.5725491 1 0.8745098 0.7647059 0.8039216 1 0.8745098 0.7647059 0.8039216 1 0.9254902 0.7960785 0.8352941 1 0.8745098 0.7647059 0.8039216 1 0.9254902 0.7960785 0.8352941 1 0.7607843 0.7058824 0.7647059 1 0.7607843 0.7058824 0.7647059 1 0.9254902 0.7960785 0.8352941 1 0.8117647 0.7372549 0.7921569 1 0.7607843 0.7058824 0.7647059 1 0.8117647 0.7372549 0.7921569 1 0.7137255 0.6666667 0.7176471 1 1 0.6470589 0.6470589 1 0.5607843 0.5686275 0.4745098 1 1 0.6470589 0.6470589 1 1 0.6470589 0.6470589 1 1 0.6470589 0.6470589 1 1 0.6470589 0.6470589 1 1 0.6470589 0.6470589 1 1 0.6470589 0.6470589 1 1 0.7372549 0.7372549 1 1 0.6470589 0.6470589 1 1 0.7372549 0.7372549 1 0.8745098 0.7647059 0.8039216 1 1 0.9764706 0.9294118 1 1 1 0.9333333 1 1 1 0.9960784 1 1 0.9764706 0.9294118 1 1 1 0.9960784 1 1 0.8705883 0.8784314 1 1 0.8705883 0.8784314 1 1 1 0.9960784 1 1 1 0.9647059 1 1 0.8705883 0.8784314 1 1 1 0.9647059 1 1 0.9294118 0.9294118 1 1 1 0.9411765 1 1 1 0.9647059 1 1 1 1 1 1 1 0.9411765 1 1 1 1 1 1 0.9450981 0.882353 1 1 0.9450981 0.882353 1 1 1 1 1 1 1 0.9294118 1 1 0.9450981 0.882353 1 1 1 0.9294118 1 1 1 0.9686275 1 1 1 0.9686275 1 1 1 0.9294118 1 1 0.9254902 0.8627451 1 1 0.9137255 0.8117647 1 0.8666667 0.6784314 0.5764706 1 0.8666667 0.6784314 0.5764706 1 1 0.9137255 0.8117647 1 0.8666667 0.6784314 0.5764706 1 1 0.9137255 0.8117647 1 1 0.9137255 0.8117647 1 0.8666667 0.6784314 0.5764706 1 0.7843137 0.5921569 0.5843138 1 1 0.9137255 0.8117647 1 0.7843137 0.5921569 0.5843138 1 1 0.9803922 0.9137255 1 1 0.9803922 0.9137255 1 0.7843137 0.5921569 0.5843138 1 0.7843137 0.5921569 0.5843138 1 1 0.9176471 0.9294118 1 0.9647059 0.8313726 0.8627451 1 1 0.8431373 0.8666667 1 1 0.9176471 0.9294118 1 1 0.8431373 0.8666667 1 1 1 1 1 1 1 1 1 1 0.8431373 0.8666667 1 1 1 1 1 1 1 1 1 1 1 1 1 1 1 0.9686275 1 1 1 0.9686275 1 1 1 1 1 1 0.9450981 0.882353 1 1 0.8431373 0.8666667 1 0.9921569 0.827451 0.8352941 1 1 0.9647059 0.9529412 1 1 0.8431373 0.8666667 1 1 0.9647059 0.9529412 1 1 0.8431373 0.8666667 1 1 0.8431373 0.8666667 1 1 0.9647059 0.9529412 1 1 1 1 1 1 0.8431373 0.8666667 1 1 1 1 1 1 1 1 1 1 1 1 1 1 1 1 1 0.9686275 0.8705883 0.8196079 1 1 1 1 1 0.9686275 0.8705883 0.8196079 1 1 0.9450981 0.882353 1 1 1 0.9960784 1 1 1 1 1 1 0.9411765 0.8901961 1 1 1 0.9960784 1 1 0.9411765 0.8901961 1 1 0.9411765 0.8941177 1 1 0.9411765 0.8941177 1 1 0.9411765 0.8901961 1 0.9254902 0.7960785 0.8352941 1 1 0.9411765 0.8941177 1 0.9254902 0.7960785 0.8352941 1 1 0.9333333 0.8980392 1 1 0.9333333 0.8980392 1 0.9254902 0.7960785 0.8352941 1 0.8745098 0.7647059 0.8039216 1 1 0.9333333 0.8980392 1 0.8745098 0.7647059 0.8039216 1 0.8078432 0.654902 0.682353 1 1 1 1 1 1 1 0.9647059 1 1 1 1 1 1 1 1 1 1 1 1 1 1 1 0.9294118 1 1 1 0.9294118 1 1 1 1 1 1 1 1 1 1 1 0.9294118 1 1 1 1 1 1 1 1 1 1 1 1 1 1 1 1 1 1 1 0.9960784 1 1 1 1 1 1 1 0.9960784 1 1 1 1 1 1 1 1 1 1 1 0.9960784 1 1 1 0.9333333 1 1 0.9098039 0.9803922 1 1 0.9921569 1 1 1 0.9647059 1 1 1 0.9098039 0.9803922 1 1 0.9647059 1 1 1 0.8431373 0.8666667 1 1 0.8431373 0.8666667 1 1 0.9647059 1 1 0.9882353 0.8745098 0.9372549 1 1 0.8431373 0.8666667 1 0.9882353 0.8745098 0.9372549 1 0.9647059 0.8313726 0.8627451 1 0.9647059 0.8313726 0.8627451 1 0.9882353 0.8745098 0.9372549 1 1 0.9647059 0.9450981 1 0.9647059 0.8313726 0.8627451 1 1 0.9647059 0.9450981 1 0.9647059 0.8313726 0.8627451 1 0.9647059 0.8313726 0.8627451 1 1 0.9647059 0.9450981 1 1 0.9960784 1 1 0.6666667 0.6666667 0.6666667 1 0.6666667 0.6666667 0.6666667 1 1 0.8784314 0.8784314 1 0.6666667 0.6666667 0.6666667 1 1 0.8784314 0.8784314 1 0.9411765 1 1 1 0.9411765 1 1 1 1 0.8784314 0.8784314 1 0.854902 0.8941177 0.772549 1 0.9411765 1 1 1 0.854902 0.8941177 0.772549 1 0.5960785 0.5490196 0.5725491 1 0.5960785 0.5490196 0.5725491 1 0.854902 0.8941177 0.772549 1 0.854902 0.8941177 0.772549 1 0.5960785 0.5490196 0.5725491 1 0.854902 0.8941177 0.772549 1 0.5882353 0.5607843 0.5921569 1 0.5882353 0.5607843 0.5921569 1 0.854902 0.8941177 0.772549 1 0.854902 0.8941177 0.772549 1 0.5882353 0.5607843 0.5921569 1 0.854902 0.8941177 0.772549 1 0.854902 0.8941177 0.772549 1 1 1 0.9686275 1 1 0.9254902 0.8627451 1 1 1 1 1 1 1 0.9686275 1 1 1 1 1 1 1 1 1 1 1 1 1 1 1 1 1 1 0.9176471 0.9294118 1 1 1 1 1 1 0.9176471 0.9294118 1 1 0.9176471 0.9294118 1 1 0.9176471 0.9294118 1 1 0.9176471 0.9294118 1 0.9647059 0.8313726 0.8627451 1 1 0.9176471 0.9294118 1 0.9647059 0.8313726 0.8627451 1 0.9647059 0.8313726 0.8627451 1 0.9647059 0.8313726 0.8627451 1 0.9647059 0.8313726 0.8627451 1 0.9647059 0.8313726 0.8627451 1 0.9647059 0.8313726 0.8627451 1 0.9647059 0.8313726 0.8627451 1 0.9921569 0.827451 0.8352941 1 0.9921569 0.827451 0.8352941 1 0.9647059 0.8313726 0.8627451 1 1 0.9960784 1 1 0.6666667 0.6666667 0.6666667 1 0.9568628 0.7568628 0.682353 1 0.6666667 0.6666667 0.6666667 1 0.6666667 0.6666667 0.6666667 1 0.9568628 0.7568628 0.682353 1 0.9568628 0.7568628 0.682353 1 0.6666667 0.6666667 0.6666667 1 0.9568628 0.7568628 0.682353 1 1 1 0.9647059 1 1 1 0.9647059 1 0.9568628 0.7568628 0.682353 1 1 0.9568628 0.8862745 1 0.9647059 0.8313726 0.8627451 1 0.9647059 0.8313726 0.8627451 1 0.9647059 0.8313726 0.8627451 1 0.9647059 0.8313726 0.8627451 1 0.9647059 0.8313726 0.8627451 1 1 0.8431373 0.8666667 1 0.9647059 0.8313726 0.8627451 1 1 0.8431373 0.8666667 1 1 0.8431373 0.8666667 1 1 0.8431373 0.8666667 1 1 0.8431373 0.8666667 1 1 0.8431373 0.8666667 1 1 0.9176471 0.9058824 1 1 0.9843137 0.9098039 1 1 0.8627451 0.8039216 1 1 0.8627451 0.8039216 1 1 0.9843137 0.9098039 1 0.9568628 0.7568628 0.682353 1 1 0.8627451 0.8039216 1 0.9568628 0.7568628 0.682353 1 0.9019608 0.7372549 0.7254902 1 0.9019608 0.7372549 0.7254902 1 0.9568628 0.7568628 0.682353 1 0.9568628 0.7568628 0.682353 1 0.9019608 0.7372549 0.7254902 1 0.9568628 0.7568628 0.682353 1 0.9411765 1 1 1 0.9411765 1 1 1 0.9568628 0.7568628 0.682353 1 0.6666667 0.6666667 0.6666667 1 1 1 0.9607843 1 1 0.9019608 0.9843137 1 1 1 1 1 1 1 1 1 1 0.9019608 0.9843137 1 1 0.8235294 0.8392157 1 1 1 1 1 1 0.8235294 0.8392157 1 1 1 1 1 1 1 1 1 1 0.8235294 0.8392157 1 1 0.8431373 0.8666667 1 1 1 1 1 1 0.8431373 0.8666667 1 1 0.9254902 0.9490196 1 1 0.9254902 0.9490196 1 1 0.8431373 0.8666667 1 0.9647059 0.8313726 0.8627451 1 1 0.9254902 0.9490196 1 0.9647059 0.8313726 0.8627451 1 0.9647059 0.8313726 0.8627451 1 0.4941176 0.4862745 0.4745098 1 0.8 0.7294118 0.7607843 1 0.4941176 0.4941176 0.4862745 1 0.4941176 0.4941176 0.4862745 1 0.8 0.7294118 0.7607843 1 0.7490196 0.682353 0.6784314 1 0.4941176 0.4941176 0.4862745 1 0.7490196 0.682353 0.6784314 1 0.8941177 0.8039216 0.7568628 1 0.8941177 0.8039216 0.7568628 1 0.7490196 0.682353 0.6784314 1 1 0.9607843 0.9411765 1 0.8941177 0.8039216 0.7568628 1 1 0.9607843 0.9411765 1 1 1 0.9529412 1 1 1 0.9529412 1 1 0.9607843 0.9411765 1 1 0.9843137 0.9098039 1 1 1 0.9529412 1 1 0.9843137 0.9098039 1 1 0.9294118 0.9294118 1 1 0.9294118 0.9294118 1 1 0.9843137 0.9098039 1 1 0.9176471 0.9058824 1 0.7843137 0.5921569 0.5843138 1 0.8666667 0.6784314 0.5764706 1 1 0.9137255 0.8117647 1 1 0.9137255 0.8117647 1 0.8666667 0.6784314 0.5764706 1 1 0.9137255 0.8117647 1 1 0.9137255 0.8117647 1 1 0.9137255 0.8117647 1 1 0.9960784 1 1 1 0.9960784 1 1 1 0.9137255 0.8117647 1 1 0.9137255 0.8117647 1 1 0.9960784 1 1 1 0.9137255 0.8117647 1 0.9921569 0.827451 0.8352941 1 0.9921569 0.827451 0.8352941 1 1 0.9137255 0.8117647 1 1 0.9803922 0.9137255 1 0.9921569 0.827451 0.8352941 1 1 0.9803922 0.9137255 1 1 0.9803922 0.9137255 1 1 0.9803922 0.9137255 1 1 0.9803922 0.9137255 1 0.9176471 0.854902 0.8039216 1 1 0.9411765 0.8901961 1 0.8117647 0.7372549 0.7921569 1 0.9254902 0.7960785 0.8352941 1 0.9137255 0.8352941 0.8784314 1 0.9568628 0.8588235 0.8980392 1 1 0.9176471 0.9058824 1 0.4666666 0.4235294 0.4588235 1 0.7176471 0.6784314 0.6392157 1 0.7137255 0.7137255 0.7137255 1 0.8745098 0.7647059 0.8039216 1 0.8745098 0.7647059 0.8039216 1 1 0.7372549 0.7372549 1 0.8745098 0.7647059 0.8039216 1 0.5607843 0.5686275 0.4745098 1 1 0.6470589 0.6470589 1 1 0.8627451 0.8039216 1 1 0.8901961 0.8313726 1 1 0.9176471 0.9058824 1 1 0.9137255 0.8666667 1 1 0.9803922 0.9137255 1 0.9176471 0.854902 0.8039216 1 1 0.9137255 0.8666667 1 0.9176471 0.854902 0.8039216 1 0.7137255 0.7137255 0.7137255 1 1 1 0.9294118 1 1 1 1 1 1 1 0.9607843 1 1 1 0.9294118 1 1 1 0.9607843 1 1 0.9254902 0.8627451 1 1 0.8431373 0.8666667 1 1 0.8431373 0.8666667 1 0.9882353 0.8745098 0.9372549 1 1 0.7372549 0.7372549 1 1 0.6470589 0.6470589 1 0.7843137 0.5921569 0.5843138 1 1 0.9764706 0.9137255 1 0.8078432 0.654902 0.682353 1 0.7843137 0.5921569 0.5843138 1 0.8117647 0.8392157 0.6980392 1 0.5607843 0.5686275 0.4745098 1 0.6705883 0.627451 0.6745098 1 0.9568628 0.8588235 0.8980392 1 1 0.9764706 0.9294118 1 1 0.8705883 0.8784314 1 1 0.9294118 0.9294118 1 0.7960785 0.7333334 0.772549 1 0.8941177 0.8039216 0.7568628 1 1 1 0.9372549 1 0.9686275 0.8705883 0.8196079 1 0.9568628 0.8588235 0.8980392 1 0.6196079 0.5843138 0.627451 1 0.6392157 0.6039216 0.6392157 1 0.6196079 0.5843138 0.627451 1 0.5960785 0.5490196 0.5725491 1 0.5960785 0.5490196 0.5725491 1 0.6392157 0.6039216 0.6392157 1 0.5960785 0.5490196 0.5725491 1 0.5960785 0.5490196 0.5725491 1 0.5960785 0.5490196 0.5725491 1 0.7843137 0.5921569 0.5843138 1 0.7843137 0.5921569 0.5843138 1 0.8666667 0.6784314 0.5764706 1 0.8666667 0.6784314 0.5764706 1 0.7843137 0.5921569 0.5843138 1 0.7843137 0.5921569 0.5843138 1 0.7843137 0.5921569 0.5843138 1 0.8666667 0.6784314 0.5764706 1 0.8666667 0.6784314 0.5764706 1 1 1 1 1 1 0.9254902 0.9450981 1 1 0.9176471 0.9294118 1 0.5607843 0.5686275 0.4745098 1 0.5607843 0.5686275 0.4745098 1 0.7843137 0.5921569 0.5843138 1 0.8039216 0.7254902 0.7803922 1 0.7960785 0.7333334 0.772549 1 1 0.9294118 0.9294118 1 0.8941177 0.8039216 0.7568628 1 1 1 0.9529412 1 1 0.9294118 0.9294118 1 1 1 0.9607843 1 1 0.9372549 0.9882353 1 1 0.9098039 0.9764706 1 1 1 0.9607843 1 1 0.9098039 0.9803922 1 1 0.9019608 0.9843137 1 1 1 1 1 1 0.9254902 0.8627451 1 1 1 0.9607843 1 0.9647059 0.8313726 0.8627451 1 1 0.9176471 0.9294118 1 1 0.9254902 0.9490196 1 1 0.9843137 0.9098039 1 1 0.9568628 0.8862745 1 0.9568628 0.7568628 0.682353 1 0.6392157 0.6039216 0.6392157 1 0.8117647 0.8392157 0.6980392 1 0.8117647 0.8392157 0.6980392 1 1 0.9921569 1 1 1 0.9098039 0.9803922 1 1 0.9372549 0.9882353 1 0.5882353 0.5607843 0.5921569 1 0.854902 0.8941177 0.772549 1 0.6392157 0.6039216 0.6392157 1 0.8078432 0.654902 0.682353 1 1 0.9764706 0.9176471 1 1 0.9333333 0.8980392 1 0.6196079 0.5843138 0.627451 1 0.7137255 0.6666667 0.7137255 1 0.6352941 0.6 0.6392157 1 0.9882353 0.8745098 0.9372549 1 1 0.9803922 0.9176471 1 1 0.9647059 0.9450981 1 0.8666667 0.6784314 0.5764706 1 0.8666667 0.6784314 0.5764706 1 1 0.9137255 0.8117647 1 0.9686275 0.8705883 0.8196079 1 1 1 0.9411765 1 1 0.9450981 0.882353 1 0.654902 0.654902 0.627451 1 0.7058824 0.6941177 0.6627451 1 0.6666667 0.6431373 0.6156863 1</float_array>
          <technique_common>
            <accessor source="#Mesh_271-mesh-colors-Col-array" count="1503" stride="4">
              <param name="R" type="float"/>
              <param name="G" type="float"/>
              <param name="B" type="float"/>
              <param name="A" type="float"/>
            </accessor>
          </technique_common>
        </source>
        <vertices id="Mesh_271-mesh-vertices">
          <input semantic="POSITION" source="#Mesh_271-mesh-positions"/>
        </vertices>
        <triangles material="Image_1-material" count="501">
          <input semantic="VERTEX" source="#Mesh_271-mesh-vertices" offset="0"/>
          <input semantic="NORMAL" source="#Mesh_271-mesh-normals" offset="1"/>
          <input semantic="TEXCOORD" source="#Mesh_271-mesh-map-0" offset="2" set="0"/>
          <input semantic="COLOR" source="#Mesh_271-mesh-colors-Col" offset="3" set="0"/>
          <p>1 0 0 0 0 1 1 1 2 2 2 2 1 0 3 3 2 2 4 4 3 3 5 5 5 4 6 6 4 5 7 7 6 6 8 8 5 4 9 9 6 6 10 10 7 7 11 11 7 7 12 12 6 6 13 13 8 8 14 14 10 9 15 15 9 10 16 16 11 11 17 17 10 9 18 18 11 11 19 19 12 12 20 20 12 12 21 21 11 11 22 22 13 13 23 23 12 12 24 24 13 13 25 25 14 14 26 26 16 15 27 27 15 16 28 28 17 17 29 29 16 15 30 30 17 17 31 31 18 18 32 32 18 18 33 33 17 17 34 34 19 19 35 35 18 18 36 36 19 19 37 37 20 20 38 38 22 21 39 39 21 22 40 40 23 23 41 41 22 21 42 42 23 23 43 43 24 24 44 44 24 24 45 45 23 23 46 46 25 25 47 47 24 24 48 48 25 25 49 49 26 26 50 50 28 27 51 51 27 28 52 52 29 29 53 53 28 27 54 54 29 29 55 55 30 30 56 56 30 30 57 57 29 29 58 58 31 31 59 59 30 30 60 60 31 31 61 61 32 32 62 62 32 32 63 63 31 31 64 64 33 33 65 65 32 32 66 66 33 33 67 67 34 34 68 68 34 34 69 69 33 33 70 70 35 35 71 71 34 34 72 72 35 35 73 73 36 36 74 74 38 37 75 75 37 38 76 76 39 39 77 77 38 37 78 78 39 39 79 79 40 40 80 80 40 40 81 81 39 39 82 82 41 41 83 83 40 40 84 84 41 41 85 85 42 42 86 86 42 42 87 87 41 41 88 88 43 43 89 89 42 42 90 90 43 43 91 91 44 44 92 92 44 44 93 93 43 43 94 94 45 45 95 95 44 44 96 96 45 45 97 97 46 46 98 98 48 47 99 99 47 48 100 100 49 49 101 101 48 47 102 102 49 49 103 103 50 50 104 104 50 50 105 105 49 49 106 106 51 51 107 107 50 50 108 108 51 51 109 109 52 52 110 110 52 52 111 111 51 51 112 112 53 53 113 113 52 52 114 114 53 53 115 115 54 54 116 116 54 54 117 117 53 53 118 118 55 55 119 119 54 54 120 120 55 55 121 121 56 56 122 122 56 56 123 123 55 55 124 124 57 57 125 125 56 56 126 126 57 57 127 127 58 58 128 128 58 58 129 129 57 57 130 130 59 59 131 131 58 58 132 132 59 59 133 133 60 60 134 134 60 60 135 135 59 59 136 136 61 61 137 137 60 60 138 138 61 61 139 139 62 62 140 140 62 62 141 141 61 61 142 142 63 63 143 143 62 62 144 144 63 63 145 145 64 64 146 146 64 64 147 147 63 63 148 148 65 65 149 149 67 66 150 150 66 67 151 151 68 68 152 152 70 69 153 153 69 70 154 154 71 71 155 155 72 72 156 156 73 73 157 157 74 74 158 158 74 74 159 159 73 73 160 160 75 75 161 161 74 74 162 162 75 75 163 163 76 76 164 164 76 76 165 165 75 75 166 166 77 77 167 167 79 78 168 168 78 79 169 169 80 80 170 170 79 78 171 171 80 80 172 172 81 81 173 173 83 82 174 174 82 83 175 175 84 84 176 176 83 82 177 177 84 84 178 178 85 85 179 179 87 86 180 180 86 87 181 181 88 88 182 182 87 86 183 183 88 88 184 184 89 89 185 185 89 89 186 186 88 88 187 187 90 90 188 188 89 89 189 189 90 90 190 190 91 91 191 191 93 92 192 192 92 93 193 193 94 94 194 194 93 92 195 195 94 94 196 196 95 95 197 197 95 95 198 198 94 94 199 199 96 96 200 200 95 95 201 201 96 96 202 202 97 97 203 203 99 98 204 204 98 99 205 205 100 100 206 206 99 98 207 207 100 100 208 208 101 101 209 209 101 101 210 210 100 100 211 211 102 102 212 212 101 101 213 213 102 102 214 214 103 103 215 215 105 104 216 216 104 105 217 217 106 106 218 218 105 104 219 219 106 106 220 220 107 107 221 221 107 107 222 222 106 106 223 223 108 108 224 224 107 107 225 225 108 108 226 226 109 109 227 227 109 109 228 228 108 108 229 229 110 110 230 230 112 111 231 231 111 112 232 232 113 113 233 233 112 111 234 234 113 113 235 235 114 114 236 236 114 114 237 237 113 113 238 238 115 115 239 239 114 114 240 240 115 115 241 241 116 116 242 242 116 116 243 243 115 115 244 244 117 117 245 245 119 118 246 246 118 119 247 247 120 120 248 248 119 118 249 249 120 120 250 250 121 121 251 251 121 121 252 252 120 120 253 253 122 122 254 254 121 121 255 255 122 122 256 256 123 123 257 257 123 123 258 258 122 122 259 259 124 124 260 260 123 123 261 261 124 124 262 262 125 125 263 263 125 125 264 264 124 124 265 265 126 126 266 266 125 125 267 267 126 126 268 268 127 127 269 269 127 127 270 270 126 126 271 271 128 128 272 272 127 127 273 273 128 128 274 274 129 129 275 275 129 129 276 276 128 128 277 277 130 130 278 278 129 129 279 279 130 130 280 280 131 131 281 281 133 132 282 282 132 133 283 283 134 134 284 284 133 132 285 285 134 134 286 286 135 135 287 287 135 135 288 288 134 134 289 289 136 136 290 290 135 135 291 291 136 136 292 292 137 137 293 293 137 137 294 294 136 136 295 295 138 138 296 296 137 137 297 297 138 138 298 298 139 139 299 299 139 139 300 300 138 138 301 301 140 140 302 302 139 139 303 303 140 140 304 304 141 141 305 305 141 141 306 306 140 140 307 307 142 142 308 308 141 141 309 309 142 142 310 310 143 143 311 311 143 143 312 312 142 142 313 313 144 144 314 314 143 143 315 315 144 144 316 316 145 145 317 317 145 145 318 318 144 144 319 319 146 146 320 320 145 145 321 321 146 146 322 322 147 147 323 323 147 147 324 324 146 146 325 325 148 148 326 326 147 147 327 327 148 148 328 328 149 149 329 329 151 150 330 330 150 151 331 331 152 152 332 332 154 153 333 333 153 154 334 334 155 155 335 335 157 156 336 336 156 157 337 337 158 158 338 338 157 156 339 339 158 158 340 340 159 159 341 341 161 160 342 342 160 161 343 343 162 162 344 344 161 160 345 345 162 162 346 346 163 163 347 347 165 164 348 348 164 165 349 349 166 166 350 350 165 164 351 351 166 166 352 352 167 167 353 353 169 168 354 354 168 169 355 355 170 170 356 356 169 168 357 357 170 170 358 358 171 171 359 359 171 171 360 360 170 170 361 361 172 172 362 362 171 171 363 363 172 172 364 364 173 173 365 365 173 173 366 366 172 172 367 367 174 174 368 368 173 173 369 369 174 174 370 370 175 175 371 371 175 175 372 372 174 174 373 373 176 176 374 374 175 175 375 375 176 176 376 376 177 177 377 377 177 177 378 378 176 176 379 379 178 178 380 380 177 177 381 381 178 178 382 382 179 179 383 383 179 179 384 384 178 178 385 385 180 180 386 386 179 179 387 387 180 180 388 388 181 181 389 389 183 182 390 390 182 183 391 391 184 184 392 392 183 182 393 393 184 184 394 394 185 185 395 395 185 185 396 396 184 184 397 397 186 186 398 398 185 185 399 399 186 186 400 400 187 187 401 401 187 187 402 402 186 186 403 403 188 188 404 404 187 187 405 405 188 188 406 406 189 189 407 407 189 189 408 408 188 188 409 409 190 190 410 410 189 189 411 411 190 190 412 412 191 191 413 413 191 191 414 414 190 190 415 415 192 192 416 416 191 191 417 417 192 192 418 418 193 193 419 419 193 193 420 420 192 192 421 421 194 194 422 422 193 193 423 423 194 194 424 424 195 195 425 425 195 195 426 426 194 194 427 427 196 196 428 428 195 195 429 429 196 196 430 430 197 197 431 431 199 198 432 432 198 199 433 433 200 200 434 434 199 198 435 435 200 200 436 436 201 201 437 437 203 202 438 438 202 203 439 439 204 204 440 440 203 202 441 441 204 204 442 442 205 205 443 443 207 206 444 444 206 207 445 445 208 208 446 446 207 206 447 447 208 208 448 448 209 209 449 449 209 209 450 450 208 208 451 451 210 210 452 452 209 209 453 453 210 210 454 454 211 211 455 455 211 211 456 456 210 210 457 457 212 212 458 458 211 211 459 459 212 212 460 460 213 213 461 461 213 213 462 462 212 212 463 463 214 214 464 464 213 213 465 465 214 214 466 466 215 215 467 467 215 215 468 468 214 214 469 469 216 216 470 470 215 215 471 471 216 216 472 472 217 217 473 473 217 217 474 474 216 216 475 475 218 218 476 476 220 219 477 477 219 220 478 478 221 221 479 479 220 219 480 480 221 221 481 481 222 222 482 482 222 222 483 483 221 221 484 484 223 223 485 485 222 222 486 486 223 223 487 487 224 224 488 488 224 224 489 489 223 223 490 490 225 225 491 491 224 224 492 492 225 225 493 493 226 226 494 494 226 226 495 495 225 225 496 496 227 227 497 497 226 226 498 498 227 227 499 499 228 228 500 500 228 228 501 501 227 227 502 502 229 229 503 503 228 228 504 504 229 229 505 505 230 230 506 506 230 230 507 507 229 229 508 508 231 231 509 509 230 230 510 510 231 231 511 511 232 232 512 512 232 232 513 513 231 231 514 514 233 233 515 515 232 232 516 516 233 233 517 517 234 234 518 518 234 234 519 519 233 233 520 520 235 235 521 521 234 234 522 522 235 235 523 523 236 236 524 524 238 237 525 525 237 238 526 526 239 239 527 527 241 240 528 528 240 241 529 529 242 242 530 530 241 240 531 531 242 242 532 532 243 243 533 533 245 244 534 534 244 245 535 535 246 246 536 536 245 244 537 537 246 246 538 538 247 247 539 539 247 247 540 540 246 246 541 541 248 248 542 542 250 249 543 543 249 250 544 544 251 251 545 545 250 249 546 546 251 251 547 547 252 252 548 548 252 252 549 549 251 251 550 550 253 253 551 551 255 254 552 552 254 255 553 553 256 256 554 554 255 254 555 555 256 256 556 556 257 257 557 557 257 257 558 558 256 256 559 559 258 258 560 560 257 257 561 561 258 258 562 562 259 259 563 563 259 259 564 564 258 258 565 565 260 260 566 566 259 259 567 567 260 260 568 568 261 261 569 569 261 261 570 570 260 260 571 571 262 262 572 572 264 263 573 573 263 264 574 574 265 265 575 575 264 263 576 576 265 265 577 577 266 266 578 578 266 266 579 579 265 265 580 580 267 267 581 581 266 266 582 582 267 267 583 583 268 268 584 584 268 268 585 585 267 267 586 586 269 269 587 587 268 268 588 588 269 269 589 589 270 270 590 590 270 270 591 591 269 269 592 592 271 271 593 593 270 270 594 594 271 271 595 595 272 272 596 596 272 272 597 597 271 271 598 598 273 273 599 599 275 274 600 600 274 275 601 601 276 276 602 602 278 277 603 603 277 278 604 604 279 279 605 605 281 280 606 606 280 281 607 607 282 282 608 608 284 283 609 609 283 284 610 610 285 285 611 611 284 283 612 612 285 285 613 613 286 286 614 614 288 287 615 615 287 288 616 616 289 289 617 617 288 287 618 618 289 289 619 619 290 290 620 620 292 291 621 621 291 292 622 622 293 293 623 623 292 291 624 624 293 293 625 625 294 294 626 626 294 294 627 627 293 293 628 628 295 295 629 629 297 296 630 630 296 297 631 631 298 298 632 632 297 296 633 633 298 298 634 634 299 299 635 635 299 299 636 636 298 298 637 637 300 300 638 638 299 299 639 639 300 300 640 640 301 301 641 641 303 302 642 642 302 303 643 643 304 304 644 644 303 302 645 645 304 304 646 646 305 305 647 647 305 305 648 648 304 304 649 649 306 306 650 650 305 305 651 651 306 306 652 652 307 307 653 653 307 307 654 654 306 306 655 655 308 308 656 656 307 307 657 657 308 308 658 658 309 309 659 659 309 309 660 660 308 308 661 661 310 310 662 662 309 309 663 663 310 310 664 664 311 311 665 665 313 312 666 666 312 313 667 667 314 314 668 668 313 312 669 669 314 314 670 670 315 315 671 671 315 315 672 672 314 314 673 673 316 316 674 674 315 315 675 675 316 316 676 676 317 317 677 677 317 317 678 678 316 316 679 679 318 318 680 680 317 317 681 681 318 318 682 682 319 319 683 683 319 319 684 684 318 318 685 685 320 320 686 686 319 319 687 687 320 320 688 688 321 321 689 689 321 321 690 690 320 320 691 691 322 322 692 692 321 321 693 693 322 322 694 694 323 323 695 695 323 323 696 696 322 322 697 697 324 324 698 698 323 323 699 699 324 324 700 700 325 325 701 701 327 326 702 702 326 327 703 703 328 328 704 704 330 329 705 705 329 330 706 706 331 331 707 707 333 332 708 708 332 333 709 709 334 334 710 710 336 335 711 711 335 336 712 712 337 337 713 713 339 338 714 714 338 339 715 715 340 340 716 716 342 341 717 717 341 342 718 718 343 343 719 719 342 341 720 720 343 343 721 721 344 344 722 722 346 345 723 723 345 346 724 724 347 347 725 725 346 345 726 726 347 347 727 727 348 348 728 728 350 349 729 729 349 350 730 730 351 351 731 731 350 349 732 732 351 351 733 733 352 352 734 734 354 353 735 735 353 354 736 736 355 355 737 737 354 353 738 738 355 355 739 739 356 356 740 740 356 356 741 741 355 355 742 742 357 357 743 743 356 356 744 744 357 357 745 745 358 358 746 746 358 358 747 747 357 357 748 748 359 359 749 749 358 358 750 750 359 359 751 751 360 360 752 752 362 361 753 753 361 362 754 754 363 363 755 755 362 361 756 756 363 363 757 757 364 364 758 758 364 364 759 759 363 363 760 760 365 365 761 761 364 364 762 762 365 365 763 763 366 366 764 764 366 366 765 765 365 365 766 766 367 367 767 767 366 366 768 768 367 367 769 769 368 368 770 770 370 369 771 771 369 370 772 772 371 371 773 773 370 369 774 774 371 371 775 775 372 372 776 776 372 372 777 777 371 371 778 778 373 373 779 779 372 372 780 780 373 373 781 781 374 374 782 782 374 374 783 783 373 373 784 784 375 375 785 785 374 374 786 786 375 375 787 787 376 376 788 788 378 377 789 789 377 378 790 790 379 379 791 791 378 377 792 792 379 379 793 793 380 380 794 794 380 380 795 795 379 379 796 796 381 381 797 797 380 380 798 798 381 381 799 799 382 382 800 800 382 382 801 801 381 381 802 802 383 383 803 803 382 382 804 804 383 383 805 805 384 384 806 806 384 384 807 807 383 383 808 808 385 385 809 809 387 386 810 810 386 387 811 811 388 388 812 812 387 386 813 813 388 388 814 814 389 389 815 815 389 389 816 816 388 388 817 817 390 390 818 818 389 389 819 819 390 390 820 820 391 391 821 821 391 391 822 822 390 390 823 823 392 392 824 824 391 391 825 825 392 392 826 826 393 393 827 827 393 393 828 828 392 392 829 829 394 394 830 830 393 393 831 831 394 394 832 832 395 395 833 833 395 395 834 834 394 394 835 835 396 396 836 836 395 395 837 837 396 396 838 838 397 397 839 839 397 397 840 840 396 396 841 841 398 398 842 842 397 397 843 843 398 398 844 844 399 399 845 845 401 400 846 846 400 401 847 847 402 402 848 848 404 403 849 849 403 404 850 850 405 405 851 851 407 406 852 852 406 407 853 853 408 408 854 854 409 409 855 855 410 410 856 856 411 411 857 857 411 411 858 858 410 410 859 859 412 412 860 860 411 411 861 861 412 412 862 862 413 413 863 863 413 413 864 864 412 412 865 865 414 414 866 866 415 415 867 867 416 416 868 868 417 417 869 869 417 417 870 870 416 416 871 871 418 418 872 872 417 417 873 873 418 418 874 874 419 419 875 875 419 419 876 876 418 418 877 877 420 420 878 878 422 421 879 879 421 422 880 880 423 423 881 881 422 421 882 882 423 423 883 883 424 424 884 884 426 425 885 885 425 426 886 886 427 427 887 887 426 425 888 888 427 427 889 889 428 428 890 890 430 429 891 891 429 430 892 892 431 431 893 893 430 429 894 894 431 431 895 895 432 432 896 896 434 433 897 897 433 434 898 898 435 435 899 899 434 433 900 900 435 435 901 901 436 436 902 902 438 437 903 903 437 438 904 904 439 439 905 905 438 437 906 906 439 439 907 907 440 440 908 908 442 441 909 909 441 442 910 910 443 443 911 911 442 441 912 912 443 443 913 913 444 444 914 914 446 445 915 915 445 446 916 916 447 447 917 917 446 445 918 918 447 447 919 919 448 448 920 920 450 449 921 921 449 450 922 922 451 451 923 923 450 449 924 924 451 451 925 925 452 452 926 926 454 453 927 927 453 454 928 928 455 455 929 929 454 453 930 930 455 455 931 931 456 456 932 932 458 457 933 933 457 458 934 934 459 459 935 935 458 457 936 936 459 459 937 937 460 460 938 938 462 461 939 939 461 462 940 940 463 463 941 941 462 461 942 942 463 463 943 943 464 464 944 944 466 465 945 945 465 466 946 946 467 467 947 947 466 465 948 948 467 467 949 949 468 468 950 950 470 469 951 951 469 470 952 952 471 471 953 953 470 469 954 954 471 471 955 955 472 472 956 956 474 473 957 957 473 474 958 958 475 475 959 959 474 473 960 960 475 475 961 961 476 476 962 962 476 476 963 963 475 475 964 964 477 477 965 965 479 478 966 966 478 479 967 967 480 480 968 968 479 478 969 969 480 480 970 970 481 481 971 971 481 481 972 972 480 480 973 973 482 482 974 974 484 483 975 975 483 484 976 976 485 485 977 977 484 483 978 978 485 485 979 979 486 486 980 980 486 486 981 981 485 485 982 982 487 487 983 983 489 488 984 984 488 489 985 985 490 490 986 986 489 488 987 987 490 490 988 988 491 491 989 989 491 491 990 990 490 490 991 991 492 492 992 992 494 493 993 993 493 494 994 994 495 495 995 995 494 493 996 996 495 495 997 997 496 496 998 998 496 496 999 999 495 495 1000 1000 497 497 1001 1001 499 498 1002 1002 498 499 1003 1003 500 500 1004 1004 499 498 1005 1005 500 500 1006 1006 501 501 1007 1007 501 501 1008 1008 500 500 1009 1009 502 502 1010 1010 504 503 1011 1011 503 504 1012 1012 505 505 1013 1013 504 503 1014 1014 505 505 1015 1015 506 506 1016 1016 506 506 1017 1017 505 505 1018 1018 507 507 1019 1019 509 508 1020 1020 508 509 1021 1021 510 510 1022 1022 509 508 1023 1023 510 510 1024 1024 511 511 1025 1025 511 511 1026 1026 510 510 1027 1027 512 512 1028 1028 514 513 1029 1029 513 514 1030 1030 515 515 1031 1031 514 513 1032 1032 515 515 1033 1033 516 516 1034 1034 516 516 1035 1035 515 515 1036 1036 517 517 1037 1037 519 518 1038 1038 518 519 1039 1039 520 520 1040 1040 519 518 1041 1041 520 520 1042 1042 521 521 1043 1043 521 521 1044 1044 520 520 1045 1045 522 522 1046 1046 524 523 1047 1047 523 524 1048 1048 525 525 1049 1049 524 523 1050 1050 525 525 1051 1051 526 526 1052 1052 526 526 1053 1053 525 525 1054 1054 527 527 1055 1055 526 526 1056 1056 527 527 1057 1057 528 528 1058 1058 530 529 1059 1059 529 530 1060 1060 531 531 1061 1061 530 529 1062 1062 531 531 1063 1063 532 532 1064 1064 532 532 1065 1065 531 531 1066 1066 533 533 1067 1067 532 532 1068 1068 533 533 1069 1069 534 534 1070 1070 536 535 1071 1071 535 536 1072 1072 537 537 1073 1073 536 535 1074 1074 537 537 1075 1075 538 538 1076 1076 538 538 1077 1077 537 537 1078 1078 539 539 1079 1079 538 538 1080 1080 539 539 1081 1081 540 540 1082 1082 542 541 1083 1083 541 542 1084 1084 543 543 1085 1085 542 541 1086 1086 543 543 1087 1087 544 544 1088 1088 544 544 1089 1089 543 543 1090 1090 545 545 1091 1091 544 544 1092 1092 545 545 1093 1093 546 546 1094 1094 548 547 1095 1095 547 548 1096 1096 549 549 1097 1097 548 547 1098 1098 549 549 1099 1099 550 550 1100 1100 550 550 1101 1101 549 549 1102 1102 551 551 1103 1103 550 550 1104 1104 551 551 1105 1105 552 552 1106 1106 552 552 1107 1107 551 551 1108 1108 553 553 1109 1109 555 554 1110 1110 554 555 1111 1111 556 556 1112 1112 555 554 1113 1113 556 556 1114 1114 557 557 1115 1115 557 557 1116 1116 556 556 1117 1117 558 558 1118 1118 557 557 1119 1119 558 558 1120 1120 559 559 1121 1121 559 559 1122 1122 558 558 1123 1123 560 560 1124 1124 562 561 1125 1125 561 562 1126 1126 563 563 1127 1127 562 561 1128 1128 563 563 1129 1129 564 564 1130 1130 564 564 1131 1131 563 563 1132 1132 565 565 1133 1133 564 564 1134 1134 565 565 1135 1135 566 566 1136 1136 566 566 1137 1137 565 565 1138 1138 567 567 1139 1139 569 568 1140 1140 568 569 1141 1141 570 570 1142 1142 569 568 1143 1143 570 570 1144 1144 571 571 1145 1145 571 571 1146 1146 570 570 1147 1147 572 572 1148 1148 571 571 1149 1149 572 572 1150 1150 573 573 1151 1151 573 573 1152 1152 572 572 1153 1153 574 574 1154 1154 573 573 1155 1155 574 574 1156 1156 575 575 1157 1157 577 576 1158 1158 576 577 1159 1159 578 578 1160 1160 577 576 1161 1161 578 578 1162 1162 579 579 1163 1163 579 579 1164 1164 578 578 1165 1165 580 580 1166 1166 579 579 1167 1167 580 580 1168 1168 581 581 1169 1169 581 581 1170 1170 580 580 1171 1171 582 582 1172 1172 581 581 1173 1173 582 582 1174 1174 583 583 1175 1175 585 584 1176 1176 584 585 1177 1177 586 586 1178 1178 585 584 1179 1179 586 586 1180 1180 587 587 1181 1181 587 587 1182 1182 586 586 1183 1183 588 588 1184 1184 587 587 1185 1185 588 588 1186 1186 589 589 1187 1187 589 589 1188 1188 588 588 1189 1189 590 590 1190 1190 589 589 1191 1191 590 590 1192 1192 591 591 1193 1193 591 591 1194 1194 590 590 1195 1195 592 592 1196 1196 594 593 1197 1197 593 594 1198 1198 595 595 1199 1199 594 593 1200 1200 595 595 1201 1201 596 596 1202 1202 596 596 1203 1203 595 595 1204 1204 597 597 1205 1205 596 596 1206 1206 597 597 1207 1207 598 598 1208 1208 598 598 1209 1209 597 597 1210 1210 599 599 1211 1211 598 598 1212 1212 599 599 1213 1213 600 600 1214 1214 600 600 1215 1215 599 599 1216 1216 601 601 1217 1217 603 602 1218 1218 602 603 1219 1219 604 604 1220 1220 603 602 1221 1221 604 604 1222 1222 605 605 1223 1223 605 605 1224 1224 604 604 1225 1225 606 606 1226 1226 605 605 1227 1227 606 606 1228 1228 607 607 1229 1229 607 607 1230 1230 606 606 1231 1231 608 608 1232 1232 607 607 1233 1233 608 608 1234 1234 609 609 1235 1235 609 609 1236 1236 608 608 1237 1237 610 610 1238 1238 609 609 1239 1239 610 610 1240 1240 611 611 1241 1241 613 612 1242 1242 612 613 1243 1243 614 614 1244 1244 613 612 1245 1245 614 614 1246 1246 615 615 1247 1247 615 615 1248 1248 614 614 1249 1249 616 616 1250 1250 615 615 1251 1251 616 616 1252 1252 617 617 1253 1253 617 617 1254 1254 616 616 1255 1255 618 618 1256 1256 617 617 1257 1257 618 618 1258 1258 619 619 1259 1259 619 619 1260 1260 618 618 1261 1261 620 620 1262 1262 619 619 1263 1263 620 620 1264 1264 621 621 1265 1265 621 621 1266 1266 620 620 1267 1267 622 622 1268 1268 623 623 1269 1269 624 624 1270 1270 625 625 1271 1271 625 625 1272 1272 624 624 1273 1273 626 626 1274 1274 625 625 1275 1275 626 626 1276 1276 627 627 1277 1277 627 627 1278 1278 626 626 1279 1279 628 628 1280 1280 629 629 1281 1281 630 630 1282 1282 631 631 1283 1283 631 631 1284 1284 630 630 1285 1285 632 632 1286 1286 631 631 1287 1287 632 632 1288 1288 633 633 1289 1289 633 633 1290 1290 632 632 1291 1291 634 634 1292 1292 635 635 1293 1293 636 636 1294 1294 637 637 1295 1295 637 637 1296 1296 636 636 1297 1297 638 638 1298 1298 637 637 1299 1299 638 638 1300 1300 639 639 1301 1301 639 639 1302 1302 638 638 1303 1303 640 640 1304 1304 639 639 1305 1305 640 640 1306 1306 641 641 1307 1307 641 641 1308 1308 640 640 1309 1309 642 642 1310 1310 643 643 1311 1311 644 644 1312 1312 645 645 1313 1313 645 645 1314 1314 644 644 1315 1315 646 646 1316 1316 645 645 1317 1317 646 646 1318 1318 647 647 1319 1319 647 647 1320 1320 646 646 1321 1321 648 648 1322 1322 647 647 1323 1323 648 648 1324 1324 649 649 1325 1325 649 649 1326 1326 648 648 1327 1327 650 650 1328 1328 649 649 1329 1329 650 650 1330 1330 651 651 1331 1331 652 652 1332 1332 653 653 1333 1333 654 654 1334 1334 654 654 1335 1335 653 653 1336 1336 655 655 1337 1337 654 654 1338 1338 655 655 1339 1339 656 656 1340 1340 656 656 1341 1341 655 655 1342 1342 657 657 1343 1343 656 656 1344 1344 657 657 1345 1345 658 658 1346 1346 658 658 1347 1347 657 657 1348 1348 659 659 1349 1349 658 658 1350 1350 659 659 1351 1351 660 660 1352 1352 660 660 1353 1353 659 659 1354 1354 661 661 1355 1355 662 662 1356 1356 663 663 1357 1357 664 664 1358 1358 664 664 1359 1359 663 663 1360 1360 665 665 1361 1361 664 664 1362 1362 665 665 1363 1363 666 666 1364 1364 666 666 1365 1365 665 665 1366 1366 667 667 1367 1367 666 666 1368 1368 667 667 1369 1369 668 668 1370 1370 668 668 1371 1371 667 667 1372 1372 669 669 1373 1373 668 668 1374 1374 669 669 1375 1375 670 670 1376 1376 670 670 1377 1377 669 669 1378 1378 671 671 1379 1379 673 672 1380 1380 672 673 1381 1381 674 674 1382 1382 676 675 1383 1383 675 676 1384 1384 677 677 1385 1385 679 678 1386 1386 678 679 1387 1387 680 680 1388 1388 682 681 1389 1389 681 682 1390 1390 683 683 1391 1391 685 684 1392 1392 684 685 1393 1393 686 686 1394 1394 688 687 1395 1395 687 688 1396 1396 689 689 1397 1397 691 690 1398 1398 690 691 1399 1399 692 692 1400 1400 694 693 1401 1401 693 694 1402 1402 695 695 1403 1403 697 696 1404 1404 696 697 1405 1405 698 698 1406 1406 700 699 1407 1407 699 700 1408 1408 701 701 1409 1409 703 702 1410 1410 702 703 1411 1411 704 704 1412 1412 706 705 1413 1413 705 706 1414 1414 707 707 1415 1415 709 708 1416 1416 708 709 1417 1417 710 710 1418 1418 712 711 1419 1419 711 712 1420 1420 713 713 1421 1421 715 714 1422 1422 714 715 1423 1423 716 716 1424 1424 718 717 1425 1425 717 718 1426 1426 719 719 1427 1427 721 720 1428 1428 720 721 1429 1429 722 722 1430 1430 724 723 1431 1431 723 724 1432 1432 725 725 1433 1433 727 726 1434 1434 726 727 1435 1435 728 728 1436 1436 730 729 1437 1437 729 730 1438 1438 731 731 1439 1439 733 732 1440 1440 732 733 1441 1441 734 734 1442 1442 736 735 1443 1443 735 736 1444 1444 737 737 1445 1445 739 738 1446 1446 738 739 1447 1447 740 740 1448 1448 742 741 1449 1449 741 742 1450 1450 743 743 1451 1451 745 744 1452 1452 744 745 1453 1453 746 746 1454 1454 748 747 1455 1455 747 748 1456 1456 749 749 1457 1457 751 750 1458 1458 750 751 1459 1459 752 752 1460 1460 754 753 1461 1461 753 754 1462 1462 755 755 1463 1463 757 756 1464 1464 756 757 1465 1465 758 758 1466 1466 760 759 1467 1467 759 760 1468 1468 761 761 1469 1469 763 762 1470 1470 762 763 1471 1471 764 764 1472 1472 766 765 1473 1473 765 766 1474 1474 767 767 1475 1475 769 768 1476 1476 768 769 1477 1477 770 770 1478 1478 772 771 1479 1479 771 772 1480 1480 773 773 1481 1481 775 774 1482 1482 774 775 1483 1483 776 776 1484 1484 778 777 1485 1485 777 778 1486 1486 779 779 1487 1487 781 780 1488 1488 780 781 1489 1489 782 782 1490 1490 784 783 1491 1491 783 784 1492 1492 785 785 1493 1493 787 786 1494 1494 786 787 1495 1495 788 788 1496 1496 790 789 1497 1497 789 790 1498 1498 791 791 1499 1499 793 792 1500 1500 792 793 1501 1501 794 794 1502 1502</p>
        </triangles>
      </mesh>
    </geometry>
    <geometry id="Mesh_4-mesh" name="Mesh_4">
      <mesh>
        <source id="Mesh_4-mesh-positions">
          <float_array id="Mesh_4-mesh-positions-array" count="4263">-2071.976 1878.72 599.173 -1785.724 1651.129 599.173 -2071.976 1878.72 0.2050781 -1785.724 1651.129 0.2051544 -298.5397 1566.745 599.1734 33.07366 1733.64 599.1734 -298.5395 1566.745 0.2053833 33.07377 1733.64 0.2054595 -216.3864 1467.016 641.207 189.5332 1679.886 644.7498 -298.5397 1566.745 599.1734 33.07366 1733.64 599.1734 -1472.496 1385.596 599.1731 -1472.496 1385.596 0.2051925 -1785.724 1651.129 599.173 -1785.724 1651.129 0.2051544 -1546.728 1255.096 641.2068 -1472.496 1385.596 599.1731 -1954.802 1588.826 641.2067 -1785.724 1651.129 599.173 -718.7514 1361.441 599.1732 -298.5397 1566.745 599.1734 -718.7513 1361.441 0.205307 -298.5395 1566.745 0.2053833 -1157.317 1175.725 599.1732 -718.7514 1361.441 599.1732 -1157.317 1175.725 0.2052307 -718.7513 1361.441 0.205307 533.5871 1973.756 599.1735 33.07366 1733.64 599.1734 644.2706 1921.542 645.3303 189.5332 1679.886 644.7498 -1157.317 1175.725 0.2052307 -1472.496 1385.596 0.2051925 -1157.317 1175.725 599.1732 -1472.496 1385.596 599.1731 533.5874 1973.756 0.2055358 33.07377 1733.64 0.2054595 533.5871 1973.756 599.1735 33.07366 1733.64 599.1734 -1141.499 1026.597 647.5428 -691.0794 1229.277 641.207 -1157.317 1175.725 599.1732 -718.7514 1361.441 599.1732 -2288.477 1850.516 641.2067 -1954.802 1588.826 641.2067 -2071.976 1878.72 599.173 -1785.724 1651.129 599.173 -1157.317 1175.725 599.1732 -1472.496 1385.596 599.1731 -1141.499 1026.597 647.5428 -1546.728 1255.096 641.2068 -691.0794 1229.277 641.207 -216.3864 1467.016 641.207 -718.7514 1361.441 599.1732 -298.5397 1566.745 599.1734 -777.3126 1537.879 1151.001 -363.1508 1728.217 1151.002 -691.0794 1229.277 641.207 -216.3864 1467.016 641.207 -1639.649 1961.242 1780.045 -1158.987 1510.519 1773.325 -1379.461 1968.85 1699.987 -1081.031 1670.779 1699.987 -1119.525 1409.102 1130.593 -1148.948 1064.323 690.1106 -1323.637 1587.541 1130.842 -1546.728 1255.096 641.2068 -1323.637 1587.541 1130.842 -1546.728 1255.096 641.2068 -1503.125 1757.54 1129.405 -1954.802 1588.826 641.2067 -2288.477 1850.516 641.2067 -216.3864 1467.016 641.207 181.9218 1688.057 674.9328 189.5332 1679.886 644.7498 648.5133 1923.019 661.3886 644.2706 1921.542 645.3303 -1503.125 1757.54 1129.405 -1468.808 1966.605 1175.715 -1323.637 1587.541 1130.842 -1127.449 1670.514 1185.668 -1119.525 1409.102 1130.593 284.933 2030.756 1136.746 637.1439 1917.634 678.2001 -53.02323 1887.406 1153.045 181.9218 1688.057 674.9328 -363.1508 1728.217 1151.002 -216.3864 1467.016 641.207 284.933 2030.756 1136.746 -53.02323 1887.406 1153.045 -503.8899 1887.081 1183.568 -363.1508 1728.217 1151.002 -1127.449 1670.514 1185.668 -777.3126 1537.879 1151.001 -1119.525 1409.102 1130.593 -1141.499 1026.597 647.5428 -1546.728 1255.096 641.2068 -1148.462 1044.424 664.2752 -1148.948 1064.323 690.1106 -691.0794 1229.277 641.207 -1119.525 1409.102 1130.593 -777.3126 1537.879 1151.001 -1141.499 1026.597 647.5428 -1148.462 1044.424 664.2752 -691.0794 1229.277 641.207 -1719.369 1938.723 1122.206 -1503.125 1757.54 1129.405 -2288.477 1850.516 641.2067 -1719.369 1938.723 1122.206 -1468.808 1966.605 1175.715 -1503.125 1757.54 1129.405 637.1439 1917.634 678.2001 648.5133 1923.019 661.3886 181.9218 1688.057 674.9328 -1081.031 1670.779 1699.987 -1127.449 1670.514 1185.668 -1379.461 1968.85 1699.987 -1468.808 1966.605 1175.715 -957.1628 1922.44 2701.398 -1158.987 1510.519 1773.325 -1077.924 2018.716 2701.424 -1639.649 1961.242 1780.045 -842.4233 1906.296 2682.174 -310.8471 1845.211 1777.026 -957.1628 1922.44 2701.398 -1158.987 1510.519 1773.325 -310.8471 1845.211 1777.026 -1158.987 1510.519 1773.325 -540.1196 1885.967 1697.123 -1081.031 1670.779 1699.987 -503.8899 1887.081 1183.568 -1127.449 1670.514 1185.668 -501.9043 1208.724 1123.623 -474.9976 1166.494 1137.754 -602.7145 1110.612 974.2455 -571.3328 1075.588 975.26 -602.7145 1110.612 974.2455 -571.3328 1075.588 975.26 -755.0335 1023.101 915.2243 -726.3914 980.6618 924.4519 -694.2971 898.7925 207.1979 -721.3242 925.517 378.8925 -665.1934 844.4547 220.2369 -692.0948 870.9443 391.9879 -752.3393 981.8164 697.9232 -755.0335 1023.101 915.2243 -720.2459 933.5997 715.9268 -726.3914 980.6618 924.4519 -721.3242 925.517 378.8925 -828.1441 911.9913 560.9524 -692.0948 870.9443 391.9879 -799.0405 857.6535 573.9915 -828.1441 911.9913 560.9524 -752.3393 981.8164 697.9232 -799.0405 857.6535 573.9915 -720.2459 933.5997 715.9268 -302.233 1242.677 1070.931 -259.0294 1144.818 565.3771 -474.9976 1166.494 1137.754 -571.3328 1075.588 975.26 57.96595 1207.009 118.3139 -259.0294 1144.818 565.3771 209.5371 1309.616 206.283 206.882 1348.999 377.6471 -15.73452 1371.042 966.397 -259.0294 1144.818 565.3771 -140.8803 1344.17 1132.424 -302.233 1242.677 1070.931 -571.3328 1075.588 975.26 -259.0294 1144.818 565.3771 -726.3914 980.6618 924.4519 -720.2459 933.5997 715.9268 -720.2459 933.5997 715.9268 -259.0294 1144.818 565.3771 -799.0405 857.6535 573.9915 -692.0948 870.9443 391.9879 -692.0948 870.9443 391.9879 -259.0294 1144.818 565.3771 -665.1934 844.4547 220.2369 -497.6324 911.5546 127.177 178.7308 1411.654 701.5863 -259.0294 1144.818 565.3771 148.339 1445.823 910.4981 -15.73452 1371.042 966.397 -211.134 1039.92 22.64286 -259.0294 1144.818 565.3771 -41.8598 1123.782 -7.019367 57.96595 1207.009 118.3139 -497.6324 911.5546 127.177 -259.0294 1144.818 565.3771 -375.9772 946.1063 -1.689434 -211.134 1039.92 22.64286 206.882 1348.999 377.6471 -259.0294 1144.818 565.3771 282.186 1432.624 556.7437 178.7308 1411.654 701.5863 -694.2971 898.7925 207.1979 -665.1934 844.4547 220.2369 -497.6324 911.5546 127.177 -659.1791 513.5906 120.7014 -720.8227 659.9653 91.29081 -626.3162 643.5612 216.9096 -672.0545 698.2525 193.5829 -672.0545 698.2525 193.5829 -577.0926 786.543 194.0054 -626.3162 643.5612 216.9096 -502.1353 793.5288 208.9763 -1074.449 1158.616 -33.49899 -1117.656 1126.2 72.0304 -868.768 916.9645 -23.51622 -911.9755 884.5488 82.01314 -598.1849 506.3053 -26.39287 -677.4848 692.1542 -22.415 -659.1791 513.5906 120.7014 -720.8227 659.9653 91.29081 -475.1057 682.0304 186.8033 -488.7927 595.5485 94.59281 -558.2045 591.3883 188.2266 -592.8361 489.8721 113.57 -871.6247 921.9644 156.3716 -767.7828 1010.315 155.5649 -776.0914 809.7488 163.7359 -672.3359 898.2511 168.3802 -577.0926 786.543 194.0054 -911.9755 884.5488 82.01314 -871.6247 921.9644 156.3716 -816.399 772.257 86.65199 -776.0914 809.7488 163.7359 -720.8227 659.9653 91.29081 -672.0545 698.2525 193.5829 -720.8227 659.9653 91.29081 -677.4848 692.1542 -22.415 -816.399 772.257 86.65199 -773.1915 804.6731 -18.8774 -911.9755 884.5488 82.01314 -868.768 916.9645 -23.51622 -502.1353 793.5288 208.9763 -400.3282 764.3727 96.14658 -402.6091 669.9887 108.5553 -430.3271 649.9383 -27.01304 -434.7765 600.7903 27.20804 -598.1849 506.3053 -26.39287 -542.2785 501.0661 20.51132 -542.2785 501.0661 20.51132 -592.8361 489.8721 113.57 -488.7927 595.5485 94.59281 -542.2785 501.0661 20.51132 -598.1849 506.3053 -26.39287 -592.8361 489.8721 113.57 -672.0545 698.2525 193.5829 -776.0914 809.7488 163.7359 -577.0926 786.543 194.0054 -659.1791 513.5906 120.7014 -592.8361 489.8721 113.57 -598.1849 506.3053 -26.39287 -767.7828 1010.315 155.5649 -973.4638 1251.967 145.5821 -871.6247 921.9644 156.3716 -1077.306 1163.616 146.3888 -911.9755 884.5488 82.01314 -1117.656 1126.2 72.0304 -542.2785 501.0661 20.51132 -434.7765 600.7903 27.20804 -488.7927 595.5485 94.59281 -402.6091 669.9887 108.5553 -475.1057 682.0304 186.8033 -502.1353 793.5288 208.9763 -558.2045 591.3883 188.2266 -626.3162 643.5612 216.9096 -592.8361 489.8721 113.57 -659.1791 513.5906 120.7014 1645.577 139.9851 535.5998 1309.828 522.7276 535.5997 1576.993 61.80191 773.9198 1210.721 479.3392 773.9197 1190 999.9997 -6.86645e-4 1309.828 1477.272 -6.86645e-4 1300 999.9997 131.1993 1408.934 1433.883 131.1993 1309.828 1477.272 535.5997 1190 999.9997 535.5997 2399.999 999.9995 423.9999 1309.828 522.7276 535.5997 1210.721 1520.66 773.9197 2400 999.9995 1282.12 1080 999.9997 773.9197 1210.721 479.3392 773.9197 1645.577 139.9851 -6.10352e-4 1309.828 522.7276 -6.86645e-4 1714.161 218.1683 131.1994 1408.934 566.116 131.1993 2399.999 999.9995 134.1997 1309.828 522.7276 -6.86645e-4 1190 999.9997 -6.86645e-4 1408.934 566.116 131.1993 1300 999.9997 131.1993 2399.999 999.9995 134.1997 1408.934 1433.883 131.1993 1309.828 522.7276 535.5997 1210.721 479.3392 773.9197 1190 999.9997 535.5997 1080 999.9997 773.9197 1309.828 1477.272 535.5997 1210.721 1520.66 773.9197 1408.934 1433.883 131.1993 1713.612 1783.857 131.1994 2399.999 999.9995 134.1997 2130.75 2072.42 535.5999 1645.577 1860.014 535.5998 2399.999 999.9995 423.9999 1576.993 61.80191 773.9198 1210.721 479.3392 773.9197 2400 999.9995 1282.12 1309.828 522.7276 535.5997 1645.577 139.9851 535.5998 2399.999 999.9995 423.9999 1645.577 1860.014 535.5998 1309.828 1477.272 535.5997 2399.999 999.9995 423.9999 2149.761 1983.831 131.1995 2399.999 999.9995 134.1997 1713.612 1783.857 131.1994 1407.108 1605.858 12.29418 1123.111 1925.699 7.239017 1434.974 1632.915 103.3448 1160.811 1941.682 98.46463 1543.613 1791.293 187.3056 1534.341 1759.817 117.349 1252.46 2057.937 112.0114 1434.974 1632.915 103.3448 1160.811 1941.682 98.46463 1459.303 2270.516 264.5321 1491.306 2251 326.3098 1699.446 2026.687 336.3835 1860.524 2542.18 367.5686 2110.662 2367.439 360.495 1623.567 1901.956 264.4181 1618.278 1900.578 197.9382 1355.484 2177.201 192.9404 1543.613 1791.293 187.3056 1280.53 2068.242 182.3026 1252.46 2057.937 112.0114 1355.484 2177.201 192.9404 1383.019 2157.95 248.7671 1623.567 1901.956 264.4181 1459.303 2270.516 264.5321 1695.635 2023.695 269.059 1699.446 2026.687 336.3835 1434.974 1632.915 103.3448 1534.341 1759.817 117.349 1407.108 1605.858 12.29418 2153.818 2372.971 37.95292 1699.446 2026.687 336.3835 2110.662 2367.439 360.495 1695.635 2023.695 269.059 2153.818 2372.971 37.95292 1618.278 1900.578 197.9382 1534.341 1759.817 117.349 1543.613 1791.293 187.3056 1623.567 1901.956 264.4181 1695.635 2023.695 269.059 1618.278 1900.578 197.9382 -880.679 5274.702 2775.277 -759.9738 5229.885 2774.556 -956.4931 5178.181 2660.509 -722.5677 5116.37 2658.645 -1279.255 5269.578 808.3054 -669.0246 4956.292 2246.775 -770.2375 5141.892 801.9413 -303.3142 5542.372 803.9721 -639.1417 4870.063 2312.634 -1122.534 4972.705 2316.844 -685.1614 5002.855 2416.998 -1032.307 5081.661 2420.005 -1279.255 5269.578 808.3054 -1064.191 5042.113 2250.21 -669.0246 4956.292 2246.775 -1122.534 4972.705 2316.844 -639.1417 4870.063 2312.634 -639.1417 4870.063 2312.634 -317.5848 5255.466 2312.635 -669.0246 4956.292 2246.775 -405.9326 5271.621 2246.776 -303.3142 5542.372 803.9721 -566.2043 5300.929 2658.645 -453.6404 5280.346 2416.998 -685.1614 5002.855 2416.998 -317.5848 5255.466 2312.635 -639.1417 4870.063 2312.634 -799.5759 5365.77 2987.207 -678.7683 5321.513 2774.556 -759.9738 5229.885 2774.556 -566.2043 5300.929 2658.645 -722.5677 5116.37 2658.645 -685.1614 5002.855 2416.998 -956.4931 5178.181 2660.509 -1032.307 5081.661 2420.005 -759.9738 5229.885 2774.556 -880.679 5274.702 2775.277 -799.5759 5365.77 2987.207 110.2704 5055.866 2991.369 143.7261 4918.877 2632.25 34.41249 4960.976 2633.141 -73.79238 4830.42 2456.844 596.2492 4939.634 1966.13 847.9063 4893.615 -628.9701 271.4445 4550.339 1966.13 329.4038 4417.138 -631.1781 329.4038 4417.138 -631.1781 -362.1741 4557.786 -623.6203 271.4445 4550.339 1966.13 -216.414 4656.29 1970.37 -288.4427 4570.602 2052.634 -288.4427 4570.602 2052.634 308.337 4443.884 2047.437 271.4445 4550.339 1966.13 705.3205 4919.689 2047.437 596.2492 4939.634 1966.13 537.3505 4950.405 2176.281 705.3205 4919.689 2047.437 251.5225 4607.825 2176.281 308.337 4443.884 2047.437 -288.4427 4570.602 2052.634 218.6542 5008.683 2632.25 381.8587 4978.838 2454.511 143.7261 4918.877 2632.25 198.9287 4759.587 2454.511 -73.79238 4830.42 2456.844 251.5225 4607.825 2176.281 -177.0519 4705.115 2179.993 -288.4427 4570.602 2052.634 218.6542 5008.683 2632.25 143.7261 4918.877 2632.25 110.2704 5055.866 2991.369 537.3505 4950.405 2176.281 251.5225 4607.825 2176.281 381.8587 4978.838 2454.511 198.9287 4759.587 2454.511 381.8587 4978.838 2454.511 251.5225 4607.825 2176.281 735.6503 2492.564 1101.722 512.4835 2154.598 728.1506 -122.6215 2573.973 728.1505 512.4836 2154.598 -0.1991653 -122.6213 2573.973 -0.1993179 958.8171 2830.529 728.1507 944.3677 2796.655 710.3705 735.6503 2492.564 1101.722 908.649 2754.554 696.8848 512.4835 2154.598 728.1506 512.4836 2154.598 -0.1991653 908.6491 2754.554 0.449028 512.4836 2154.598 -0.1991653 908.649 2754.554 696.8848 100.5451 2911.938 1101.722 735.6503 2492.564 1101.722 -122.6215 2573.973 728.1505 2182.56 2336.513 1689.706 1720.801 2564.555 1693.95 2169.664 2481.02 1797.217 1839.321 2649.83 1800.196 1720.801 2564.555 1693.95 2182.56 2336.513 1689.706 2173.604 2429.084 1620.263 2602.63 2634.071 1685.248 2351.57 2752.507 1960.644 2472.114 2695.262 1794.007 2169.664 2481.02 1797.217 2602.63 2634.071 1685.248 2182.56 2336.513 1689.706 2158.001 2615.392 1962.698 1949.588 2729.97 1964.497 2145.422 2755.692 2055.36 2064.647 2812.611 2055.932 2147.499 2876.533 2481.811 2602.63 2634.071 1685.248 2517.298 2672.54 1616.616 2173.604 2429.084 1620.263 2557.356 2647.633 1026.641 2175.475 2377.126 1030.694 2227.564 2292.296 2.115459 2147.499 2876.533 2481.811 2224.707 2811.854 2054.519 2145.422 2755.692 2055.36 2351.57 2752.507 1960.644 2158.001 2615.392 1962.698 2169.664 2481.02 1797.217 1949.588 2729.97 1964.497 1839.321 2649.83 1800.196 2703.447 2569.154 -2.387714 2227.564 2292.296 2.115459 2557.356 2647.633 1026.641 1650.891 2554.588 6.657143 1753.485 2579.632 1034.631 2227.564 2292.296 2.115459 2227.564 2292.296 2.115459 2175.475 2377.126 1030.694 1753.485 2579.632 1034.631 2173.604 2429.084 1620.263 1796.598 2617.398 1623.707 1720.801 2564.555 1693.95 542.2628 2879.263 -22.32555 361.9347 4203.127 23.46748 1528.292 2398.001 -16.25256 1602.875 3628.731 32.7161 1173.787 6868.541 -222.5183 -2336.052 9019.159 873.059 1132.055 6799.912 1218.949 -2228.376 9145.618 3007.622 2004.069 6654.957 1215.7 1132.055 6799.912 1218.949 -1984.583 9508.674 3160.972 -2228.376 9145.618 3007.622 1528.292 2398.001 -16.25256 1602.875 3628.731 32.7161 1559.547 2449.4 -1017.648 1632.943 3678.178 -930.6476 2319.806 5313.02 727.3292 2399.877 5359.065 -170.9656 2331.489 5209.575 599.3379 2268.203 5111.335 431.0065 2314.411 5853.785 888.6644 2319.806 5313.02 727.3292 1892.567 6008.45 877.6901 1959.199 5756.939 633.4053 2268.203 5111.335 431.0065 1901.495 5388.53 512.1566 2331.489 5209.575 599.3379 1945.926 5546.388 590.4671 1959.199 5756.939 633.4053 1892.567 6008.45 877.6901 1596.026 6455.856 1029.69 2237.653 6341.797 1043.861 1132.055 6799.912 1218.949 2004.069 6654.957 1215.7 1602.875 3628.731 32.7161 361.9347 4203.127 23.46748 1831.778 4422.454 107.6829 1226.225 4909.536 130.9755 2080.515 4905.935 207.8668 1449.989 5055.82 187.1791 1959.199 5756.939 633.4053 1865.87 6097.406 -367.2905 1892.567 6008.45 877.6901 1637.759 6524.486 -337.4981 1596.026 6455.856 1029.69 1173.787 6868.541 -222.5183 1132.055 6799.912 1218.949 1449.989 5055.82 187.1791 1610.673 5155.722 247.5331 2080.515 4905.935 207.8668 1699.463 5226.889 297.5332 2268.203 5111.335 431.0065 1846.715 5292.22 421.2195 1901.495 5388.53 512.1566 1602.875 3628.731 32.7161 1632.943 3678.178 -930.6476 1831.778 4422.454 107.6829 1998.182 4434.53 -525.6829 2080.515 4905.935 207.8668 2167.251 4974.037 -560.1406 2268.203 5111.335 431.0065 2399.877 5359.065 -170.9656 2399.877 5359.065 -170.9656 2319.806 5313.02 727.3292 2535.382 5898.843 50.00927 2314.411 5853.785 888.6644 1892.567 6008.45 877.6901 2237.653 6341.797 1043.861 2319.806 5313.02 727.3292 2331.489 5209.575 599.3379 1959.199 5756.939 633.4053 2314.411 5853.785 888.6644 2535.382 5898.843 50.00927 2319.806 5313.02 727.3292 1842.529 5796.835 -494.8992 1945.926 5546.388 590.4671 1901.495 5388.53 512.1566 1842.529 5796.835 -494.8992 1865.87 6097.406 -367.2905 1945.926 5546.388 590.4671 1959.199 5756.939 633.4053 1945.926 5546.388 590.4671 1865.87 6097.406 -367.2905 848.2497 5657.508 2011.218 445.6244 5782.403 2015.006 804.6197 5786.842 2082.897 527.5494 5877.721 2085.575 403.5411 6040.529 1214.519 513.9199 5837.014 1955.036 809.19 5742.562 1951.945 445.6244 5782.403 2015.006 848.2497 5657.508 2011.218 848.2497 5657.508 2011.218 1122.927 5989.375 2011.218 809.19 5742.562 1951.945 1024.273 6016.771 1951.945 1053.412 6238.951 1240.014 948.4808 6037.818 2216.846 1019.955 6017.97 2082.897 804.6197 5786.842 2082.897 1122.927 5989.375 2011.218 848.2497 5657.508 2011.218 793.3942 5885.035 2216.846 588.7133 5959.362 2218.473 769.0471 5989.811 2318.036 666.7864 6039.104 2318.666 744.5413 6114.815 2487.872 744.5413 6114.815 2487.872 844.6301 6066.656 2318.036 769.0471 5989.811 2318.036 948.4808 6037.818 2216.846 793.3942 5885.035 2216.846 804.6197 5786.842 2082.897 588.7133 5959.362 2218.473 527.5494 5877.721 2085.575 779.7246 5938.427 1210.619 403.5411 6040.529 1214.519 809.19 5742.562 1951.945 779.7246 5938.427 1210.619 809.19 5742.562 1951.945 1053.412 6238.951 1240.014 1613.927 6013.562 1541.648 1335.125 5678.733 1543.832 976.4855 6554.406 1541.648 694.6093 6222.185 1543.832 363.2922 5804.165 -18.73703 363.2919 5804.165 1176.751 1003.808 5260.714 -18.73688 1003.808 5260.714 1176.751 363.2919 5804.165 1176.751 694.6093 6222.185 1543.832 1003.808 5260.714 1176.751 1335.125 5678.733 1543.832 1003.808 5260.714 1176.751 1769.858 6156.574 1123.636 1003.808 5260.714 -18.73688 1767.243 6160.505 -18.73673 1867.251 6258.069 1169.938 1830.43 6201.531 1126.194 1613.927 6013.562 1541.648 1769.858 6156.574 1123.636 1335.125 5678.733 1543.832 1003.808 5260.714 1176.751 3752.178 6924.987 741.8391 3735.083 6909.233 -1656.08 1909.147 9112.397 1248.742 1910.151 9092.819 -933.0609 2205.954 9864.615 1702.075 1909.147 9112.397 1248.742 1102.191 9130.811 1361.031 750.8784 8437.519 1061.204 750.8784 8437.519 1061.204 1909.147 9112.397 1248.742 592.3347 8556.318 -1352.561 1910.151 9092.819 -933.0609 1898.997 9176.565 -1305.205 2201.79 12506.76 1731.749 2216.146 12323.35 2555.445 3047.759 11760.74 1666.829 2960.394 11675.3 2460.186 2901.238 10687.74 2176.889 2660.043 9275.477 -1038.228 2468.534 9129.401 1068.705 3715.052 10467.31 1329.111 2479.846 9054.914 1472.913 3505.625 10349.82 2204.216 2480.579 12399.69 2733.889 3418.743 11770.59 2615.112 2960.394 11675.3 2460.186 3545.428 11251.36 2455.347 2901.238 10687.74 2176.889 3505.625 10349.82 2204.216 2205.954 9864.615 1702.075 2479.846 9054.914 1472.913 1898.997 9176.565 -1305.205 1910.151 9092.819 -933.0609 2660.043 9275.477 -1038.228 1909.147 9112.397 1248.742 2205.954 9864.615 1702.075 2479.846 9054.914 1472.913 3752.178 6924.987 741.8391 1909.147 9112.397 1248.742 4133.388 7302.764 944.154 2479.846 9054.914 1472.913 4133.388 7302.764 944.154 1909.147 9112.397 1248.742 2468.534 9129.401 1068.705 2660.043 9275.477 -1038.228 1910.151 9092.819 -933.0609 2216.146 12323.35 2555.445 2480.579 12399.69 2733.889 2960.394 11675.3 2460.186 -593.291 1878.052 23.69304 2.84076e-4 1199.157 -0.01462697 -858.6191 1722.681 18.26708 -959.9653 1476.34 9.664633 599.9788 1015.833 -11.16919 2.84076e-4 1199.157 -0.01462697 663.3204 1199.322 -4.761598 719.9747 1407.045 7.245121 9.00417e-5 719.0755 -21.10332 -213.9963 623.062 -25.32117 2.84076e-4 1199.157 -0.01462697 -545.6159 489.5226 -29.09858 -811.7093 564.6412 -21.27226 2.84076e-4 1199.157 -0.01462697 599.9788 1015.833 -11.16919 409.1982 881.8987 -10.64317 998.1173 874.3662 -17.86202 818.3959 564.6406 -21.27194 2.84076e-4 1199.157 -0.01462697 409.1982 881.8987 -10.64317 273.0204 844.3395 -14.55638 818.3959 564.6406 -21.27194 546.0405 489.5221 -29.09837 -593.291 1878.052 23.69304 -285.3274 2006.983 28.19542 2.84076e-4 1199.157 -0.01462697 5.54596e-4 2006.982 28.19553 285.3291 2006.982 28.19563 285.3291 2006.982 28.19563 593.2921 1878.052 23.69327 2.84076e-4 1199.157 -0.01462697 858.6199 1722.681 18.26741 719.9747 1407.045 7.245121 -2122.624 1199.157 -0.01503467 -1061.312 1199.157 -0.01483201 -1919.932 564.0884 -20.51943 -998.1169 874.1016 -10.26691 -1623.419 -117.7786 -42.52959 998.1173 874.3662 -17.86202 599.9788 1015.833 -11.16919 1061.312 1199.422 -7.609786 663.3204 1199.322 -4.761598 959.9661 1476.339 9.665001 719.9747 1407.045 7.245121 858.6199 1722.681 18.26741 -545.6159 489.5226 -29.09858 -1623.419 -117.7786 -42.52959 -811.7093 564.6412 -21.27226 -998.1169 874.1016 -10.26691 2.84076e-4 1199.157 -0.01462697 -1061.312 1199.157 -0.01483201 -959.9653 1476.34 9.664633 -2122.624 1199.157 -0.01503467 -1919.931 1753.523 19.34414 273.0204 844.3395 -14.55638 546.0405 489.5221 -29.09837 142.6641 815.0923 -16.8855 285.328 431.028 -33.75649 9.00417e-5 719.0755 -21.10332 -2.63782e-5 431.0281 -33.75661 -213.9963 623.062 -25.32117 -285.3286 431.0284 -33.75672 -545.6159 489.5226 -29.09858 285.3291 2006.982 28.19563 570.6579 2814.808 56.40588 593.2921 1878.052 23.69327 1186.584 2556.946 47.40093 858.6199 1722.681 18.26741 1717.24 2246.205 36.5497 959.9661 1476.339 9.665001 1919.932 1753.522 19.34487 1061.312 1199.422 -7.609786 2122.624 1199.687 -15.20494 998.1173 874.3662 -17.86202 1919.932 564.6175 -35.70933 818.3959 564.6406 -21.27194 1636.791 -117.7798 -42.52897 546.0405 489.5221 -29.09837 1092.081 -268.0168 -58.18195 285.328 431.028 -33.75649 570.6556 -337.1007 -67.49848 -2.63782e-5 431.0281 -33.75661 -3.36832e-4 -337.1004 -67.49871 -285.3286 431.0284 -33.75672 -570.6574 -337.1001 -67.49893 -545.6159 489.5226 -29.09858 -1091.232 -268.0161 -58.18237 -1623.419 -117.7786 -42.52959 2.84076e-4 1199.157 -0.01462697 142.6641 815.0923 -16.8855 9.00417e-5 719.0755 -21.10332 2.84076e-4 1199.157 -0.01462697 273.0204 844.3395 -14.55638 142.6641 815.0923 -16.8855 219.6265 1174.146 91.97354 277.4232 1193.434 188.6621 243.3816 1016.185 121.3271 288.2167 1125.821 209.9074 277.4232 1193.434 188.6621 371.9206 1235.67 190.3573 288.2167 1125.821 209.9074 439.536 1216.2 210.1001 50.91219 1767.5 143.4676 153.814 1806.838 144.0082 164.1799 1471.073 153.5054 267.0817 1510.411 154.046 1.091805 1746.064 72.60691 50.91219 1767.5 143.4676 114.3594 1449.637 82.64472 164.1799 1471.073 153.5054 53.43126 1763.091 -15.16168 1.091805 1746.064 72.60691 163.8767 1468.451 -1.956086 114.3594 1449.637 82.64472 300.2702 993.9483 -10.7759 266.2693 1192.708 -3.623385 243.3816 1016.185 121.3271 219.6265 1174.146 91.97354 304.4314 972.6715 117.3116 349.0955 1054.926 189.7907 416.8738 1036.057 96.77094 433.2112 1103.34 189.5572 493.8334 1065.508 109.7766 267.0817 1510.411 154.046 216.6318 1333.646 169.6168 164.1799 1471.073 153.5054 166.993 1311.891 87.30913 114.3594 1449.637 82.64472 163.8767 1468.451 -1.956086 114.3594 1449.637 82.64472 216.268 1330.278 1.104994 166.993 1311.891 87.30913 266.2693 1192.708 -3.623385 219.6265 1174.146 91.97354 267.0817 1510.411 154.046 319.5337 1372.984 170.1575 216.6318 1333.646 169.6168 277.4232 1193.434 188.6621 166.993 1311.891 87.30913 219.6265 1174.146 91.97354 493.8334 1065.508 109.7766 450.1257 1012.74 33.74399 416.8738 1036.057 96.77094 371.9206 1235.67 190.3573 277.4232 1193.434 188.6621 319.5337 1372.984 170.1575 243.3816 1016.185 121.3271 300.2702 993.9483 -10.7759 342.0117 967.4467 30.81154 467.7005 1059.94 -16.30839 450.1257 1012.74 33.74399 493.8334 1065.508 109.7766 467.7005 1059.94 -16.30839 511.7884 1147.378 99.17649 493.8334 1065.508 109.7766 439.536 1216.2 210.1001 433.2112 1103.34 189.5572 349.0955 1054.926 189.7907 439.536 1216.2 210.1001 288.2167 1125.821 209.9074 349.0955 1054.926 189.7907 243.3816 1016.185 121.3271 304.4314 972.6715 117.3116 342.0117 967.4467 30.81154 416.8738 1036.057 96.77094 450.1257 1012.74 33.74399 638.2021 1535.771 6.426191 644.1444 1542.07 33.54499 665.2391 1564.43 6.426201 658.9997 1557.817 33.545 718.3859 1628.227 144.9795 718.3859 1628.227 163.3502 765.014 1669.179 133.8663 765.014 1669.179 152.2371 779.8695 1684.926 33.76103 779.8695 1684.926 53.00664 845.0305 1722.156 33.76104 845.0305 1722.156 53.00665 759.0717 1662.88 6.642218 765.014 1669.179 33.76102 786.1087 1691.539 6.642237 779.8695 1684.926 33.76103 779.8695 1684.926 133.8663 779.8695 1684.926 152.2371 856.3245 1729.135 102.6974 856.3245 1729.135 121.0683 417.201 1285.058 171.8833 417.201 1285.058 187.4985 460.2228 1345.789 166.709 460.2228 1345.789 185.0798 475.0783 1361.536 30.5209 475.0783 1361.536 49.76651 522.3414 1417.938 30.52091 522.3414 1417.938 49.76652 475.0783 1361.536 166.709 475.0783 1361.536 185.0798 522.3414 1417.938 164.6678 522.3414 1417.938 183.0386 417.201 1285.058 30.52089 417.201 1285.058 49.7665 460.2228 1345.789 30.52089 460.2228 1345.789 49.7665 658.9997 1557.817 172.2714 703.5306 1612.48 163.3502 658.9997 1557.817 156.2888 703.5306 1612.48 144.9795 658.9997 1557.817 33.545 658.9997 1557.817 52.7906 703.5306 1612.48 33.76102 703.5306 1612.48 53.00663 537.1968 1433.684 30.52091 537.1968 1433.684 49.76652 584.2434 1481.26 33.54498 584.2434 1481.26 52.79058 599.0988 1497.007 158.285 599.0988 1497.007 176.6559 644.1442 1542.07 156.2888 644.1442 1542.07 172.2714 537.1968 1433.684 164.6678 537.1968 1433.684 183.0386 584.2434 1481.26 158.285 584.2434 1481.26 176.6559 718.3859 1628.227 33.76102 718.3859 1628.227 53.00663 765.014 1669.179 33.76102 765.014 1669.179 53.00663 644.1444 1542.07 52.79059 644.1444 1542.07 33.54499 599.0988 1497.007 52.79058 599.0988 1497.007 33.54498 653.0576 1551.518 251.7509 648.6009 1546.794 251.7509 661.0797 1560.021 223.9104 639.9848 1537.661 223.9104 658.9997 1557.817 172.2714 644.1442 1542.07 172.2714 658.9997 1557.817 156.2888 644.1442 1542.07 156.2888 658.9997 1557.817 52.7906 644.1444 1542.07 52.79059 658.9997 1557.817 33.545 644.1444 1542.07 33.54499 773.9272 1678.627 222.7178 769.4705 1673.903 222.7178 781.9492 1687.13 193.412 760.8544 1664.77 193.412 779.8695 1684.926 152.2371 765.014 1669.179 152.2371 779.8695 1684.926 133.8663 765.014 1669.179 133.8663 779.8695 1684.926 53.00664 765.014 1669.179 53.00663 779.8695 1684.926 33.76103 765.014 1669.179 33.76102 454.2806 1339.49 3.40209 481.3175 1368.149 3.4021 460.2228 1345.789 30.52089 475.0783 1361.536 30.5209 460.2228 1345.789 49.7665 475.0783 1361.536 49.76651 460.2228 1345.789 166.709 475.0783 1361.536 166.709 460.2228 1345.789 185.0798 475.0783 1361.536 185.0798 456.0631 1341.38 247.9193 477.1579 1363.74 247.9194 464.6793 1350.513 277.2357 469.136 1355.237 277.2357 531.2547 1427.386 268.9525 526.798 1422.662 268.9525 539.2767 1435.889 240.6558 518.1818 1413.529 240.6558 537.1968 1433.684 183.0386 522.3414 1417.938 183.0386 537.1968 1433.684 164.6678 522.3414 1417.938 164.6678 537.1968 1433.684 49.76652 522.3414 1417.938 49.76652 537.1968 1433.684 30.52091 522.3414 1417.938 30.52091 543.4362 1440.298 3.402109 516.3991 1411.639 3.402109 593.4946 1490.766 259.6408 589.0891 1486.051 259.6408 601.4245 1499.253 231.8003 580.5718 1476.935 231.8003 599.0988 1497.007 176.6559 584.2434 1481.26 176.6559 599.0988 1497.007 158.285 584.2434 1481.26 158.285 599.0988 1497.007 52.79058 584.2434 1481.26 52.79058 599.0988 1497.007 33.54498 584.2434 1481.26 33.54498 605.3381 1503.62 6.426191 578.3011 1474.961 6.426182 712.4438 1621.928 238.5803 707.9871 1617.204 238.5803 720.4658 1630.432 212.3195 699.3708 1608.071 212.3195 718.3859 1628.227 163.3502 703.5306 1612.48 163.3502 718.3859 1628.227 144.9795 703.5306 1612.48 144.9795 718.3859 1628.227 53.00663 703.5306 1612.48 53.00663 718.3859 1628.227 33.76102 703.5306 1612.48 33.76102 724.6252 1634.841 6.642218 697.5883 1606.182 6.642218 -1316.733 335.8276 374.1481 -1340.888 362.0603 371.448 -1316.733 335.8276 131.1342 -1340.888 362.0603 131.1342 -1314.143 443.7747 575.8532 -1288.483 427.6457 581.7516 -1351.677 421.5888 573.3817 -1311.317 405.4199 579.6366 -1176.642 452.2088 131.1342 -1199.453 433.0678 131.1342 -1176.642 452.2088 374.1481 -1199.453 433.0678 374.1481 -1228.123 456.5929 131.1342 -1228.123 456.5929 371.448 -1199.453 433.0678 131.1342 -1199.453 433.0678 374.1481 -1268 561.0852 374.1481 -1268 561.0852 131.1342 -1176.642 452.2088 374.1481 -1176.642 452.2088 131.1342 -1346.751 311.6997 374.1481 -1316.733 335.8276 374.1481 -1346.751 311.6997 131.1342 -1316.733 335.8276 131.1342 -1472.789 389.2469 131.1341 -1472.789 389.2469 110.2868 -1268 561.0852 131.1342 -1268 561.0852 110.2868 -1346.751 311.6997 -31.03802 -1346.751 311.6997 110.2868 -1176.642 452.2088 -26.27486 -1176.642 452.2088 110.2868 -1472.789 389.2469 374.1481 -1472.789 389.2469 131.1341 -1268 561.0852 374.1481 -1268 561.0852 131.1342 -1346.751 311.6997 374.1481 -1346.751 311.6997 131.1342 -1472.789 389.2469 374.1481 -1472.789 389.2469 131.1341 -1268 561.0852 131.1342 -1268 561.0852 110.2868 -1176.642 452.2088 131.1342 -1176.642 452.2088 110.2868 -1199.453 433.0678 131.1342 -1316.733 335.8276 131.1342 -1228.123 456.5929 131.1342 -1340.888 362.0603 131.1342 -1176.642 452.2088 110.2868 -1346.751 311.6997 110.2868 -1137.936 406.082 110.2868 -1308.046 263.3434 110.2868 -1472.789 389.2469 -31.03804 -1472.789 389.2469 110.2868 -1346.751 311.6997 -31.03802 -1346.751 311.6997 110.2868 -1137.936 406.082 131.1342 -1137.936 406.082 110.2868 -1308.046 263.3434 131.1342 -1308.046 263.3434 110.2868 -1199.453 433.0678 374.1481 -1199.453 433.0678 327.168 -1229.226 408.0853 350.3883 -1228.123 456.5929 324.4678 -1256.122 433.1214 347.6882 -1258.999 383.1029 357.6781 -1284.12 409.6499 354.978 -1288.772 358.1203 350.3883 -1312.889 385.5318 347.6882 -1340.888 362.0603 323.6578 -1246.865 444.2795 530.6516 -1134.849 465.6615 412.3688 -1243.649 610.0059 410.0821 -1132.696 463.4715 401.4679 -1268 561.0852 374.1481 -1176.642 452.2088 374.1481 -1389.767 412.8498 530.6516 -1288.003 493.3056 530.6516 -1525.195 373.7606 410.0821 -1243.649 610.0059 410.0821 -1472.789 389.2469 374.1481 -1268 561.0852 374.1481 -1308.046 263.3434 131.1342 -1308.046 263.3434 110.2868 -1346.751 311.6997 131.1342 -1346.751 311.6997 110.2868 -1472.789 389.2469 131.1341 -1472.789 389.2469 110.2868 -1176.642 452.2088 131.1342 -1137.936 406.082 131.1342 -1199.453 433.0678 131.1342 -1308.046 263.3434 131.1342 -1316.733 335.8276 131.1342 -1346.751 311.6997 131.1342 -1346.751 311.6997 374.1481 -1472.789 389.2469 374.1481 -1371.102 262.779 410.0821 -1525.195 373.7606 410.0821 -1328.731 375.5857 530.6516 -1389.767 412.8498 530.6516 -1351.677 421.5888 573.3817 -1288.483 427.6457 581.7516 -1311.317 405.4199 579.6366 -1246.865 444.2795 530.6516 -1328.731 375.5857 530.6516 -1134.849 465.6615 412.3688 -1371.102 262.779 410.0821 -1258.999 383.1029 374.1481 -1316.733 335.8276 374.1481 -1316.733 335.8276 326.358 -1316.733 335.8276 374.1481 -1288.772 358.1203 350.3883 -1258.999 383.1029 374.1481 -1258.999 383.1029 357.6781 -1229.226 408.0853 350.3883 -1284.12 409.6499 354.978 -1256.122 433.1214 347.6882 -1346.751 311.6997 374.1481 -1371.102 262.779 410.0821 -1316.733 335.8276 374.1481 -1311.317 405.4199 579.6366 -1328.731 375.5857 530.6516 -1351.677 421.5888 573.3817 -1288.003 493.3056 530.6516 -1243.649 610.0059 410.0821 -1246.865 444.2795 530.6516 -1176.642 452.2088 374.1481 -1199.453 433.0678 374.1481 -1132.696 463.4715 401.4679 -1316.733 335.8276 326.358 -1288.772 358.1203 350.3883 -1340.888 362.0603 323.6578 -1199.453 433.0678 374.1481 -1229.226 408.0853 350.3883 -1258.999 383.1029 374.1481 -1134.849 465.6615 412.3688 -1132.696 463.4715 401.4679 -1258.999 383.1029 374.1481 -1199.453 433.0678 374.1481 -1258.999 383.1029 374.1481 -1132.696 463.4715 401.4679 -1137.213 503.0039 224.2985 -1128.369 509.2445 197.1537 -1142.126 499.5368 224.2985 -1151.625 492.8338 197.1537 -1083.948 545.4926 -29.25113 -1077.397 550.1154 -4.14113 -1054.14 566.5261 -29.25113 -1061.019 561.6723 -4.14113 -1077.397 550.1154 -4.14113 -1077.397 550.1154 13.67887 -1061.019 561.6723 -4.14113 -1061.019 561.6723 13.67887 -1077.397 550.1154 13.67887 -1077.397 550.1154 120.069 -1061.019 561.6723 13.67887 -1061.019 561.6723 120.069 -1147.039 496.0696 138.969 -1151.625 492.8338 197.1537 -1130.662 507.6265 138.969 -1128.369 509.2445 197.1537 -1130.662 507.6265 -4.14114 -1130.662 507.6265 13.67887 -1077.397 550.1154 -4.14113 -1077.397 550.1154 13.67887 -1153.59 491.447 -29.25115 -1147.039 496.0696 -4.141149 -1123.783 512.4804 -29.25114 -1130.662 507.6265 -4.14114 -927.6523 651.9124 125.2043 -877.1864 693.3264 118.849 -927.6523 651.9124 108.5004 -877.1864 693.3264 101.839 -1061.019 561.6723 120.069 -1061.019 561.6723 137.079 -1009.574 596.1912 114.159 -1009.574 596.1912 131.169 -950.5809 635.7329 -26.45105 -944.0299 640.3555 -1.341057 -920.7738 656.7662 -26.45104 -927.6523 651.9124 -1.341047 -1009.574 596.1912 114.159 -1009.574 596.1912 131.169 -993.1967 607.7481 114.159 -993.1967 607.7481 131.169 -1009.574 596.1912 16.47894 -1009.574 596.1912 114.159 -993.1967 607.7481 16.47894 -993.1967 607.7481 114.159 -860.809 704.8834 101.8391 -860.809 704.8834 118.849 -810.9622 733.4686 97.26441 -810.9622 733.4686 114.2744 -794.5847 745.0255 -1.141014 -794.5847 745.0255 16.67899 -749.3314 752.016 -1.141005 -749.3314 752.016 16.679 -810.9622 733.4686 16.67899 -810.9622 733.4686 97.26441 -794.5847 745.0255 16.67899 -794.5847 745.0255 97.26441 -1147.039 496.0696 13.67886 -1147.039 496.0696 121.959 -1130.662 507.6265 13.67887 -1130.662 507.6265 121.959 -1130.662 507.6265 121.959 -1130.662 507.6265 138.969 -1077.397 550.1154 120.069 -1077.397 550.1154 137.079 -927.6523 651.9124 -1.341047 -927.6523 651.9124 16.47896 -877.1864 693.3264 -1.141024 -877.1864 693.3264 16.67898 -1016.125 591.5686 -26.45106 -1009.574 596.1912 -1.341066 -986.3183 612.602 -26.45105 -993.1967 607.7481 -1.341066 -944.0299 640.3555 16.47895 -944.0299 640.3555 108.5004 -927.6523 651.9124 16.47896 -927.6523 651.9124 108.5004 -817.5134 728.8459 -26.25102 -810.9622 733.4686 -1.141014 -787.7062 749.8793 -26.251 -794.5847 745.0255 -1.141014 -1197.252 448.8718 -4.141159 -1197.252 448.8718 13.67885 -1147.039 496.0696 -4.141149 -1147.039 496.0696 13.67886 -1130.662 507.6265 -4.14114 -1130.662 507.6265 13.67887 -927.6523 651.9124 16.47896 -927.6523 651.9124 -1.341047 -944.0299 640.3555 16.47895 -944.0299 640.3555 -1.341057 -993.1967 607.7481 16.47894 -993.1967 607.7481 -1.341066 -1130.662 507.6265 138.969 -1130.662 507.6265 121.959 -1147.039 496.0696 138.969 -1147.039 496.0696 121.959 -1197.252 448.8718 141.2084 -1197.252 448.8718 126.7499 -993.1967 607.7481 16.47894 -993.1967 607.7481 -1.341066 -1009.574 596.1912 16.47894 -1009.574 596.1912 -1.341066 -1061.019 561.6723 13.67887 -1061.019 561.6723 -4.14113 -927.6523 651.9124 125.2043 -927.6523 651.9124 108.5004 -944.0299 640.3555 125.2043 -944.0299 640.3555 108.5004 -993.1967 607.7481 131.169 -993.1967 607.7481 114.159 -794.5847 745.0255 16.67899 -794.5847 745.0255 -1.141014 -810.9622 733.4686 16.67899 -810.9622 733.4686 -1.141014 -860.8089 704.8834 16.67898 -860.8089 704.8834 -1.141024 -794.5847 745.0255 97.26441 -794.5847 745.0255 114.2744 -768.4197 727.5524 93.9409 -768.4197 727.5524 110.9509 -934.2033 647.2896 200.7014 -939.1165 643.8226 200.7014 -925.3594 653.5303 174.9232 -948.6156 637.1196 174.9232 -927.6523 651.9124 125.2043 -944.0299 640.3555 125.2043 -1009.574 596.1912 131.169 -993.1967 607.7481 131.169 -1013.702 592.9417 182.2287 -990.6729 609.3591 182.2287 -1004.296 599.6473 208.0069 -999.4304 603.1159 208.0069 -867.3601 700.2606 188.5065 -872.2733 696.7936 188.5065 -858.5162 706.5012 164.1909 -881.7723 690.0906 164.1909 -860.809 704.8834 118.849 -877.1864 693.3264 118.849 -1067.57 557.0495 216.6289 -1072.484 553.5824 216.6289 -1058.726 563.2902 190.4282 -1081.982 546.8794 190.4282 -1061.019 561.6723 137.079 -1077.397 550.1154 137.079 -1061.019 561.6723 120.069 -1077.397 550.1154 120.069 -801.1358 740.4027 173.819 -806.0491 736.9357 173.819 -792.2919 746.6434 146.684 -815.548 730.2327 146.684 -794.5847 745.0255 114.2744 -810.9622 733.4686 114.2744 -794.5847 745.0255 97.26441 -810.9622 733.4686 97.26441 -883.7375 688.7037 -26.25103 -853.9304 709.7373 -26.25103 -877.1864 693.3264 -1.141024 -860.8089 704.8834 -1.141024 -877.1864 693.3264 16.67898 -860.8089 704.8834 16.67898 -877.1864 693.3264 101.839 -860.809 704.8834 101.8391 -877.1864 693.3264 118.849 -860.809 704.8834 118.849 -1080.111 349.583 370.2241 -1065.735 335.9467 375.6748 -1073.084 327.6681 371.0421 -1050.321 318.6824 366.5339 -1073.084 325.5844 359.2244 -1073.084 325.5844 359.2244 -1050.321 318.6824 366.5339 -1065.735 331.7792 352.0395 -1080.111 349.583 370.2241 -1073.084 327.6681 371.0421 -1085.622 343.3739 366.7496 -1080.111 346.4573 352.4977 -1065.735 331.7792 352.0395 -1085.622 341.8111 357.8864 -1073.084 325.5844 359.2244 -1085.622 343.3739 366.7496 -1073.084 327.6681 371.0421 -1201.472 465.9743 331.4237 -1080.111 346.4573 352.4977 -1206.983 461.3281 336.8124 -1085.622 341.8111 357.8864 -1206.983 462.8909 345.6755 -1085.622 343.3739 366.7496 -1201.472 469.1 349.1501 -1080.111 349.583 370.2241 2561.274 11269.17 4154.948 2617.854 11269.17 4007.868 2495.264 11269.17 4007.868 2683.864 11269.17 3865.384 1901.128 11269.17 4752.463 999.1735 11269.17 4781.028 1853.978 11269.17 4858.177 1079.184 11269.17 4880.54 -220.564 11269.17 3054.199 2749.873 11269.17 3718.303 -82.15852 11269.17 3013.136 3060.006 11269.17 741.5054 -558.3381 11269.17 741.5048 1079.184 11269.17 4880.54 1131.605 11269.17 4988.121 1853.978 11269.17 4858.177 1169.532 11269.17 5119.079 1250.734 11269.17 5401.244 26.15853 11269.17 3541.088 80.31716 11269.17 4022.112 2377.34 11269.17 3819.42 272.8812 11269.17 4157.032 284.9164 11269.17 4462.071 1250.734 11269.17 5401.244 1528.68 11269.17 5432.711 1853.978 11269.17 4858.177 1552.255 11269.17 5768.238 1825.602 11269.17 5746.753 1613.549 11269.17 5947.493 1750.283 11269.17 5938.301 1675.161 11269.17 6198.446 2174.624 11269.17 5113.212 2268.895 11269.17 4881.158 2033.147 11269.17 4881.158 2325.526 11269.17 4775.444 1967.138 11269.17 4793.829 2377.34 11269.17 3819.42 1901.128 11269.17 4752.463 284.9164 11269.17 4462.071 999.1735 11269.17 4781.028 554.9774 11269.17 4748.753 946.7529 11269.17 4810.612 612.916 11269.17 4821.371 886.0552 11269.17 4918.194 665.3366 11269.17 4923.572 839.1525 11269.17 5066.118 723.2752 11269.17 5063.428 778.1481 11269.17 5223.955 2379.224 11269.17 5377.187 2165.166 11269.17 5331.593 2174.624 11269.17 5482.778 785.052 11269.17 5557.341 804.6635 11269.17 5554.072 778.1481 11269.17 5223.955 981.1667 11269.17 5446.191 811.2006 11269.17 5400.423 876.5723 11269.17 5495.229 839.1525 11269.17 5066.118 807.1175 11269.17 5224.627 778.1481 11269.17 5223.955 811.2006 11269.17 5400.423 804.6635 11269.17 5554.072 876.5723 11269.17 5495.229 510.8335 11269.17 4877.851 469.4488 11269.17 4764.891 541.1823 11269.17 4770.27 392.1973 11269.17 4611.588 554.9774 11269.17 4748.753 284.9164 11269.17 4462.071 2033.147 11269.17 4881.158 2174.624 11269.17 5113.212 2138.519 11269.17 5107.346 2165.166 11269.17 5331.593 2144.536 11269.17 5482.778 2174.624 11269.17 5482.778 -94.19404 11269.17 3541.088 -220.564 11269.17 3054.199 26.15853 11269.17 3541.088 2749.873 11269.17 3718.303 2377.34 11269.17 3819.42 2683.864 11269.17 3865.384 2438.685 11269.17 3902.154 2495.264 11269.17 4007.868</float_array>
          <technique_common>
            <accessor source="#Mesh_4-mesh-positions-array" count="1421" stride="3">
              <param name="X" type="float"/>
              <param name="Y" type="float"/>
              <param name="Z" type="float"/>
            </accessor>
          </technique_common>
        </source>
        <source id="Mesh_4-mesh-normals">
          <float_array id="Mesh_4-mesh-normals-array" count="4254">0.5773539 -0.5773754 0.5773217 0.5773326 -0.577358 0.5773602 0.5773323 -0.5773579 0.5773607 0.5773106 -0.577341 0.5773993 0.5773466 -0.5773544 0.5773499 0.577322 -0.5773671 0.5773618 0.5773466 -0.5773545 0.5773499 0.5773711 -0.5773419 0.5773378 0.5773821 -0.5773251 0.5773438 0.5773621 -0.5773811 0.5773077 0.5773212 -0.5773223 0.5774075 0.577375 -0.5773482 0.5773277 0.5773746 -0.577376 0.5773003 0.5773533 -0.5773582 0.5773394 0.5773323 -0.5773402 0.5773785 0.5773534 -0.5773581 0.5773394 0.57731 -0.5773683 0.5773726 0.5773788 -0.5773302 0.5773419 0.5772973 -0.5773474 0.5774062 0.5773681 -0.5773457 0.577337 0.5773183 -0.5773804 0.5773522 0.5773679 -0.5773561 0.5773268 0.5773431 -0.5773683 0.5773395 0.5773432 -0.5773683 0.5773395 0.5773497 -0.5773587 0.5773425 0.5773245 -0.5773695 0.5773569 0.5773497 -0.5773589 0.5773423 0.5773749 -0.5773481 0.5773278 0.5773028 -0.5773411 0.577407 0.5773568 -0.577358 0.5773361 0.5773429 -0.5773386 0.5773693 0.5773386 -0.5773485 0.5773637 0.5773384 -0.5773439 0.5773685 0.5773616 -0.5773592 0.5773301 0.5773384 -0.577344 0.5773686 0.5773153 -0.5773287 0.5774068 0.5773426 -0.5773636 0.5773448 0.5773673 -0.5773516 0.5773319 0.5773425 -0.5773636 0.5773448 0.5773175 -0.5773756 0.5773577 0.5773684 -0.5772925 0.57739 0.5773448 -0.5773282 0.5773779 0.5773627 -0.5773627 0.5773255 0.5773342 -0.5773313 0.5773853 0.5773267 -0.5774065 0.5773177 0.5773454 -0.5773198 0.5773857 0.5773342 -0.5773895 0.5773273 0.5773561 -0.5773871 0.5773077 0.5773445 -0.5773719 0.5773345 0.5773499 -0.5773519 0.5773491 0.5773506 -0.5773546 0.5773456 0.5773241 -0.577325 0.5774018 0.577409 -0.5773307 0.577311 0.5773913 -0.5773526 0.5773071 0.5773118 -0.5773321 0.5774069 0.5773325 -0.5773154 0.577403 0.577362 -0.5773411 0.5773478 0.5773521 -0.5773559 0.5773428 0.577338 -0.5773612 0.5773516 0.5773519 -0.5773323 0.5773667 0.5773623 -0.5773895 0.5772991 0.5773995 -0.5773271 0.5773243 0.5773329 -0.5773171 0.5774009 0.5773745 -0.5773773 0.5772991 0.5773655 -0.5773673 0.5773181 0.5773543 -0.5773906 0.577306 0.577366 -0.5773527 0.5773323 0.5773389 -0.5773677 0.5773444 0.5773513 -0.5773805 0.577319 0.5773531 -0.5773263 0.5773715 0.5773636 -0.5773316 0.5773557 0.5773659 -0.57736 0.5773251 0.5773695 -0.5773463 0.5773351 0.57735 -0.5773381 0.5773628 0.5773391 -0.577346 0.5773657 0.5773369 -0.5773692 0.5773448 0.5773586 -0.5773577 0.5773345 0.5773209 -0.5773509 0.5773792 0.5773738 -0.5773339 0.5773432 0.5773444 -0.5773674 0.5773392 0.5773564 -0.5773489 0.5773456 0.5773529 -0.5773689 0.5773292 0.5773251 -0.5773791 0.5773467 0.5773484 -0.5773648 0.5773377 0.5773383 -0.5773506 0.577362 0.5773554 -0.5773445 0.577351 0.5773516 -0.5773525 0.5773469 0.5773494 -0.5773583 0.5773433 0.5773513 -0.5773457 0.5773538 0.5773754 -0.5773298 0.5773456 0.5773579 -0.5773254 0.5773676 0.5773183 -0.5773667 0.5773659 0.5773604 -0.5773355 0.5773549 0.5773511 -0.5773323 0.5773674 0.5773608 -0.5773352 0.5773549 0.5773488 -0.577346 0.5773562 0.5773576 -0.5773172 0.577376 0.5773554 -0.5773842 0.5773113 0.5773351 -0.5773692 0.5773467 0.5773714 -0.5773578 0.5773217 0.5773612 -0.577345 0.5773447 0.5773423 -0.5773603 0.5773484 0.5773667 -0.5773544 0.5773299 0.5773528 -0.5773451 0.577353 0.5773505 -0.5773521 0.5773482 0.5773584 -0.5773282 0.5773642 0.5773506 -0.5772992 0.577401 0.5773416 -0.577381 0.5773283 0.5773475 -0.57733 0.5773735 0.5773362 -0.5773767 0.577338 0.5773559 -0.5773469 0.5773481 0.5773239 -0.5773945 0.5773324 0.5773766 -0.5773531 0.5773212 0.5773298 -0.5773714 0.5773497 0.5773651 -0.5773576 0.5773283 0.5773411 -0.5773463 0.5773636 0.5773563 -0.5773345 0.5773601 0.5773409 -0.5773344 0.5773755 0.5773354 -0.5773642 0.5773512 0.5773639 -0.5773259 0.5773611 0.5773598 -0.5773136 0.5773776 0.5773284 -0.5773345 0.577388 0.5773629 -0.5773545 0.5773334 0.5773628 -0.5773614 0.5773268 0.5773846 -0.5773408 0.5773255 0.5773588 -0.5773565 0.5773356 0.5773535 -0.5773345 0.5773628 0.5773141 -0.5773696 0.5773672 0.5773615 -0.5773218 0.5773677 0.5773097 -0.5773867 0.5773544 0.5773106 -0.5773388 0.5774016 0.5773372 -0.5773598 0.5773539 0.5773631 -0.577333 0.5773547 0.5773491 -0.5773416 0.5773601 0.5773261 -0.5773907 0.5773342 0.5773652 -0.5773437 0.577342 0.5773288 -0.57738 0.577342 0.577327 -0.5773751 0.5773489 0.5773717 -0.5773302 0.577349 0.577331 -0.577358 0.5773618 0.5773368 -0.5773658 0.5773483 0.5773577 -0.5773972 0.5772959 0.5773428 -0.5773742 0.5773339 0.5773478 -0.5773827 0.5773203 0.5773378 -0.5773677 0.5773454 0.5772967 -0.5773649 0.5773893 0.5773736 -0.5773163 0.577361 0.5773975 -0.5773257 0.5773277 0.5773589 -0.5773535 0.5773385 0.5773341 -0.5773654 0.5773513 0.5773333 -0.5773662 0.5773514 0.5773487 -0.5773706 0.5773316 0.577324 -0.5773624 0.5773645 0.577355 -0.5773911 0.5773048 0.5773518 -0.5773559 0.5773433 0.5773323 -0.5773625 0.577356 0.5773384 -0.5773415 0.5773711 0.5773425 -0.5773525 0.5773558 0.5773702 -0.5773389 0.5773418 0.5773375 -0.5773497 0.5773636 0.5773642 -0.5773523 0.5773345 0.5773686 -0.5773437 0.5773386 0.577347 -0.5773355 0.5773684 0.5773323 -0.5773519 0.5773667 0.5773239 -0.5773706 0.5773565 0.5773549 -0.5773453 0.5773507 0.5773265 -0.5773702 0.5773541 0.5773435 -0.577362 0.5773454 0.5773483 -0.5773385 0.5773641 0.577373 -0.5773454 0.5773324 0.5773617 -0.5773525 0.5773367 0.5773267 -0.5773655 0.5773588 0.5773435 -0.5773686 0.5773386 0.5773773 -0.5773426 0.5773308 0.577362 -0.57736 0.5773289 0.5773621 -0.5773336 0.5773552 0.5773586 -0.5773442 0.5773481 0.5773807 -0.5773353 0.577335 0.5773494 -0.577364 0.5773373 0.5773419 -0.5773434 0.5773656 0.5773525 -0.5773411 0.5773573 0.577382 -0.5773377 0.5773311 0.577331 -0.5773478 0.577372 0.5773292 -0.5773654 0.5773563 0.5773447 -0.5773651 0.5773411 0.5773337 -0.5773511 0.5773661 0.5773542 -0.5773564 0.5773402 0.577362 -0.577331 0.577358 0.5773531 -0.5773484 0.5773494 0.5773839 -0.5773296 0.5773374 0.5773507 -0.5773349 0.5773653 0.5773566 -0.5773422 0.5773521 0.5773657 -0.5773577 0.5773276 0.5773629 -0.5773481 0.5773399 0.5745152 -0.5784506 0.5790744 0.5773676 -0.5773314 0.5773519 0.5773304 -0.5773709 0.5773496 0.5773472 -0.5773078 0.5773959 0.5773558 -0.5773042 0.577391 0.5773724 -0.5772969 0.5773815 0.5773134 -0.5773662 0.5773711 -0.5773537 0.5772911 -0.5774061 -0.5773493 0.5773507 -0.577351 -0.5773841 0.5773391 -0.5773277 -0.5773284 0.5773735 -0.577349 -0.5773143 0.5773398 -0.5773966 -0.577311 0.5773658 -0.5773741 -0.5773844 0.5773652 -0.5773014 0.5773599 -0.577342 0.5773489 0.57736 -0.5773421 0.5773488 0.5773279 -0.5773366 0.5773864 0.5773859 -0.577349 0.5773159 -0.5773864 0.5773478 -0.5773167 -0.5773424 0.5773273 -0.5773812 -0.577362 0.5773338 -0.577355 0.5774026 -0.5772991 0.5773492 0.5773396 -0.5773491 0.5773621 0.5773648 -0.5773437 0.5773424 0.5773566 -0.5773535 0.5773407 0.5773476 -0.5773479 0.5773554 -0.5773302 0.577381 -0.5773398 0.5773441 -0.5773573 0.5773494 1 1.65552e-5 -7.17742e-5 -0.577361 0.5773478 -0.577342 -0.5773424 0.5773365 -0.5773719 0.5773329 -0.5773378 0.5773802 0.5773535 -0.5773486 0.5773488 0.5773676 -0.5773413 0.577342 1 3.51518e-5 -4.35114e-5 0.5773354 -0.5773801 0.5773353 -0.5773823 0.5773243 -0.5773442 -0.5773708 0.577354 -0.5773259 0.5773121 -0.5773845 0.5773542 0.5773987 -0.5773202 0.5773319 0.5773497 -0.5773619 0.5773394 0.5773575 -0.5773441 0.5773492 0.5773584 -0.5773427 0.5773499 0.5773409 -0.5773632 0.5773468 0.5773447 -0.5773456 0.5773605 0.5773479 -0.5773328 0.5773702 0.5773457 -0.5773323 0.5773729 0.5773376 -0.5773681 0.5773451 0.577305 -0.5774017 0.5773442 0.5773262 -0.5773803 0.5773444 0.5773313 -0.5773592 0.5773604 0.5773423 -0.5773462 0.5773624 0.5773488 -0.5773382 0.5773639 0.5773445 -0.5773544 0.5773519 0.5773199 -0.5773574 0.5773737 0.577342 -0.5773552 0.5773537 1 6.40452e-5 5.38596e-5 -0.5773068 0.5773704 -0.5773736 -0.5773606 0.577317 -0.5773733 0.5773826 -0.5773715 0.5772967 0.5773412 -0.577362 0.5773477 0.5773251 -0.5773584 0.5773674 -0.5773469 0.5773334 -0.5773705 -0.5773743 0.5773064 -0.5773702 0.5773561 -0.577327 0.577368 0.5773541 -0.5773253 0.5773715 0.5773575 -0.5773158 0.5773776 0.5773546 -0.5773466 0.5773497 0.5773467 -0.5773373 0.577367 0.5773456 -0.57735 0.5773553 0.5773564 -0.5773342 0.5773602 0.5773334 -0.5773635 0.577354 0.5773796 -0.5773315 0.5773397 0.5773574 -0.5773325 0.5773609 0.5773508 -0.5773411 0.577359 0.5773611 -0.5773319 0.5773578 0.5773549 -0.5773469 0.577349 0.5773401 -0.5773503 0.5773606 0.57735 -0.5773642 0.5773369 0.5773777 -0.5773718 0.5773015 0.5773331 -0.5773589 0.5773589 0.5773794 -0.5773729 0.5772986 -0.5773154 0.5774008 -0.5773348 1 5.55813e-6 3.63011e-5 1 -1.53258e-5 4.33326e-5 -0.5773641 0.5773183 -0.5773686 1 3.99798e-5 6.70105e-5 -0.5773319 0.5773518 -0.5773672 -0.577361 0.5773516 -0.5773383 0.5773088 -0.5773923 0.5773498 0.5773739 -0.57732 0.5773571 -0.5773348 0.5773608 -0.5773553 1 3.81023e-5 4.36008e-5 0.5773659 -0.5773186 0.5773664 0.5773425 -0.5773622 0.5773462 0.5773392 -0.5773994 0.5773122 0.5773472 -0.5773777 0.5773261 0.5773435 -0.5773339 0.5773735 1 -6.31511e-5 3.01043e-5 1 -5.7444e-6 3.65078e-5 0.5773507 -0.5773665 0.5773337 0.5773679 -0.5773235 0.5773596 1 -1.25095e-5 -4.39328e-5 1 8.29399e-5 -4.3743e-5 -0.577343 0.577343 -0.5773648 0.5773102 -0.5773757 0.5773649 0.5773228 -0.5773853 0.5773428 1 1.84961e-5 6.72936e-5 1 1.85668e-5 -1.62721e-5 -0.5773607 0.5773485 -0.5773416 -0.5773611 0.5773505 -0.5773392 1 -3.49581e-5 3.48994e-5 -0.5773991 0.57736 -0.5772917 1 5.94556e-5 3.47193e-5 -0.5773509 0.5773523 -0.5773478 -0.5773497 0.5773535 -0.5773475 -0.5773895 0.5773113 -0.57735 0.5773341 -0.5773618 0.577355 0.5773248 -0.5773782 0.5773479 0.5773351 -0.5773594 0.5773563 0.57736 -0.5773961 0.5772948 0.5773769 -0.5773814 0.5772926 -0.5773217 0.5773925 -0.5773366 -0.5773733 0.5773313 -0.5773463 -0.57738 0.5773246 -0.5773463 -0.5773502 0.5773542 -0.5773465 1 3.51816e-5 -4.18645e-5 1 2.37525e-5 -4.18334e-5 1 6.31809e-6 -4.17859e-5 0.5773625 -0.5773407 0.5773476 0.5773598 -0.5773254 0.5773658 0.5773582 -0.5773186 0.5773741 0.5773661 -0.5773623 0.5773224 0.5773596 -0.5773468 0.5773445 0.5773412 -0.5773173 0.5773924 0.5773451 -0.5773643 0.5773414 0.5773448 -0.5773534 0.5773527 0.5773472 -0.5773459 0.5773577 0.5773673 -0.5773692 0.5773143 0.5773396 -0.5773673 0.577344 0.5773141 -0.5773736 0.5773631 0.5773434 -0.5773682 0.5773392 0.5773574 -0.5773226 0.5773709 0.5772972 -0.5773684 0.5773851 0.5773876 -0.5773632 0.5773001 0.5773559 -0.5773367 0.5773584 0.5773636 -0.5773501 0.5773372 0.577351 -0.5773154 0.5773844 0.5773505 -0.5773578 0.5773426 0.5773615 -0.5773658 0.5773235 0.5773651 -0.5773305 0.5773554 0.5773411 -0.5773692 0.5773406 0.5773616 -0.5773546 0.5773348 0.5774053 -0.5773558 0.5772898 0.5773208 -0.577331 0.5773991 0.5773317 -0.5773612 0.5773581 0.5773215 -0.577378 0.5773513 0.5773497 -0.5773701 0.5773312 0.5773673 -0.5773152 0.5773685 0.5773578 -0.577345 0.5773481 0.5773255 -0.5773856 0.5773399 0.5773587 -0.5773587 0.5773335 0.577336 -0.5773695 0.5773454 0.5773363 -0.5773491 0.5773655 0.57734 -0.5773719 0.5773389 0.5773425 -0.5773658 0.5773426 0.5773435 -0.5773719 0.5773355 0.5773586 -0.577347 0.5773451 0.5773407 -0.5773764 0.5773338 0.5773388 -0.5773841 0.5773281 0.5773374 -0.5773408 0.5773727 0.5773695 -0.5773353 0.5773462 0.5773426 -0.5773767 0.5773316 0.5773309 -0.5773398 0.5773801 0.5773535 -0.5773329 0.5773645 0.577341 -0.5773379 0.5773719 0.577382 -0.5773053 0.5773636 0.5773411 -0.5773531 0.5773566 0.5773471 -0.5773363 0.5773674 0.5773665 -0.5773581 0.5773262 0.5773478 -0.577376 0.5773271 0.5773428 -0.5773017 0.5774064 0.5774101 -0.5773485 0.5772924 0.5773572 -0.5773154 0.5773782 0.5773014 -0.5773264 0.5774232 0.5774033 -0.5773201 0.5773275 0.5773544 -0.5773429 0.5773535 0.5773515 -0.5773522 0.577347 0.5773651 -0.5773234 0.5773625 0.5773454 -0.5773624 0.5773432 0.5773252 -0.5773661 0.5773596 0.5773429 -0.5773625 0.5773455 0.5773491 -0.5773472 0.5773547 0.5773444 -0.5773584 0.5773481 0.577352 -0.5773518 0.577347 0.5773496 -0.5773553 0.577346 0.5773428 -0.5773606 0.5773473 0.5773454 -0.5773486 0.5773569 0.5773409 -0.5773658 0.5773442 0.5773347 -0.5773617 0.5773546 0.5773738 -0.5773358 0.5773412 0.5773777 -0.577344 0.5773292 0.5773389 -0.5773297 0.5773823 0.5773537 -0.5773364 0.5773608 0.5773374 -0.5773681 0.5773454 0.5773254 -0.5773441 0.5773814 0.577332 -0.5773606 0.5773583 0.577341 -0.5773364 0.5773734 0.5773481 -0.5773355 0.5773671 0.5773591 -0.577342 0.5773497 0.5773316 -0.5773209 0.5773985 0.5773482 -0.5773697 0.5773329 0.5773494 -0.5773712 0.5773302 0.5773215 -0.5773653 0.5773639 0.5773534 -0.5773425 0.577355 0.5773355 -0.5773638 0.5773515 0.5773461 -0.5773329 0.577372 0.5773056 -0.5773574 0.5773879 0.5773426 -0.5773398 0.5773686 0.5774121 -0.5773631 0.5772757 0.5773143 -0.57738 0.5773566 0.5773732 -0.5773306 0.577347 0.5773251 -0.5773864 0.5773394 0.5773582 -0.5773474 0.5773453 0.5773526 -0.577353 0.5773454 0.5773511 -0.5773511 0.5773487 0.5773476 -0.5773535 0.5773497 0.5773484 -0.5773519 0.5773507 0.5773691 -0.5773501 0.5773317 0.577346 -0.5773519 0.577353 0.5773462 -0.5773531 0.5773516 0.577349 -0.5773508 0.5773511 0.5773538 -0.5773425 0.5773546 0.5773684 -0.5773299 0.5773526 0.5773361 -0.5773741 0.5773406 0.5773664 -0.5773504 0.5773341 0.577347 -0.5773431 0.5773608 0.5773447 -0.5773882 0.5773181 0.5773509 -0.5773364 0.5773636 0.5773397 -0.5773519 0.5773593 0.5773573 -0.577327 0.5773666 0.5773595 -0.5773388 0.5773526 0.577353 -0.5773511 0.5773469 0.5773534 -0.5773501 0.5773472 0.5773483 -0.5773574 0.5773453 0.5773485 -0.577357 0.5773454 0.5773539 -0.5773469 0.57735 0.577359 -0.5773245 0.5773675 0.577351 -0.5773707 0.5773292 0.5773647 -0.5773448 0.5773415 0.5773404 -0.5773307 0.57738 0.5773635 -0.5773459 0.5773416 0.5773441 -0.5773497 0.577357 0.577329 -0.5773618 0.57736 0.5773735 -0.5773363 0.577341 0.5773494 -0.5773536 0.5773479 0.57736 -0.5773367 0.5773543 0.5773431 -0.5773621 0.5773457 0.5773632 -0.5773316 0.5773562 0.5773576 -0.57734 0.5773533 0.5773293 -0.5773828 0.5773389 0.5773584 -0.577323 0.5773694 0.5773614 -0.5773034 0.577386 0.5773537 -0.5773539 0.5773432 0.5773372 -0.5773465 0.5773671 0.5773476 -0.5773477 0.5773557 0.5773712 -0.5773125 0.5773671 0.5773329 -0.5773934 0.5773246 0.577392 -0.5773136 0.5773453 0.5773478 -0.5773363 0.5773668 0.5773849 -0.5773347 0.5773313 0.5773509 -0.5773373 0.5773627 0.5773452 -0.5773524 0.5773532 0.5773512 -0.5773511 0.5773485 0.577341 -0.5773468 0.5773631 0.5773494 -0.5773325 0.577369 0.5773493 -0.5773321 0.5773695 0.5773671 -0.5773404 0.5773434 0.5773578 -0.5773698 0.5773234 0.5773632 -0.5773447 0.5773431 0.5773503 -0.5773683 0.5773323 0.5773383 -0.5773385 0.5773741 0.5773213 -0.5773796 0.57735 0.5773004 -0.5773754 0.5773751 0.5773323 -0.5773532 0.5773654 0.5773262 -0.577358 0.5773667 0.5773556 -0.5773382 0.577357 0.5773498 -0.5773484 0.5773528 0.5773504 -0.5773465 0.577354 0.5773649 -0.5773377 0.5773483 0.5773504 -0.5773496 0.577351 0.5773307 -0.5773581 0.5773622 0.5773596 -0.5773653 0.5773258 0.5773701 -0.5773553 0.5773256 0.5773607 -0.5773845 0.5773057 0.5773401 -0.5773459 0.577365 0.5773631 -0.577358 0.5773298 0.577329 -0.5773752 0.5773466 0.5773794 -0.57735 0.5773215 0.5773703 -0.5773405 0.5773401 0.5773679 -0.5773389 0.577344 0.5773491 -0.5773286 0.5773732 0.5773252 -0.5773447 0.577381 0.5773617 -0.5773401 0.5773491 0.5773468 -0.5773659 0.5773381 0.5773711 -0.5773668 0.5773131 0.5773039 -0.5773854 0.5773616 0.5773596 -0.5773296 0.5773618 0.5773519 -0.5773577 0.5773412 0.5773485 -0.5773513 0.577351 0.5773779 -0.5773251 0.5773478 0.5773236 -0.5773826 0.5773447 0.5773463 -0.5773456 0.577359 0.5773758 -0.577357 0.5773181 0.5773434 -0.5773668 0.5773407 0.5773255 -0.5773421 0.5773833 0.5773472 -0.5773639 0.5773398 0.5773686 -0.5773222 0.5773601 0.5773535 -0.577336 0.5773614 0.5773413 -0.5773564 0.5773531 0.5773329 -0.5773566 0.5773614 0.5773333 -0.5773476 0.5773699 0.5773319 -0.5773859 0.5773332 0.5773326 -0.5773633 0.577355 0.5773389 -0.5773829 0.577329 0.5773389 -0.5773397 0.5773723 0.5773288 -0.5773739 0.5773481 0.5773612 -0.5773381 0.5773515 0.5773423 -0.5773803 0.5773284 0.5773254 -0.5773859 0.5773395 0.5773276 -0.5773781 0.5773451 0.5773358 -0.5773442 0.5773708 0.5773556 -0.5773593 0.5773361 0.5773703 -0.5773524 0.5773282 0.5773411 -0.5773235 0.5773863 0.5773794 -0.5773285 0.577343 0.5773666 -0.5773319 0.5773524 0.5773389 -0.5773375 0.5773746 0.5773653 -0.5773513 0.5773343 0.5773367 -0.5773535 0.5773606 0.5773335 -0.5773553 0.577362 0.5773429 -0.5773288 0.5773792 0.5773716 -0.5773258 0.5773535 0.5773342 -0.5773777 0.577339 0.5773628 -0.5773255 0.5773626 0.5773317 -0.5773551 0.5773642 0.5773749 -0.5773025 0.5773736 0.5773293 -0.5773608 0.5773608 0.5773063 -0.5773832 0.5773612 0.5773714 -0.5773555 0.5773242 0.5773435 -0.5773192 0.5773882 0.5773954 -0.5773323 0.577323 0.5773516 -0.5773295 0.5773699 0.5773344 -0.5773615 0.577355 0.5773783 -0.5773618 0.5773109 0.5773472 -0.5773436 0.57736 0.5773227 -0.5773811 0.577347 0.5773537 -0.5773836 0.5773137 0.5773268 -0.5773773 0.5773468 0.5773503 -0.5773397 0.5773608 0.5773468 -0.5773496 0.5773546 0.5773671 -0.577317 0.5773667 0.5773647 -0.5773451 0.5773411 0.5773422 -0.5773337 0.577375 0.5773406 -0.577367 0.5773432 0.5773567 -0.5773552 0.577339 0.5773393 -0.5773523 0.5773593 0.5773673 -0.5773465 0.577337 0.5773348 -0.5773819 0.5773341 0.5773437 -0.5773444 0.5773628 0.577349 -0.5773715 0.5773303 0.577348 -0.5773761 0.5773268 0.5773608 -0.5773189 0.5773712 0.5773565 -0.577338 0.5773563 0.5773708 -0.5773132 0.5773669 0.5773418 -0.5773632 0.577346 0.5773357 -0.5773368 0.5773783 0.5773403 -0.5773808 0.5773297 0.5773375 -0.5773549 0.5773584 0.5773454 -0.5773305 0.577375 0.5773546 -0.5773649 0.5773313 0.5773503 -0.5773481 0.5773524 -0.5773508 0.5773295 -0.5773705 -0.5773375 0.5773723 -0.5773411 -0.5773413 0.5773586 -0.577351 0.5773303 -0.5773457 0.5773748 -0.5773692 0.5773342 -0.5773475 -0.5773698 0.5773299 -0.5773513 -0.5773508 0.5773484 -0.5773518 0.5773926 -0.5773114 0.5773469 0.5773895 -0.5773344 0.577327 0.5773524 -0.5773875 0.5773111 0.5773616 -0.577324 0.5773652 0.5773379 -0.577363 0.57735 0.5773519 -0.5773644 0.5773345 0.5773385 -0.5773295 0.577383 0.57731 -0.5773615 0.5773794 0.5773341 -0.5773804 0.5773364 0.5773219 -0.5773414 0.5773876 0.5773851 -0.5773447 0.5773212 0.5772845 -0.5773677 0.5773985 0.5772885 -0.5773869 0.5773755 0.5773453 -0.5773691 0.5773364 0.5773569 -0.5773553 0.5773386 0.5773249 -0.5773661 0.5773598 0.5773506 -0.5773451 0.5773553 0.5773424 -0.5773561 0.5773525 0.5773435 -0.577355 0.5773523 0.5773535 -0.5773422 0.5773553 0.5773313 -0.5773499 0.5773697 0.5773572 -0.5773445 0.5773492 0.5773633 -0.5773292 0.5773583 0.5773642 -0.5773238 0.5773628 0.5773317 -0.577344 0.5773752 0.5773636 -0.5773338 0.5773535 0.5773541 -0.5773606 0.5773363 0.5773472 -0.5773522 0.5773515 0.5773547 -0.5773584 0.5773379 0.5773591 -0.5773602 0.5773317 0.5773528 -0.5773432 0.5773549 0.5773414 -0.5773383 0.5773712 0.577349 -0.5773802 0.5773217 0.5773597 -0.5773404 0.5773508 0.5773474 -0.577354 0.5773496 0.5773358 -0.5773536 0.5773614 0.5772978 -0.577355 0.5773981 0.5773834 -0.5773314 0.577336 0.5773541 -0.5773633 0.5773336 0.5773914 -0.5773223 0.5773372 0.5773808 -0.5773294 0.5773407 1 -4.64618e-5 1.83629e-5 1 -4.98891e-5 1.73206e-5 0.5773826 -0.577328 0.5773403 0.577318 -0.5773413 0.5773916 0.5773392 -0.5773592 0.5773524 0.5773604 -0.5773772 0.5773133 0.5773394 -0.5773588 0.5773526 0.5773432 -0.5773215 0.5773861 0.5773315 -0.577358 0.5773614 0.5773466 -0.577311 0.5773934 0.5773331 -0.5773518 0.5773661 0.5773149 -0.5773722 0.5773637 0.5773337 -0.577382 0.5773352 0.577347 -0.5773646 0.5773394 0.5773494 -0.5773341 0.5773674 0.5773379 -0.5773595 0.5773535 0.57734 -0.577369 0.5773419 0.5773409 -0.5773482 0.5773618 0.577343 -0.5773508 0.5773571 0.5773534 -0.5773451 0.5773524 0.5773547 -0.5773662 0.5773299 0.5773773 -0.5773746 0.577299 0.5773394 -0.5773389 0.5773725 0.5772778 -0.5773591 0.5774139 0.5773695 -0.5773334 0.5773479 0.5773518 -0.57734 0.5773591 0.5773526 -0.5773333 0.577365 0.577361 -0.5773367 0.5773532 0.5773532 -0.5773541 0.5773436 0.5773298 -0.577377 0.577344 0.5773142 -0.5773627 0.5773741 0.5773387 -0.5773547 0.5773574 0.5773772 -0.5773267 0.577347 0.5773488 -0.5773549 0.5773472 0.5772863 -0.5773865 0.5773782 0.5773038 -0.5773918 0.5773553 0.5819844 -0.583154 0.5667678 0.5773174 -0.5773937 0.5773398 -0.5773418 0.5773882 -0.5773209 0.5773605 -0.5773238 0.5773667 0.5773531 -0.5773522 0.5773457 0.5773584 -0.5773431 0.5773495 0.5773633 -0.5773424 0.5773451 0.577347 -0.577334 0.5773698 0.5773748 -0.5773122 0.577364 0.5773437 -0.5773304 0.5773769 0.5773648 -0.5773163 0.5773698 0.577356 -0.5773255 0.5773695 0.5773568 -0.5773378 0.5773563 0.5773276 -0.5773671 0.5773561 0.5773434 -0.5773524 0.5773551 0.5773809 -0.5773179 0.5773521 0.5773335 -0.5773685 0.5773489 0.5773466 -0.5773637 0.5773406 0.5773549 -0.5773608 0.5773351 0.5773435 -0.5773786 0.5773288 0.5773733 -0.5773024 0.5773752 0.5773423 -0.5773817 0.5773269 0.5773311 -0.5773669 0.5773529 0.5773334 -0.5773634 0.577354 0.5773591 -0.5773155 0.5773763 0.5773516 -0.577391 0.5773082 0.5773566 -0.5773668 0.5773275 0.5773584 -0.5773519 0.5773405 0.5773895 -0.577336 0.5773254 0.5773184 -0.577355 0.5773774 0.5773476 -0.5773473 0.577356 0.5773524 -0.5773323 0.5773661 0.5773496 -0.5773478 0.5773535 0.5773594 -0.5773022 0.5773894 0.5773871 -0.5773217 0.5773422 0.5773813 -0.5773277 0.5773419 0.5773595 -0.5773501 0.5773413 0.5773141 -0.5773971 0.5773397 0.5773721 -0.5773157 0.577363 0.5773411 -0.5773775 0.5773323 0.5773406 -0.5773459 0.5773643 0.5773478 -0.577363 0.5773401 0.5773667 -0.5773515 0.5773327 0.5773707 -0.5773336 0.5773466 0.5773711 -0.5773211 0.5773586 0.5773248 -0.5773716 0.5773545 0.5773242 -0.577359 0.5773676 0.5773315 -0.5773826 0.5773368 0.5773579 -0.577347 0.5773459 0.5773271 -0.5773777 0.577346 0.5773413 -0.5773659 0.5773436 0.5773233 -0.5773589 0.5773686 0.577332 -0.5773828 0.577336 0.5773564 -0.5773563 0.577338 0.5773708 -0.5773413 0.5773389 0.5773233 -0.5773922 0.5773354 0.5773276 -0.5773874 0.5773358 0.5773504 -0.5773596 0.5773409 0.5773628 -0.5773469 0.5773411 0.5773119 -0.5773995 0.5773395 0.5773675 -0.5773419 0.5773414 0.5773897 -0.5773189 0.5773423 0.5773473 -0.5773634 0.5773403 0.577362 -0.5773478 0.5773411 0.5773307 -0.5773801 0.57734 0.577322 -0.5773893 0.5773396 0.5773659 -0.5773434 0.5773416 0.577336 -0.5773679 0.577347 0.5773432 -0.577362 0.5773457 0.5773488 -0.5773688 0.5773332 0.5773519 -0.5773473 0.5773518 0.5773732 -0.5773259 0.5773518 0.5773614 -0.5773518 0.5773377 0.5773677 -0.5773129 0.5773704 0.5773565 -0.5773442 0.5773501 0.5773493 -0.5773447 0.5773569 0.5773333 -0.5773734 0.5773442 0.5773322 -0.5773694 0.5773493 0.5773509 -0.5773589 0.577341 0.5773262 -0.5773667 0.5773581 0.5773377 -0.577346 0.5773671 0.5773363 -0.5773639 0.5773507 0.5773792 -0.5773205 0.5773511 0.5773887 -0.5773047 0.5773574 0.5773655 -0.5773421 0.5773433 0.5773383 -0.577372 0.5773405 0.5773796 -0.5773296 0.5773417 0.5773631 -0.5773468 0.5773411 0.5773892 -0.5773018 0.57736 0.5773698 -0.5773222 0.577359 0.5773446 -0.5773538 0.5773524 0.5773384 -0.5773576 0.5773549 0.5773676 -0.5773377 0.5773457 0.5773282 -0.5773786 0.5773441 0.5773641 -0.5773382 0.5773485 0.577362 -0.5773553 0.5773336 0.5773169 -0.5773935 0.5773406 0.5773621 -0.5773478 0.577341 0.5773417 -0.5773687 0.5773404 0.5773471 -0.5773635 0.5773403 0.5773476 -0.5773626 0.5773406 0.5773659 -0.5773436 0.5773414 0.5773655 -0.5773438 0.5773416 0.5773784 -0.5773341 0.5773384 0.5773323 -0.5773717 0.5773468 0.5773596 -0.5773391 0.5773522 0.5773521 -0.5773503 0.5773484 0.5773696 -0.5773317 0.5773496 0.5773186 -0.5773633 0.577369 0.5773373 -0.5773665 0.577347 0.5773562 -0.5773451 0.5773495 0.5773286 -0.5773721 0.57735 0.577359 -0.5773398 0.5773521 0.5773238 -0.5773692 0.577358 0.5773281 -0.5773721 0.5773506 0.5773281 -0.5773788 0.577344 0.5773282 -0.5773786 0.577344 0.5773638 -0.5773185 0.5773687 0.5773757 -0.577338 0.5773371 0.5773315 -0.5773716 0.5773478 0.5773376 -0.5773821 0.5773311 0.5773572 -0.5773261 0.5773676 0.5773581 -0.5773474 0.5773454 0.5773582 -0.5773472 0.5773454 0.5773387 -0.5773676 0.5773446 0.5773894 -0.5773011 0.5773605 0.5773057 -0.5773895 0.5773556 0.5773798 -0.5773112 0.5773598 -0.5773341 0.5773981 -0.5773188 -0.5773586 0.5773019 -0.5773904 -0.577329 0.5773963 -0.5773257 -0.5773525 0.5773587 -0.5773396 -0.577351 0.5773496 -0.5773502 -0.5773507 0.5773245 -0.5773756 -0.5773152 0.577386 -0.5773497 -0.5773734 0.5772736 -0.5774039 -0.5773622 0.5773183 -0.5773704 0.5773534 -0.5773659 0.5773316 -0.5773338 0.5773462 -0.5773708 -0.5773337 0.5773463 -0.5773709 0.5773457 -0.5773698 0.5773354 0.577355 -0.5773326 0.5773631 0.577355 -0.5773339 0.577362 -0.5773174 0.5773438 -0.5773897 0.5773163 -0.5773868 0.5773478 0.5773688 -0.5773242 0.577358 0.5773145 -0.5773674 0.577369 0.577361 -0.5773792 0.5773107 -0.5773293 0.5773388 -0.5773827 -0.5773475 0.5773551 -0.5773482 -0.5773404 0.5773582 -0.5773524 -0.5773454 0.5773374 -0.5773681 0.5773487 -0.5773534 0.5773488 0.5773513 -0.5773507 0.5773489 0.5773413 -0.5773566 0.5773529 0.577353 -0.5773517 0.5773462 0.5773445 -0.5773515 0.577355 -0.5773525 0.5773451 -0.5773532 -0.5773831 0.5772845 -0.5773833 -0.5773591 0.5773534 -0.5773384 0.5773652 -0.5773319 0.5773538 0.5773543 -0.5773337 0.5773628 0.577334 -0.5773327 0.5773841 0.5773138 -0.5773922 0.5773449 0.5773829 -0.5772927 0.5773753 0.5773315 -0.5774077 0.5773117 -0.5773317 0.5773581 -0.5773612 -0.5773546 0.5773298 -0.5773664 -0.5773369 0.577318 -0.5773959 -0.5772888 0.5773738 -0.5773884 -0.5773293 0.5773456 -0.5773759 -0.5773331 0.577366 -0.5773519 0.5773622 -0.577342 0.5773466 -0.5773856 0.5773852 -0.5772802 0.5773528 -0.5773379 0.5773602 0.5773612 -0.5773427 0.577347 0.5773591 -0.5773416 0.5773503 -0.577376 0.5772737 -0.5774011 -0.5773186 0.5773283 -0.577404 -0.577352 0.5772964 -0.5774025 0.5773849 -0.5773737 0.5772923 0.577377 -0.5773265 0.5773473 0.5773762 -0.5773226 0.5773521 0.5773342 -0.5773559 0.5773607 0.5773746 -0.5773374 0.5773389 0.5773874 -0.5773067 0.5773567 0.5773487 -0.577375 0.5773273 0.5773317 -0.5773496 0.5773697 0.57737 -0.5773231 0.5773577 0.5773485 -0.577336 0.5773664 0.5773432 -0.577368 0.5773398 0.5773306 -0.5773572 0.5773631 0.5773115 -0.5773873 0.5773521 0.5773695 -0.5773382 0.5773431 0.5773324 -0.5773564 0.577362 0.5773605 -0.5773564 0.5773341 0.5773648 -0.5773349 0.5773512 0.5773534 -0.5773622 0.5773353 0.5773453 -0.5773385 0.5773673 0.5773555 -0.5773532 0.5773422 0.5773689 -0.5773486 0.5773335 0.5773788 -0.5773391 0.577333 0.5773487 -0.5773692 0.5773329 0.5773507 -0.5773662 0.5773339 0.5773288 -0.5773549 0.5773671 0.5773502 -0.5773361 0.5773646 0.5773298 -0.5773539 0.5773672 0.5773558 -0.5773311 0.577364 0.577343 -0.5773534 0.5773545 0.5773429 -0.5773534 0.5773545 0.5773192 -0.5773669 0.5773648 0.5773673 -0.5773394 0.5773442 0.5773504 -0.577335 0.5773656 0.5773624 -0.5773217 0.5773668 0.5773295 -0.5773554 0.5773661 0.5773268 -0.5773568 0.5773671 0.5773289 -0.5773503 0.5773717 0.5773362 -0.577346 0.5773687 0.5773715 -0.5773258 0.5773536 0.5773739 -0.5773245 0.5773526 0.5773493 -0.5773397 0.577362 0.5773257 -0.5773727 0.5773524 0.5773493 -0.5773401 0.5773616 0.5773409 -0.5773519 0.5773581 0.5773645 -0.5773122 0.5773741 0.5773468 -0.5773335 0.5773705 0.5773468 -0.5773336 0.5773707 0.577329 -0.5773548 0.5773671 0.5773522 -0.5773268 0.5773718 0.5773508 -0.5773285 0.5773716 0.5773355 -0.5773468 0.5773686 0.5773512 -0.5773282 0.5773715 0.5773286 -0.5773691 0.5773531 0.5773604 -0.5773241 0.5773663 0.5773449 -0.5773462 0.5773599 0.5773451 -0.577346 0.5773598 0.5773419 -0.577357 0.577352 0.5773639 -0.5773303 0.5773568 0.5773579 -0.5773376 0.5773553 0.5773487 -0.5773487 0.5773535 0.5773627 -0.5773314 0.5773566 0.5773411 -0.577358 0.5773518 0.5773434 -0.5773554 0.5773521 0.5773656 -0.5773279 0.5773572 0.5773849 -0.5773327 0.5773333 0.5773857 -0.5773318 0.5773333 0.5805692 -0.5741125 0.5773511 0.5773441 -0.5773738 0.577333 0.5774798 -0.57722 0.5773511 0.5773488 -0.5773509 0.577351 0.5774657 -0.5772341 0.577351 0.5773422 -0.5773576 0.577351 0.5773812 -0.5773363 0.5773335 0.5773648 -0.5773529 0.5773333 0.5805689 -0.5741128 0.577351 0.5773442 -0.5773738 0.5773328 0.5773521 -0.5773344 0.5773643 0.5773521 -0.5773345 0.5773644 0.5773313 -0.5773526 0.577367 0.5773729 -0.577316 0.5773619 0.5774648 -0.5772351 0.577351 0.5773277 -0.5773722 0.577351 0.5774846 -0.5772153 0.577351 0.5773479 -0.577352 0.577351 0.5773523 -0.577368 0.5773307 0.5773428 -0.5773769 0.5773312 0.5773603 -0.5773572 0.5773335 0.5773749 -0.5773422 0.5773338 0.5773206 -0.5773618 0.5773684 0.5773299 -0.5773528 0.5773681 0.5773642 -0.5773549 0.577332 0.5773628 -0.5773561 0.5773321 0.5773658 -0.5773528 0.5773323 0.577365 -0.5773532 0.5773327 0.5773671 -0.5773516 0.5773323 0.5773662 -0.5773526 0.577332 0.5773509 -0.5773482 0.5773518 0.5773367 -0.5773741 0.5773401 0.5773661 -0.577351 0.5773338 0.5773618 -0.5773572 0.5773317 0.5773645 -0.5773543 0.5773321 0.5773523 -0.5773282 0.5773704 0.5773648 -0.577354 0.5773321 0.5773646 -0.5773544 0.5773319 0.5773639 -0.577355 0.577332 0.5773637 -0.5773551 0.577332 0.5773642 -0.5773547 0.577332 0.5773643 -0.5773546 0.577332 0.5773794 -0.5773383 0.5773332 0.5773482 -0.5773712 0.5773313 0.5773566 -0.5773618 0.5773326 0.5773612 -0.5773562 0.5773335 0.5773636 -0.5773552 0.577332 0.5773643 -0.5773546 0.577332 0.5773646 -0.5773544 0.5773319 0.5773643 -0.5773517 0.5773348 0.5773457 -0.5773724 0.5773327 0.5773761 -0.5773429 0.5773319 0.5773758 -0.5773421 0.577333 0.577374 -0.5773352 0.5773417 0.5773766 -0.5773227 0.5773516 0.5773752 -0.5773437 0.577332 0.5773761 -0.5773424 0.5773323 0.5773638 -0.5773534 0.5773336 0.5773461 -0.5773732 0.5773317 0.577345 -0.5773358 0.5773701 0.5773508 -0.5773304 0.5773696 0.5773638 -0.5773552 0.577332 0.5773643 -0.5773546 0.5773319 0.5773646 -0.5773542 0.5773321 0.5773648 -0.5773543 0.5773318 0.5773617 -0.5773574 0.5773319 0.5773569 -0.5773616 0.5773324 0.5773457 -0.5773735 0.5773316 0.5773769 -0.5773406 0.5773334 0.5773392 -0.5773794 0.5773321 0.5773363 -0.5773528 0.5773618 0.5773476 -0.5773665 0.5773367 0.5773304 -0.5773748 0.5773456 0.5773669 -0.5773432 0.5773409 0.5773498 -0.5773603 0.5773409 0.5773671 -0.5773515 0.5773322 0.5773671 -0.5773519 0.5773319 0.5773662 -0.5773527 0.577332 0.5773661 -0.5773527 0.577332 0.5773625 -0.5773539 0.5773345 0.5773379 -0.5773435 0.5773695 0.5773287 -0.5773544 0.5773678 0.5773585 -0.5773286 0.5773638 0.5773643 -0.5773373 0.5773493 0.5773486 -0.5773419 0.5773605 0.5773392 -0.577382 0.5773297 0.5773385 -0.5773814 0.577331 0.5773635 -0.5773533 0.577334 0.5773528 -0.5773622 0.577336 0.5773669 -0.5773519 0.5773321 0.577367 -0.5773519 0.5773319 0.5773664 -0.5773525 0.577332 0.5773662 -0.5773527 0.577332 0.577364 -0.5773549 0.577332 0.5773395 -0.5773432 0.5773681 0.5773307 -0.5773544 0.5773657 0.5773623 -0.5773246 0.577364 -0.5773635 0.5773556 -0.5773317 -0.5773502 0.5773372 -0.5773634 -0.5773778 0.5773751 -0.577298 -0.5773377 0.5773366 -0.5773766 -0.5773519 0.5773501 -0.5773488 -0.5773913 0.5773192 -0.5773405 -0.5773889 0.5772987 -0.5773634 -0.5773459 0.5773491 -0.577356 0.5773492 -0.5773093 0.5773923 0.5773269 -0.5773257 0.5773983 0.5773273 -0.5773256 0.577398 0.5773065 -0.5773442 0.5774001 0.5772954 -0.577391 0.5773645 0.5772725 -0.5773772 0.5774012 0.577315 -0.57741 0.5773258 0.5773798 -0.5772832 0.5773878 -0.5773513 0.5773298 -0.5773699 -0.5773872 0.577372 -0.5772917 -0.5773693 0.5773512 -0.5773304 -0.5773687 0.5773518 -0.5773303 0.5773419 -0.5773209 0.577388 0.577363 -0.577304 0.5773839 0.5773394 -0.577323 0.5773885 0.5773171 -0.5773409 0.5773928 -0.5773491 0.5773078 -0.5773939 -0.5773279 0.5773257 -0.5773973 -0.5773279 0.5773259 -0.5773971 -0.5773068 0.5773437 -0.5774005 0.5773761 -0.5773807 0.5772941 0.5773708 -0.577385 0.577295 0.5773963 -0.5773639 0.5772906 0.5773918 -0.5773678 0.5772914 -0.5773492 0.5773079 -0.5773937 -0.5773278 0.5773255 -0.5773976 -0.5773276 0.5773257 -0.5773977 -0.5773066 0.5773433 -0.5774011 0.5773788 -0.5772959 0.5773761 0.5774025 -0.5773102 0.5773382 0.5774261 -0.5773248 0.5772999 0.5773792 -0.5772957 0.577376 -0.5773512 0.5773303 -0.5773694 -0.5773868 0.5773728 -0.5772914 -0.5773686 0.5773519 -0.5773304 -0.5773686 0.577352 -0.5773303 1 -6.36578e-5 3.95837e-7 1 1.80602e-5 4.11993e-7 1 -3.72231e-5 4.36832e-7 1 -1.68681e-5 4.57392e-7 1 1.06096e-5 1.58943e-7 1 -6.70552e-6 2.73029e-7 1 -4.06504e-5 1.82813e-7 1 -5.01275e-5 2.96004e-7 0.5773791 -0.5772957 0.577376 0.5773556 -0.5772813 0.5774141 0.5774025 -0.5773102 0.5773382 0.5773798 -0.5772951 0.577376 0.577328 -0.5773258 0.5773971 0.577349 -0.5773079 0.5773939 0.5773063 -0.5773438 0.5774008 0.5773276 -0.577326 0.5773974 0.5773013 -0.5773448 0.5774047 0.5773286 -0.5774062 0.5773161 0.5773392 -0.5773326 0.5773791 0.577338 -0.5773614 0.5773516 0.5773714 -0.57734 0.5773395 -0.5773598 0.5773743 -0.5773167 -0.5773167 0.5773524 -0.5773819 -0.5773276 0.5773618 -0.5773615 -0.5773155 0.5773649 -0.5773705 -0.577346 0.5773793 -0.5773255 -0.5773946 0.5773366 -0.5773197 -0.5773995 0.5773256 -0.5773258 -0.5773254 0.5773312 -0.5773943 -0.5773391 0.5773535 -0.5773584 -0.5773348 0.5773728 -0.5773433 -0.5773688 0.5773443 -0.5773378 -0.5773352 0.5773791 -0.5773365 -0.5773311 0.5773671 -0.5773527 -0.5773599 0.5773612 -0.5773297 -0.5773281 0.5773575 -0.5773652 -0.5773481 0.5773655 -0.5773374 -0.5773409 0.577368 -0.577342 0.5773472 -0.5773565 0.5773471 0.5773643 -0.5773783 0.5773084 0.5773289 -0.5773612 0.5773608 0.5773307 -0.5773599 0.5773605 0.5773554 -0.5772813 0.5774142 0.5773791 -0.5772958 0.577376 1 9.05991e-6 -2.84242e-7 1 -4.07696e-5 -5.68377e-7 1 2.95043e-6 0 1 -4.99785e-5 1.64464e-7 1 4.41968e-5 0 1 -1.12951e-5 4.53092e-7 0.5773766 -0.5773246 0.5773498 0.5773658 -0.5773416 0.5773435 0.5773626 -0.5773017 0.5773866 0.5773936 -0.5773009 0.5773565 0.5773886 -0.5773161 0.5773461 0.5773209 -0.577348 0.577382 0.5773289 -0.5773525 0.5773693 0.577346 -0.5773715 0.5773334 0.5773383 -0.5773599 0.5773527 0.5773486 -0.5773388 0.5773635 0.5773556 -0.5773316 0.5773637 0.5773414 -0.5773382 0.5773712 0.5773801 -0.57734 0.5773308 0.5773711 -0.5773501 0.5773296 0.5773684 -0.577338 0.5773444 0.5773485 -0.5773414 0.5773609 0.5773181 -0.5773415 0.5773912 0.5773302 -0.5773366 0.5773842 0.5773591 -0.5773717 0.5773202 0.5773367 -0.57732 0.577394 0.5773653 -0.5773485 0.577337 0.5773477 -0.5773628 0.5773404 0.5773399 -0.5773547 0.5773564 0.5773811 -0.5773619 0.5773079 0.5773658 -0.5773772 0.5773078 0.5773807 -0.5773618 0.5773084 0.5773586 -0.5773548 0.5773375 0.5773509 -0.5773056 0.5773945 0.577356 -0.577338 0.5773568 -0.5773125 0.5773472 -0.5773912 -0.5773625 0.5773437 -0.5773447 -0.5773552 0.5773432 -0.5773526 0.5773449 -0.5773034 0.5774026 0.5773149 -0.5773305 0.5774055 0.5773094 -0.5773355 0.5774059 -0.5773689 0.5773226 -0.5773594 -0.5773505 0.5773739 -0.5773264 -0.5773392 0.5774001 -0.5773115 0.5773033 -0.5773427 0.5774048 0.5773201 -0.5773279 0.577403 0.5773155 -0.5773305 0.5774048 0.577344 -0.5773223 0.5773848 0.5773413 -0.5773215 0.5773881 0.5773597 -0.5773132 0.5773779 0.5773456 -0.5773081 0.5773973 0.5773211 -0.5773305 0.5773994 0.5772745 -0.5773746 0.5774017 0.5773785 -0.5773146 0.5773579 0.5773668 -0.5773246 0.5773595 0.5773487 -0.577337 0.5773653 0.5773357 -0.5773452 0.5773699 0.577328 -0.5773521 0.5773709 0.5773288 -0.5773526 0.5773696 0.5773771 -0.5773174 0.5773563 0.5773183 -0.5773584 0.5773742 0.5773651 -0.5773263 0.5773595 0.5773443 -0.5773409 0.5773658 0.5773422 -0.5773423 0.5773664 0.577318 -0.5773604 0.5773725 0.5773634 -0.5773276 0.5773598 0.5773431 -0.5773418 0.5773661 0.5773426 -0.5773417 0.5773664 0.5773181 -0.5773602 0.5773726 0.5773209 -0.5773573 0.5773727 0.5773566 -0.5773331 0.5773611 0.5773787 -0.5773169 0.5773552 0.5773296 -0.5773498 0.5773715 0.5773246 -0.5773673 0.577359 0.5773461 -0.57735 0.5773547 0.5773683 -0.5773321 0.5773503 0.5773469 -0.5773494 0.5773547 0.5773273 -0.5773564 0.5773671 0.5773284 -0.5773546 0.5773678 0.5773798 -0.5773197 0.5773515 0.5773178 -0.5773657 0.5773674 0.5773452 -0.5773701 0.5773357 0.5773848 -0.5773379 0.5773283 0.5773499 -0.5773664 0.5773346 0.5773711 -0.5773488 0.5773309 0.5773285 -0.5773539 0.5773684 0.5773544 -0.5773365 0.57736 0.5773642 -0.5773299 0.5773567 0.5773458 -0.5773423 0.5773627 0.5773258 -0.5773545 0.5773707 0.577326 -0.5773528 0.5773721 0.5773769 -0.5773193 0.5773547 0.5773176 -0.5773661 0.5773672 0.5773609 -0.5773299 0.5773601 0.5773364 -0.5773473 0.5773672 0.5773389 -0.5773462 0.5773658 0.5773179 -0.57736 0.577373 0.5773619 -0.5773293 0.5773598 0.5773392 -0.5773452 0.5773665 0.5773392 -0.5773454 0.5773661 0.5773167 -0.5773614 0.5773727 0.5773621 -0.5773595 0.5773292 0.5773583 -0.5773617 0.577331 0.5773251 -0.5773808 0.577345 0.577336 -0.5773747 0.5773402 0.5773665 -0.5773501 0.5773344 0.577339 -0.5773543 0.5773575 0.5773392 -0.5773543 0.5773575 0.5773119 -0.5773584 0.5773805 0.5773619 -0.5773292 0.5773597 0.5773407 -0.5773441 0.5773661 0.5773404 -0.5773442 0.5773664 0.5773165 -0.5773617 0.5773726 0.5773617 -0.5773296 0.5773596 0.57734 -0.577345 0.577366 0.5773398 -0.5773446 0.5773665 0.5773163 -0.5773615 0.577373 0.5773368 -0.5773576 0.5773565 0.5773413 -0.577354 0.5773557 0.5773287 -0.5773635 0.5773587 0.5773383 -0.5773558 0.5773569 0.5773869 -0.5773358 0.5773282 0.5773627 -0.5773556 0.5773324 0.5773801 -0.5773413 0.5773296 0.5773624 -0.5773558 0.5773327 0.5773291 -0.5773541 0.5773677 0.5773297 -0.5773546 0.5773666 0.5773814 -0.5773168 0.5773527 0.57732 -0.5773577 0.5773733 0.5773602 -0.5773308 0.5773598 0.5773404 -0.5773447 0.5773657 0.5773399 -0.5773445 0.5773665 0.5773146 -0.5773636 0.5773726 0.5773284 -0.5773547 0.5773677 0.5773298 -0.577355 0.5773661 0.577381 -0.5773169 0.577353 0.5773206 -0.5773577 0.5773726 0.5773715 -0.5773338 0.5773456 0.5773516 -0.5773526 0.5773468 0.5773728 -0.5773433 0.5773348 0.5773726 -0.5773398 0.5773385 0.5773385 -0.5773461 0.5773662 0.577315 -0.5773633 0.5773727 0.5773398 -0.5773443 0.5773667 0.5773177 -0.5773596 0.5773735 0.5773692 -0.5773431 0.5773387 0.5773432 -0.5773483 0.5773593 0.5773203 -0.5773597 0.5773708 0.5773437 -0.5773442 0.577363 0.5773376 -0.5773473 0.5773659 0.577315 -0.5773632 0.5773727 0.5773434 -0.5773384 0.5773692 0.5773483 -0.5773658 0.5773368 0.5773511 -0.5773533 0.5773465 0.577344 -0.5773599 0.577347 0.5773405 -0.577344 0.5773665 0.5773179 -0.57736 0.5773731 0.5773637 -0.5773441 0.5773431 0.5773421 -0.5773685 0.5773402 0.5773167 -0.5773619 0.5773724 0.577347 -0.5773414 0.5773624 0.5773387 -0.5773458 0.5773664 0.5773156 -0.5773624 0.577373 0.5773479 -0.5773628 0.5773403 0.5773373 -0.5773735 0.5773401 0.5773295 -0.5773536 0.5773677 0.5773565 -0.5773357 0.5773587 0.5773397 -0.577345 0.5773662 0.5773553 -0.577332 0.5773636 0.5773605 -0.5773598 0.5773307 0.5773608 -0.5773601 0.57733 0.5773608 -0.5773601 0.5773301 0.5773291 -0.5773149 0.577407 0.5773661 -0.5773394 0.5773454 0.5773627 -0.5773372 0.5773511 0.5773403 -0.5773227 0.5773879 0.5773417 -0.5773468 0.5773624 0.57735 -0.5773409 0.57736 0.5773586 -0.5773334 0.5773589 0.5773494 -0.5773403 0.5773612 0.5773336 -0.5773491 0.5773681 0.5773518 -0.5773364 0.5773627 0.5773535 -0.5773501 0.5773472 0.577322 -0.5773597 0.5773692 0.5773518 -0.5773437 0.5773553 0.5773252 -0.5773555 0.5773702 0.57736 -0.5773509 0.5773399 0.5773338 -0.5773653 0.5773519 0.5773554 -0.5773587 0.5773368 0.57738 -0.5773449 0.5773261 0.577363 -0.5773284 0.5773594 0.5773549 -0.5773344 0.5773616 0.577321 -0.5773558 0.5773742 0.5773435 -0.5773708 0.5773366 0.5773778 -0.5773213 0.5773519 0.5773339 -0.5773505 0.5773664 0.5773259 -0.5773525 0.5773724 0.5773515 -0.5773342 0.5773653 0.5773454 -0.5773398 0.5773657 0.577343 -0.5773423 0.5773655 0.5773426 -0.5773418 0.5773665 0.5773403 -0.5773438 0.5773667 0.5773447 -0.5773537 0.5773525 0.5773674 -0.5773288 0.5773547 0.5773339 -0.5773493 0.5773677 0.5773677 -0.5773229 0.5773603 0.5773481 -0.5773392 0.5773636 0.577338 -0.5773451 0.5773678 0.5773401 -0.5773445 0.5773663 0.5773401 -0.5773445 0.5773662 0.5773305 -0.5773533 0.577367 0.5773802 -0.5773169 0.5773537 0.5773404 -0.577344 0.5773665 0.5773409 -0.577344 0.577366 0.5773657 -0.5773254 0.5773597 0.5773657 -0.5773253 0.57736 0.5773668 -0.5773239 0.5773602 0.5773668 -0.5773243 0.5773597 0.5773677 -0.5773234 0.5773597 0.5773224 -0.5773556 0.5773729 0.5773447 -0.5773268 0.5773793 0.5773439 -0.5773704 0.5773367 0.5773579 -0.5773724 0.5773205 0.5773362 -0.5773784 0.5773363 0.5773369 -0.5773583 0.5773558 0.5774163 -0.5773045 0.5773302 0.5774056 -0.577312 0.5773333 0.5773652 -0.5773325 0.5773531 0.5773442 -0.5773634 0.5773432 0.5773653 -0.5773272 0.5773585 0.5773456 -0.5773589 0.5773465 0.5773559 -0.5772981 0.5773969 0.5773071 -0.5774152 0.5773288 0.5773161 -0.5773676 0.5773673 0.5773072 -0.5773757 0.577368 0.5773724 -0.5772934 0.577385 0.5773822 -0.577323 0.5773457 0.5773673 -0.5773034 0.5773802 0.5773329 -0.577318 0.5774 0.5773442 -0.5773442 0.5773625 0.5773603 -0.5773472 0.5773434 0.5773723 -0.5773478 0.5773308 0.5773677 -0.5773701 0.5773132 0.5773199 -0.5773748 0.5773562 0.5773265 -0.577351 0.5773733 0.5773729 -0.577351 0.5773269 0.5773551 -0.577351 0.5773447 0.5773378 -0.577351 0.5773621 0.5773521 -0.5773516 0.5773473 0.5773294 -0.5773538 0.5773677 0.5773798 -0.5773567 0.5773144 0.5773529 -0.577351 0.577347 0.5773457 -0.5773501 0.577355 0.5773906 -0.5773448 0.5773155 0.5773503 -0.5773467 0.5773539 0.5773735 -0.57735 0.5773273 0.5773518 -0.5773494 0.5773497 0.5773705 -0.5773538 0.5773265 0.5773422 -0.577351 0.5773577 0.5773877 -0.5773577 0.5773054 0.577331 -0.5773612 0.5773586 0.5773677 -0.577363 0.5773202 0.5773624 -0.5773504 0.577338 0.5773432 -0.5773521 0.5773555 0.577319 -0.5773521 0.5773798 0.5773649 -0.5773489 0.5773372 0.5773806 -0.5773566 0.5773136 0.5773349 -0.577347 0.5773689 0.5773142 -0.5773377 0.577399 0.5773978 -0.5773478 0.5773054 0.5773426 -0.577351 0.5773572 0.577338 -0.5773515 0.5773614 0.5773689 -0.5773518 0.5773303 0.5773416 -0.5773528 0.5773565 0.5773311 -0.577351 0.5773688 0.5773648 -0.5773519 0.5773341 0.5773468 -0.5773558 0.5773483 0.5773549 -0.5773547 0.5773413 0.5773276 -0.5773505 0.5773727 0.5773256 -0.5773527 0.5773727 0.5773705 -0.577351 0.5773295 0.5773397 -0.577352 0.5773592 0.5773411 -0.577351 0.5773588 0.577347 -0.5773527 0.5773512 0.5773476 -0.5773512 0.5773521 0.5773614 -0.5773567 0.5773327 0.577368 -0.5773482 0.5773348 0.5773259 -0.5773494 0.5773755 0.5773384 -0.5773459 0.5773666 0.5773277 -0.5773525 0.5773706 0.5773342 -0.5773551 0.5773615 0.5773414 -0.577344 0.5773655 0.5773439 -0.5773467 0.5773603 0.5773423 -0.5773429 0.5773656 0.5773965 -0.5773363 0.5773181 0.5773559 -0.577351 0.577344 0.5773551 -0.577351 0.5773447 0.5773475 -0.577351 0.5773524 0.5773547 -0.5773452 0.577351 0.5773335 -0.5773409 0.5773766 0.5773404 -0.5773342 0.5773763 0.5773351 -0.577351 0.5773648 0.5773563 -0.5773501 0.5773444 0.5773362 -0.5773503 0.5773643 0.5773479 -0.5773521 0.5773509 0.577328 -0.5773614 0.5773615 0.5773599 -0.5773584 0.5773327 0.5773534 -0.577351 0.5773466 0.5773386 -0.577351 0.5773613 0.5773305 -0.577351 0.5773693 0.5773254 -0.577351 0.5773745 0.5773818 -0.577351 0.577318 0.5773488 -0.577351 0.5773511 0.5773459 -0.5773522 0.5773528 0.5773431 -0.5773511 0.5773566 0.5773243 -0.5773527 0.577374 0.5773628 -0.5773507 0.5773374 0.5773347 -0.5773454 0.5773708 0.577341 -0.5773453 0.5773646 0.5773683 -0.577344 0.5773385 0.5773527 -0.5773507 0.5773475 0.577355 -0.5773491 0.5773467 0.5773845 -0.5773491 0.5773172 0.577316 -0.5773498 0.5773851 0.5773434 -0.5773489 0.5773586 0.5773769 -0.577351 0.577323 0.5773227 -0.577351 0.5773772</float_array>
          <technique_common>
            <accessor source="#Mesh_4-mesh-normals-array" count="1418" stride="3">
              <param name="X" type="float"/>
              <param name="Y" type="float"/>
              <param name="Z" type="float"/>
            </accessor>
          </technique_common>
        </source>
        <source id="Mesh_4-mesh-map-0">
          <float_array id="Mesh_4-mesh-map-0-array" count="4998">0.3369141 0.01074212 0.3310547 0.2041015 9.76562e-4 0.2060546 0.3369141 0.01074212 9.76562e-4 0.2060546 0.004882812 0.008789002 0.3349609 0.1787108 0.3369141 0.01074212 0.004882812 0.008789002 0.3349609 0.1787108 0.004882812 0.008789002 0.004882812 0.1884765 0.3896484 0.008789002 0.3876953 0.2021483 0.3330078 0.1865233 0.3896484 0.008789002 0.3330078 0.1865233 0.3330078 0.02246087 9.76562e-4 0.1884765 0.3310547 0.1845702 0.3369141 0.01074212 9.76562e-4 0.1884765 0.3369141 0.01074212 0.004882812 0.008789002 0.3330078 0.1630858 0.3935547 0.1572265 0.3974609 0.008789002 0.3330078 0.1630858 0.3974609 0.008789002 0.3369141 0.01074212 0.3330078 0.04589837 0.3369141 0.1767577 0.002929687 0.1904296 0.3330078 0.04589837 0.002929687 0.1904296 0.001953125 0.04199212 0.3310547 0.2041015 0.3349609 0.008789002 9.76562e-4 0.006835877 0.3310547 0.2041015 9.76562e-4 0.006835877 0.002929687 0.2060546 0.3369141 0.01074212 0.3336589 0.1884765 0.3818359 0.1884765 0.3369141 0.01074212 0.3818359 0.1884765 0.3876953 0.002929627 9.76562e-4 0.2060546 9.76562e-4 0.0478515 0.3310547 0.04589837 9.76562e-4 0.2060546 0.3310547 0.04589837 0.3310547 0.2041015 0.004882812 0.008789002 9.76562e-4 0.2060546 0.3310547 0.2041015 0.004882812 0.008789002 0.3310547 0.2041015 0.3369141 0.01074212 0.3896484 0.0166015 0.3779297 0.3154296 0.3310547 0.2041015 0.3896484 0.0166015 0.3310547 0.2041015 0.3349609 0.008789002 0.3974609 0.008789002 0.3857422 0.3173828 0.3310547 0.2041015 0.3974609 0.008789002 0.3310547 0.2041015 0.3369141 0.01074212 0.3369141 0.01074212 0.3310547 0.2041015 0.3779297 0.3154296 0.3369141 0.01074212 0.3779297 0.3154296 0.3974609 0.01269525 0.3857422 0.1787108 0.3896484 0.0166015 0.3330078 0.04589837 0.3857422 0.1787108 0.3330078 0.04589837 0.3330078 0.180664 0.5439453 0.1533202 0.5458984 0.008789002 0.3896484 0.0166015 0.5439453 0.1533202 0.3896484 0.0166015 0.3857422 0.1787108 0.1220703 0.5341797 0.002929687 0.5888672 0.02636718 0.6259766 0.1220703 0.5341797 0.02636718 0.6259766 0.133789 0.5986328 0.3955078 0.3173828 0.5439453 0.1982421 0.5439453 0.008789002 0.3955078 0.3173828 0.5439453 0.008789002 0.3974609 0.01269525 0.3935547 0.1572265 0.5439453 0.1513671 0.5439453 0.008789002 0.3935547 0.1572265 0.5439453 0.008789002 0.3974609 0.008789002 0.3974609 0.008789002 0.5439453 0.008789002 0.3857422 0.3173828 0.4072266 0.01074212 0.3876953 0.2001952 0.3896484 0.008789002 0.4072266 0.01074212 0.3896484 0.008789002 0.3876953 0.3193359 0.3876953 0.3193359 0.3896484 0.008789002 0.3779297 0.3193359 0.5439453 0.008789002 0.4658203 0.06152337 0.4677734 0.1220702 0.5439453 0.008789002 0.4677734 0.1220702 0.5380859 0.09277337 0.5380859 0.09277337 0.4677734 0.1220702 0.4658203 0.1884765 0.4013672 0.3154296 0.5439453 0.1982421 0.5439453 0.008789002 0.4013672 0.3154296 0.5439453 0.008789002 0.4072266 0.01464837 0.4072266 0.01464837 0.5439453 0.008789002 0.5439453 0.1533202 0.4072266 0.01464837 0.5439453 0.1533202 0.3876953 0.2001952 0.4697266 0.0478515 0.4697266 0.0166015 0.5400391 0.01855462 0.4697266 0.0478515 0.5400391 0.01855462 0.4599609 0.0791015 0.4599609 0.0791015 0.5400391 0.01855462 0.5380859 0.09277337 0.4599609 0.0791015 0.5380859 0.09277337 0.5361328 0.1728515 0.5361328 0.1728515 0.5380859 0.09277337 0.4658203 0.1884765 0.3974609 0.01269525 0.3779297 0.3154296 0.3837891 0.3193359 0.3974609 0.01269525 0.3837891 0.3193359 0.3955078 0.3173828 0.3955078 0.3173828 0.3837891 0.3193359 0.3896484 0.0166015 0.3955078 0.3173828 0.3896484 0.0166015 0.5439453 0.1982421 0.5439453 0.1982421 0.3896484 0.0166015 0.5458984 0.008789002 0.3844401 0.3186849 0.3785807 0.3154296 0.3896484 0.0166015 0.5439453 0.008789002 0.5419922 0.1982421 0.3857422 0.3173828 0.5439453 0.008789002 0.4619141 0.01074212 0.4658203 0.06152337 0.3876953 0.3193359 0.4013672 0.3154296 0.4072266 0.01074212 0.128507 0.8196339 0.133789 0.5986328 9.76562e-4 0.6337891 0.128507 0.8196339 9.76562e-4 0.6337891 0.002114593 0.8493052 0.1220703 0.5341797 0.1823949 0.3934713 0.1587522 0.3934639 0.1220703 0.5341797 0.1587522 0.3934639 0.002929687 0.5888672 0.3740234 0.5992838 0.2001953 0.3974609 0.1823949 0.3934713 0.3740234 0.5992838 0.1823949 0.3934713 0.1220703 0.5341797 0.3740234 0.5992838 0.1220703 0.5341797 0.3271484 0.6357422 0.3271484 0.6357422 0.1220703 0.5341797 0.133789 0.5986328 0.3271484 0.6357422 0.133789 0.5986328 0.3299084 0.8321431 0.3299084 0.8321431 0.133789 0.5986328 0.128507 0.821587 0.1220703 0.7060547 0.1279296 0.6708984 0.004882812 0.6943359 0.1220703 0.7060547 0.004882812 0.6943359 0.002929687 0.7314453 0.2060546 0.7939453 0.211914 0.7626953 0.1279296 0.6708984 0.2060546 0.7939453 0.1279296 0.6708984 0.1220703 0.7060547 0.211914 0.7626953 0.1279296 0.6708984 0.1220703 0.7060547 0.211914 0.7626953 0.1220703 0.7060547 0.2060546 0.7939453 0.1279296 0.6708984 0.004882812 0.6943359 0.002929687 0.7314453 0.1279296 0.6708984 0.002929687 0.7314453 0.1220703 0.7060547 0.1279296 0.6708984 0.004882812 0.6943359 0.002929687 0.7314453 0.1279296 0.6708984 0.002929687 0.7314453 0.1220703 0.7060547 0.211914 0.7626953 0.1279296 0.6708984 0.1220703 0.7060547 0.211914 0.7626953 0.1220703 0.7060547 0.2060546 0.7939453 0.002929687 1.102539 0.2060546 0.7939453 0.1220703 0.7060547 0.002929687 1.102539 0.1220703 0.7060547 0.002929687 0.7314453 0.002929687 1.102539 0.2060546 0.7939453 0.1220703 0.7060547 0.002929687 1.102539 0.1220703 0.7060547 0.002929687 0.7314453 0.002929687 1.102539 0.2060546 0.7939453 0.1220703 0.7060547 0.002929687 1.102539 0.1220703 0.7060547 0.002929687 0.7314453 0.002929687 1.102539 0.2060546 0.7939453 0.1220703 0.7060547 0.002929687 1.102539 0.1220703 0.7060547 0.004882812 0.7294922 0.002929687 1.102539 0.2021484 0.7841797 0.1220703 0.7060547 0.002929687 1.102539 0.1220703 0.7060547 0.002929687 0.7314453 0.002929687 1.102539 0.2060546 0.7939453 0.1220703 0.7060547 0.002929687 1.102539 0.1220703 0.7060547 0.002929687 0.7314453 0.002929687 1.102539 0.2060546 0.7939453 0.1220703 0.7060547 0.002929687 1.102539 0.1220703 0.7060547 0.002929687 0.7314453 0.002929687 1.102539 0.2060546 0.7939453 0.1220703 0.7060547 0.002929687 1.102539 0.1220703 0.7060547 0.002929687 0.7314453 0.002929687 1.102539 0.2060546 0.7939453 0.1220703 0.7060547 0.002929687 1.102539 0.1220703 0.7060547 0.002929687 0.7314453 0.002929687 1.102539 0.2060546 0.7939453 0.1220703 0.7060547 0.002929687 1.102539 0.1220703 0.7060547 0.002929687 0.7314453 0.1220703 0.7060547 0.1279296 0.6708984 0.002929687 0.7314453 0.6598663 0.6534848 0.6903839 0.7624326 0.5263519 0.7624326 0.6598663 0.6534848 0.5263519 0.7624326 0.5549622 0.6709943 0.6694031 0.6923947 0.5473328 0.6904492 0.5263519 0.7624326 0.6694031 0.6923947 0.5263519 0.7624326 0.6903839 0.7624326 0.523763 0.7633464 0.6787109 0.7626953 0.6806641 0.5452474 0.523763 0.7633464 0.6806641 0.5452474 0.5257161 0.5458984 0.5263672 0.6572266 0.5263519 0.7624326 0.6522369 0.7624326 0.5263672 0.6572266 0.6522369 0.7624326 0.6630859 0.6572266 0.6045532 0.5853925 0.663681 0.6651578 0.560379 0.6675916 0.6045532 0.5853925 0.560379 0.6675916 0.663681 0.6651578 0.6787109 0.6376953 0.5263672 0.6376953 0.5263672 0.5498047 0.6787109 0.6376953 0.5263672 0.5498047 0.6787109 0.5498047 0.6787109 0.5498047 0.5263672 0.5498047 0.6787109 0.6376953 0.5263672 0.6572266 0.6787109 0.6572266 0.6787109 0.5478516 0.5263672 0.6572266 0.6787109 0.5478516 0.5263672 0.5478516 0.5263672 0.5478516 0.6787109 0.5478516 0.6787109 0.6572266 0.5263672 0.5478516 0.6787109 0.6572266 0.5263672 0.6572266 0.5263672 0.6572266 0.6787109 0.6572266 0.6787109 0.5478516 0.5263672 0.6572266 0.6787109 0.5478516 0.5263672 0.5478516 0.5263672 0.5478516 0.6787109 0.5478516 0.6787109 0.6572266 0.5263672 0.5478516 0.6787109 0.6572266 0.5263672 0.6572266 0.5248871 0.7624326 0.6903839 0.7624326 0.560379 0.6675916 0.5248871 0.7624326 0.560379 0.6675916 0.6903839 0.7624326 0.6903839 0.7624326 0.560379 0.6675916 0.663681 0.6651578 0.6903839 0.7624326 0.663681 0.6651578 0.5267944 0.7624326 0.5267944 0.7624326 0.663681 0.6651578 0.5622864 0.6675916 0.663681 0.6651578 0.5622864 0.6675916 0.6045532 0.5853925 0.5267944 0.7624326 0.5622864 0.6675916 0.663681 0.6651578 0.5263672 0.5498047 0.5263672 0.6376953 0.6787109 0.6376953 0.663681 0.6651578 0.6903839 0.7624326 0.5248871 0.7624326 0.5263672 0.5498047 0.5263672 0.7626953 0.6787109 0.5498047 0.6787109 0.5498047 0.5263672 0.7626953 0.6787109 0.7626953 0.6787109 0.5498047 0.6787109 0.7626953 0.523763 0.5498047 0.523763 0.5498047 0.6787109 0.7626953 0.523763 0.7633464 0.5622864 0.6675916 0.663681 0.6651578 0.6045532 0.5853925 0.6045532 0.5853925 0.663681 0.6651578 0.560379 0.6675916 0.6045532 0.5853925 0.560379 0.6675916 0.663681 0.6651578 0.663681 0.6651578 0.560379 0.6675916 0.6903839 0.7624326 0.663681 0.6651578 0.6903839 0.7624326 0.560379 0.6675916 0.560379 0.6675916 0.6903839 0.7624326 0.5248871 0.7624326 0.560379 0.6675916 0.5248871 0.7624326 0.663681 0.6651578 0.663681 0.6651578 0.5248871 0.7624326 0.6903839 0.7624326 0.9704123 0.6541298 0.5762023 0.6569606 0.5533422 0.8821027 0.9704123 0.6541298 0.5533422 0.8821027 0.9996341 0.8813414 0.5517578 0.8662109 0.9970703 0.8662109 0.9677734 0.6474609 0.5517578 0.8662109 0.9677734 0.6474609 0.5791016 0.6494141 0.9704123 0.6541298 0.5762023 0.6569606 0.7826326 0.008568465 0.9704123 0.6541298 0.7826326 0.008568465 0.5762023 0.6569606 0.7744844 1.001016 0.5533422 0.8821027 0.9996341 0.8813414 0.7744844 1.001016 0.9996341 0.8813414 0.5533422 0.8821027 0.9970703 0.8662109 0.5517578 0.8662109 0.5791016 0.6494141 0.9970703 0.8662109 0.5791016 0.6494141 0.9677734 0.6474609 0.9677734 0.6474609 0.5791016 0.6494141 0.7826326 0.008568465 0.9970703 0.8662109 0.5517578 0.8662109 0.5791016 0.6494141 0.9970703 0.8662109 0.5791016 0.6494141 0.9677734 0.6474609 0.9677734 0.6474609 0.5791016 0.6494141 0.7826326 0.008568465 0.9677734 0.6474609 0.7826326 0.008568465 0.5791016 0.6494141 0.5762023 0.6569606 0.5533422 0.8821027 0.9704123 0.6541298 0.9704123 0.6541298 0.5533422 0.8821027 0.9996341 0.8813414 0.9704123 0.6541298 0.9996341 0.8813414 0.5762023 0.6569606 0.5762023 0.6569606 0.9996341 0.8813414 0.5533422 0.8821027 0.5791016 0.6494141 0.9677734 0.6474609 0.7826326 0.008568465 0.9704123 0.6541298 0.5762023 0.6569606 0.7826326 0.008568465 0.9996341 0.8813414 0.5533422 0.8821027 0.7744844 1.001016 0.5762023 0.6569606 0.9704123 0.6541298 0.7826326 0.008568465 0.9704123 0.6541298 0.5762023 0.6569606 0.7826326 0.008568465 0.7826326 0.008568465 0.5791016 0.6494141 0.9677734 0.6474609 0.2958984 0.3701171 0.1201171 0.3916015 0.1162109 0.368164 0.2958984 0.3701171 0.1162109 0.368164 0.2958984 0.3505859 0.102539 0.3564453 0.1005859 0.3330078 0.2568359 0.3427734 0.102539 0.3564453 0.2568359 0.3427734 0.1162109 0.368164 0.1162109 0.368164 0.2568359 0.3427734 0.2958984 0.3505859 0.2001953 0.2763671 0.1982421 0.2939453 0.06738281 0.2841796 0.2001953 0.2763671 0.06738281 0.2841796 0.1279296 0.2548828 0.1279296 0.2548828 0.06738281 0.2841796 0.002929687 0.2646484 0.08300781 0.3271484 0.08496093 0.3095703 0.2317653 0.3149875 0.08300781 0.3271484 0.2317653 0.3149875 0.1005859 0.3330078 0.1005859 0.3330078 0.2317653 0.3149875 0.2551007 0.3230816 0.1005859 0.3330078 0.2551007 0.3230816 0.2568359 0.3427734 0.2337099 0.2987996 0.2317653 0.3149875 0.08496093 0.3095703 0.2337099 0.2987996 0.08496093 0.3095703 0.1982421 0.2939453 0.1982421 0.2939453 0.08496093 0.3095703 0.07036423 0.3028466 0.1982421 0.2939453 0.07036423 0.3028466 0.06738281 0.2841796 0.102539 0.3564453 0.1162109 0.368164 0.1201171 0.3916015 0.102539 0.3564453 0.1201171 0.3916015 9.76562e-4 0.3720703 0.002929687 0.2646484 0.06738281 0.2841796 0.07036423 0.3028466 0.002929687 0.2646484 0.07036423 0.3028466 9.76562e-4 0.3720703 9.76562e-4 0.3720703 0.07036423 0.3028466 0.08300781 0.3271484 9.76562e-4 0.3720703 0.08300781 0.3271484 0.102539 0.3564453 0.102539 0.3564453 0.08300781 0.3271484 0.1005859 0.3330078 0.07036423 0.3028466 0.08496093 0.3095703 0.08300781 0.3271484 0.8623047 0.1748046 0.8356727 0.1767839 0.8115234 0.2197265 0.8623047 0.1748046 0.8115234 0.2197265 0.8614867 0.2186294 0.8388672 0.3623046 0.7594692 0.8203313 0.8408203 0.8193359 0.8388672 0.3623046 0.8408203 0.8193359 0.9873047 0.8193359 0.7734936 0.3251398 0.8466797 0.3291015 0.8505859 0.2939453 0.7734936 0.3251398 0.8505859 0.2939453 0.7983435 0.2915589 0.7841797 0.3603515 0.7594692 0.8203313 0.8388672 0.3623046 0.7841797 0.3603515 0.8388672 0.3623046 0.7734936 0.3251398 0.7734936 0.3251398 0.8388672 0.3623046 0.8466797 0.3291015 0.9800323 0.334721 0.8466797 0.3291015 0.8388672 0.3623046 0.9800323 0.334721 0.8388672 0.3623046 0.9638672 0.3662109 0.9638672 0.3662109 0.8388672 0.3623046 0.9873047 0.8193359 0.9459576 0.2947752 0.9326172 0.2177733 0.8505859 0.2939453 0.9459576 0.2947752 0.8505859 0.2939453 0.9800323 0.334721 0.9800323 0.334721 0.8505859 0.2939453 0.8466797 0.3291015 0.8916016 0.1728515 0.8505859 0.02636712 0.8623047 0.1748046 0.8916016 0.1728515 0.8623047 0.1748046 0.9326172 0.2177733 0.9326172 0.2177733 0.8623047 0.1748046 0.8614867 0.2186294 0.9326172 0.2177733 0.8614867 0.2186294 0.8505859 0.2939453 0.8505859 0.2939453 0.8614867 0.2186294 0.8115234 0.2197265 0.8505859 0.2939453 0.8115234 0.2197265 0.7983435 0.2915589 0.8356727 0.1761329 0.8623047 0.1748046 0.8505859 0.02636712 0.8681641 0.1748046 0.8505859 0.01464837 0.8955078 0.1728515 0.8681641 0.1748046 0.8955078 0.1728515 0.9384766 0.2060546 0.7568359 0.9951172 0.7822266 0.352539 0.9052734 0.3486328 0.7568359 0.9951172 0.9052734 0.3486328 0.9381818 1.001111 0.9970703 0.9951172 0.9381818 1.001111 0.9052734 0.3486328 0.9970703 0.9951172 0.9052734 0.3486328 0.9833984 0.352539 0.9833984 0.352539 0.9052734 0.3486328 0.9951172 0.3251953 0.9033203 0.3232421 0.9951172 0.3251953 0.9052734 0.3486328 0.9033203 0.3232421 0.9052734 0.3486328 0.7685547 0.3251953 0.7685547 0.3251953 0.9052734 0.3486328 0.7822266 0.352539 0.7685547 0.3251953 0.7841797 0.2802734 0.8955078 0.2802734 0.7685547 0.3251953 0.8955078 0.2802734 0.9033203 0.3232421 0.9033203 0.3232421 0.8955078 0.2802734 0.9951172 0.3251953 0.8154297 0.2021483 0.8349609 0.1767577 0.8681641 0.1748046 0.8154297 0.2021483 0.8681641 0.1748046 0.8740234 0.2021483 0.8740234 0.2021483 0.8681641 0.1748046 0.9384766 0.2060546 0.8740234 0.2021483 0.9384766 0.2060546 0.8955078 0.2802734 0.8955078 0.2802734 0.9384766 0.2060546 0.9755859 0.2802734 0.8955078 0.2802734 0.9755859 0.2802734 0.9951172 0.3251953 0.8681641 0.1748046 0.8349609 0.1767577 0.8505859 0.01464837 0.8955078 0.2802734 0.7841797 0.2802734 0.8154297 0.2021483 0.8154297 0.2021483 0.8740234 0.2021483 0.8955078 0.2802734 0.5756759 0.8109263 0.7451172 0.9072266 0.5857432 0.6375949 0.5756759 0.8109263 0.5857432 0.6375949 0.3115234 0.8115234 0.3115234 0.8115234 0.5857432 0.6375949 0.3157309 0.651358 0.5869141 0.9951172 0.5986328 0.9970703 0.7451172 0.9072266 0.5869141 0.9951172 0.7451172 0.9072266 0.5693359 0.9951172 0.5693359 0.9951172 0.7451172 0.9072266 0.5756759 0.8109263 0.5693359 0.9951172 0.5756759 0.8109263 0.3115234 0.8115234 0.3115234 0.8115234 0.3017578 0.9970703 0.5693359 0.9951172 0.7451172 0.9072266 0.7412109 0.7294922 0.5857432 0.6375949 0.7724609 0.3154296 0.923156 0.3148059 0.9013354 0.2710416 0.7724609 0.3154296 0.9013354 0.2710416 0.7891155 0.2697809 0.923156 0.3148059 0.7724609 0.3154296 0.9169922 0.3408203 0.923156 0.3148059 0.9169922 0.3408203 0.9931641 0.3134765 0.9658203 0.2724609 0.9345703 0.2041015 0.9013354 0.2710416 0.9658203 0.2724609 0.9013354 0.2710416 0.9931641 0.3134765 0.9931641 0.3134765 0.9013354 0.2710416 0.923156 0.3148059 0.8134766 0.2041015 0.8896484 0.2041015 0.8681641 0.1787108 0.8134766 0.2041015 0.8681641 0.1787108 0.8349609 0.1787108 0.8349609 0.1787108 0.8681641 0.1787108 0.8505859 0.02636712 0.9727481 0.3424234 0.9931641 0.3134765 0.9169922 0.3408203 0.9727481 0.3424234 0.9169922 0.3408203 0.9869172 0.5798272 0.9869172 0.5798272 0.9169922 0.3408203 0.9228516 0.5791016 0.9869172 0.5798272 0.9228516 0.5791016 0.9462891 0.9970703 0.8955078 0.1767577 0.8505859 0.02636712 0.8681641 0.1787108 0.8955078 0.1767577 0.8681641 0.1787108 0.9345703 0.2041015 0.9345703 0.2041015 0.8681641 0.1787108 0.8896484 0.2041015 0.9345703 0.2041015 0.8896484 0.2041015 0.9013354 0.2710416 0.9013354 0.2710416 0.8896484 0.2041015 0.8134766 0.2041015 0.9013354 0.2710416 0.8134766 0.2041015 0.7891155 0.2697809 0.9462891 0.9970703 0.9990234 0.9970703 0.9869172 0.5798272 0.7743796 0.5782118 0.7470703 0.9990234 0.9462891 0.9970703 0.9462891 0.9970703 0.9228516 0.5791016 0.7743796 0.5782118 0.7743796 0.5782118 0.9228516 0.5791016 0.9169922 0.3408203 0.7743796 0.5782118 0.9169922 0.3408203 0.7814642 0.340983 0.7814642 0.340983 0.9169922 0.3408203 0.7724609 0.3154296 0.2681319 0.863883 0.2902054 0.7162999 0.6433815 0.7087315 0.2681319 0.863883 0.6433815 0.7087315 0.621308 0.8714513 0.03268116 0.0162267 0.040039 0.9811925 0.2754898 0.9774084 0.03268116 0.0162267 0.2754898 0.9774084 0.2975633 0.01874953 0.2754898 0.9774084 0.6654551 0.9811925 0.6360237 0.02001088 0.2754898 0.9774084 0.6360237 0.02001088 0.2975633 0.01874953 0.6360237 0.863883 0.6433815 0.7087315 0.9156215 0.7238683 0.6360237 0.863883 0.9156215 0.7238683 0.9082636 0.8979406 0.9229793 0.2167882 0.6580972 0.08308058 0.6507394 0.1562413 0.9229793 0.2167882 0.6507394 0.1562413 0.6507394 0.2319249 0.621308 0.8298254 0.6360237 0.7352208 0.2754898 0.7379711 0.621308 0.8298254 0.2754898 0.7379711 0.2828476 0.8449621 0.3049211 0.2016515 0.6507394 0.2319249 0.6507394 0.1562413 0.3049211 0.2016515 0.6507394 0.1562413 0.3073738 0.1423659 0.3073738 0.1423659 0.6507394 0.1562413 0.2975633 0.1095698 0.2681319 0.5504164 0.2754898 0.7379711 0.6507394 0.5654208 0.2681319 0.5504164 0.6507394 0.5654208 0.2681319 0.3853682 0.2681319 0.3853682 0.6507394 0.5654208 0.6433815 0.3735524 0.2902054 0.7162999 0.6360237 0.7957677 0.6580972 0.5535802 0.2902054 0.7162999 0.6580972 0.5535802 0.2902054 0.5876378 0.2902054 0.5876378 0.6580972 0.5535802 0.6507394 0.4173498 0.2902054 0.5876378 0.6507394 0.4173498 0.2975633 0.4816808 0.02532333 0.7607424 0.2828476 0.8449621 0.2754898 0.7379711 0.02532333 0.7607424 0.2754898 0.7379711 0.03268116 0.5648913 0.03268116 0.5648913 0.2754898 0.7379711 0.2681319 0.5504164 0.03268116 0.5648913 0.2681319 0.5504164 0.02532333 0.3922086 0.02532333 0.3922086 0.2681319 0.5504164 0.2681319 0.3853682 0.2828476 0.3984289 0.2975633 0.4816808 0.6507394 0.4173498 0.2828476 0.3984289 0.6507394 0.4173498 0.2754898 0.337882 0.2754898 0.337882 0.6507394 0.4173498 0.6507394 0.2319249 0.2754898 0.337882 0.6507394 0.2319249 0.2828476 0.2924718 0.2828476 0.2924718 0.6507394 0.2319249 0.3049211 0.2016515 0.6360237 0.7938756 0.9156215 0.7938756 0.6580972 0.5535802 0.6580972 0.5535802 0.9156215 0.7938756 0.9156215 0.6103429 0.6580972 0.5535802 0.9156215 0.6103429 0.6507394 0.4173498 0.6507394 0.4173498 0.9156215 0.6103429 0.9229793 0.4211339 0.6507394 0.4173498 0.9229793 0.4211339 0.6507394 0.2319249 0.6507394 0.2319249 0.9229793 0.4211339 0.9229793 0.2167882 0.6580972 0.08308058 0.9229793 0.2167882 0.9156215 0.08434194 0.2754898 0.7379711 0.6360237 0.7352208 0.6507394 0.5654208 0.6507394 0.1562413 0.6580972 0.08308058 0.2975633 0.1095698 0.9229793 0.7844152 0.6360237 0.7352208 0.621308 0.8298254 0.3049211 0.1789464 0.03268116 0.2470616 0.3049211 0.2357091 0.03268116 0.09569448 0.03268116 0.2470616 0.3122789 0.1789464 0.3122789 0.1751622 0.3049211 0.09569448 0.03268116 0.09569448 0.7197266 0.002929627 0.7177734 0.08496087 0.7412109 0.08496087 0.7197266 0.002929627 0.7412109 0.08496087 0.7373047 0.024414 0.7060547 0.0166015 0.4990234 0.01074212 0.7080078 0.08105462 0.7060547 0.0166015 0.7080078 0.08105462 0.7197266 0.002929627 0.7197266 0.002929627 0.7080078 0.08105462 0.7177734 0.08496087 0.7197266 0.002929627 0.7177734 0.08496087 0.7080078 0.08105462 0.7197266 0.002929627 0.7080078 0.08105462 0.7060547 0.0166015 0.7060547 0.0166015 0.7080078 0.08105462 0.4990234 0.01074212 0.7373047 0.024414 0.7646484 0.03613275 0.7412109 0.08496087 0.7373047 0.024414 0.7412109 0.08496087 0.7197266 0.002929627 0.7197266 0.002929627 0.7412109 0.08496087 0.7177734 0.08496087 0.7646484 0.03613275 0.7666016 0.08496087 0.7802734 0.08496087 0.7646484 0.03613275 0.7802734 0.08496087 0.7822266 0.06542962 0.7822266 0.06542962 0.7802734 0.08496087 0.8251953 0.08496087 0.7822266 0.06542962 0.8251953 0.08496087 0.7802734 0.08496087 0.7822266 0.06542962 0.7802734 0.08496087 0.7646484 0.03613275 0.7646484 0.03613275 0.7802734 0.08496087 0.7666016 0.08496087 0.7646484 0.03613275 0.7666016 0.08496087 0.7412109 0.08496087 0.7412109 0.08496087 0.7666016 0.08496087 0.7646484 0.03613275 0.7412109 0.08496087 0.7646484 0.03613275 0.7373047 0.024414 0.4990234 0.01074212 0.4990234 0.07714837 0.7080078 0.08105462 0.7080078 0.08105462 0.4990234 0.07714837 0.4990234 0.01074212 0.4410807 0.1598307 0.4443359 0.2236327 0.4990234 0.1357421 0.4410807 0.1598307 0.4990234 0.1357421 0.4899088 0.07454425 0.4169922 0.002929627 0.1865234 0.002929627 0.1376953 0.09667962 0.4169922 0.002929627 0.1376953 0.09667962 0.3701172 0.09277337 0.4899088 0.07584637 0.4169922 0.002929627 0.3701172 0.09277337 0.4899088 0.07584637 0.3701172 0.09277337 0.4410807 0.1578776 0.3654296 0.2736328 0.3701172 0.09277337 0.1376953 0.09667962 0.3654296 0.2736328 0.1376953 0.09667962 0.1416015 0.2724609 0.3681641 0.2880859 0.3720703 0.2919921 0.4443359 0.2236327 0.3681641 0.2880859 0.4443359 0.2236327 0.3654296 0.2736328 0.3654296 0.2736328 0.4443359 0.2236327 0.4410807 0.1578776 0.3654296 0.2736328 0.4410807 0.1578776 0.3701172 0.09277337 0.01634472 0.9738655 0.3146815 0.9738655 0.2534842 0.2797867 0.01634472 0.9738655 0.2534842 0.2797867 0.008695065 0.2685313 0.6589162 0.6887305 0.2917325 0.5123968 0.2458345 0.9738655 0.6589162 0.6887305 0.2458345 0.9738655 0.6818652 0.9738655 0.6665658 0.6924822 0.6818652 0.9738655 0.9343039 0.9738655 0.6665658 0.6924822 0.9343039 0.9738655 0.7583618 0.6924822 0.7583618 0.6924822 0.9343039 0.9738655 0.9419536 0.696234 0.3070318 0.05468004 0.01634472 0.06968706 0.02399438 0.3810846 0.3070318 0.05468004 0.02399438 0.3810846 0.2840828 0.3173044 0.2840828 0.3173044 0.02399438 0.3810846 0.3070318 0.6699716 0.7660114 0.9476031 0.9343039 0.9438513 0.9266543 0.527404 0.7660114 0.9476031 0.9266543 0.527404 0.6665658 0.9476031 0.6665658 0.9476031 0.9266543 0.527404 0.6206679 0.5236522 0.6359672 0.2422688 0.6283175 0.01716226 0.2840828 0.3173044 0.6359672 0.2422688 0.2840828 0.3173044 0.6206679 0.3285597 0.6206679 0.3285597 0.2840828 0.3173044 0.2917325 0.5386593 0.6206679 0.3285597 0.2917325 0.5386593 0.6206679 0.5236522 0.6206679 0.5236522 0.2917325 0.5386593 0.2840828 0.9551066 0.6206679 0.5236522 0.2840828 0.9551066 0.6665658 0.9476031 0.7583618 0.696234 0.9266543 0.6924822 0.9419536 0.5086451 0.6665658 0.2647795 0.3223311 0.07343894 0.2917325 0.2685313 0.2534842 0.2797867 0.3146815 0.9738655 0.6742155 0.9738655 0.6742155 0.9738655 0.6436169 0.2722831 0.2534842 0.2797867 0.9419536 0.5086451 0.7736611 0.5123968 0.7583618 0.696234 0.6283175 0.01716226 0.3070318 0.05468004 0.2840828 0.3173044 0.7525454 0.6252365 0.4577963 0.6253326 0.4792958 0.4881824 0.7525454 0.6252365 0.4792958 0.4881824 0.4577963 0.6253326 0.7525454 0.6252365 0.5777704 0.6252231 0.5885951 0.5428805 0.7525454 0.6252365 0.5885951 0.5428805 0.5630823 0.6251664 0.5691526 0.5322262 0.608491 0.6249342 0.7525454 0.6252365 0.5691526 0.5322262 0.7525454 0.6252365 0.4577963 0.6253326 0.4577963 0.6253326 0.7525454 0.6252365 0.4792958 0.4881824 0.5791126 0.6249701 0.7525454 0.6252365 0.6333483 0.5671258 0.5791126 0.6249701 0.6333483 0.5671258 0.4577963 0.6253326 0.4577963 0.6253326 0.6333483 0.5671258 0.4792958 0.4881824 0.6306992 0.5652821 0.7525454 0.6252365 0.6339112 0.6245374 0.6306992 0.5652821 0.6339112 0.6245374 0.4792958 0.4881824 0.4792958 0.4881824 0.6339112 0.6245374 0.4577963 0.6253326 0.4792958 0.4881824 0.4577963 0.6253326 0.7525454 0.6252365 0.4792958 0.4881824 0.7525454 0.6252365 0.4577963 0.6253326 0.4577963 0.6253326 0.7525454 0.6252365 0.4792958 0.4881824 0.4577963 0.6253326 0.4792958 0.4881824 0.7525454 0.6252365 0.4577963 0.6253326 0.7525454 0.6252365 0.4792958 0.4881824 0.4792958 0.4881824 0.7525454 0.6252365 0.5630823 0.6251664 0.4792958 0.4881824 0.2243891 0.3615403 0.2244257 0.6254863 0.4792958 0.4881824 0.2244257 0.6254863 0.4577963 0.6253326 0.4577963 0.6253326 0.2244257 0.6254863 0.2243891 0.3615403 0.5777704 0.6252231 0.4577963 0.6253326 0.4792958 0.4881824 0.5777704 0.6252231 0.4792958 0.4881824 0.5885951 0.5428805 0.5885951 0.5428805 0.4792958 0.4881824 0.4577963 0.6253326 0.5885951 0.5428805 0.4577963 0.6253326 0.5636923 0.6251636 0.5636923 0.6251636 0.4577963 0.6253326 0.4792958 0.4881824 0.2243891 0.3615403 0.4577963 0.6253326 0.4792958 0.4881824 0.2243891 0.3615403 0.4792958 0.4881824 0.4577963 0.6253326 0.4577963 0.6253326 0.4792958 0.4881824 0.7525454 0.6252365 0.4577963 0.6253326 0.7525454 0.6252365 0.4792958 0.4881824 0.4792958 0.4881824 0.7525454 0.6252365 0.4577963 0.6253326 0.4792958 0.4881824 0.4577963 0.6253326 0.2243891 0.3615403 0.2243891 0.3615403 0.4577963 0.6253326 0.2244257 0.6254863 0.4577963 0.6253326 0.6362218 0.6248103 0.6461758 0.5707723 0.4577963 0.6253326 0.6461758 0.5707723 0.4792958 0.4881824 0.4792958 0.4881824 0.6461758 0.5707723 0.6084912 0.6249342 0.4792958 0.4881824 0.6084912 0.6249342 0.4577963 0.6253326 0.4577963 0.6253326 0.6084912 0.6249342 0.5691526 0.5322262 0.4577963 0.6253326 0.5691526 0.5322262 0.4792958 0.4881824 0.4792958 0.4881824 0.5691526 0.5322262 0.4577963 0.6253326 0.2243891 0.3615403 0.4792958 0.4881824 0.4577963 0.6253326 0.2243891 0.3615403 0.4577963 0.6253326 0.2244257 0.6254863 0.2244257 0.6254863 0.4577963 0.6253326 0.4792958 0.4881824 0.2244257 0.6254863 0.4792958 0.4881824 0.2243891 0.3615403 0.2243891 0.3615403 0.4792958 0.4881824 0.4577963 0.6253326 0.2243891 0.3615403 0.4577963 0.6253326 0.2244257 0.6254863 0.2244257 0.6254863 0.4577963 0.6253326 0.4792958 0.4881824 0.2244257 0.6254863 0.4792958 0.4881824 0.2243891 0.3615403 0.2243891 0.3615403 0.4792958 0.4881824 0.4577963 0.6253326 0.2243891 0.3615403 0.4577963 0.6253326 0.2244257 0.6254863 0.2244257 0.6254863 0.4577963 0.6253326 0.4792958 0.4881824 0.2244257 0.6254863 0.4792958 0.4881824 0.2243891 0.3615403 0.2243891 0.3615403 0.4792958 0.4881824 0.4577963 0.6253326 0.2243891 0.3615403 0.4577963 0.6253326 0.2244257 0.6254863 0.2244257 0.6254863 0.4577963 0.6253326 0.4792958 0.4881824 0.2244257 0.6254863 0.4792958 0.4881824 0.2243891 0.3615403 0.2243891 0.3615403 0.4792958 0.4881824 0.4577963 0.6253326 0.2243891 0.3615403 0.4577963 0.6253326 0.2244257 0.6254863 0.2244257 0.6254863 0.4577963 0.6253326 0.4792958 0.4881824 0.2244257 0.6254863 0.4792958 0.4881824 0.2243891 0.3615403 0.2243891 0.3615403 0.4792958 0.4881824 0.4577963 0.6253326 0.2243891 0.3615403 0.4577963 0.6253326 0.2244257 0.6254863 0.2244257 0.6254863 0.4577963 0.6253326 0.2243891 0.3615403 0.6457144 0.5708426 0.7525454 0.6252365 0.608491 0.6249342 0.6363454 0.6253039 0.7525454 0.6252365 0.6461758 0.5707723 0.5564363 0.6708984 0.6623936 0.6533203 0.691291 0.7626953 0.5564363 0.6708984 0.691291 0.7626953 0.5236858 0.7607422 0.6720261 0.6923828 0.5487303 0.6904297 0.5275388 0.7587891 0.6720261 0.6923828 0.5275388 0.7587891 0.691291 0.7587891 0.5244141 0.7607422 0.6787109 0.7607422 0.6806641 0.5478516 0.5244141 0.7607422 0.6806641 0.5478516 0.5263672 0.5478516 0.6787109 0.7607422 0.5244141 0.7607422 0.5263672 0.5478516 0.6787109 0.7607422 0.5263672 0.5478516 0.6806641 0.5478516 0.5244141 0.7607422 0.6787109 0.7607422 0.6806641 0.5478516 0.5244141 0.7607422 0.6806641 0.5478516 0.5263672 0.5478516 0.5244141 0.6552734 0.5275388 0.7587891 0.6546877 0.7607422 0.5244141 0.6552734 0.6546877 0.7607422 0.6643201 0.6533203 0.5545098 0.6669922 0.6662466 0.6650391 0.6065252 0.5849609 0.5545098 0.6669922 0.6065252 0.5849609 0.6662466 0.6650391 0.6662466 0.6650391 0.6065252 0.5849609 0.5545098 0.6669922 0.5263672 0.5478516 0.6816406 0.6298828 0.5249024 0.6279297 0.5263672 0.5478516 0.5249024 0.6279297 0.6832682 0.5485026 0.6832682 0.5485026 0.5249024 0.6279297 0.6816406 0.6298828 0.6806641 0.6376953 0.5257161 0.6279297 0.5263672 0.5478516 0.6806641 0.6376953 0.5263672 0.5478516 0.6806641 0.5478516 0.6806641 0.5478516 0.5263672 0.5478516 0.5244141 0.6572266 0.6806641 0.5478516 0.5244141 0.6572266 0.6806641 0.6376953 0.6806641 0.5478516 0.6816406 0.6298828 0.5263672 0.5478516 0.6806641 0.5478516 0.5263672 0.5478516 0.5258789 0.6298828 0.5258789 0.6298828 0.5263672 0.5478516 0.6806641 0.5478516 0.5258789 0.6298828 0.6806641 0.5478516 0.6811524 0.6293945 0.6662466 0.6650391 0.5545098 0.6669922 0.6065252 0.5849609 0.5258789 0.6298828 0.6811524 0.6293945 0.6806641 0.5478516 0.691291 0.7626953 0.5242837 0.7626953 0.5632988 0.6663411 0.5632988 0.6663411 0.5242837 0.7626953 0.691291 0.7626953 0.5632988 0.6663411 0.691291 0.7626953 0.6662466 0.6650391 0.6662466 0.6650391 0.691291 0.7626953 0.5632988 0.6663411 0.691291 0.7626953 0.5242837 0.7626953 0.5632988 0.6663411 0.5632988 0.6663411 0.5242837 0.7626953 0.691291 0.7626953 0.5632988 0.6663411 0.691291 0.7626953 0.6662466 0.6650391 0.6662466 0.6650391 0.691291 0.7626953 0.5632988 0.6663411 0.691291 0.7626953 0.5242837 0.7626953 0.5632988 0.6663411 0.5632988 0.6663411 0.5242837 0.7626953 0.691291 0.7626953 0.5632988 0.6663411 0.691291 0.7626953 0.6662466 0.6650391 0.6662466 0.6650391 0.691291 0.7626953 0.5545098 0.6669922 0.6662466 0.6650391 0.5545098 0.6669922 0.6065252 0.5849609 0.6065252 0.5849609 0.5545098 0.6669922 0.6662466 0.6650391 0.5697549 0.06758767 0.552435 0.05651086 0.5524848 0.08983498 0.5697549 0.06758767 0.5524848 0.08983498 0.5693359 0.08300775 0.6748047 0.006835877 0.6619493 0.007120311 0.6630859 0.06738275 0.6748047 0.006835877 0.6630859 0.06738275 0.6748047 0.06738275 0.5840821 0.005673944 0.5696626 0.00570017 0.5697549 0.06758767 0.5840821 0.005673944 0.5697549 0.06758767 0.5830078 0.06738275 0.5697549 0.06758767 0.552435 0.05651086 0.5524848 0.08983498 0.5697549 0.06758767 0.5524848 0.08983498 0.5693359 0.08300775 0.6748047 0.006835877 0.6619493 0.007120311 0.6630859 0.06738275 0.6748047 0.006835877 0.6630859 0.06738275 0.6748047 0.06738275 0.6748047 0.006835877 0.6619493 0.007120311 0.6630859 0.06738275 0.6748047 0.006835877 0.6630859 0.06738275 0.6748047 0.06738275 0.5840821 0.005673944 0.5696626 0.00570017 0.5697549 0.06758767 0.5840821 0.005673944 0.5697549 0.06758767 0.5830078 0.06738275 0.6748047 0.006835877 0.6619493 0.007120311 0.6630859 0.06738275 0.6748047 0.006835877 0.6630859 0.06738275 0.6748047 0.06738275 0.5840821 0.005673944 0.5696626 0.00570017 0.5697549 0.06758767 0.5840821 0.005673944 0.5697549 0.06758767 0.5830078 0.06738275 0.6748047 0.06738275 0.6748047 0.006835877 0.6619493 0.007120311 0.6748047 0.06738275 0.6619493 0.007120311 0.6630859 0.06738275 0.5840821 0.005673944 0.5696626 0.00570017 0.5697549 0.06758767 0.5840821 0.005673944 0.5697549 0.06758767 0.5830078 0.06738275 0.5840821 0.005673944 0.5696626 0.00570017 0.5697549 0.06758767 0.5840821 0.005673944 0.5697549 0.06758767 0.5830078 0.06738275 0.6748047 0.006835877 0.6619493 0.007120311 0.6630859 0.06738275 0.6748047 0.006835877 0.6630859 0.06738275 0.6748047 0.06738275 0.6748047 0.006835877 0.6619493 0.007120311 0.6630859 0.06738275 0.6748047 0.006835877 0.6630859 0.06738275 0.6748047 0.06738275 0.5840821 0.005673944 0.5696626 0.00570017 0.5697549 0.06758767 0.5840821 0.005673944 0.5697549 0.06758767 0.5830078 0.06738275 0.5697549 0.06758767 0.5830078 0.06738275 0.5840821 0.005673944 0.5697549 0.06758767 0.5840821 0.005673944 0.5696626 0.00570017 0.7327063 0.07522779 0.7326991 0.07046717 0.7168591 0.08477753 0.7168591 0.08477753 0.7326991 0.07046717 0.7168259 0.06256145 0.7168591 0.08477753 0.7168259 0.06256145 0.6748047 0.08300775 0.6748047 0.08300775 0.7168259 0.06256145 0.6748047 0.06738275 0.6748047 0.08300775 0.6748047 0.06738275 0.6630859 0.08300775 0.6630859 0.08300775 0.6748047 0.06738275 0.6630859 0.06738275 0.6630859 0.08300775 0.6630859 0.06738275 0.5830078 0.08300775 0.5830078 0.08300775 0.6630859 0.06738275 0.5830078 0.06738275 0.5830078 0.08300775 0.5830078 0.06738275 0.5693359 0.08300775 0.5693359 0.08300775 0.5830078 0.06738275 0.5697549 0.06758767 0.7327063 0.07522779 0.7326991 0.07046717 0.7168591 0.08477753 0.7168591 0.08477753 0.7326991 0.07046717 0.7168259 0.06256145 0.7168591 0.08477753 0.7168259 0.06256145 0.6748047 0.08300775 0.6748047 0.08300775 0.7168259 0.06256145 0.6748047 0.06738275 0.6748047 0.08300775 0.6748047 0.06738275 0.6630859 0.08300775 0.6630859 0.08300775 0.6748047 0.06738275 0.6630859 0.06738275 0.6630859 0.08300775 0.6630859 0.06738275 0.5830078 0.08300775 0.5830078 0.08300775 0.6630859 0.06738275 0.5830078 0.06738275 0.5830078 0.08300775 0.5830078 0.06738275 0.5693359 0.08300775 0.5693359 0.08300775 0.5830078 0.06738275 0.5697549 0.06758767 0.552435 0.05651086 0.5524848 0.08983498 0.5697549 0.06758767 0.5697549 0.06758767 0.5524848 0.08983498 0.5693359 0.08300775 0.5697549 0.06758767 0.5693359 0.08300775 0.5830078 0.06738275 0.5830078 0.06738275 0.5693359 0.08300775 0.5830078 0.08300775 0.5830078 0.06738275 0.5830078 0.08300775 0.6630859 0.06738275 0.6630859 0.06738275 0.5830078 0.08300775 0.6630859 0.08300775 0.6630859 0.06738275 0.6630859 0.08300775 0.6748047 0.06738275 0.6748047 0.06738275 0.6630859 0.08300775 0.6748047 0.08300775 0.6748047 0.06738275 0.6748047 0.08300775 0.7168259 0.06256145 0.7168259 0.06256145 0.6748047 0.08300775 0.7168591 0.08477753 0.7168259 0.06256145 0.7168591 0.08477753 0.7326991 0.07046717 0.7326991 0.07046717 0.7168591 0.08477753 0.7327063 0.07522779 0.7327063 0.07522779 0.7326991 0.07046717 0.7168591 0.08477753 0.7168591 0.08477753 0.7326991 0.07046717 0.7168259 0.06256145 0.7168591 0.08477753 0.7168259 0.06256145 0.6748047 0.08300775 0.6748047 0.08300775 0.7168259 0.06256145 0.6748047 0.06738275 0.6748047 0.08300775 0.6748047 0.06738275 0.6630859 0.08300775 0.6630859 0.08300775 0.6748047 0.06738275 0.6630859 0.06738275 0.6630859 0.08300775 0.6630859 0.06738275 0.5830078 0.08300775 0.5830078 0.08300775 0.6630859 0.06738275 0.5830078 0.06738275 0.5830078 0.08300775 0.5830078 0.06738275 0.5693359 0.08300775 0.5693359 0.08300775 0.5830078 0.06738275 0.5697549 0.06758767 0.5693359 0.08300775 0.5697549 0.06758767 0.5524848 0.08983498 0.5524848 0.08983498 0.5697549 0.06758767 0.552435 0.05651086 0.7327063 0.07522779 0.7326991 0.07046717 0.7168591 0.08477753 0.7168591 0.08477753 0.7326991 0.07046717 0.7168259 0.06256145 0.7168591 0.08477753 0.7168259 0.06256145 0.6748047 0.08300775 0.6748047 0.08300775 0.7168259 0.06256145 0.6748047 0.06738275 0.6748047 0.08300775 0.6748047 0.06738275 0.6630859 0.08300775 0.6630859 0.08300775 0.6748047 0.06738275 0.6630859 0.06738275 0.6630859 0.08300775 0.6630859 0.06738275 0.5830078 0.08300775 0.5830078 0.08300775 0.6630859 0.06738275 0.5830078 0.06738275 0.5830078 0.08300775 0.5830078 0.06738275 0.5693359 0.08300775 0.5693359 0.08300775 0.5830078 0.06738275 0.5697549 0.06758767 0.5693359 0.08300775 0.5697549 0.06758767 0.5524848 0.08983498 0.5524848 0.08983498 0.5697549 0.06758767 0.552435 0.05651086 0.7327063 0.07522779 0.7326991 0.07046717 0.7168591 0.08477753 0.7168591 0.08477753 0.7326991 0.07046717 0.7168259 0.06256145 0.7168591 0.08477753 0.7168259 0.06256145 0.6748047 0.08300775 0.6748047 0.08300775 0.7168259 0.06256145 0.6748047 0.06738275 0.6748047 0.08300775 0.6748047 0.06738275 0.6630859 0.08300775 0.6630859 0.08300775 0.6748047 0.06738275 0.6630859 0.06738275 0.6630859 0.08300775 0.6630859 0.06738275 0.5830078 0.08300775 0.5830078 0.08300775 0.6630859 0.06738275 0.5830078 0.06738275 0.5830078 0.08300775 0.5830078 0.06738275 0.5693359 0.08300775 0.5693359 0.08300775 0.5830078 0.06738275 0.5697549 0.06758767 0.5693359 0.08300775 0.5697549 0.06758767 0.5524848 0.08983498 0.5524848 0.08983498 0.5697549 0.06758767 0.552435 0.05651086 0.006980538 0.999986 0.006980538 0.999986 0.006980538 0.999986 0.006980538 0.999986 0.006980538 0.999986 0.006980538 0.999986 0.1578924 0.4014097 0.1787109 0.3974609 0.1240234 0.446289 0.1240234 0.446289 0.1787109 0.3974609 0.1591796 0.4443359 0.3341316 0.8331215 0.3019245 0.8313471 0.3330078 0.6318359 0.3330078 0.6318359 0.3019245 0.8313471 0.2998047 0.6318359 0.2841797 0.7027994 0.2841797 0.8317058 0.2991536 0.6858723 0.2991536 0.6858723 0.2841797 0.8317058 0.3010582 0.8317841 0.03116458 0.6213784 0.008132159 0.8528122 0.1259765 0.5927734 0.1259765 0.5927734 0.008132159 0.8528122 0.1201171 0.8212891 0.1220703 0.5927734 0.1552734 0.6044922 0.1162109 0.8212891 0.1162109 0.8212891 0.1552734 0.6044922 0.1539713 0.8225911 9.76562e-4 0.8466797 9.76562e-4 0.8623047 0.09082031 0.8251953 0.09082031 0.8251953 9.76562e-4 0.8623047 0.09082031 0.8447266 0.1038411 0.9916992 0.118164 0.8564453 0.3269857 0.9791667 0.3269857 0.9791667 0.118164 0.8564453 0.3291016 0.8662109 9.76562e-4 0.6337891 9.76562e-4 0.8466797 0.09667968 0.6025391 0.09667968 0.6025391 9.76562e-4 0.8466797 0.09082031 0.8251953 0.1220703 0.5927734 0.1162109 0.8212891 0.004882812 0.6337891 0.004882812 0.6337891 0.1162109 0.8212891 0.008132159 0.8528122 0.008132159 0.8528122 0.008132159 0.8640468 0.1535376 0.822951 0.1535376 0.822951 0.008132159 0.8640468 0.1396484 0.8408203 0.3291016 0.8466797 0.1396484 0.8408203 0.3271484 0.8349609 0.3271484 0.8349609 0.1396484 0.8408203 0.1416015 0.8251953 0.3349609 0.8642578 0.118164 0.8564453 0.3466797 0.8505859 0.3466797 0.8505859 0.118164 0.8564453 0.1279296 0.8427734 0.002278625 0.9833984 0.002929687 0.8662109 0.1038411 0.9916992 0.1038411 0.9916992 0.002929687 0.8662109 0.102539 0.8505859 0.3583984 0.8369141 0.3583984 0.8505859 0.1396484 0.8251953 0.1396484 0.8251953 0.3583984 0.8505859 0.1396484 0.8388672 0.2998047 0.6298828 0.2998047 0.6767578 0.2607422 0.6435547 0.2607422 0.6435547 0.2998047 0.6767578 0.2802734 0.7021484 0.2607422 0.6435547 0.2802734 0.7021484 0.2490234 0.6591797 0.2197265 0.6318359 0.2138671 0.6494141 0.1840122 0.6424387 0.1840122 0.6424387 0.2138671 0.6494141 0.1787109 0.6569475 0.1840122 0.6424387 0.1787109 0.6569475 0.1572265 0.6748047 0.1591796 0.4443359 0.1240234 0.5380859 3.25521e-4 0.5901693 3.25521e-4 0.5901693 0.1240234 0.5380859 0.1259765 0.5576172 3.25521e-4 0.5901693 0.1259765 0.5576172 0.02886134 0.6213784 0.02886134 0.6213784 0.1259765 0.5576172 0.1259765 0.5927734 0.1787109 0.3974609 0.2041015 0.4013671 0.1240234 0.5380859 0.1240234 0.5380859 0.2041015 0.4013671 0.3759766 0.5927734 0.1240234 0.5380859 0.3759766 0.5927734 0.1376953 0.5986328 0.1376953 0.5986328 0.3759766 0.5927734 0.3323568 0.6311848 0.1417205 0.8236021 0.1396484 0.8408203 0.102539 0.8310547 0.102539 0.8310547 0.1396484 0.8408203 0.102539 0.8505859 0.102539 0.8310547 0.102539 0.8505859 0.002929687 0.8525391 0.002929687 0.8525391 0.102539 0.8505859 0.002929687 0.8662109 0.3583984 0.8447266 0.3583984 0.8369141 0.3427734 0.8447266 0.3427734 0.8447266 0.3583984 0.8369141 0.1396484 0.8251953 0.3427734 0.8447266 0.1396484 0.8251953 0.1802283 0.8391007 0.1802283 0.8391007 0.1396484 0.8251953 0.1396484 0.8349609 0.1220703 0.5927734 0.02832031 0.6259766 0.1240234 0.5380859 0.1240234 0.5380859 0.02832031 0.6259766 3.25521e-4 0.5901693 0.1240234 0.5380859 3.25521e-4 0.5901693 0.1591796 0.446289 0.1591796 0.446289 3.25521e-4 0.5901693 0.1038411 0.4684245 0.1591796 0.446289 0.1038411 0.4684245 0.1513671 0.4072265 0.2041015 0.4013671 0.1787109 0.3974609 0.2568359 0.461914 0.2568359 0.461914 0.1787109 0.3974609 0.1591796 0.446289 0.2568359 0.461914 0.1591796 0.446289 0.3740234 0.5908203 0.3740234 0.5908203 0.1591796 0.446289 0.1240234 0.5380859 0.3740234 0.5908203 0.1240234 0.5380859 0.227539 0.6220703 0.227539 0.6220703 0.1240234 0.5380859 0.1552734 0.6044922 0.1552734 0.6611328 0.1552734 0.6044922 0.1840122 0.6424387 0.1840122 0.6424387 0.1552734 0.6044922 0.227539 0.6220703 0.1840122 0.6424387 0.227539 0.6220703 0.2197265 0.6318359 0.2197265 0.6318359 0.227539 0.6220703 0.2607422 0.6435547 0.2197265 0.6318359 0.2607422 0.6435547 0.2138671 0.6494141 0.2138671 0.6494141 0.2607422 0.6435547 0.2490234 0.6591797 0.1220703 0.5927734 0.1240234 0.5380859 0.1552734 0.6044922 0.1787109 0.3974609 0.1591796 0.446289 0.1513671 0.4072265 0.1240234 0.446289 3.25521e-4 0.5901693 0.1591796 0.4443359 0.3330078 0.6298828 0.3056641 0.6279297 0.3681641 0.6044922 0.1552734 0.6611328 0.1840122 0.6424387 0.1572265 0.6748047 0.2998047 0.6298828 0.2607422 0.6435547 0.227539 0.6220703 0.3720703 0.5908203 0.3681641 0.6044922 0.227539 0.6220703 0.2998047 0.6298828 0.227539 0.6220703 0.3662109 0.6044922 0.5528879 0.9933097 0.5742847 0.9814321 0.5742413 0.9755728 0.5528879 0.9933097 0.5742413 0.9755728 0.5526852 0.9659668 0.353971 0.9690061 0.329977 0.9598052 0.3302811 0.9991921 0.353971 0.9690061 0.3302811 0.9991921 0.3530091 0.9912205 0.3730315 0.9712051 0.353971 0.9690061 0.3530091 0.9912205 0.3730315 0.9712051 0.3530091 0.9912205 0.3728653 0.9900847 0.4781719 0.9691355 0.3730315 0.9712051 0.3728653 0.9900847 0.4781719 0.9691355 0.3728653 0.9900847 0.4780057 0.9899683 0.5526852 0.9659668 0.4960606 0.9683398 0.4962343 0.9917766 0.5526852 0.9659668 0.4962343 0.9917766 0.5528879 0.9933097 0.3724813 0.8969883 0.3536016 0.8971331 0.353971 0.9690061 0.3724813 0.8969883 0.353971 0.9690061 0.3730315 0.9712051 0.353971 0.9690061 0.329977 0.9598052 0.3302811 0.9991921 0.353971 0.9690061 0.3302811 0.9991921 0.3530091 0.9912205 0.4960606 0.9683398 0.4955248 0.8960761 0.4779616 0.8981595 0.4960606 0.9683398 0.4779616 0.8981595 0.4781719 0.9691355 0.4955248 0.8960761 0.4779616 0.8981595 0.4781719 0.9691355 0.4955248 0.8960761 0.4781719 0.9691355 0.4960606 0.9683398 0.353971 0.9690061 0.329977 0.9598052 0.3302811 0.9991921 0.353971 0.9690061 0.3302811 0.9991921 0.3530091 0.9912205 0.4960606 0.9683398 0.4781719 0.9691355 0.4780057 0.9899683 0.4960606 0.9683398 0.4780057 0.9899683 0.4962343 0.9917766 0.4781719 0.9691355 0.3730315 0.9712051 0.3728653 0.9900847 0.4781719 0.9691355 0.3728653 0.9900847 0.4780057 0.9899683 0.4955248 0.8960761 0.4779616 0.8981595 0.4781719 0.9691355 0.4955248 0.8960761 0.4781719 0.9691355 0.4960606 0.9683398 0.3724813 0.8969883 0.3536016 0.8971331 0.353971 0.9690061 0.3724813 0.8969883 0.353971 0.9690061 0.3730315 0.9712051 0.4781719 0.9691355 0.3730315 0.9712051 0.3728653 0.9900847 0.4781719 0.9691355 0.3728653 0.9900847 0.4780057 0.9899683 0.4781719 0.9691355 0.3730315 0.9712051 0.3728653 0.9900847 0.4781719 0.9691355 0.3728653 0.9900847 0.4780057 0.9899683 0.4955248 0.8960761 0.4779616 0.8981595 0.4781719 0.9691355 0.4955248 0.8960761 0.4781719 0.9691355 0.4960606 0.9683398 0.3724813 0.8969883 0.3536016 0.8971331 0.353971 0.9690061 0.3724813 0.8969883 0.353971 0.9690061 0.3730315 0.9712051 0.353971 0.9690061 0.329977 0.9598052 0.3302811 0.9991921 0.353971 0.9690061 0.3302811 0.9991921 0.3530091 0.9912205 0.4781719 0.9691355 0.3730315 0.9712051 0.3728653 0.9900847 0.4781719 0.9691355 0.3728653 0.9900847 0.4780057 0.9899683 0.353971 0.9690061 0.329977 0.9598052 0.3302811 0.9991921 0.353971 0.9690061 0.3302811 0.9991921 0.3530091 0.9912205 0.3724813 0.8969883 0.3536016 0.8971331 0.353971 0.9690061 0.3724813 0.8969883 0.353971 0.9690061 0.3730315 0.9712051 0.3730315 0.9712051 0.353971 0.9690061 0.3530091 0.9912205 0.3730315 0.9712051 0.3530091 0.9912205 0.3728653 0.9900847 0.3530091 0.9912205 0.3728653 0.9900847 0.3730315 0.9712051 0.3530091 0.9912205 0.3730315 0.9712051 0.353971 0.9690061 0.353971 0.9690061 0.3730315 0.9712051 0.3724813 0.8969883 0.353971 0.9690061 0.3724813 0.8969883 0.3536016 0.8971331 0.4780057 0.9899683 0.4962343 0.9917766 0.4960606 0.9683398 0.4780057 0.9899683 0.4960606 0.9683398 0.4781719 0.9691355 0.4781719 0.9691355 0.4960606 0.9683398 0.4955248 0.8960761 0.4781719 0.9691355 0.4955248 0.8960761 0.4779616 0.8981595 0.3530091 0.9912205 0.3728653 0.9900847 0.3730315 0.9712051 0.3530091 0.9912205 0.3730315 0.9712051 0.353971 0.9690061 0.353971 0.9690061 0.3730315 0.9712051 0.3724813 0.8969883 0.353971 0.9690061 0.3724813 0.8969883 0.3536016 0.8971331 0.4780057 0.9899683 0.4962343 0.9917766 0.4960606 0.9683398 0.4780057 0.9899683 0.4960606 0.9683398 0.4781719 0.9691355 0.4781719 0.9691355 0.4960606 0.9683398 0.4955248 0.8960761 0.4781719 0.9691355 0.4955248 0.8960761 0.4779616 0.8981595 0.3530091 0.9912205 0.3728653 0.9900847 0.3730315 0.9712051 0.3530091 0.9912205 0.3730315 0.9712051 0.353971 0.9690061 0.353971 0.9690061 0.3730315 0.9712051 0.3724813 0.8969883 0.353971 0.9690061 0.3724813 0.8969883 0.3536016 0.8971331 0.4955248 0.8960761 0.4779616 0.8981595 0.4781719 0.9691355 0.4955248 0.8960761 0.4781719 0.9691355 0.4960606 0.9683398 0.5742847 0.9814321 0.5742413 0.9755728 0.5528879 0.9933097 0.5528879 0.9933097 0.5742413 0.9755728 0.5526852 0.9659668 0.5528879 0.9933097 0.5526852 0.9659668 0.4962343 0.9917766 0.4962343 0.9917766 0.5526852 0.9659668 0.4960606 0.9683398 0.4960606 0.9683398 0.4962343 0.9917766 0.5526852 0.9659668 0.5526852 0.9659668 0.4962343 0.9917766 0.5528879 0.9933097 0.5526852 0.9659668 0.5528879 0.9933097 0.5742413 0.9755728 0.5742413 0.9755728 0.5528879 0.9933097 0.5742847 0.9814321 0.5742847 0.9814321 0.5742413 0.9755728 0.5528879 0.9933097 0.5528879 0.9933097 0.5742413 0.9755728 0.5526852 0.9659668 0.5528879 0.9933097 0.5526852 0.9659668 0.4962343 0.9917766 0.4962343 0.9917766 0.5526852 0.9659668 0.4960606 0.9683398 0.5742847 0.9814321 0.5742413 0.9755728 0.5528879 0.9933097 0.5528879 0.9933097 0.5742413 0.9755728 0.5526852 0.9659668 0.5528879 0.9933097 0.5526852 0.9659668 0.4962343 0.9917766 0.4962343 0.9917766 0.5526852 0.9659668 0.4960606 0.9683398 0.4962343 0.9917766 0.4960606 0.9683398 0.4780057 0.9899683 0.4780057 0.9899683 0.4960606 0.9683398 0.4781719 0.9691355 0.5742847 0.9814321 0.5742413 0.9755728 0.5528879 0.9933097 0.5528879 0.9933097 0.5742413 0.9755728 0.5526852 0.9659668 0.5528879 0.9933097 0.5526852 0.9659668 0.4962343 0.9917766 0.4962343 0.9917766 0.5526852 0.9659668 0.4960606 0.9683398 0.4962343 0.9917766 0.4960606 0.9683398 0.4780057 0.9899683 0.4780057 0.9899683 0.4960606 0.9683398 0.4781719 0.9691355 0.329977 0.9598052 0.3302811 0.9991921 0.353971 0.9690061 0.353971 0.9690061 0.3302811 0.9991921 0.3530091 0.9912205 0.353971 0.9690061 0.3530091 0.9912205 0.3730315 0.9712051 0.3730315 0.9712051 0.3530091 0.9912205 0.3728653 0.9900847 0.3730315 0.9712051 0.3728653 0.9900847 0.4781719 0.9691355 0.4781719 0.9691355 0.3728653 0.9900847 0.4780057 0.9899683 0.4781719 0.9691355 0.4780057 0.9899683 0.4960606 0.9683398 0.4960606 0.9683398 0.4780057 0.9899683 0.4962343 0.9917766 0.5498381 0.9657427 0.5225017 0.9696422 0.547968 0.9723146 0.5498381 0.9657427 0.547968 0.9723146 0.5751953 0.9794922 0.5751953 0.9794922 0.547968 0.9723146 0.5478516 0.9853516 0.5751953 0.9794922 0.5478516 0.9853516 0.5498047 0.9931641 0.547968 0.9723146 0.5225017 0.9696422 0.5211368 0.9745424 0.5205078 0.9912109 0.5498047 0.9931641 0.5205078 0.9853516 0.5205078 0.9853516 0.5498047 0.9931641 0.5478516 0.9853516 0.5205078 0.9853516 0.5478516 0.9853516 0.5211368 0.9745424 0.5211368 0.9745424 0.5478516 0.9853516 0.547968 0.9723146 0.3447266 0.9912109 0.5205078 0.9912109 0.3445242 0.985722 0.3445242 0.985722 0.5205078 0.9912109 0.5205078 0.9853516 0.3445242 0.985722 0.5205078 0.9853516 0.3466797 0.9755859 0.3466797 0.9755859 0.5205078 0.9853516 0.5211368 0.9745424 0.3466797 0.9755859 0.5211368 0.9745424 0.3466797 0.9697266 0.3466797 0.9697266 0.5211368 0.9745424 0.5225017 0.9696422 0.7452189 0.3077836 0.7447148 0.2924687 0.7330372 0.3023517 0.7452189 0.3077836 0.7330372 0.3023517 0.7470647 0.3178536 0.6238899 0.1631317 0.7086185 0.2079014 0.7069334 0.1950897 0.6238899 0.1631317 0.7069334 0.1950897 0.6357609 0.1581481 0.7486289 0.328436 0.4405226 0.2464142 0.4578665 0.2581608 0.7486289 0.328436 0.4578665 0.2581608 0.6518183 0.5616834 0.6518183 0.5616834 0.4578665 0.2581608 0.3337473 0.4004504 0.6468367 0.1515743 0.6357609 0.1581481 0.7069334 0.1950897 0.6468367 0.1515743 0.7069334 0.1950897 0.6549886 0.1454661 0.6549886 0.1454661 0.7069334 0.1950897 0.6723146 0.1303527 0.5126601 0.188092 0.4887039 0.2177745 0.7150168 0.3079645 0.5126601 0.188092 0.7150168 0.3079645 0.5312289 0.1827098 0.5312289 0.1827098 0.7150168 0.3079645 0.5496349 0.1585847 0.7050954 0.1379873 0.6723146 0.1303527 0.7069334 0.1950897 0.7050954 0.1379873 0.7069334 0.1950897 0.7142519 0.1197012 0.7142519 0.1197012 0.7069334 0.1950897 0.7377642 0.1312145 0.7142519 0.1197012 0.7377642 0.1312145 0.7273252 0.106756 0.7273252 0.106756 0.7377642 0.1312145 0.7383012 0.1109583 0.7273252 0.106756 0.7383012 0.1109583 0.7396813 0.09287482 0.7478182 0.2118117 0.7467057 0.1949639 0.7246598 0.2048333 0.7478182 0.2118117 0.7246598 0.2048333 0.7498037 0.2248098 0.7498037 0.2248098 0.7246598 0.2048333 0.7151953 0.2077823 0.7498037 0.2248098 0.7151953 0.2077823 0.7150168 0.3079645 0.7150168 0.3079645 0.7151953 0.2077823 0.7086185 0.2079014 0.7150168 0.3079645 0.7086185 0.2079014 0.5496349 0.1585847 0.5496349 0.1585847 0.7086185 0.2079014 0.6238899 0.1631317 0.5496349 0.1585847 0.6238899 0.1631317 0.5841869 0.1500826 0.5841869 0.1500826 0.6238899 0.1631317 0.6232089 0.1566755 0.5841869 0.1500826 0.6232089 0.1566755 0.595201 0.1456295 0.595201 0.1456295 0.6232089 0.1566755 0.6232053 0.1500239 0.595201 0.1456295 0.6232053 0.1500239 0.603778 0.1393275 0.603778 0.1393275 0.6232053 0.1500239 0.6233828 0.1345331 0.603778 0.1393275 0.6233828 0.1345331 0.6151505 0.1312879 0.6151505 0.1312879 0.6233828 0.1345331 0.6225174 0.1228058 0.7545644 0.1804215 0.7741992 0.1827657 0.7620117 0.17064 0.6379019 0.09934598 0.6366267 0.09663134 0.6225174 0.1228058 0.6316909 0.1092689 0.6491701 0.112348 0.638656 0.1049954 0.6233828 0.1345331 0.6248357 0.121656 0.6225174 0.1228058 0.6225174 0.1228058 0.6248357 0.121656 0.6316909 0.1092689 0.6225174 0.1228058 0.6316909 0.1092689 0.6379019 0.09934598 0.6379019 0.09934598 0.6316909 0.1092689 0.638656 0.1049954 0.5794517 0.1429691 0.573578 0.1464056 0.5806444 0.1476617 0.5806444 0.1476617 0.573578 0.1464056 0.5654014 0.1505066 0.5806444 0.1476617 0.5654014 0.1505066 0.5841869 0.1500826 0.5841869 0.1500826 0.5654014 0.1505066 0.5496349 0.1585847 0.7246598 0.2048333 0.7467057 0.1949639 0.7442576 0.1933647 0.7442576 0.1933647 0.7467057 0.1949639 0.7545644 0.1804215 0.7442576 0.1933647 0.7545644 0.1804215 0.7616466 0.1658044 0.7616466 0.1658044 0.7545644 0.1804215 0.7620117 0.17064 0.476826 0.217528 0.4405226 0.2464142 0.4887039 0.2177745 0.4887039 0.2177745 0.4405226 0.2464142 0.7486289 0.328436 0.4887039 0.2177745 0.7486289 0.328436 0.7150168 0.3079645 0.7150168 0.3079645 0.7486289 0.328436 0.7470647 0.3178536 0.7150168 0.3079645 0.7470647 0.3178536 0.7242447 0.3072804 0.7242447 0.3072804 0.7470647 0.3178536 0.7330372 0.3023517</float_array>
          <technique_common>
            <accessor source="#Mesh_4-mesh-map-0-array" count="2499" stride="2">
              <param name="S" type="float"/>
              <param name="T" type="float"/>
            </accessor>
          </technique_common>
        </source>
        <source id="Mesh_4-mesh-colors-Col" name="Col">
          <float_array id="Mesh_4-mesh-colors-Col-array" count="9996">0.4745098 0.4431372 0.4392157 1 0.4235294 0.4235294 0.4235294 1 0.4235294 0.4235294 0.4235294 1 0.4745098 0.4431372 0.4392157 1 0.4235294 0.4235294 0.4235294 1 0.4235294 0.4235294 0.4235294 1 0.8117647 1 1 1 0.4235294 0.4235294 0.4235294 1 0.4235294 0.4235294 0.4235294 1 0.8117647 1 1 1 0.4235294 0.4235294 0.4235294 1 1 1 1 1 0.2078431 0.7529412 0.7568628 1 0.4235294 0.4235294 0.4235294 1 0.4235294 0.4235294 0.4235294 1 0.2078431 0.7529412 0.7568628 1 0.4235294 0.4235294 0.4235294 1 0.7294118 1 0.9411765 1 0.4235294 0.4235294 0.4235294 1 0.6117647 0.6117647 0.6117647 1 0.4745098 0.4431372 0.4392157 1 0.4235294 0.4235294 0.4235294 1 0.4745098 0.4431372 0.4392157 1 0.4745098 0.4431372 0.4392157 1 0.6117647 0.6117647 0.6117647 1 0.4745098 0.4431372 0.4392157 1 0.5803922 0.4705882 0.509804 1 0.6117647 0.6117647 0.6117647 1 0.5803922 0.4705882 0.509804 1 0.4745098 0.4431372 0.4392157 1 0.4235294 0.4235294 0.4235294 1 0.6666667 0.7529412 0.6666667 1 0.6666667 0.6666667 0.6666667 1 0.4235294 0.4235294 0.4235294 1 0.6666667 0.6666667 0.6666667 1 0.4235294 0.4235294 0.4235294 1 0.6666667 0.7529412 0.6666667 1 0.9686275 0.9686275 0.9686275 1 0.9686275 0.9686275 0.9686275 1 0.6666667 0.7529412 0.6666667 1 0.9686275 0.9686275 0.9686275 1 0.6666667 0.6666667 0.6666667 1 0.8117647 1 1 1 1 0.6862745 0.8 1 0.6117647 0.6117647 0.6117647 1 0.8117647 1 1 1 0.6117647 0.6117647 0.6117647 1 0.2078431 0.7529412 0.7568628 1 0.4235294 0.4235294 0.4235294 1 0.6117647 0.6117647 0.6117647 1 0.5529412 0.5529412 0.5529412 1 0.4235294 0.4235294 0.4235294 1 0.5529412 0.5529412 0.5529412 1 0.6117647 0.6117647 0.6117647 1 1 1 1 1 1 1 1 1 1 0.6862745 0.8 1 1 1 1 1 1 0.6862745 0.8 1 0.8117647 1 1 1 0.7294118 1 0.9411765 1 0.9686275 0.9686275 0.9686275 1 0.9686275 0.9686275 0.9686275 1 0.7294118 1 0.9411765 1 0.9686275 0.9686275 0.9686275 1 0.6666667 0.7529412 0.6666667 1 0.5803922 0.4705882 0.509804 1 0.4431372 0.4235294 0.4392157 1 0.4431372 0.4235294 0.4392157 1 0.5803922 0.4705882 0.509804 1 0.4431372 0.4235294 0.4392157 1 0.4431372 0.4235294 0.4392157 1 0.6117647 0.6117647 0.6117647 1 0.7960785 0.7960785 0.7960785 1 0.9686275 0.9686275 0.9686275 1 0.6117647 0.6117647 0.6117647 1 0.9686275 0.9686275 0.9686275 1 0.4745098 0.4431372 0.4392157 1 0.4235294 0.4235294 0.4235294 1 0.7294118 1 0.9411765 1 0.6666667 0.7529412 0.6666667 1 0.4235294 0.4235294 0.4235294 1 0.6666667 0.7529412 0.6666667 1 0.4235294 0.4235294 0.4235294 1 0.4235294 0.4235294 0.4235294 1 0.6313726 0.4666666 0.3960784 1 0.7294118 1 0.9411765 1 0.4235294 0.4235294 0.4235294 1 0.7294118 1 0.9411765 1 0.4235294 0.4235294 0.4235294 1 1 1 0.8117647 1 0.4235294 0.4235294 0.4235294 1 0.6666667 0.6666667 0.6666667 1 1 1 0.8117647 1 0.6666667 0.6666667 0.6666667 1 1 1 0.8117647 1 0.9686275 0.9686275 0.9686275 1 0.7607843 0.5529412 0.509804 1 0.7607843 0.5529412 0.509804 1 0.9686275 0.9686275 0.9686275 1 0.7607843 0.5529412 0.509804 1 0.4745098 0.4431372 0.4392157 1 0.4745098 0.4431372 0.4392157 1 0.7607843 0.5529412 0.509804 1 0.5843138 0.4235294 0.4235294 1 0.4745098 0.4431372 0.4392157 1 0.5843138 0.4235294 0.4235294 1 0.7098039 0.5176471 0.509804 1 0.7098039 0.5176471 0.509804 1 0.5843138 0.4235294 0.4235294 1 0.4235294 0.4235294 0.4235294 1 0.7294118 1 0.9411765 1 0.4235294 0.4235294 0.4235294 1 0.2078431 0.7529412 0.7568628 1 0.7294118 1 0.9411765 1 0.2078431 0.7529412 0.7568628 1 1 0.6862745 0.8 1 1 0.6862745 0.8 1 0.2078431 0.7529412 0.7568628 1 0.6117647 0.6117647 0.6117647 1 0.4235294 0.4235294 0.4235294 1 0.5843138 0.4235294 0.4235294 1 0.7098039 0.5176471 0.509804 1 0.4235294 0.4235294 0.4235294 1 0.7098039 0.5176471 0.509804 1 0.7058824 0.5607843 0.6196079 1 0.7058824 0.5607843 0.6196079 1 0.7098039 0.5176471 0.509804 1 0.7607843 0.5529412 0.509804 1 1 0.6862745 0.8 1 0.5019608 0.4431372 0.4431372 1 0.5019608 0.4431372 0.4431372 1 1 0.6862745 0.8 1 0.5019608 0.4431372 0.4431372 1 0.7294118 1 0.9411765 1 0.7294118 1 0.9411765 1 0.5019608 0.4431372 0.4431372 1 0.5019608 0.4431372 0.4431372 1 0.7294118 1 0.9411765 1 0.5019608 0.4431372 0.4431372 1 0.4235294 0.4235294 0.4235294 1 0.5019608 0.4431372 0.4431372 1 0.4235294 0.4235294 0.4235294 1 0.7098039 0.5176471 0.509804 1 0.5019608 0.4431372 0.4431372 1 0.7098039 0.5176471 0.509804 1 0.5019608 0.4431372 0.4431372 1 0.5019608 0.4431372 0.4431372 1 0.7098039 0.5176471 0.509804 1 0.7058824 0.5607843 0.6196079 1 0.5019608 0.4431372 0.4431372 1 0.7058824 0.5607843 0.6196079 1 0.7058824 0.5607843 0.6196079 1 0.7058824 0.5607843 0.6196079 1 0.7058824 0.5607843 0.6196079 1 0.7607843 0.5529412 0.509804 1 0.4745098 0.4431372 0.4392157 1 0.9686275 0.9686275 0.9686275 1 0.9686275 0.9686275 0.9686275 1 0.4745098 0.4431372 0.4392157 1 0.9686275 0.9686275 0.9686275 1 0.9686275 0.9686275 0.9686275 1 0.9686275 0.9686275 0.9686275 1 0.9686275 0.9686275 0.9686275 1 0.7294118 1 0.9411765 1 0.9686275 0.9686275 0.9686275 1 0.7294118 1 0.9411765 1 0.7607843 0.5529412 0.509804 1 0.7607843 0.5529412 0.509804 1 0.7294118 1 0.9411765 1 0.6313726 0.4666666 0.3960784 1 0.9686275 0.9686275 0.9686275 1 0.9686275 0.9686275 0.9686275 1 0.7294118 1 0.9411765 1 0.5843138 0.4235294 0.4235294 1 0.4235294 0.4235294 0.4235294 1 0.4235294 0.4235294 0.4235294 1 0.5843138 0.4235294 0.4235294 1 0.4235294 0.4235294 0.4235294 1 0.5843138 0.4235294 0.4235294 1 1 0.6862745 0.8 1 1 0.6862745 0.8 1 0.7294118 1 0.9411765 1 0.6588236 0.4313725 0.4666666 1 1 1 0.8117647 1 0.7960785 0.7960785 0.7960785 1 0.6588236 0.4313725 0.4666666 1 0.7960785 0.7960785 0.7960785 1 0.6666667 0.6666667 0.6666667 1 1 1 0.8117647 1 0.4235294 0.4235294 0.4235294 1 0.4235294 0.4235294 0.4235294 1 1 1 0.8117647 1 0.4235294 0.4235294 0.4235294 1 0.4235294 0.4235294 0.4235294 1 0.7882353 0.4666666 0.7137255 1 0.4745098 0.427451 0.4627451 1 0.4784314 0.427451 0.4666666 1 0.7882353 0.4666666 0.7137255 1 0.4784314 0.427451 0.4666666 1 1 1 0.8117647 1 0.7882353 0.4666666 0.7137255 1 1 1 0.8117647 1 0.7882353 0.4666666 0.7137255 1 0.7882353 0.4666666 0.7137255 1 1 1 0.8117647 1 1 1 0.8117647 1 0.7882353 0.4666666 0.7137255 1 1 1 0.8117647 1 0.6588236 0.4313725 0.4666666 1 0.6588236 0.4313725 0.4666666 1 1 1 0.8117647 1 0.6588236 0.4313725 0.4666666 1 0.7372549 0.8117647 1 1 0.5450981 0.6196079 0.7803922 1 0.5450981 0.4588235 0.4509804 1 0.7372549 0.8117647 1 1 0.5450981 0.4588235 0.4509804 1 0.5294118 0.4509804 0.4509804 1 0.5294118 0.4509804 0.4509804 1 0.5450981 0.4588235 0.4509804 1 1 0.8117647 0.8117647 1 0.5294118 0.4509804 0.4509804 1 1 0.8117647 0.8117647 1 1 0.7372549 0.7372549 1 0.4745098 0.4392157 0.4313725 1 1 0.6470589 0.6470589 1 1 0.6470589 0.6470589 1 0.4745098 0.4392157 0.4313725 1 1 0.6470589 0.6470589 1 0.5529412 0.5529412 0.5529412 1 0.7882353 0.7176471 0.7803922 1 0.4745098 0.4392157 0.4313725 1 0.4745098 0.4392157 0.4313725 1 0.7882353 0.7176471 0.7803922 1 0.4745098 0.4392157 0.4313725 1 1 0.7372549 0.7372549 1 0.7882353 0.7176471 0.7803922 1 0.4745098 0.4392157 0.4313725 1 0.5529412 0.5529412 0.5529412 1 0.7882353 0.7176471 0.7803922 1 0.5529412 0.5529412 0.5529412 1 1 1 0.8784314 1 0.4745098 0.4392157 0.4313725 1 0.7882353 0.7176471 0.7803922 1 1 1 0.8784314 1 0.4745098 0.4392157 0.4313725 1 1 1 0.8784314 1 0.4745098 0.4392157 0.4313725 1 1 0.8784314 0.9411765 1 0.4745098 0.4392157 0.4313725 1 0.7372549 0.8117647 1 1 1 0.8784314 0.9411765 1 0.7372549 0.8117647 1 1 0.4745098 0.4392157 0.4313725 1 1 0.8784314 0.9411765 1 0.2862745 0.2862745 0.2862745 1 1 0.6470589 0.8470588 1 1 0.8784314 0.9411765 1 1 0.6470589 0.8470588 1 0.4745098 0.4392157 0.4313725 1 1 0.8784314 0.9411765 1 0.4745098 0.4392157 0.4313725 1 1 0.7372549 0.8784314 1 1 0.8784314 0.9411765 1 1 0.7372549 0.8784314 1 0.4745098 0.4392157 0.4313725 1 1 0.8784314 0.9411765 1 0.4745098 0.4392157 0.4313725 1 1 0.7372549 0.7372549 1 1 0.8784314 0.9411765 1 1 0.7372549 0.7372549 1 0.4745098 0.4392157 0.4313725 1 1 0.8784314 0.9411765 1 0.4745098 0.4392157 0.4313725 1 1 1 0.8784314 1 1 0.8784314 0.9411765 1 1 1 0.8784314 1 0.4745098 0.4392157 0.4313725 1 1 0.8784314 0.9411765 1 0.4745098 0.4392157 0.4313725 1 1 0.6470589 0.6470589 1 1 0.8784314 0.9411765 1 1 0.6470589 0.6470589 1 0.6196079 0.4470588 0.4117647 1 1 0.8784314 0.9411765 1 0.4745098 0.4392157 0.4313725 1 0.7372549 0.8117647 1 1 1 0.8784314 0.9411765 1 0.7372549 0.8117647 1 1 0.4745098 0.4392157 0.4313725 1 1 0.8784314 0.9411765 1 0.6196079 0.4470588 0.4117647 1 0.8588235 0.509804 0.4941176 1 1 0.8784314 0.9411765 1 0.8588235 0.509804 0.4941176 1 0.2862745 0.2862745 0.2862745 1 1 0.8784314 0.9411765 1 0.6196079 0.4470588 0.4117647 1 0.8588235 0.509804 0.4941176 1 1 0.8784314 0.9411765 1 0.8588235 0.509804 0.4941176 1 0.6196079 0.4470588 0.4117647 1 1 0.8784314 0.9411765 1 0.4745098 0.4392157 0.4313725 1 1 0.8117647 0.8117647 1 1 0.8784314 0.9411765 1 1 0.8117647 0.8117647 1 0.4745098 0.4392157 0.4313725 1 1 0.6470589 0.6470589 1 0.654902 0.5960785 0.627451 1 0.4745098 0.4392157 0.4313725 1 0.2862745 0.2862745 0.2862745 1 1 0.9411765 0.972549 1 1 0.9411765 0.972549 1 0.2862745 0.2862745 0.2862745 1 1 0.9411765 0.972549 1 0.4235294 0.4235294 0.4235294 1 0.4235294 0.4235294 0.4235294 1 0.4235294 0.4235294 0.4235294 1 1 0.9411765 0.972549 1 0.4235294 0.4235294 0.4235294 1 1 0.9411765 0.972549 1 0.9294118 0.7764706 0.8470588 1 0.4862745 0.4862745 0.4862745 1 0.4235294 0.4235294 0.4235294 1 0.7254902 0.4862745 0.4862745 1 0.4862745 0.4862745 0.4862745 1 0.7254902 0.4862745 0.4862745 1 0.2862745 0.2862745 0.2862745 1 0.7254902 0.4862745 0.4862745 1 1 0.8784314 0.7372549 1 1 0.9411765 0.972549 1 0.7254902 0.4862745 0.4862745 1 1 0.9411765 0.972549 1 0.2862745 0.2862745 0.2862745 1 1 0.7803922 0.7058824 1 1 0.8784314 0.9058824 1 0.8039216 0.654902 0.6392157 1 1 0.7803922 0.7058824 1 0.8039216 0.654902 0.6392157 1 0.9921569 0.8039216 0.8039216 1 0.5450981 0.4313725 0.5137255 1 0.2862745 0.2862745 0.2862745 1 1 1 1 1 0.5450981 0.4313725 0.5137255 1 1 1 1 1 0.5450981 0.4313725 0.5176471 1 0.5450981 0.4313725 0.5176471 1 1 1 1 1 0.5803922 0.4784314 0.5686275 1 0.2862745 0.2862745 0.2862745 1 0.2862745 0.2862745 0.2862745 1 0.2862745 0.2862745 0.2862745 1 0.2862745 0.2862745 0.2862745 1 0.2862745 0.2862745 0.2862745 1 1 1 1 1 1 1 1 1 0.2862745 0.2862745 0.2862745 1 0.2862745 0.2862745 0.2862745 1 1 1 1 1 0.2862745 0.2862745 0.2862745 1 0.2862745 0.2862745 0.2862745 1 0.7254902 0.4862745 0.4862745 1 0.2862745 0.2862745 0.2862745 1 0.2862745 0.2862745 0.2862745 1 0.7254902 0.4862745 0.4862745 1 0.2862745 0.2862745 0.2862745 1 0.7254902 0.4862745 0.4862745 1 0.7254902 0.4862745 0.4862745 1 0.2862745 0.2862745 0.2862745 1 0.2862745 0.2862745 0.2862745 1 0.7254902 0.4862745 0.4862745 1 0.2862745 0.2862745 0.2862745 1 0.7254902 0.4862745 0.4862745 1 1 0.9411765 0.972549 1 0.9294118 0.7764706 0.8470588 1 1 0.9411765 0.972549 1 1 0.9411765 0.972549 1 1 0.9411765 0.972549 1 1 0.7372549 0.8784314 1 1 0.7372549 0.8784314 1 1 0.9411765 0.972549 1 1 0.7607843 0.6862745 1 1 0.7372549 0.8784314 1 1 0.7607843 0.6862745 1 1 0.8784314 0.7372549 1 1 0.8784314 0.7372549 1 1 0.7607843 0.6862745 1 1 0.7372549 0.8784314 1 0.9921569 0.8039216 0.8039216 1 0.9882353 0.7411765 0.6705883 1 1 0.7803922 0.7058824 1 1 0.8784314 0.7372549 1 0.9882353 0.7411765 0.6705883 1 0.9960784 0.8078432 0.8039216 1 1 1 1 1 0.2862745 0.2862745 0.2862745 1 0.5803922 0.4784314 0.5686275 1 0.9960784 0.8078432 0.8039216 1 1 1 1 1 1 0.8784314 0.7372549 1 0.5450981 0.4313725 0.5137255 1 0.5254902 0.4313725 0.5019608 1 0.2862745 0.2862745 0.2862745 1 0.2862745 0.2862745 0.2862745 1 0.5254902 0.4313725 0.5019608 1 0.4862745 0.4862745 0.4862745 1 0.2862745 0.2862745 0.2862745 1 0.4862745 0.4862745 0.4862745 1 0.2862745 0.2862745 0.2862745 1 0.2862745 0.2862745 0.2862745 1 0.4862745 0.4862745 0.4862745 1 0.4862745 0.4862745 0.4862745 1 0.9882353 0.7411765 0.6705883 1 1 0.7607843 0.6862745 1 1 0.7803922 0.7058824 1 1 0.7803922 0.7058824 1 1 0.7607843 0.6862745 1 1 0.9411765 0.972549 1 1 0.7803922 0.7058824 1 1 0.9411765 0.972549 1 1 0.8784314 0.9058824 1 1 0.8784314 0.9058824 1 1 0.9411765 0.972549 1 0.9294118 0.7764706 0.8470588 1 1 0.8784314 0.9058824 1 0.9294118 0.7764706 0.8470588 1 0.8039216 0.654902 0.6392157 1 0.8039216 0.654902 0.6392157 1 0.9294118 0.7764706 0.8470588 1 1 1 1 1 0.8039216 0.654902 0.6392157 1 1 1 1 1 0.9921569 0.8039216 0.8039216 1 0.9921569 0.8039216 0.8039216 1 1 1 1 1 1 1 1 1 1 1 1 1 1 1 1 1 0.9137255 0.8117647 1 1 1 1 1 1 0.9137255 0.8117647 1 1 0.9137255 0.8117647 1 1 1 0.5294118 0.9294118 1 1 0.6470589 0.6470589 1 1 1 1 1 1 0.5294118 0.9294118 1 1 1 1 1 1 0.5294118 0.9294118 1 1 1 1 1 0.9294118 0.7568628 0.7215687 1 1 1 1 1 1 1 1 1 1 1 1 1 1 1 1 1 0.4313725 0.4235294 0.427451 1 1 0.7137255 1 1 0.9137255 0.8117647 1 1 0.4313725 0.4235294 0.427451 1 0.9137255 0.8117647 1 1 0.9137255 0.8117647 1 1 1 0.6470589 0.6470589 1 1 0.6470589 0.6470589 1 1 0.6470589 0.6470589 1 1 0.6470589 0.6470589 1 1 0.6470589 0.6470589 1 1 1 1 1 1 1 1 1 1 0.6470589 0.6470589 1 1 1 1 1 1 0.6470589 0.6470589 1 1 0.6470589 0.6470589 1 1 1 1 1 1 0.6470589 0.6470589 1 1 1 1 1 1 1 1 1 1 1 1 1 1 1 1 1 1 1 1 1 1 1 1 1 1 1 1 1 1 0.9058824 0.8941177 1 1 1 1 1 0.9137255 0.8117647 1 1 1 1 1 1 1 1 1 1 0.9137255 0.8117647 1 1 0.9137255 0.8117647 1 1 1 1 1 1 0.9137255 0.8117647 1 1 1 0.5568628 0.9647059 1 1 0.5568628 0.9647059 1 0.9137255 0.8117647 1 1 1 0.7137255 1 1 1 0.8156863 0.7490196 1 1 0.9058824 0.8941177 1 1 1 1 1 0.8352941 0.6627451 0.6666667 1 0.772549 0.6666667 0.5921569 1 1 1 1 1 0.9137255 0.8117647 1 1 0.9137255 0.8117647 1 1 0.4313725 0.4235294 0.427451 1 1 1 1 1 1 1 1 1 1 1 1 1 0.9294118 0.7568628 0.7215687 1 0.8352941 0.6627451 0.6666667 1 1 1 1 1 1 1 1 1 0.9607843 0.8235294 0.6862745 1 1 0.8156863 0.7490196 1 0.6196079 0.2313725 0 1 0.8901961 0.5764706 0.2705882 1 0.8901961 0.6901961 0.4588235 1 0.6196079 0.2313725 0 1 0.8901961 0.6901961 0.4588235 1 0.7803922 0.4666666 0.8431373 1 0.8901961 0.6901961 0.4588235 1 0.8901961 0.6901961 0.4588235 1 0.7803922 0.4666666 0.8431373 1 0.8901961 0.6901961 0.4588235 1 0.7803922 0.4666666 0.8431373 1 0.8901961 0.6901961 0.4588235 1 0.8901961 0.6901961 0.4588235 1 0.7803922 0.4666666 0.8431373 1 0.8078432 0.4666666 0.7372549 1 0.7254902 0.6784314 0.3960784 1 0.7254902 0.6784314 0.3960784 1 0.7254902 0.6784314 0.3960784 1 0.7254902 0.6784314 0.3960784 1 0.7254902 0.6784314 0.3960784 1 1 1 0.8117647 1 1 1 0.8117647 1 0.7254902 0.6784314 0.3960784 1 0.8235294 0.9098039 0.682353 1 0.8901961 0.6901961 0.4588235 1 0.7254902 0.6784314 0.3960784 1 0.7803922 0.4666666 0.8431373 1 0.8901961 0.6901961 0.4588235 1 0.7803922 0.4666666 0.8431373 1 0.8901961 0.6901961 0.4588235 1 0.8901961 0.6901961 0.4588235 1 0.7803922 0.4666666 0.8431373 1 0.7803922 0.4666666 0.8431373 1 0.8901961 0.6901961 0.4588235 1 0.7803922 0.4666666 0.8431373 1 0.7803922 0.4666666 0.8431373 1 0.7254902 0.6784314 0.3960784 1 0.7803922 0.4666666 0.8431373 1 0.7254902 0.6784314 0.3960784 1 0.7254902 0.6784314 0.3960784 1 0.7254902 0.6784314 0.3960784 1 0.7254902 0.6784314 0.3960784 1 0.7254902 0.6784314 0.3960784 1 0.7254902 0.6784314 0.3960784 1 0.7254902 0.6784314 0.3960784 1 0.7254902 0.6784314 0.3960784 1 0.7254902 0.6784314 0.3960784 1 0.7254902 0.6784314 0.3960784 1 0.8901961 0.6901961 0.4588235 1 0.8901961 0.6901961 0.4588235 1 0.8901961 0.5764706 0.2705882 1 0.8901961 0.6901961 0.4588235 1 0.8901961 0.5764706 0.2705882 1 0.8235294 0.9098039 0.682353 1 0.8235294 0.9098039 0.682353 1 0.7254902 0.6784314 0.3960784 1 0.7254902 0.6784314 0.3960784 1 0.8235294 0.9098039 0.682353 1 0.7254902 0.6784314 0.3960784 1 0.8235294 0.9098039 0.682353 1 0.8235294 0.9098039 0.682353 1 0.7254902 0.6784314 0.3960784 1 0.8901961 0.6901961 0.4588235 1 0.8235294 0.9098039 0.682353 1 0.8901961 0.6901961 0.4588235 1 0.8901961 0.6901961 0.4588235 1 0.8901961 0.6901961 0.4588235 1 0.8901961 0.6901961 0.4588235 1 0.8901961 0.6901961 0.4588235 1 0.7254902 0.6784314 0.3960784 1 0.7254902 0.6784314 0.3960784 1 0.8901961 0.6901961 0.4588235 1 0.5725491 0.4392157 0.5372549 1 0.5686275 0.4392157 0.5333334 1 0.5882353 0.4392157 0.5490196 1 0.5725491 0.4392157 0.5372549 1 0.5882353 0.4392157 0.5490196 1 0.5921569 0.4392157 0.5529412 1 1 0.7372549 0.8784314 1 1 0.7372549 0.8784314 1 0.8470588 0.6470589 1 1 1 0.7372549 0.8784314 1 0.8470588 0.6470589 1 1 0.7529412 0.5294118 0.5529412 1 0.7529412 0.5294118 0.5529412 1 1 0.7372549 0.8784314 1 1 0.7372549 0.8784314 1 0.7529412 0.5294118 0.5529412 1 1 0.7372549 0.8784314 1 0.7529412 0.5294118 0.5529412 1 0.7529412 0.5294118 0.5529412 1 1 0.7372549 0.8784314 1 1 0.7372549 0.8784314 1 0.7529412 0.5294118 0.5529412 1 1 0.7372549 0.8784314 1 0.7333334 0.4588235 0.6666667 1 0.7333334 0.4588235 0.6666667 1 1 0.7372549 0.8784314 1 1 0.7372549 0.8784314 1 0.7529412 0.5294118 0.5529412 1 1 0.7372549 0.8784314 1 1 0.7372549 0.8784314 1 0.7529412 0.5294118 0.5529412 1 1 0.7372549 0.8784314 1 0.7529412 0.5294118 0.5529412 1 0.7529412 0.5294118 0.5529412 1 1 0.7372549 0.8784314 1 0.7529412 0.5294118 0.5529412 1 0.7529412 0.5294118 0.5529412 1 0.5607843 0.4313725 0.5254902 1 1 0.7372549 0.8784314 1 0.7529412 0.5294118 0.5529412 1 1 0.7372549 0.8784314 1 0.7529412 0.5294118 0.5529412 1 0.7529412 0.5294118 0.5529412 1 1 0.7372549 0.8784314 1 1 0.7372549 0.8784314 1 0.7529412 0.5294118 0.5529412 1 0.6039216 0.4392157 0.5607843 1 0.5725491 0.4392157 0.5372549 1 0.7529412 0.5294118 0.5529412 1 0.5725491 0.4392157 0.5372549 1 0.5607843 0.4313725 0.5254902 1 0.5607843 0.4313725 0.5254902 1 0.5725491 0.4392157 0.5372549 1 0.5921569 0.4392157 0.5529412 1 0.5607843 0.4313725 0.5254902 1 0.5921569 0.4392157 0.5529412 1 1 0.7372549 0.8784314 1 1 0.7372549 0.8784314 1 0.5921569 0.4392157 0.5529412 1 0.7529412 0.5294118 0.5529412 1 1 0.7372549 0.8784314 1 0.7529412 0.5294118 0.5529412 1 0.7529412 0.5294118 0.5529412 1 0.5686275 0.4392157 0.5333334 1 0.5725491 0.4392157 0.5372549 1 0.6039216 0.4392157 0.5607843 1 0.6078432 0.4392157 0.5568628 1 0.654902 0.4470588 0.6078432 1 1 0.8117647 0.9137255 1 0.6078432 0.4392157 0.5568628 1 1 0.8117647 0.9137255 1 1 0.8117647 0.9137255 1 0.772549 0.4627451 0.7019608 1 1 0.6470589 0.8470588 1 0.8117647 1 0.8627451 1 0.772549 0.4627451 0.7019608 1 0.8117647 1 0.8627451 1 0.772549 0.4627451 0.7019608 1 1 0.8117647 0.9137255 1 0.772549 0.4627451 0.7019608 1 0.8117647 1 0.8627451 1 1 0.8117647 0.9137255 1 0.8117647 1 0.8627451 1 1 0.6470589 0.8470588 1 1 0.6470589 0.8470588 1 0.8117647 1 0.8627451 1 1 0.8117647 0.9137255 1 0.8117647 1 0.8627451 1 1 0.8117647 0.9137255 1 0.8117647 1 0.8627451 1 0.8117647 1 0.8627451 1 0.8117647 1 0.8627451 1 1 0.8117647 0.9137255 1 1 0.8117647 0.9137255 1 0.8117647 1 0.8627451 1 1 0.8117647 0.9137255 1 1 0.8117647 0.9137255 1 1 0.8117647 0.9137255 1 1 0.9137255 0.8117647 1 1 0.8117647 0.9137255 1 1 0.9137255 0.8117647 1 0.8117647 1 0.8627451 1 0.8117647 1 0.8627451 1 1 0.9137255 0.8117647 1 1 0.8117647 0.9137255 1 1 0.8117647 0.9137255 1 1 0.8117647 0.9137255 1 0.6078432 0.4392157 0.5568628 1 1 0.8117647 0.9137255 1 0.6078432 0.4392157 0.5568628 1 0.5843138 0.4392157 0.5372549 1 0.5843138 0.4392157 0.5372549 1 0.6078432 0.4392157 0.5568628 1 1 0.8117647 0.9137255 1 0.5843138 0.4392157 0.5372549 1 1 0.8117647 0.9137255 1 1 0.9137255 0.8117647 1 1 0.9137255 0.8117647 1 1 0.8117647 0.9137255 1 1 0.8117647 0.9137255 1 1 0.9137255 0.8117647 1 1 0.8117647 0.9137255 1 1 0.8117647 0.9137255 1 0.6078432 0.4392157 0.5568628 1 1 0.8117647 0.9137255 1 0.6156863 0.4392157 0.5333334 1 1 0.9137255 0.8117647 1 1 0.8117647 0.9137255 1 1 0.8117647 0.9137255 1 1 0.8117647 0.9137255 1 0.5843138 0.4392157 0.5372549 1 1 0.8470588 0.6470589 1 1 1 1 1 0.8117647 1 0.8117647 1 0.4862745 0.4862745 0.4862745 1 1 1 1 1 0.4862745 0.4862745 0.4862745 1 0.8470588 0.6470589 1 1 0.8470588 0.6470589 1 1 0.4862745 0.4862745 0.4862745 1 0.7490196 0.4627451 0.682353 1 1 1 1 1 1 1 1 1 0.8117647 1 0.8117647 1 1 1 1 1 0.8117647 1 0.8117647 1 1 1 1 1 1 1 1 1 0.8117647 1 0.8117647 1 1 1 1 1 1 1 1 1 1 1 1 1 1 0.8784314 0.7372549 1 1 0.8784314 0.7372549 1 0.8470588 0.6470589 1 1 1 1 1 1 0.8117647 1 0.8117647 1 0.4862745 0.4862745 0.4862745 1 0.4862745 0.4862745 0.4862745 1 1 0.7372549 0.8784314 1 0.7960785 0.7960785 0.7960785 1 0.7960785 0.7960785 0.7960785 1 1 0.7372549 0.8784314 1 0.7960785 0.7960785 0.7960785 1 1 0.7372549 0.8784314 1 0.7960785 0.7960785 0.7960785 1 1 0.7372549 0.8784314 1 0.7960785 0.7960785 0.7960785 1 0.7960785 0.7960785 0.7960785 1 0.7960785 0.7960785 0.7960785 1 1 0.7372549 0.8784314 1 1 0.7372549 0.8784314 1 1 0.7372549 0.8784314 1 0.7960785 0.7960785 0.7960785 1 1 0.7372549 0.8784314 1 0.7960785 0.7960785 0.7960785 1 1 0.7372549 0.8784314 1 1 0.7372549 0.8784314 1 0.7960785 0.7960785 0.7960785 1 0.7960785 0.7960785 0.7960785 1 1 0.7372549 0.8784314 1 1 1 1 1 0.7960785 0.7960785 0.7960785 1 1 0.7372549 0.8784314 1 0.7960785 0.7960785 0.7960785 1 1 0.7372549 0.8784314 1 1 0.7372549 0.8784314 1 0.7960785 0.7960785 0.7960785 1 1 0.7372549 0.8784314 1 1 0.7372549 0.8784314 1 1 0.7372549 0.8784314 1 0.7960785 0.7960785 0.7960785 1 1 0.7372549 0.8784314 1 0.7960785 0.7960785 0.7960785 1 1 0.7372549 0.8784314 1 1 0.7372549 0.8784314 1 0.7960785 0.7960785 0.7960785 1 1 0.9137255 0.8117647 1 1 0.7372549 0.8784314 1 1 0.9137255 0.8117647 1 1 1 1 1 1 0.7372549 0.8784314 1 1 0.7372549 0.8784314 1 0.7960785 0.7960785 0.7960785 1 1 0.7372549 0.8784314 1 0.7960785 0.7960785 0.7960785 1 1 0.7372549 0.8784314 1 1 0.7372549 0.8784314 1 0.7960785 0.7960785 0.7960785 1 1 1 1 1 1 0.7372549 0.8784314 1 1 1 1 1 0.7960785 0.7960785 0.7960785 1 0.7960785 0.7960785 0.7960785 1 1 1 1 1 1 0.7372549 0.8784314 1 0.7960785 0.7960785 0.7960785 1 1 0.7372549 0.8784314 1 1 0.7372549 0.8784314 1 1 1 1 1 0.5568628 0.4313725 0.5254902 1 1 0.7372549 0.8784314 1 1 0.7372549 0.8784314 1 1 1 1 1 1 1 1 1 1 1 1 1 1 0.9137255 0.8117647 1 1 0.7372549 0.8784314 1 1 0.7372549 0.8784314 1 1 0.9137255 0.8117647 1 0.7960785 0.7960785 0.7960785 1 1 0.7372549 0.8784314 1 0.7960785 0.7960785 0.7960785 1 1 0.7372549 0.8784314 1 1 0.7372549 0.8784314 1 0.7960785 0.7960785 0.7960785 1 1 0.7372549 0.8784314 1 0.5372549 0.4313725 0.509804 1 0 0 0 1 0 0 0 1 0.5372549 0.4313725 0.509804 1 0 0 0 1 0 0 0 1 0.654902 0.4470588 0.6078432 1 0.7450981 0.4627451 0.682353 1 0.8666667 0.5529412 0.8352941 1 0.654902 0.4470588 0.6078432 1 0.8666667 0.5529412 0.8352941 1 0.509804 0.427451 0.4901961 1 0.8666667 0.5529412 0.8352941 1 0.8078432 0.5529412 0.7686275 1 0.509804 0.427451 0.4901961 1 0.8666667 0.5529412 0.8352941 1 0.509804 0.427451 0.4901961 1 0.4980392 0.427451 0.4784314 1 0 0 0 1 0 0 0 1 0.4235294 0.4235294 0.4235294 1 0 0 0 1 0.4235294 0.4235294 0.4235294 1 0.4235294 0.4235294 0.4235294 1 0.7529412 0.4588235 0.7294118 1 0.8666667 0.5529412 0.8352941 1 0.8078432 0.5529412 0.7686275 1 0.7529412 0.4588235 0.7294118 1 0.8078432 0.5529412 0.7686275 1 0.5960785 0.4313725 0.5137255 1 0.8078432 0.5529412 0.7686275 1 0.8078432 0.5529412 0.7686275 1 0.5960785 0.4313725 0.5137255 1 0.8078432 0.5529412 0.7686275 1 0.5960785 0.4313725 0.5137255 1 0.5960785 0.4313725 0.5137255 1 0.5960785 0.4313725 0.5137255 1 0.5960785 0.4313725 0.5137255 1 0.8078432 0.5529412 0.7686275 1 0.5960785 0.4313725 0.5137255 1 0.8078432 0.5529412 0.7686275 1 0.5960785 0.4313725 0.5137255 1 0.5960785 0.4313725 0.5137255 1 0.8078432 0.5529412 0.7686275 1 0.5960785 0.4313725 0.5137255 1 0.8666667 0.5529412 0.8352941 1 0.5960785 0.4313725 0.5137255 1 0.5960785 0.4313725 0.5137255 1 0.8666667 0.5529412 0.8352941 1 0.5960785 0.4313725 0.5137255 1 0.8666667 0.5529412 0.8352941 1 0.8666667 0.5529412 0.8352941 1 0.5960785 0.4313725 0.5137255 1 0.8078432 0.5529412 0.7686275 1 0.5372549 0.4313725 0.509804 1 0 0 0 1 0.654902 0.4235294 0.2078431 1 0.5372549 0.4313725 0.509804 1 0.654902 0.4235294 0.2078431 1 0.7529412 0.4941176 0.6980392 1 0.7529412 0.4941176 0.6980392 1 0.654902 0.4235294 0.2078431 1 0.8196079 0.4862745 0.7294118 1 0.7529412 0.4941176 0.6980392 1 0.8196079 0.4862745 0.7294118 1 0.8666667 0.5529412 0.8352941 1 0.6745098 0.4509804 0.627451 1 0.5960785 0.4313725 0.5137255 1 0.5960785 0.4313725 0.5137255 1 0.6745098 0.4509804 0.627451 1 0.5960785 0.4313725 0.5137255 1 0.7333334 0.4588235 0.6666667 1 0.7333334 0.4588235 0.6666667 1 0.5960785 0.4313725 0.5137255 1 0.8666667 0.5529412 0.8352941 1 0.7333334 0.4588235 0.6666667 1 0.8666667 0.5529412 0.8352941 1 0.7450981 0.4627451 0.682353 1 0.7450981 0.4627451 0.682353 1 0.8666667 0.5529412 0.8352941 1 0.8666667 0.5529412 0.8352941 1 0.8666667 0.5529412 0.8352941 1 0.8666667 0.5529412 0.8352941 1 0.8196079 0.4862745 0.7294118 1 0.8666667 0.5529412 0.8352941 1 0.8196079 0.4862745 0.7294118 1 0.7529412 0.4941176 0.6980392 1 0.7529412 0.4941176 0.6980392 1 0.8196079 0.4862745 0.7294118 1 0.5960785 0.4313725 0.5137255 1 0.7529412 0.4941176 0.6980392 1 0.5960785 0.4313725 0.5137255 1 0.5960785 0.4313725 0.5137255 1 0.5960785 0.4313725 0.5137255 1 0.5960785 0.4313725 0.5137255 1 0.5960785 0.4313725 0.5137255 1 0 0 0 1 0 0 0 1 0.654902 0.4235294 0.2078431 1 0.654902 0.4235294 0.2078431 1 0 0 0 1 0 0 0 1 0.654902 0.4235294 0.2078431 1 0 0 0 1 0.8196079 0.4862745 0.7294118 1 0.8196079 0.4862745 0.7294118 1 0 0 0 1 0.654902 0.4235294 0.2078431 1 0.8196079 0.4862745 0.7294118 1 0.654902 0.4235294 0.2078431 1 0.5960785 0.4313725 0.5137255 1 0.5960785 0.4313725 0.5137255 1 0.654902 0.4235294 0.2078431 1 0.7529412 0.509804 0.7294118 1 0.8078432 0.5529412 0.7686275 1 0.7529412 0.4588235 0.7294118 1 0.7529412 0.4588235 0.7294118 1 0.5960785 0.4313725 0.5137255 1 0.8078432 0.5450981 0.7686275 1 0.5960785 0.4313725 0.5137255 1 0.8078432 0.5529412 0.7686275 1 0.8078432 0.5529412 0.7686275 1 0.5960785 0.4313725 0.5137255 1 0.7529412 0.4588235 0.7294118 1 0.8078432 0.5529412 0.7686275 1 0.8078432 0.5529412 0.7686275 1 0.5960785 0.4313725 0.5137255 1 0.854902 0.854902 0.854902 1 0.5960785 0.4313725 0.5137255 1 0.6745098 0.4509804 0.627451 1 0.854902 0.854902 0.854902 1 0.5960785 0.4313725 0.5137255 1 0.5960785 0.4313725 0.5137255 1 0.5960785 0.4313725 0.5137255 1 0.6745098 0.4509804 0.627451 1 0.7921569 0.4666666 0.6078432 1 1 1 0.9411765 1 1 1 0.9411765 1 0.7921569 0.4666666 0.6078432 1 1 1 0.9411765 1 0.8470588 0.6470589 1 1 0.7921569 0.4666666 0.6078432 1 0.7137255 0.7137255 0.7137255 1 1 1 0.9411765 1 0.7921569 0.4666666 0.6078432 1 1 1 0.9411765 1 0.7921569 0.4666666 0.6078432 1 0.7921569 0.4666666 0.6078432 1 1 1 0.9411765 1 1 1 0.9411765 1 1 1 0.9411765 1 1 1 0.9411765 1 1 1 0.9411765 1 1 1 0.9411765 1 1 1 0.9411765 1 1 1 0.9411765 1 1 1 0.9411765 1 1 1 0.9411765 1 1 0.8117647 0.8117647 1 1 1 0.9411765 1 1 1 0.9411765 1 1 1 0.9411765 1 1 1 0.9411765 1 1 1 0.9411765 1 1 1 0.9411765 1 1 1 0.9411765 1 1 1 0.9411765 1 1 1 0.9411765 1 0.8470588 0.6470589 1 1 0.7921569 0.4666666 0.6078432 1 0.7921569 0.4666666 0.6078432 1 0.8470588 0.6470589 1 1 0.7921569 0.4666666 0.6078432 1 0.8470588 0.6470589 1 1 0.8470588 0.6470589 1 1 0.7921569 0.4666666 0.6078432 1 0.8470588 0.6470589 1 1 1 1 0.9411765 1 0.8470588 0.6470589 1 1 0.7921569 0.4666666 0.6078432 1 1 1 0.9411765 1 0.7921569 0.4666666 0.6078432 1 1 1 0.9411765 1 1 1 0.9411765 1 0.7921569 0.4666666 0.6078432 1 0.7921569 0.4666666 0.6078432 1 1 1 0.9411765 1 0.7921569 0.4666666 0.6078432 1 1 1 0.9411765 1 1 1 0.9411765 1 0.7921569 0.4666666 0.6078432 1 0.8470588 0.6470589 1 1 1 1 0.9411765 1 0.8470588 0.6470589 1 1 0.8470588 0.6470589 1 1 0.7137255 0.7137255 0.7137255 1 0.7137255 0.7137255 0.7137255 1 1 1 0.9411765 1 1 1 0.9411765 1 0.7137255 0.7137255 0.7137255 1 1 0.8117647 0.8117647 1 1 0.6470589 0.8470588 1 0.7137255 0.4588235 0.654902 1 0.7529412 0.4588235 0.682353 1 1 0.6470589 0.8470588 1 0.7529412 0.4588235 0.682353 1 0.7529412 0.4588235 0.682353 1 0.7137255 0.4588235 0.654902 1 0.7568628 0.7568628 0.7568628 1 1 1 1 1 0.7137255 0.4588235 0.654902 1 1 1 1 1 1 0.9411765 0.972549 1 0.7529412 0.4588235 0.682353 1 0.7529412 0.4588235 0.682353 1 1 0.9411765 0.972549 1 0.7529412 0.4588235 0.682353 1 1 0.9411765 0.972549 1 1 0.6470589 0.8470588 1 1 1 1 1 1 0.9411765 0.972549 1 1 1 1 1 1 1 1 1 1 1 1 1 1 1 1 1 1 1 1 1 1 0.6470589 0.8470588 1 1 0.6470589 0.8470588 1 1 1 1 1 1 0.6470589 0.8470588 1 1 1 1 1 1 1 1 1 1 0.6470589 0.8470588 1 1 0.6470589 0.8470588 1 1 1 1 1 1 0.6470589 0.8470588 1 1 0.9411765 0.972549 1 0.7137255 0.4588235 0.654902 1 0.7137255 0.5215687 0.654902 1 0.7137255 0.4588235 0.654902 1 0.7137255 0.4588235 0.654902 1 0.7137255 0.4588235 0.654902 1 0.7137255 0.5215687 0.654902 1 0.7137255 0.4588235 0.654902 1 0.7137255 0.4588235 0.654902 1 0.7137255 0.4588235 0.654902 1 0.7137255 0.4588235 0.654902 1 0.7137255 0.4588235 0.654902 1 0.7137255 0.4588235 0.654902 1 0.7137255 0.4588235 0.654902 1 0.7137255 0.4588235 0.654902 1 0.7254902 0.4588235 0.6627451 1 0.7137255 0.4588235 0.654902 1 0.7254902 0.4588235 0.6627451 1 0.7137255 0.5215687 0.654902 1 0.7137255 0.5215687 0.654902 1 0.7254902 0.4588235 0.6627451 1 0.7254902 0.4588235 0.6627451 1 0.5843138 0.4313725 0.6196079 1 0.6666667 0.4470588 0.6156863 1 0.6392157 0.4431372 0.5960785 1 0.5843138 0.4313725 0.6196079 1 0.6392157 0.4431372 0.5960785 1 0.5294118 0.4 0.5294118 1 0.5294118 0.4 0.5294118 1 0.6392157 0.4431372 0.5960785 1 0.5294118 0.4 0.5294118 1 0.7137255 0.4588235 0.654902 1 0.6980392 0.4509804 0.6392157 1 0.7137255 0.4588235 0.654902 1 0.7137255 0.4588235 0.654902 1 0.7137255 0.4588235 0.654902 1 0.6705883 0.5019608 0.6 1 0.6705883 0.5019608 0.6 1 0.7137255 0.4588235 0.654902 1 0.7137255 0.4588235 0.654902 1 0.6313726 0.4313725 0.6 1 0.6313726 0.4313725 0.6 1 0.5294118 0.4 0.5294118 1 0.6313726 0.4313725 0.6 1 0.5294118 0.4 0.5294118 1 0.6 0.4313725 0.5294118 1 0.6 0.4313725 0.5294118 1 0.5294118 0.4 0.5294118 1 0.5294118 0.4 0.5294118 1 0.6 0.4313725 0.5294118 1 0.5294118 0.4 0.5294118 1 0.7137255 0.4588235 0.654902 1 0.7137255 0.4588235 0.654902 1 0.5294118 0.4 0.5294118 1 0.7137255 0.4588235 0.654902 1 0.7137255 0.4588235 0.654902 1 0.7137255 0.4588235 0.654902 1 0.6705883 0.5019608 0.6 1 0.7137255 0.5215687 0.654902 1 0.7254902 0.4588235 0.6627451 1 0.6980392 0.4509804 0.6392157 1 0.7137255 0.4588235 0.654902 1 0.7137255 0.4588235 0.654902 1 0.6705883 0.5019608 0.6 1 0.7137255 0.4588235 0.654902 1 0.7137255 0.5215687 0.654902 1 0.7137255 0.5215687 0.654902 1 0.7137255 0.5294118 0.654902 1 0.6705883 0.5019608 0.6 1 0.7137255 0.4588235 0.654902 1 0.6980392 0.4509804 0.6392157 1 0.7137255 0.4588235 0.654902 1 0.7137255 0.4588235 0.654902 1 0.6313726 0.4313725 0.6 1 0.6 0.4 0.6 1 0.5294118 0.4 0.5294118 1 0.6941177 0.4431372 0.6392157 1 0.2862745 0.2862745 0.2862745 1 0.2862745 0.2862745 0.2862745 1 0.6941177 0.4431372 0.6392157 1 0.2862745 0.2862745 0.2862745 1 0.2862745 0.2862745 0.2862745 1 0.6941177 0.4431372 0.6392157 1 1 0.6470589 0.6470589 1 1 0.6470589 0.6470589 1 0.6941177 0.4431372 0.6392157 1 1 0.6470589 0.6470589 1 1 0.6470589 0.6470589 1 1 0.8470588 0.6470589 1 1 0.8470588 0.6470589 1 0.6941177 0.4431372 0.6392157 1 1 0.8470588 0.6470589 1 0.6941177 0.4431372 0.6392157 1 0.9411765 0.7411765 0.6 1 0.9411765 0.7411765 0.6 1 0.6941177 0.4431372 0.6392157 1 0.6941177 0.4431372 0.6392157 1 1 0.6470589 0.6470589 1 0.6941177 0.4431372 0.6392157 1 1 0.6470589 0.6470589 1 1 0.6470589 0.6470589 1 1 0.6470589 0.6470589 1 0.8196079 0.627451 0.5450981 1 0.8196079 0.627451 0.5450981 1 1 0.6470589 0.6470589 1 0.7411765 0.4941176 0.4235294 1 1 0.6470589 0.6470589 1 0.6941177 0.4431372 0.6392157 1 1 0.8470588 0.6470589 1 1 0.6470589 0.6470589 1 1 0.8470588 0.6470589 1 0.7411765 0.4941176 0.4235294 1 0.7411765 0.4941176 0.4235294 1 1 0.8470588 0.6470589 1 1 1 1 1 0.2862745 0.2862745 0.2862745 1 0.2862745 0.2862745 0.2862745 1 0.6941177 0.4431372 0.6392157 1 0.2862745 0.2862745 0.2862745 1 0.6941177 0.4431372 0.6392157 1 0.2862745 0.2862745 0.2862745 1 0.2862745 0.2862745 0.2862745 1 0.6941177 0.4431372 0.6392157 1 0.2862745 0.2862745 0.2862745 1 0.6941177 0.4431372 0.6392157 1 0.2862745 0.2862745 0.2862745 1 0.6941177 0.4431372 0.6392157 1 0.6941177 0.4431372 0.6392157 1 0.6941177 0.4431372 0.6392157 1 0.6941177 0.4431372 0.6392157 1 0.6941177 0.4431372 0.6392157 1 0.6941177 0.4431372 0.6392157 1 1 0.6470589 0.6470589 1 0.2862745 0.2862745 0.2862745 1 0.2862745 0.2862745 0.2862745 1 0.2862745 0.2862745 0.2862745 1 0.2862745 0.2862745 0.2862745 1 0.2862745 0.2862745 0.2862745 1 0.4 0.4 0.4 1 0.4 0.4 0.4 1 0.2862745 0.2862745 0.2862745 1 0.5215687 0.5843138 0.4862745 1 1 0.6470589 0.6470589 1 0.8196079 0.627451 0.5450981 1 0.8196079 0.627451 0.5450981 1 1 0.6470589 0.6470589 1 0.8196079 0.627451 0.5450981 1 1 0.6470589 0.6470589 1 1 0.6470589 0.6470589 1 0.8196079 0.627451 0.5450981 1 1 0.8470588 0.6470589 1 1 0.6470589 0.6470589 1 1 0.8470588 0.6470589 1 1 0.6470589 0.6470589 1 1 0.6470589 0.6470589 1 1 0.8470588 0.6470589 1 0.6941177 0.4431372 0.6392157 1 0.5215687 0.5843138 0.4862745 1 1 0.8470588 0.6470589 1 0.6941177 0.4431372 0.6392157 1 0.5215687 0.5843138 0.4862745 1 0.6941177 0.4431372 0.6392157 1 0.4 0.4 0.4 1 0.4 0.4 0.4 1 0.6941177 0.4431372 0.6392157 1 0.6941177 0.4431372 0.6392157 1 0.4 0.4 0.4 1 0.6941177 0.4431372 0.6392157 1 0.2862745 0.2862745 0.2862745 1 0.2862745 0.2862745 0.2862745 1 0.6941177 0.4431372 0.6392157 1 0.2862745 0.2862745 0.2862745 1 0.2862745 0.2862745 0.2862745 1 0.2862745 0.2862745 0.2862745 1 0.2862745 0.2862745 0.2862745 1 0.2862745 0.2862745 0.2862745 1 0.2862745 0.2862745 0.2862745 1 0.2862745 0.2862745 0.2862745 1 1 1 1 1 1 0.8470588 0.6470589 1 1 0.8470588 0.6470589 1 1 1 1 1 1 0.8470588 0.6470589 1 1 1 1 1 1 1 1 1 1 0.8470588 0.6470589 1 1 1 1 1 1 1 1 1 1 1 1 1 1 1 1 1 1 1 1 1 1 1 1 1 1 0.8470588 0.6470589 1 1 1 1 1 1 0.8470588 0.6470589 1 1 1 1 1 1 1 1 1 1 0.8470588 0.6470589 1 1 0.8470588 0.6470589 1 0.2862745 0.2862745 0.2862745 1 0.2862745 0.2862745 0.2862745 1 0.6941177 0.4431372 0.6392157 1 0.2862745 0.2862745 0.2862745 1 0.6941177 0.4431372 0.6392157 1 0.2862745 0.2862745 0.2862745 1 0.2862745 0.2862745 0.2862745 1 0.6941177 0.4431372 0.6392157 1 0.6941177 0.4431372 0.6392157 1 0.2862745 0.2862745 0.2862745 1 0.6941177 0.4431372 0.6392157 1 0.6941177 0.4431372 0.6392157 1 0.6941177 0.4431372 0.6392157 1 0.6941177 0.4431372 0.6392157 1 1 0.8470588 0.6470589 1 0.6941177 0.4431372 0.6392157 1 1 0.8470588 0.6470589 1 0.2862745 0.2862745 0.2862745 1 0.2862745 0.2862745 0.2862745 1 1 0.8470588 0.6470589 1 0.8196079 0.627451 0.5450981 1 0.2862745 0.2862745 0.2862745 1 0.8196079 0.627451 0.5450981 1 0.2862745 0 0 1 0.2862745 0 0 1 0.8196079 0.627451 0.5450981 1 0.8196079 0.627451 0.5450981 1 0.2862745 0 0 1 0.8196079 0.627451 0.5450981 1 0.6941177 0.4431372 0.6392157 1 0.6941177 0.4431372 0.6392157 1 0.8196079 0.627451 0.5450981 1 0.7411765 0.4941176 0.4235294 1 0.6941177 0.4431372 0.6392157 1 0.7411765 0.4941176 0.4235294 1 1 0.6470589 0.6470589 1 1 0.6470589 0.6470589 1 0.7411765 0.4941176 0.4235294 1 1 1 1 1 1 0.6470589 0.6470589 1 1 1 1 1 1 0.6470589 0.6470589 1 1 0.6470589 0.6470589 1 1 1 1 1 1 1 1 1 1 0.6470589 0.6470589 1 1 1 1 1 1 0.8117647 0.8117647 1 1 0.8117647 0.8117647 1 1 1 1 1 1 1 1 1 1 0.8117647 0.8117647 1 1 1 1 1 1 1 1 1 1 1 1 1 1 1 1 1 1 1 1 1 1 1 1 1 1 1 1 1 1 1 1 1 1 1 1 1 1 1 1 1 1 0.8470588 0.6470589 1 1 1 1 1 1 0.8470588 0.6470589 1 0.6470589 1 0.7529412 1 0.6470589 1 0.7529412 1 1 0.8470588 0.6470589 1 0.5215687 0.5843138 0.4862745 1 1 0.8470588 0.6470589 1 0.6941177 0.4431372 0.6392157 1 1 0.8470588 0.6470589 1 1 0.8470588 0.6470589 1 0.6941177 0.4431372 0.6392157 1 1 0.8470588 0.6470589 1 1 0.8470588 0.6470589 1 1 0.8784314 0.8784314 1 1 0.9411765 0.972549 1 1 0.8470588 0.6470589 1 1 0.9411765 0.972549 1 1 0.7372549 0.7372549 1 0.5803922 0.4784314 0.5686275 1 1 0.8470588 0.6470589 1 1 0.7372549 0.7372549 1 0.5803922 0.4784314 0.5686275 1 1 0.7372549 0.7372549 1 1 0.6470589 0.8470588 1 0.5254902 0.4313725 0.5019608 1 0.5137255 0.427451 0.4941176 1 0.6666667 0.6666667 0.6666667 1 0.5254902 0.4313725 0.5019608 1 0.6666667 0.6666667 0.6666667 1 0.5450981 0.4313725 0.5137255 1 0.4235294 0.4235294 0.4235294 1 0.4235294 0.4235294 0.4235294 1 0.5529412 0.5529412 0.5529412 1 0.4235294 0.4235294 0.4235294 1 0.5529412 0.5529412 0.5529412 1 0.5529412 0.5529412 0.5529412 1 0.4235294 0.4235294 0.4235294 1 0.4235294 0.4235294 0.4235294 1 0.8039216 0.5607843 0.5764706 1 0.4235294 0.4235294 0.4235294 1 0.8039216 0.5607843 0.5764706 1 0.5529412 0.5529412 0.5529412 1 1 0.6470589 0.6470589 1 1 0.8784314 0.8784314 1 1 0.9411765 0.972549 1 1 0.6470589 0.6470589 1 1 0.9411765 0.972549 1 1 0.8784314 0.8784314 1 0.8039216 0.654902 0.6392157 1 1 0.7372549 0.7372549 1 1 0.7803922 0.7058824 1 0.8039216 0.654902 0.6392157 1 1 0.7803922 0.7058824 1 1 0.8784314 0.9058824 1 1 0.8784314 0.9058824 1 1 0.7803922 0.7058824 1 1 0.7372549 0.7372549 1 1 0.8470588 0.6470589 1 0.5450981 0.4313725 0.5137255 1 0.6666667 0.6666667 0.6666667 1 1 0.8470588 0.6470589 1 0.6666667 0.6666667 0.6666667 1 1 0.8470588 0.6470589 1 1 0.8470588 0.6470589 1 0.6666667 0.6666667 0.6666667 1 0.6666667 0.6666667 0.6666667 1 0.6666667 0.6666667 0.6666667 1 1 0.6117647 0.6470589 1 1 0.6117647 0.6470589 1 0.6666667 0.6666667 0.6666667 1 1 0.6117647 0.6470589 1 1 0.8470588 0.6470589 1 1 0.8470588 0.6470589 1 1 0.6117647 0.6470589 1 1 0.6117647 0.6470589 1 1 0.8470588 0.6470589 1 1 0.6117647 0.6470589 1 1 0.8784314 0.8784314 1 0.5450981 0.4313725 0.5176471 1 0.5450981 0.4313725 0.5137255 1 1 0.8470588 0.6470589 1 0.5450981 0.4313725 0.5176471 1 1 0.8470588 0.6470589 1 1 0.8470588 0.6470589 1 1 0.8470588 0.6470589 1 1 0.8470588 0.6470589 1 1 0.8470588 0.6470589 1 1 0.8470588 0.6470589 1 1 0.8470588 0.6470589 1 1 0.8784314 0.8784314 1 1 0.7607843 0.6862745 1 1 0.7372549 0.7372549 1 1 0.7803922 0.7058824 1 1 0.8470588 0.6470589 1 0.5803922 0.4784314 0.5686275 1 0.5450981 0.4313725 0.5176471 1 1 0.9411765 0.972549 1 1 0.8784314 0.8784314 1 1 0.8784314 0.8784314 1 1 0.8784314 0.8784314 1 1 0.8784314 0.8784314 1 1 0.6470589 0.8470588 1 1 0.8784314 0.8784314 1 1 0.6470589 0.8470588 1 1 0.7372549 0.7372549 1 1 0.7372549 0.7372549 1 1 0.6470589 0.8470588 1 1 0.7372549 0.7372549 1 1 0.6470589 0.8470588 1 1 0.6470589 0.8470588 1 1 0.7372549 0.7372549 1 1 0.7372549 0.7372549 1 1 0.6470589 0.8470588 1 1 0.6470589 0.8470588 1 1 0.7372549 0.7372549 1 1 0.6470589 0.8470588 1 1 0.8784314 0.9058824 1 1 0.8784314 0.9058824 1 1 0.6470589 0.8470588 1 0.8039216 0.654902 0.6392157 1 1 0.6470589 0.8470588 1 1 0.7372549 0.7372549 1 0.8039216 0.654902 0.6392157 1 0.8039216 0.654902 0.6392157 1 1 0.7372549 0.7372549 1 1 0.9411765 0.972549 1 0.8039216 0.654902 0.6392157 1 1 0.9411765 0.972549 1 1 0.7372549 0.7372549 1 1 0.7372549 0.7372549 1 1 0.9411765 0.972549 1 1 0.8784314 0.8784314 1 1 0.7372549 0.7372549 1 1 0.8784314 0.8784314 1 1 0.7803922 0.7058824 1 1 0.7803922 0.7058824 1 1 0.8784314 0.8784314 1 1 0.7372549 0.7372549 1 0.9058824 0.9058824 0.9058824 1 1 0.7372549 0.7372549 1 1 0.7372549 0.7372549 1 0.9058824 0.9058824 0.9058824 1 1 0.7372549 0.7372549 1 1 0.7372549 0.7372549 1 0.9058824 0.9058824 0.9058824 1 0.9058824 0.9058824 0.9058824 1 1 0.7372549 0.8784314 1 0.9058824 0.9058824 0.9058824 1 1 0.7372549 0.8784314 1 0.9058824 0.9058824 0.9058824 1 0.9058824 0.9058824 0.9058824 1 1 0.7372549 0.7372549 1 1 0.7372549 0.7372549 1 0.9058824 0.9058824 0.9058824 1 1 0.7372549 0.7372549 1 0.9058824 0.9058824 0.9058824 1 0.9058824 0.9058824 0.9058824 1 1 0.7372549 0.7372549 1 1 0.7372549 0.7372549 1 0.9058824 0.9058824 0.9058824 1 1 0.7372549 0.7372549 1 1 0.7372549 0.8784314 1 0.9058824 0.9058824 0.9058824 1 0.9058824 0.9058824 0.9058824 1 1 0.7372549 0.8784314 1 0.9058824 0.9058824 0.9058824 1 1 0.7372549 0.8784314 1 0.9058824 0.9058824 0.9058824 1 0.9058824 0.9058824 0.9058824 1 0.9058824 0.9058824 0.9058824 1 0.9058824 0.9058824 0.9058824 1 0.9058824 0.9058824 0.9058824 1 0.9058824 0.9058824 0.9058824 1 0.9058824 0.9058824 0.9058824 1 0.9058824 0.9058824 0.9058824 1 1 0.7372549 0.7372549 1 1 0.7372549 0.7372549 1 0.9058824 0.9058824 0.9058824 1 1 0.7372549 0.7372549 1 0.9058824 0.9058824 0.9058824 1 0.9058824 0.9058824 0.9058824 1 0.9058824 0.9058824 0.9058824 1 0.9058824 0.9058824 0.9058824 1 0.9058824 0.9058824 0.9058824 1 0.9058824 0.9058824 0.9058824 1 0.9058824 0.9058824 0.9058824 1 0.9058824 0.9058824 0.9058824 1 1 0.7372549 0.7372549 1 1 0.7372549 0.7372549 1 0.9058824 0.9058824 0.9058824 1 1 0.7372549 0.7372549 1 0.9058824 0.9058824 0.9058824 1 0.9058824 0.9058824 0.9058824 1 0.9058824 0.9058824 0.9058824 1 0.9058824 0.9058824 0.9058824 1 0.9058824 0.9058824 0.9058824 1 0.9058824 0.9058824 0.9058824 1 1 0.7372549 0.8784314 1 0.9058824 0.9058824 0.9058824 1 1 0.7372549 0.7372549 1 1 0.7372549 0.7372549 1 0.9058824 0.9058824 0.9058824 1 1 0.7372549 0.7372549 1 0.9058824 0.9058824 0.9058824 1 0.9058824 0.9058824 0.9058824 1 1 0.7372549 0.7372549 1 1 0.7372549 0.7372549 1 0.9058824 0.9058824 0.9058824 1 1 0.7372549 0.7372549 1 0.9058824 0.9058824 0.9058824 1 0.9058824 0.9058824 0.9058824 1 0.9058824 0.9058824 0.9058824 1 0.9058824 0.9058824 0.9058824 1 0.9058824 0.9058824 0.9058824 1 0.9058824 0.9058824 0.9058824 1 0.9058824 0.9058824 0.9058824 1 0.9058824 0.9058824 0.9058824 1 0.9058824 0.9058824 0.9058824 1 0.9058824 0.9058824 0.9058824 1 0.9058824 0.9058824 0.9058824 1 0.9058824 0.9058824 0.9058824 1 0.9058824 0.9058824 0.9058824 1 0.9058824 0.9058824 0.9058824 1 1 0.7372549 0.7372549 1 1 0.7372549 0.7372549 1 0.9058824 0.9058824 0.9058824 1 1 0.7372549 0.7372549 1 0.9058824 0.9058824 0.9058824 1 1 0.7372549 0.7372549 1 0.9058824 0.9058824 0.9058824 1 0.9058824 0.9058824 0.9058824 1 1 0.7372549 0.7372549 1 0.9058824 0.9058824 0.9058824 1 1 0.7372549 0.7372549 1 1 0.8196079 0.7843137 1 0.9058824 0.9058824 0.9058824 1 0.9058824 0.9058824 0.9058824 1 0.9058824 0.9058824 0.9058824 1 0.9058824 0.9058824 0.9058824 1 0.9058824 0.9058824 0.9058824 1 0.9058824 0.9058824 0.9058824 1 0.9058824 0.9058824 0.9058824 1 0.9058824 0.9058824 0.9058824 1 0.9058824 0.9058824 0.9058824 1 0.9058824 0.9058824 0.9058824 1 0.9058824 0.9058824 0.9058824 1 0.9058824 0.9058824 0.9058824 1 0.9058824 0.9058824 0.9058824 1 0.9058824 0.9058824 0.9058824 1 0.9058824 0.9058824 0.9058824 1 0.9058824 0.9058824 0.9058824 1 0.9058824 0.9058824 0.9058824 1 0.9058824 0.9058824 0.9058824 1 0.9058824 0.9058824 0.9058824 1 0.9058824 0.9058824 0.9058824 1 0.9058824 0.9058824 0.9058824 1 0.9058824 0.9058824 0.9058824 1 0.9058824 0.9058824 0.9058824 1 0.9058824 0.9058824 0.9058824 1 0.9058824 0.9058824 0.9058824 1 1 0.7372549 0.7372549 1 1 0.7372549 0.7372549 1 0.9058824 0.9058824 0.9058824 1 1 0.7372549 0.7372549 1 0.9058824 0.9058824 0.9058824 1 0.9058824 0.9058824 0.9058824 1 1 0.7372549 0.8784314 1 1 0.7372549 0.8784314 1 0.9058824 0.9058824 0.9058824 1 0.9058824 0.9058824 0.9058824 1 1 0.7372549 0.8784314 1 0.9058824 0.9058824 0.9058824 1 1 0.7372549 0.8784314 1 1 0.7372549 0.8784314 1 0.9058824 0.9058824 0.9058824 1 0.9058824 0.9058824 0.9058824 1 1 0.7372549 0.8784314 1 0.9058824 0.9058824 0.9058824 1 1 0.7372549 0.8784314 1 1 0.7372549 0.8784314 1 0.9058824 0.9058824 0.9058824 1 0.9058824 0.9058824 0.9058824 1 1 0.7372549 0.8784314 1 0.9058824 0.9058824 0.9058824 1 1 0.7372549 0.8784314 1 1 0.7372549 0.8784314 1 0.9058824 0.9058824 0.9058824 1 0.9058824 0.9058824 0.9058824 1 1 0.7372549 0.8784314 1 0.9058824 0.9058824 0.9058824 1 1 0.7372549 0.7372549 1 1 0.7372549 0.7372549 1 0.9058824 0.9058824 0.9058824 1 1 0.7372549 0.7372549 1 1 0.7372549 0.7372549 1 1 0.7372549 0.7372549 1 1 0.7372549 0.7372549 1 1 0.7372549 0.7372549 1 1 0.7372549 0.7372549 1 1 0.7372549 0.7372549 1 1 0.7372549 0.7372549 1 1 0.7372549 0.7372549 1 0.9058824 0.9058824 0.9058824 1 0.9058824 0.9058824 0.9058824 1 1 0.7372549 0.7372549 1 0.9058824 0.9058824 0.9058824 1 0.9058824 0.9058824 0.9058824 1 0.9058824 0.9058824 0.9058824 1 0.9058824 0.9058824 0.9058824 1 0.9058824 0.9058824 0.9058824 1 0.9058824 0.9058824 0.9058824 1 0.9058824 0.9058824 0.9058824 1 0.9058824 0.9058824 0.9058824 1 0.9058824 0.9058824 0.9058824 1 0.9058824 0.9058824 0.9058824 1 0.9058824 0.9058824 0.9058824 1 0.9058824 0.9058824 0.9058824 1 0.9058824 0.9058824 0.9058824 1 0.9058824 0.9058824 0.9058824 1 0.9058824 0.9058824 0.9058824 1 0.9058824 0.9058824 0.9058824 1 0.9058824 0.9058824 0.9058824 1 0.9058824 0.9058824 0.9058824 1 0.9058824 0.9058824 0.9058824 1 0.9058824 0.9058824 0.9058824 1 0.9058824 0.9058824 0.9058824 1 0.9058824 0.9058824 0.9058824 1 0.9058824 0.9058824 0.9058824 1 0.9058824 0.9058824 0.9058824 1 0.9058824 0.9058824 0.9058824 1 0.9843137 0.8 0.7450981 1 0.9058824 0.9058824 0.9058824 1 0.9058824 0.9058824 0.9058824 1 0.9058824 0.9058824 0.9058824 1 0.9058824 0.9058824 0.9058824 1 0.9058824 0.9058824 0.9058824 1 0.9058824 0.9058824 0.9058824 1 0.9058824 0.9058824 0.9058824 1 0.9058824 0.9058824 0.9058824 1 0.9058824 0.9058824 0.9058824 1 0.9058824 0.9058824 0.9058824 1 0.9058824 0.9058824 0.9058824 1 0.9058824 0.9058824 0.9058824 1 0.9058824 0.9058824 0.9058824 1 0.9058824 0.9058824 0.9058824 1 0.9058824 0.9058824 0.9058824 1 0.9058824 0.9058824 0.9058824 1 0.9058824 0.9058824 0.9058824 1 0.9058824 0.9058824 0.9058824 1 0.9058824 0.9058824 0.9058824 1 0.9058824 0.9058824 0.9058824 1 0.9058824 0.9058824 0.9058824 1 0.9058824 0.9058824 0.9058824 1 0.9058824 0.9058824 0.9058824 1 0.9058824 0.9058824 0.9058824 1 0.9058824 0.9058824 0.9058824 1 1 0.7372549 0.7372549 1 1 0.7372549 0.7372549 1 0.9058824 0.9058824 0.9058824 1 1 0.7372549 0.7372549 1 1 0.7372549 0.7372549 1 1 0.7372549 0.7372549 1 1 0.7372549 0.7372549 1 1 0.7372549 0.7372549 1 1 0.7372549 0.7372549 1 1 0.7372549 0.7372549 1 1 0.7843137 0.7450981 1 0.9058824 0.9058824 0.9058824 1 0.9058824 0.9058824 0.9058824 1 0.9058824 0.9058824 0.9058824 1 0.9058824 0.9058824 0.9058824 1 0.9058824 0.9058824 0.9058824 1 0.9058824 0.9058824 0.9058824 1 0.9058824 0.9058824 0.9058824 1 0.9058824 0.9058824 0.9058824 1 0.9058824 0.9058824 0.9058824 1 0.9058824 0.9058824 0.9058824 1 0.9058824 0.9058824 0.9058824 1 0.9058824 0.9058824 0.9058824 1 0.9058824 0.9058824 0.9058824 1 0.9058824 0.9058824 0.9058824 1 0.9058824 0.9058824 0.9058824 1 0.9058824 0.9058824 0.9058824 1 0.9058824 0.9058824 0.9058824 1 0.9058824 0.9058824 0.9058824 1 0.9058824 0.9058824 0.9058824 1 0.9058824 0.9058824 0.9058824 1 0.9058824 0.9058824 0.9058824 1 0.9058824 0.9058824 0.9058824 1 0.9058824 0.9058824 0.9058824 1 0.9058824 0.9058824 0.9058824 1 0.9058824 0.9058824 0.9058824 1 1 0.7372549 0.7372549 1 1 0.7372549 0.7372549 1 0.9058824 0.9058824 0.9058824 1 1 0.7372549 0.7372549 1 1 0.7372549 0.7372549 1 1 0.7372549 0.7372549 1 1 0.7372549 0.7372549 1 1 0.7372549 0.7372549 1 1 0.7372549 0.7372549 1 1 0.7372549 0.7372549 1 1 0.8705883 0.8588235 1 0.9058824 0.9058824 0.9058824 1 0.9058824 0.9058824 0.9058824 1 0.9058824 0.9058824 0.9058824 1 0.9058824 0.9058824 0.9058824 1 0.9058824 0.9058824 0.9058824 1 0.9058824 0.9058824 0.9058824 1 0.9058824 0.9058824 0.9058824 1 0.9058824 0.9058824 0.9058824 1 0.9058824 0.9058824 0.9058824 1 0.9058824 0.9058824 0.9058824 1 0.9058824 0.9058824 0.9058824 1 0.9058824 0.9058824 0.9058824 1 0.9058824 0.9058824 0.9058824 1 1 0.7372549 0.8784314 1 1 0.7372549 0.8784314 1 0.9058824 0.9058824 0.9058824 1 1 0.7372549 0.8784314 1 1 0.7372549 0.8784314 1 1 0.7372549 0.8784314 1 0.9058824 0.9058824 0.9058824 1 0.9058824 0.9058824 0.9058824 1 1 0.7372549 0.8784314 1 0.9058824 0.9058824 0.9058824 1 0.9058824 0.9058824 0.9058824 1 0.9058824 0.9058824 0.9058824 1 1 0.7372549 0.7372549 1 1 0.7372549 0.7372549 1 0.9058824 0.9058824 0.9058824 1 1 0.7372549 0.7372549 1 1 0.7372549 0.7372549 1 1 0.7372549 0.7372549 1 1 0.7372549 0.7372549 1 1 0.7372549 0.7372549 1 1 0.7372549 0.7372549 1 1 0.7372549 0.8784314 1 1 0.9137255 0.8117647 1 1 0.9137255 0.8117647 1 0.6392157 0.5294118 0.4470588 1 0.6392157 0.5294118 0.4470588 1 1 0.9137255 0.8117647 1 1 0.9137255 0.8117647 1 0.4235294 0.4235294 0.4235294 1 0.4235294 0.4235294 0.4235294 1 0.7764706 0.6627451 0.6039216 1 0.7764706 0.6627451 0.6039216 1 0.4235294 0.4235294 0.4235294 1 0.7764706 0.6627451 0.6039216 1 0.9294118 0.8235294 0.6901961 1 1 0.9137255 0.8117647 1 1 0.9137255 0.8117647 1 1 0.9137255 0.8117647 1 1 0.9137255 0.8117647 1 1 0.9568628 0.8117647 1 0.6666667 0.6666667 0.6666667 1 0.6666667 0.6666667 0.6666667 1 1 0.9137255 0.8117647 1 1 0.9137255 0.8117647 1 0.6666667 0.6666667 0.6666667 1 1 0.9137255 0.8117647 1 0.4862745 0.4862745 0.4862745 1 0.4862745 0.4862745 0.4862745 1 0.4862745 0.4862745 0.4862745 1 0.4862745 0.4862745 0.4862745 1 0.4862745 0.4862745 0.4862745 1 0.4862745 0.4862745 0.4862745 1 0.7960785 0.7372549 0.654902 1 0.7960785 0.7372549 0.654902 1 1 0.9137255 0.8117647 1 1 0.9137255 0.8117647 1 0.7960785 0.7372549 0.654902 1 1 0.9137255 0.8117647 1 0.4235294 0.4235294 0.4235294 1 0.4235294 0.4235294 0.4235294 1 0.4235294 0.4235294 0.4235294 1 0.4235294 0.4235294 0.4235294 1 0.4235294 0.4235294 0.4235294 1 0.4235294 0.4235294 0.4235294 1 0.6392157 0.4862745 0.4392157 1 1 0.9137255 0.8117647 1 0.6392157 0.4862745 0.4392157 1 0.6392157 0.4862745 0.4392157 1 1 0.9137255 0.8117647 1 1 0.9137255 0.8117647 1 0.4862745 0.4862745 0.4862745 1 0.4235294 0.4235294 0.4235294 1 0.4862745 0.4862745 0.4862745 1 0.4862745 0.4862745 0.4862745 1 0.4235294 0.4235294 0.4235294 1 0.4862745 0.4862745 0.4862745 1 0.7137255 0.7137255 0.7137255 1 1 0.9137255 0.8117647 1 0.4666666 0.4980392 0.4901961 1 0.4666666 0.4980392 0.4901961 1 1 0.9137255 0.8117647 1 0.6156863 0.7843137 0.6862745 1 0.4862745 0.4862745 0.4862745 1 0.4862745 0.4862745 0.4862745 1 0.4862745 0.4862745 0.4862745 1 0.4862745 0.4862745 0.4862745 1 0.4862745 0.4862745 0.4862745 1 0.4862745 0.4862745 0.4862745 1 0.6392157 0.5294118 0.4470588 1 0.6392157 0.5294118 0.4470588 1 0.6392157 0.5294118 0.4470588 1 0.6392157 0.5294118 0.4470588 1 0.6392157 0.5294118 0.4470588 1 0.6392157 0.5294118 0.4470588 1 1 0.9137255 0.8117647 1 1 0.9137255 0.8117647 1 1 0.9137255 0.8117647 1 1 0.9137255 0.8117647 1 1 0.9137255 0.8117647 1 1 0.9137255 0.8117647 1 0.6392157 0.5450981 0.4392157 1 0.6117647 0.7803922 0.682353 1 0.6392157 0.4862745 0.4392157 1 0.6392157 0.4862745 0.4392157 1 0.6117647 0.7803922 0.682353 1 1 0.9137255 0.8117647 1 1 0.9137255 0.8117647 1 1 0.9137255 0.8117647 1 1 0.9137255 0.8117647 1 1 0.9137255 0.8117647 1 1 0.9137255 0.8117647 1 1 0.9137255 0.8117647 1 1 0.9568628 0.8117647 1 1 0.9568628 0.8117647 1 1 0.9568628 0.8117647 1 1 0.9568628 0.8117647 1 1 0.9568628 0.8117647 1 0.6666667 0.6666667 0.6666667 1 1 0.9568628 0.8117647 1 0.6666667 0.6666667 0.6666667 1 1 0.9568628 0.8117647 1 1 0.9568628 0.8117647 1 1 0.9568628 0.8117647 1 1 0.9568628 0.8117647 1 1 0.9568628 0.8117647 1 1 0.9568628 0.8117647 1 1 0.9568628 0.8117647 1 1 0.9568628 0.8117647 1 1 0.9568628 0.8117647 1 1 0.9137255 0.8117647 1 0.8862745 0.6 0.7568628 1 1 0.972549 0.8784314 1 0.4862745 0.4862745 0.4862745 1 0.4862745 0.4862745 0.4862745 1 1 0.972549 0.8784314 1 1 0.972549 0.8784314 1 0.4862745 0.4862745 0.4862745 1 1 0.972549 0.8784314 1 0.4862745 0.4862745 0.4862745 1 0.4862745 0.4862745 0.4862745 1 1 0.972549 0.8784314 1 0.7960785 0.7372549 0.654902 1 0.4235294 0.4235294 0.4235294 1 0.4235294 0.4235294 0.4235294 1 0.4862745 0.4862745 0.4862745 1 0.4862745 0.4862745 0.4862745 1 0.4235294 0.4235294 0.4235294 1 0.4862745 0.4862745 0.4862745 1 0.4862745 0.4862745 0.4862745 1 0.4862745 0.4862745 0.4862745 1 0.4862745 0.4862745 0.4862745 1 0.4862745 0.4862745 0.4862745 1 0.4862745 0.4862745 0.4862745 1 0.4862745 0.4862745 0.4862745 1 1 0.9137255 0.8117647 1 1 0.9137255 0.8117647 1 1 0.9137255 0.8117647 1 1 0.9137255 0.8117647 1 1 0.9137255 0.8117647 1 1 0.9137255 0.8117647 1 1 0.9137255 0.8117647 1 1 0.9137255 0.8117647 1 0.6156863 0.7843137 0.6862745 1 0.6156863 0.7843137 0.6862745 1 1 0.9137255 0.8117647 1 0.6117647 0.7803922 0.682353 1 0.654902 0.6078432 0.5607843 1 1 0.9137255 0.8117647 1 0.6392157 0.5294118 0.4470588 1 0.6392157 0.5294118 0.4470588 1 1 0.9137255 0.8117647 1 1 0.9137255 0.8117647 1 0.6392157 0.5294118 0.4470588 1 1 0.9137255 0.8117647 1 0.6392157 0.5294118 0.4470588 1 0.6392157 0.5294118 0.4470588 1 1 0.9137255 0.8117647 1 1 0.9137255 0.8117647 1 0.7137255 0.7137255 0.7137255 1 0.4666666 0.4980392 0.4901961 1 0.9411765 0.8078432 0.7607843 1 0.9411765 0.8078432 0.7607843 1 0.4666666 0.4980392 0.4901961 1 0.4666666 0.4980392 0.4901961 1 0.9411765 0.8078432 0.7607843 1 0.4666666 0.4980392 0.4901961 1 1 0.8117647 0.8117647 1 1 0.8117647 0.8117647 1 0.4666666 0.4980392 0.4901961 1 0.7764706 0.6627451 0.6039216 1 1 0.8117647 0.8117647 1 0.7764706 0.6627451 0.6039216 1 0.7764706 0.6627451 0.6039216 1 0.4235294 0.4235294 0.4235294 1 0.7764706 0.6627451 0.6039216 1 0.7921569 0.6588236 0.6 1 0.7921569 0.6588236 0.6 1 0.7764706 0.6627451 0.6039216 1 1 0.8117647 0.8117647 1 0.7921569 0.6588236 0.6 1 1 0.8117647 0.8117647 1 1 0.972549 0.8784314 1 1 0.972549 0.8784314 1 1 0.8117647 0.8117647 1 0.9411765 0.8078432 0.7607843 1 1 0.972549 0.8784314 1 0.9411765 0.8078432 0.7607843 1 1 0.9137255 0.8117647 1 1 0.9137255 0.8117647 1 0.9411765 0.8078432 0.7607843 1 0.7960785 0.7372549 0.654902 1 1 0.9137255 0.8117647 1 0.7960785 0.7372549 0.654902 1 1 0.9568628 0.8117647 1 1 0.9568628 0.8117647 1 0.7960785 0.7372549 0.654902 1 1 0.9568628 0.8117647 1 1 0.9568628 0.8117647 1 1 0.9568628 0.8117647 1 1 0.9568628 0.8117647 1 1 0.9568628 0.8117647 1 1 0.9568628 0.8117647 1 1 0.9568628 0.8117647 1 1 0.9568628 0.8117647 1 1 0.9568628 0.8117647 1 1 0.9568628 0.8117647 1 1 0.9568628 0.8117647 1 1 0.9568628 0.8117647 1 1 0.9568628 0.8117647 1 0.7137255 0.7137255 0.7137255 1 0.9411765 0.8078432 0.7607843 1 0.7960785 0.7372549 0.654902 1 0.7764706 0.6627451 0.6039216 1 1 0.8117647 0.8117647 1 0.7764706 0.6627451 0.6039216 1 0.8705883 0.5882353 0.7490196 1 0.4862745 0.4862745 0.4862745 1 0.8862745 0.6 0.7568628 1 0.7960785 0.7372549 0.654902 1 1 0.9137255 0.8117647 1 1 0.972549 0.8784314 1 1 0.9137255 0.8117647 1 1 0.9568628 0.8117647 1 1 0.9568628 0.8117647 1 1 0.9568628 0.8117647 1 1 0.9568628 0.8117647 1 1 0.9568628 0.8117647 1 1 0.972549 0.8784314 1 1 0.972549 0.8784314 1 1 0.9137255 0.8117647 1 1 0.972549 0.8784314 1 1 0.9137255 0.8117647 1 1 0.972549 0.8784314 1 0.7450981 0.8039216 0.7686275 1 0.6901961 0.8039216 0.7058824 1 0.7568628 0.8039216 0.7058824 1 0.7450981 0.8039216 0.7686275 1 0.7568628 0.8039216 0.7058824 1 0.7568628 0.8039216 0.7058824 1 0.7843137 0.5686275 0.4941176 1 0.7843137 0.5686275 0.4941176 1 0.7843137 0.5686275 0.4941176 1 0.7843137 0.5686275 0.4941176 1 0.7843137 0.5686275 0.4941176 1 0.7843137 0.5686275 0.4941176 1 0.7568628 0.8039216 0.7058824 1 0.9764706 0.7843137 0.7411765 1 0.7843137 0.5686275 0.4941176 1 0.7568628 0.8039216 0.7058824 1 0.7843137 0.5686275 0.4941176 1 1 0.7882353 0.7529412 1 0.7568628 0.8039216 0.7058824 1 0.6 0.6588236 0.627451 1 1 0.7882353 0.7529412 1 0.7568628 0.8039216 0.7058824 1 1 0.7882353 0.7529412 1 0.7568628 0.8039216 0.7058824 1 0.7568628 0.8039216 0.7058824 1 0.7568628 0.8039216 0.7058824 1 0.7568628 0.8039216 0.7058824 1 0.7568628 0.8039216 0.7058824 1 0.7568628 0.8039216 0.7058824 1 0.7568628 0.8039216 0.7058824 1 0.6 0.6588236 0.627451 1 0.7843137 0.5686275 0.4941176 1 0.9607843 0.7803922 0.654902 1 0.6 0.6588236 0.627451 1 0.9607843 0.7803922 0.654902 1 0.7568628 0.8039216 0.7058824 1 0.8470588 0.682353 0.654902 1 0.7843137 0.5686275 0.4941176 1 0.7843137 0.5686275 0.4941176 1 0.8470588 0.682353 0.654902 1 0.7843137 0.5686275 0.4941176 1 0.8470588 0.6117647 0.4941176 1 1 0.7372549 0.7372549 1 0.7568628 0.8039216 0.7058824 1 1 0.7372549 0.7372549 1 1 0.7372549 0.7372549 1 1 0.7372549 0.7372549 1 1 0.7372549 0.8784314 1 0.7568628 0.8039216 0.7058824 1 1 0.7372549 0.7372549 1 1 0.7372549 0.7372549 1 0.7568628 0.8039216 0.7058824 1 1 0.7372549 0.7372549 1 1 0.7372549 0.7372549 1 0.7843137 0.5686275 0.4941176 1 0.7843137 0.5686275 0.4941176 1 0.7843137 0.5686275 0.4941176 1 0.7843137 0.5686275 0.4941176 1 0.7843137 0.5686275 0.4941176 1 1 0.7372549 0.7372549 1 1 0.7372549 0.7372549 1 0.6 0.6588236 0.627451 1 1 0.7372549 0.7372549 1 1 0.7372549 0.7372549 1 1 0.7372549 0.7372549 1 1 0.7372549 0.7372549 1 0.7568628 0.8039216 0.7058824 1 1 0.7882353 0.7568628 1 1 0.7372549 0.7372549 1 0.7568628 0.8039216 0.7058824 1 1 0.7372549 0.7372549 1 1 0.7372549 0.7372549 1 0.7568628 0.8039216 0.7058824 1 1 0.7372549 0.7372549 1 1 0.8117647 0.8117647 1 0.7568628 0.8039216 0.7058824 1 1 0.8117647 0.8117647 1 1 0.7372549 0.7372549 1 0.7843137 0.5686275 0.4941176 1 0.7843137 0.5686275 0.4941176 1 0.7843137 0.5686275 0.4941176 1 0.7843137 0.5686275 0.4941176 1 0.7843137 0.5686275 0.4941176 1 0.4 0.4 0.4 1 1 0.8117647 0.8117647 1 1 0.8117647 0.8117647 1 0.7843137 0.5686275 0.4941176 1 1 0.8117647 0.8117647 1 0.7843137 0.5686275 0.4941176 1 0.7843137 0.5686275 0.4941176 1 0.7568628 0.8039216 0.7058824 1 0.6 0.6588236 0.627451 1 0.6 0.6588236 0.627451 1 0.7568628 0.8039216 0.7058824 1 0.6 0.6588236 0.627451 1 0.7568628 0.8039216 0.7058824 1 0.7568628 0.8039216 0.7058824 1 0.8352941 0.8352941 0.8352941 1 1 0.7372549 0.7372549 1 0.7568628 0.8039216 0.7058824 1 1 0.7372549 0.7372549 1 0.7568628 0.8039216 0.7058824 1 1 0.7372549 0.7372549 1 0.7843137 0.5686275 0.4941176 1 0.7843137 0.5686275 0.4941176 1 1 0.7372549 0.7372549 1 0.7843137 0.5686275 0.4941176 1 1 0.7372549 0.7372549 1 0.7843137 0.5686275 0.4941176 1 0.7843137 0.5686275 0.4941176 1 0.7843137 0.5686275 0.4941176 1 0.7843137 0.5686275 0.4941176 1 0.7843137 0.5686275 0.4941176 1 0.7843137 0.5686275 0.4941176 1 1 0.7372549 0.7372549 1 1 0.8431373 0.8196079 1 1 0.7372549 0.7372549 1 1 0.7372549 0.7372549 1 1 0.7372549 0.7372549 1 1 0.7372549 0.7372549 1 0.7843137 0.5686275 0.4941176 1 0.7843137 0.5686275 0.4941176 1 0.7843137 0.5686275 0.4941176 1 0.7843137 0.5686275 0.4941176 1 0.7843137 0.5686275 0.4941176 1 0.7843137 0.5686275 0.4941176 1 0.7843137 0.5686275 0.4941176 1 0.7843137 0.5686275 0.4941176 1 0.7843137 0.5686275 0.4941176 1 0.7843137 0.5686275 0.4941176 1 0.7843137 0.5686275 0.4941176 1 0.7568628 0.8039216 0.7058824 1 0.7568628 0.8039216 0.7058824 1 0.7843137 0.5686275 0.4941176 1 0.7843137 0.5686275 0.4941176 1 0.7568628 0.8039216 0.7058824 1 0.7843137 0.5686275 0.4941176 1 0.7568628 0.8039216 0.7058824 1 0.7843137 0.5686275 0.4941176 1 1 0.7372549 0.7372549 1 1 0.7372549 0.7372549 1 0.7843137 0.5686275 0.4941176 1 1 0.7372549 0.7372549 1 0.7843137 0.5686275 0.4941176 1 0.7843137 0.5686275 0.4941176 1 1 0.7372549 0.7372549 1 1 0.7372549 0.7372549 1 0.7843137 0.5686275 0.4941176 1 1 0.7372549 0.7372549 1 0.7843137 0.5686275 0.4941176 1 0.7568628 0.8039216 0.7058824 1 0.7568628 0.8039216 0.7058824 1 1 0.7372549 0.7372549 1 0.7568628 0.8039216 0.7058824 1 1 0.7372549 0.7372549 1 0.7568628 0.8039216 0.7058824 1 0.7568628 0.8039216 0.7058824 1 1 0.7372549 0.7372549 1 0.7568628 0.8039216 0.7058824 1 0.7568628 0.8039216 0.7058824 1 0.7568628 0.8039216 0.7058824 1 1 0.8784314 0.7372549 1 0.7843137 0.5686275 0.4941176 1 1 0.7372549 0.7372549 1 0.9607843 0.7803922 0.654902 1 0.7843137 0.5686275 0.4941176 1 0.9607843 0.7803922 0.654902 1 0.7843137 0.5686275 0.4941176 1 0.7843137 0.5686275 0.4941176 1 0.9607843 0.7803922 0.654902 1 0.7568628 0.8039216 0.7058824 1 0.7843137 0.5686275 0.4941176 1 0.7568628 0.8039216 0.7058824 1 0.7843137 0.5686275 0.4941176 1 1 0.7372549 0.7372549 1 1 0.7372549 0.7372549 1 1 0.7372549 0.7372549 1 1 0.7372549 0.7372549 1 1 0.7372549 0.7372549 1 1 0.7372549 0.7372549 1 1 0.7372549 0.7372549 1 1 0.7372549 0.7372549 1 0.7568628 0.8039216 0.7058824 1 1 0.7372549 0.7372549 1 0.7568628 0.8039216 0.7058824 1 1 0.7372549 0.7372549 1 0.7843137 0.5686275 0.4941176 1 0.7843137 0.5686275 0.4941176 1 1 0.7372549 0.7372549 1 0.7843137 0.5686275 0.4941176 1 1 0.7372549 0.7372549 1 0.7843137 0.5686275 0.4941176 1 0.7843137 0.5686275 0.4941176 1 1 0.7372549 0.7372549 1 1 0.7372549 0.7372549 1 0.7843137 0.5686275 0.4941176 1 1 0.7372549 0.7372549 1 0.7843137 0.5686275 0.4941176 1 1 0.7372549 0.7372549 1 0.7843137 0.5686275 0.4941176 1 0.7843137 0.5686275 0.4941176 1 1 0.7372549 0.7372549 1 0.7843137 0.5686275 0.4941176 1 0.4 0.4 0.4 1 1 0.8196079 0.7843137 1 0.7568628 0.8039216 0.7450981 1 1 0.7372549 0.7372549 1 1 0.7372549 0.7372549 1 0.7568628 0.8039216 0.7450981 1 0.7568628 0.8039216 0.7450981 1 1 0.7372549 0.7372549 1 0.7568628 0.8039216 0.7450981 1 1 0.7372549 0.7372549 1 1 0.7372549 0.7372549 1 0.7568628 0.8039216 0.7450981 1 0.7568628 0.8039216 0.7058824 1 0.6 0.6588236 0.627451 1 1 0.7372549 0.7372549 1 0.7568628 0.8039216 0.7058824 1 0.7568628 0.8039216 0.7058824 1 1 0.7372549 0.7372549 1 1 0.7372549 0.7372549 1 0.7568628 0.8039216 0.7058824 1 1 0.7372549 0.7372549 1 0.7568628 0.8039216 0.7058824 1 0.7568628 0.8039216 0.7058824 1 1 0.7372549 0.7372549 1 1 0.7843137 0.7450981 1 1 0.8705883 0.8588235 1 0.7568628 0.8039216 0.7450981 1 1 0.7372549 0.7372549 1 1 0.7372549 0.7372549 1 0.7568628 0.8039216 0.7450981 1 0.7568628 0.8039216 0.7450981 1 1 0.7372549 0.7372549 1 0.7568628 0.8039216 0.7450981 1 1 0.7372549 0.7372549 1 1 0.7372549 0.7372549 1 0.7568628 0.8039216 0.7450981 1 1 0.8705883 0.8588235 1 0.7568628 0.8039216 0.7058824 1 0.7568628 0.8039216 0.7058824 1 0.7568628 0.8039216 0.7058824 1 0.7568628 0.8039216 0.7058824 1 0.7568628 0.8039216 0.7058824 1 0.7568628 0.8039216 0.7058824 1 0.7568628 0.8039216 0.7058824 1 0.7568628 0.8039216 0.7058824 1 0.7568628 0.8039216 0.7058824 1 0.7568628 0.8039216 0.7058824 1 0.7568628 0.8039216 0.7058824 1 0.7568628 0.8039216 0.7058824 1 0.7568628 0.8039216 0.7058824 1 0.7568628 0.8039216 0.7058824 1 1 0.7372549 0.7372549 1 1 0.7372549 0.7372549 1 0.7568628 0.8039216 0.7058824 1 1 0.7372549 0.7372549 1 1 0.8470588 0.8156863 1 0.7568628 0.8039216 0.7450981 1 1 0.7372549 0.7372549 1 1 0.7372549 0.7372549 1 0.7568628 0.8039216 0.7450981 1 0.7568628 0.8039216 0.7450981 1 1 0.7372549 0.7372549 1 0.7568628 0.8039216 0.7450981 1 1 0.7372549 0.7372549 1 1 0.7372549 0.7372549 1 0.7568628 0.8039216 0.7450981 1 1 0.7372549 0.7372549 1 1 0.7372549 0.7372549 1 1 0.7372549 0.7372549 1 0.7843137 0.5686275 0.4941176 1 0.7843137 0.5686275 0.4941176 1 1 0.7372549 0.7372549 1 1 0.7372549 0.8784314 1 0.7843137 0.5686275 0.4941176 1 0.7843137 0.5686275 0.4941176 1 0.7843137 0.5686275 0.4941176 1 0.7843137 0.5686275 0.4941176 1 0.7843137 0.5686275 0.4941176 1 0.7843137 0.5686275 0.4941176 1 0.7843137 0.5686275 0.4941176 1 0.7843137 0.5686275 0.4941176 1 1 0.7372549 0.7372549 1 1 0.7372549 0.7372549 1 0.7843137 0.5686275 0.4941176 1 1 0.7372549 0.7372549 1 1 0.7372549 0.7372549 1 1 0.7372549 0.7372549 1 1 0.7372549 0.7372549 1 1 0.7372549 0.7372549 1 1 0.7372549 0.7372549 1 1 0.7372549 0.7372549 1 1 0.7372549 0.7372549 1 1 0.7372549 0.7372549 1 1 0.7372549 0.7372549 1 1 0.7372549 0.7372549 1 1 0.7372549 0.7372549 1 1 0.7372549 0.7372549 1 0.4235294 0.4235294 0.4235294 1 0.5058824 0.427451 0.4862745 1 0.6196079 0.6784314 0.6117647 1 0.4235294 0.4235294 0.4235294 1 0.6196079 0.6784314 0.6117647 1 0.5607843 0.6901961 0.6156863 1 0.5607843 0.6901961 0.6156863 1 0.6196079 0.6784314 0.6117647 1 1 0.8117647 0.8117647 1 1 0.8117647 0.8117647 1 1 0.8117647 0.8117647 1 1 0.8117647 0.8117647 1 0.6196079 0.6784314 0.6117647 1 0.5058824 0.427451 0.4862745 1 0.5843138 0.7372549 0.6509804 1 1 0.8117647 0.8117647 1 1 0.8117647 0.8117647 1 1 0.8117647 0.8117647 1 1 0.8117647 0.8117647 1 1 0.8117647 0.8117647 1 1 0.8117647 0.8117647 1 1 0.8117647 0.8117647 1 1 0.8117647 0.8117647 1 0.5882353 0.7372549 0.6509804 1 0.5882353 0.7372549 0.6509804 1 1 0.8117647 0.8117647 1 0.6196079 0.6784314 0.6117647 1 1 0.8784314 0.8784314 1 1 0.8117647 0.8117647 1 1 0.8784314 0.8784314 1 1 0.8784314 0.8784314 1 1 0.8117647 0.8117647 1 1 0.8117647 0.8117647 1 1 0.8784314 0.8784314 1 1 0.8117647 0.8117647 1 0.6196079 0.6784314 0.6117647 1 0.6196079 0.6784314 0.6117647 1 1 0.8117647 0.8117647 1 0.5843138 0.7372549 0.6509804 1 0.6196079 0.6784314 0.6117647 1 0.5843138 0.7372549 0.6509804 1 0.5058824 0.427451 0.4862745 1 0.5058824 0.427451 0.4862745 1 0.5843138 0.7372549 0.6509804 1 0.5058824 0.427451 0.4862745 1 0.854902 0.854902 0.854902 1 0.854902 0.854902 0.854902 1 0.854902 0.854902 0.854902 1 0.854902 0.854902 0.854902 1 0.854902 0.854902 0.854902 1 1 0.8705883 0.9137255 1 0.854902 0.854902 0.854902 1 0.854902 0.854902 0.854902 1 0.854902 0.854902 0.854902 1 0.854902 0.854902 0.854902 1 0.854902 0.854902 0.854902 1 0.854902 0.854902 0.854902 1 1 0.8705883 0.9137255 1 0.9960784 1 0.9960784 1 0.9960784 1 0.9960784 1 1 0.8705883 0.9137255 1 0.9960784 1 0.9960784 1 1 0.8117647 0.9137255 1 1 0.8117647 0.9137255 1 0.9960784 1 0.9960784 1 0.6980392 0.4588235 0.4588235 1 0.854902 0.854902 0.854902 1 0.854902 0.854902 0.854902 1 0.854902 0.854902 0.854902 1 0.854902 0.854902 0.854902 1 0.854902 0.854902 0.854902 1 0.854902 0.854902 0.854902 1 0.854902 0.854902 0.854902 1 0.854902 0.854902 0.854902 1 0.854902 0.854902 0.854902 1 0.854902 0.854902 0.854902 1 0.854902 0.854902 0.854902 1 1 0.8705883 0.9137255 1 0.854902 0.854902 0.854902 1 1 0.8705883 0.9137255 1 0.854902 0.854902 0.854902 1 0.854902 0.854902 0.854902 1 1 0.8705883 0.9137255 1 0.854902 0.854902 0.854902 1 0.854902 0.854902 0.854902 1 0.854902 0.854902 0.854902 1 0.854902 0.854902 0.854902 1 0.854902 0.854902 0.854902 1 0.854902 0.854902 0.854902 1 0.854902 0.854902 0.854902 1 0.854902 0.854902 0.854902 1 0.854902 0.854902 0.854902 1 0.854902 0.854902 0.854902 1 0.854902 0.854902 0.854902 1 0.854902 0.854902 0.854902 1 0.854902 0.854902 0.854902 1 0.854902 0.854902 0.854902 1 0.854902 0.854902 0.854902 1 0.854902 0.854902 0.854902 1 0.854902 0.854902 0.854902 1 0.854902 0.854902 0.854902 1 0.854902 0.854902 0.854902 1 0.854902 0.854902 0.854902 1 0.854902 0.854902 0.854902 1 0.854902 0.854902 0.854902 1 0.854902 0.854902 0.854902 1 0.854902 0.854902 0.854902 1 0.854902 0.854902 0.854902 1 0.854902 0.854902 0.854902 1 0.854902 0.854902 0.854902 1 0.854902 0.854902 0.854902 1 0.854902 0.854902 0.854902 1 0.854902 0.854902 0.854902 1 1 0.8705883 0.9137255 1 1 0.8705883 0.9137255 1 0.854902 0.854902 0.854902 1 0.854902 0.854902 0.854902 1 1 0.8705883 0.9137255 1 0.854902 0.854902 0.854902 1 0.854902 0.854902 0.854902 1 0.854902 0.854902 0.854902 1 0.854902 0.854902 0.854902 1 0.854902 0.854902 0.854902 1 0.854902 0.854902 0.854902 1 0.854902 0.854902 0.854902 1 0.854902 0.854902 0.854902 1 0.854902 0.854902 0.854902 1 0.854902 0.854902 0.854902 1 0.854902 0.854902 0.854902 1 0.854902 0.854902 0.854902 1 0.854902 0.854902 0.854902 1 0.854902 0.854902 0.854902 1 0.854902 0.854902 0.854902 1 0.854902 0.854902 0.854902 1 0.854902 0.854902 0.854902 1 0.854902 0.854902 0.854902 1 0.854902 0.854902 0.854902 1 0.854902 0.854902 0.854902 1 0.854902 0.854902 0.854902 1 0.854902 0.854902 0.854902 1 0.854902 0.854902 0.854902 1 0.854902 0.854902 0.854902 1 0.854902 0.854902 0.854902 1 0.854902 0.854902 0.854902 1 0.854902 0.854902 0.854902 1 0.854902 0.854902 0.854902 1 0.854902 0.854902 0.854902 1 0.854902 0.854902 0.854902 1 0.854902 0.854902 0.854902 1 0.854902 0.854902 0.854902 1 0.854902 0.854902 0.854902 1 0.854902 0.854902 0.854902 1 0.854902 0.854902 0.854902 1 0.854902 0.854902 0.854902 1 0.854902 0.854902 0.854902 1 0.854902 0.854902 0.854902 1 0.854902 0.854902 0.854902 1 0.854902 0.854902 0.854902 1 0.854902 0.854902 0.854902 1 0.854902 0.854902 0.854902 1 0.854902 0.854902 0.854902 1 0.854902 0.854902 0.854902 1 0.854902 0.854902 0.854902 1 0.854902 0.854902 0.854902 1 0.854902 0.854902 0.854902 1 0.854902 0.854902 0.854902 1 0.854902 0.854902 0.854902 1 0.854902 0.854902 0.854902 1 0.854902 0.854902 0.854902 1 0.854902 0.854902 0.854902 1 0.854902 0.854902 0.854902 1 0.854902 0.854902 0.854902 1 0.854902 0.854902 0.854902 1 0.854902 0.854902 0.854902 1 0.854902 0.854902 0.854902 1 0.854902 0.854902 0.854902 1 0.854902 0.854902 0.854902 1 0.854902 0.854902 0.854902 1 0.854902 0.854902 0.854902 1 0.854902 0.854902 0.854902 1 0.854902 0.854902 0.854902 1 0.854902 0.854902 0.854902 1 0.854902 0.854902 0.854902 1 0.854902 0.854902 0.854902 1 0.854902 0.854902 0.854902 1 0.854902 0.854902 0.854902 1 0.854902 0.854902 0.854902 1 0.854902 0.854902 0.854902 1 0.854902 0.854902 0.854902 1 0.854902 0.854902 0.854902 1 0.854902 0.854902 0.854902 1 0.854902 0.854902 0.854902 1 0.854902 0.854902 0.854902 1 0.9960784 1 0.9960784 1 0.854902 0.854902 0.854902 1 0.854902 0.854902 0.854902 1 0.9960784 1 0.9960784 1 1 0.8705883 0.9137255 1 0.854902 0.854902 0.854902 1 1 0.8705883 0.9137255 1 1 0.8705883 0.9137255 1 1 0.8705883 0.9137255 1 1 0.8705883 0.9137255 1 1 0.8705883 0.9137255 1 1 0.8705883 0.9137255 1 1 0.8705883 0.9137255 1 1 0.8705883 0.9137255 1 1 0.8705883 0.9137255 1 1 0.8705883 0.9137255 1 0.854902 0.854902 0.854902 1</float_array>
          <technique_common>
            <accessor source="#Mesh_4-mesh-colors-Col-array" count="2499" stride="4">
              <param name="R" type="float"/>
              <param name="G" type="float"/>
              <param name="B" type="float"/>
              <param name="A" type="float"/>
            </accessor>
          </technique_common>
        </source>
        <vertices id="Mesh_4-mesh-vertices">
          <input semantic="POSITION" source="#Mesh_4-mesh-positions"/>
        </vertices>
        <triangles material="Image_0-material" count="412">
          <input semantic="VERTEX" source="#Mesh_4-mesh-vertices" offset="0"/>
          <input semantic="NORMAL" source="#Mesh_4-mesh-normals" offset="1"/>
          <input semantic="TEXCOORD" source="#Mesh_4-mesh-map-0" offset="2" set="0"/>
          <input semantic="COLOR" source="#Mesh_4-mesh-colors-Col" offset="3" set="0"/>
          <p>1 0 0 0 0 1 1 1 2 2 2 2 1 0 3 3 2 2 4 4 3 3 5 5 5 4 6 6 4 5 7 7 6 6 8 8 5 4 9 9 6 6 10 10 7 7 11 11 9 8 12 12 8 9 13 13 10 10 14 14 9 8 15 15 10 10 16 16 11 11 17 17 13 12 18 18 12 13 19 19 14 14 20 20 13 12 21 21 14 14 22 22 15 15 23 23 17 16 24 24 16 17 25 25 18 18 26 26 17 16 27 27 18 18 28 28 19 19 29 29 21 20 30 30 20 21 31 31 22 22 32 32 21 20 33 33 22 22 34 34 23 23 35 35 25 24 36 36 24 25 37 37 26 26 38 38 25 24 39 39 26 26 40 40 27 27 41 41 29 28 42 42 28 29 43 43 30 30 44 44 29 28 45 45 30 30 46 46 31 31 47 47 33 32 48 48 32 33 49 49 34 34 50 50 33 32 51 51 34 34 52 52 35 35 53 53 37 36 54 54 36 37 55 55 38 38 56 56 37 36 57 57 38 38 58 58 39 39 59 59 41 40 60 60 40 41 61 61 42 42 62 62 41 40 63 63 42 42 64 64 43 43 65 65 45 44 66 66 44 45 67 67 46 46 68 68 45 44 69 69 46 46 70 70 47 47 71 71 49 48 72 72 48 49 73 73 50 50 74 74 49 48 75 75 50 50 76 76 51 51 77 77 53 52 78 78 52 53 79 79 54 54 80 80 53 52 81 81 54 54 82 82 55 55 83 83 57 56 84 84 56 57 85 85 58 58 86 86 57 56 87 87 58 58 88 88 59 59 89 89 61 60 90 90 60 61 91 91 62 62 92 92 61 60 93 93 62 62 94 94 63 63 95 95 65 64 96 96 64 65 97 97 66 66 98 98 65 64 99 99 66 66 100 100 67 67 101 101 69 68 102 102 68 69 103 103 70 70 104 104 69 68 105 105 70 70 106 106 71 71 107 107 71 71 108 108 70 70 109 109 72 72 110 110 74 73 111 111 73 74 112 112 75 75 113 113 74 73 114 114 75 75 115 115 76 76 116 116 76 76 117 117 75 75 118 118 77 77 119 119 79 78 120 120 78 79 121 121 80 80 122 122 79 78 123 123 80 80 124 124 81 81 125 125 81 81 126 126 80 80 127 127 82 82 128 128 84 83 129 129 83 84 130 130 85 85 131 131 84 83 132 132 85 85 133 133 86 86 134 134 86 86 135 135 85 85 136 136 87 87 137 137 86 86 138 138 87 87 139 139 88 88 140 140 90 89 141 141 89 90 142 142 91 91 143 143 90 89 144 144 91 91 145 145 92 92 146 146 92 92 147 147 91 91 148 148 93 93 149 149 92 92 150 150 93 93 151 151 94 94 152 152 94 94 153 153 93 93 154 154 95 95 155 155 97 96 156 156 96 97 157 157 98 98 158 158 97 96 159 159 98 98 160 160 99 99 161 161 99 99 162 162 98 98 163 163 100 100 164 164 99 99 165 165 100 100 166 166 101 101 167 167 101 101 168 168 100 100 169 169 102 102 170 170 104 103 171 171 103 104 172 172 105 105 173 173 107 106 174 174 106 107 175 175 108 108 176 176 110 109 177 177 109 110 178 178 111 111 179 179 113 112 180 180 112 113 181 181 114 114 182 182 116 115 183 183 115 116 184 184 117 117 185 185 116 115 186 186 117 117 187 187 118 118 188 188 120 119 189 189 119 120 190 190 121 121 191 191 120 119 192 192 121 121 193 193 122 122 194 194 124 123 195 195 123 124 196 196 125 125 197 197 124 123 198 198 125 125 199 199 126 126 200 200 127 127 201 201 128 128 202 202 129 129 203 203 129 129 204 204 128 128 205 205 130 130 206 206 129 129 207 207 130 130 208 208 131 131 209 209 131 131 210 210 130 130 211 211 132 132 212 212 273 272 438 438 272 273 439 439 274 274 440 440 273 272 441 441 274 274 442 442 275 275 443 443 277 276 444 444 276 277 445 445 278 278 446 446 277 276 447 447 278 278 448 448 279 279 449 449 281 280 450 450 280 281 451 451 282 282 452 452 281 280 453 453 282 282 454 454 283 283 455 455 285 284 456 456 284 285 457 457 286 286 458 458 285 284 459 459 286 286 460 460 287 287 461 461 289 288 462 462 288 289 463 463 290 290 464 464 289 288 465 465 290 290 466 466 291 291 467 467 291 291 468 468 290 290 469 469 292 292 470 470 294 293 471 471 293 294 472 472 295 295 473 473 294 293 474 474 295 295 475 475 296 296 476 476 296 296 477 477 295 295 478 478 297 297 479 479 296 296 480 480 297 297 481 481 298 298 482 482 299 299 483 483 300 300 484 484 301 301 485 485 301 301 486 486 300 300 487 487 302 302 488 488 301 301 489 489 302 302 490 490 303 303 491 491 303 303 492 492 302 302 493 493 304 304 494 494 306 305 495 495 305 306 496 496 307 307 497 497 309 308 498 498 308 309 499 499 310 310 500 500 312 311 501 501 311 312 502 502 313 313 503 503 315 314 504 504 314 315 505 505 316 316 506 506 318 317 507 507 317 318 508 508 319 319 509 509 321 320 510 510 320 321 511 511 322 322 512 512 324 323 513 513 323 324 514 514 325 325 515 515 324 323 516 516 325 325 517 517 326 326 518 518 328 327 519 519 327 328 520 520 329 329 521 521 328 327 522 522 329 329 523 523 330 330 524 524 330 330 525 525 329 329 526 526 331 331 527 527 333 332 528 528 332 333 529 529 334 334 530 530 333 332 531 531 334 334 532 532 335 335 533 533 335 335 534 534 334 334 535 535 336 336 536 536 338 337 537 537 337 338 538 538 339 339 539 539 338 337 540 540 339 339 541 541 340 340 542 542 340 340 543 543 339 339 544 544 341 341 545 545 340 340 546 546 341 341 547 547 342 342 548 548 344 343 549 549 343 344 550 550 345 345 551 551 344 343 552 552 345 345 553 553 346 346 554 554 346 346 555 555 345 345 556 556 347 347 557 557 346 346 558 558 347 347 559 559 348 348 560 560 350 349 561 561 349 350 562 562 351 351 563 563 350 349 564 564 351 351 565 565 352 352 566 566 354 353 567 567 353 354 568 568 355 355 569 569 354 353 570 570 355 355 571 571 356 356 572 572 356 356 573 573 355 355 574 574 357 357 575 575 356 356 576 576 357 357 577 577 358 358 578 578 358 358 579 579 357 357 580 580 359 359 581 581 361 360 582 582 360 361 583 583 362 362 584 584 861 860 1458 1458 860 861 1459 1459 862 862 1460 1460 861 860 1461 1461 862 862 1462 1462 863 863 1463 1463 865 864 1464 1464 864 865 1465 1465 866 866 1466 1466 865 864 1467 1467 866 866 1468 1468 867 867 1469 1469 869 868 1470 1470 868 869 1471 1471 870 870 1472 1472 869 868 1473 1473 870 870 1474 1474 871 871 1475 1475 873 872 1476 1476 872 873 1477 1477 874 874 1478 1478 873 872 1479 1479 874 874 1480 1480 875 875 1481 1481 877 876 1482 1482 876 877 1483 1483 878 878 1484 1484 877 876 1485 1485 878 878 1486 1486 879 879 1487 1487 881 880 1488 1488 880 881 1489 1489 882 882 1490 1490 881 880 1491 1491 882 882 1492 1492 883 883 1493 1493 885 884 1494 1494 884 885 1495 1495 886 886 1496 1496 885 884 1497 1497 886 886 1498 1498 887 887 1499 1499 889 888 1500 1500 888 889 1501 1501 890 890 1502 1502 889 888 1503 1503 890 890 1504 1504 891 891 1505 1505 893 892 1506 1506 892 893 1507 1507 894 894 1508 1508 893 892 1509 1509 894 894 1510 1510 895 895 1511 1511 897 896 1512 1512 896 897 1513 1513 898 898 1514 1514 897 896 1515 1515 898 898 1516 1516 899 899 1517 1517 901 900 1518 1518 900 901 1519 1519 902 902 1520 1520 901 900 1521 1521 902 902 1522 1522 903 903 1523 1523 905 904 1524 1524 904 905 1525 1525 906 906 1526 1526 905 904 1527 1527 906 906 1528 1528 907 907 1529 1529 909 908 1530 1530 908 909 1531 1531 910 910 1532 1532 909 908 1533 1533 910 910 1534 1534 911 911 1535 1535 913 912 1536 1536 912 913 1537 1537 914 914 1538 1538 913 912 1539 1539 914 914 1540 1540 915 915 1541 1541 917 916 1542 1542 916 917 1543 1543 918 918 1544 1544 917 916 1545 1545 918 918 1546 1546 919 919 1547 1547 921 920 1548 1548 920 921 1549 1549 922 922 1550 1550 921 920 1551 1551 922 922 1552 1552 923 923 1553 1553 924 924 1554 1554 925 925 1555 1555 926 926 1556 1556 926 926 1557 1557 925 925 1558 1558 927 927 1559 1559 926 926 1560 1560 927 927 1561 1561 928 928 1562 1562 928 928 1563 1563 927 927 1564 1564 929 929 1565 1565 928 928 1566 1566 929 929 1567 1567 930 930 1568 1568 930 930 1569 1569 929 929 1570 1570 931 931 1571 1571 930 930 1572 1572 931 931 1573 1573 932 932 1574 1574 932 932 1575 1575 931 931 1576 1576 933 933 1577 1577 932 932 1578 1578 933 933 1579 1579 934 934 1580 1580 934 934 1581 1581 933 933 1582 1582 935 935 1583 1583 936 936 1584 1584 937 937 1585 1585 938 938 1586 1586 938 938 1587 1587 937 937 1588 1588 939 939 1589 1589 938 938 1590 1590 939 939 1591 1591 940 940 1592 1592 940 940 1593 1593 939 939 1594 1594 941 941 1595 1595 940 940 1596 1596 941 941 1597 1597 942 942 1598 1598 942 942 1599 1599 941 941 1600 1600 943 943 1601 1601 942 942 1602 1602 943 943 1603 1603 944 944 1604 1604 944 944 1605 1605 943 943 1606 1606 945 945 1607 1607 944 944 1608 1608 945 945 1609 1609 946 946 1610 1610 946 946 1611 1611 945 945 1612 1612 947 947 1613 1613 948 948 1614 1614 949 949 1615 1615 950 950 1616 1616 950 950 1617 1617 949 949 1618 1618 951 951 1619 1619 950 950 1620 1620 951 951 1621 1621 952 952 1622 1622 952 952 1623 1623 951 951 1624 1624 953 953 1625 1625 952 952 1626 1626 953 953 1627 1627 954 954 1628 1628 954 954 1629 1629 953 953 1630 1630 955 944 1631 1631 954 954 1632 1632 955 944 1633 1633 956 955 1634 1634 956 955 1635 1635 955 944 1636 1636 957 956 1637 1637 956 955 1638 1638 957 956 1639 1639 958 957 1640 1640 958 957 1641 1641 957 956 1642 1642 959 958 1643 1643 958 957 1644 1644 959 958 1645 1645 960 959 1646 1646 960 959 1647 1647 959 958 1648 1648 961 960 1649 1649 962 961 1650 1650 963 962 1651 1651 964 963 1652 1652 964 963 1653 1653 963 962 1654 1654 965 964 1655 1655 964 963 1656 1656 965 964 1657 1657 966 965 1658 1658 966 965 1659 1659 965 964 1660 1660 967 966 1661 1661 966 965 1662 1662 967 966 1663 1663 968 967 1664 1664 968 967 1665 1665 967 966 1666 1666 969 968 1667 1667 968 967 1668 1668 969 968 1669 1669 970 969 1670 1670 970 969 1671 1671 969 968 1672 1672 971 970 1673 1673 970 969 1674 1674 971 970 1675 1675 972 971 1676 1676 972 971 1677 1677 971 970 1678 1678 973 972 1679 1679 972 971 1680 1680 973 972 1681 1681 974 973 1682 1682 974 973 1683 1683 973 972 1684 1684 975 974 1685 1685 976 975 1686 1686 977 976 1687 1687 978 977 1688 1688 978 977 1689 1689 977 976 1690 1690 979 978 1691 1691 978 977 1692 1692 979 978 1693 1693 980 979 1694 1694 980 979 1695 1695 979 978 1696 1696 981 980 1697 1697 980 979 1698 1698 981 980 1699 1699 982 981 1700 1700 982 981 1701 1701 981 980 1702 1702 983 982 1703 1703 982 981 1704 1704 983 982 1705 1705 984 983 1706 1706 984 983 1707 1707 983 982 1708 1708 985 984 1709 1709 984 983 1710 1710 985 984 1711 1711 986 985 1712 1712 986 985 1713 1713 985 984 1714 1714 987 986 1715 1715 986 985 1716 1716 987 986 1717 1717 988 987 1718 1718 988 987 1719 1719 987 986 1720 1720 989 988 1721 1721 990 989 1722 1722 991 990 1723 1723 992 991 1724 1724 992 991 1725 1725 991 990 1726 1726 993 992 1727 1727 992 991 1728 1728 993 992 1729 1729 994 993 1730 1730 994 993 1731 1731 993 992 1732 1732 995 994 1733 1733 994 993 1734 1734 995 994 1735 1735 996 995 1736 1736 996 995 1737 1737 995 994 1738 1738 997 996 1739 1739 996 995 1740 1740 997 996 1741 1741 998 997 1742 1742 998 997 1743 1743 997 996 1744 1744 999 998 1745 1745 998 997 1746 1746 999 998 1747 1747 1000 999 1748 1748 1000 999 1749 1749 999 998 1750 1750 1001 1000 1751 1751 1000 999 1752 1752 1001 1000 1753 1753 1002 1001 1754 1754 1002 1001 1755 1755 1001 1000 1756 1756 1003 1002 1757 1757 1004 1003 1758 1758 1005 1004 1759 1759 1006 1005 1760 1760 1006 1005 1761 1761 1005 1004 1762 1762 1007 1006 1763 1763 1008 1007 1764 1764 1009 1008 1765 1765 1010 1009 1766 1766 1010 1009 1767 1767 1009 1008 1768 1768 1011 1010 1769 1769 1012 1011 1770 1770 1013 1012 1771 1771 1014 1013 1772 1772 1014 1013 1773 1773 1013 1012 1774 1774 1015 1014 1775 1775 1016 1015 1776 1776 1017 1016 1777 1777 1018 1017 1778 1778 1018 1017 1779 1779 1017 1016 1780 1780 1019 1018 1781 1781 1020 1019 1782 1782 1021 1020 1783 1783 1022 1021 1784 1784 1022 1021 1785 1785 1021 1020 1786 1786 1023 1022 1787 1787 1024 1023 1788 1788 1025 1024 1789 1789 1026 1025 1790 1790 1026 1025 1791 1791 1025 1024 1792 1792 1027 1026 1793 1793 1028 1027 1794 1794 1029 1028 1795 1795 1030 1029 1796 1796 1030 1029 1797 1797 1029 1028 1798 1798 1031 1030 1799 1799 1032 1031 1800 1800 1033 1032 1801 1801 1034 1033 1802 1802 1034 1033 1803 1803 1033 1032 1804 1804 1035 1034 1805 1805 1036 1035 1806 1806 1037 1036 1807 1807 1038 1037 1808 1808 1038 1037 1809 1809 1037 1036 1810 1810 1039 1038 1811 1811 1040 1039 1812 1812 1041 1040 1813 1813 1042 1041 1814 1814 1042 1041 1815 1815 1041 1040 1816 1816 1043 1042 1817 1817 1044 1043 1818 1818 1045 1044 1819 1819 1046 1045 1820 1820 1046 1045 1821 1821 1045 1044 1822 1822 1047 1046 1823 1823 1048 1047 1824 1824 1049 1048 1825 1825 1050 1049 1826 1826 1050 1049 1827 1827 1049 1048 1828 1828 1051 1050 1829 1829 1052 1051 1830 1830 1053 1052 1831 1831 1054 1053 1832 1832 1054 1053 1833 1833 1053 1052 1834 1834 1055 1054 1835 1835 1056 1055 1836 1836 1057 1056 1837 1837 1058 1057 1838 1838 1058 1057 1839 1839 1057 1056 1840 1840 1059 1058 1841 1841 1060 1059 1842 1842 1061 1060 1843 1843 1062 1061 1844 1844 1062 1061 1845 1845 1061 1060 1846 1846 1063 1062 1847 1847 1064 1063 1848 1848 1065 1064 1849 1849 1066 1065 1850 1850 1066 1065 1851 1851 1065 1064 1852 1852 1067 1066 1853 1853 1066 1065 1854 1854 1067 1066 1855 1855 1068 1067 1856 1856 1069 1068 1857 1857 1070 1069 1858 1858 1071 1070 1859 1859 1071 1070 1860 1860 1070 1069 1861 1861 1072 1071 1862 1862 1071 1070 1863 1863 1072 1071 1864 1864 1073 1072 1865 1865 1074 1073 1866 1866 1075 1074 1867 1867 1076 1075 1868 1868 1076 1075 1869 1869 1075 1074 1870 1870 1077 1076 1871 1871 1076 1075 1872 1872 1077 1076 1873 1873 1078 1077 1874 1874 1078 1077 1875 1875 1077 1076 1876 1876 1079 1078 1877 1877 1080 1079 1878 1878 1081 1080 1879 1879 1082 1081 1880 1880 1082 1081 1881 1881 1081 1080 1882 1882 1083 1082 1883 1883 1082 1081 1884 1884 1083 1082 1885 1885 1084 1083 1886 1886 1084 1083 1887 1887 1083 1082 1888 1888 1085 1084 1889 1889 1086 1085 1890 1890 1087 1086 1891 1891 1088 1087 1892 1892 1088 1087 1893 1893 1087 1086 1894 1894 1089 1088 1895 1895 1088 1087 1896 1896 1089 1088 1897 1897 1090 1089 1898 1898 1090 1089 1899 1899 1089 1088 1900 1900 1091 1090 1901 1901 1092 1091 1902 1902 1093 1092 1903 1903 1094 1093 1904 1904 1094 1093 1905 1905 1093 1092 1906 1906 1095 1094 1907 1907 1094 1093 1908 1908 1095 1094 1909 1909 1096 1095 1910 1910 1096 1095 1911 1911 1095 1094 1912 1912 1097 1096 1913 1913 1098 1097 1914 1914 1099 1098 1915 1915 1100 1099 1916 1916 1100 1099 1917 1917 1099 1098 1918 1918 1101 1100 1919 1919 1100 1099 1920 1920 1101 1100 1921 1921 1102 1101 1922 1922 1102 1101 1923 1923 1101 1100 1924 1924 1103 1102 1925 1925 1102 1101 1926 1926 1103 1102 1927 1927 1104 1103 1928 1928 1105 1104 1929 1929 1106 1105 1930 1930 1107 1106 1931 1931 1107 1106 1932 1932 1106 1105 1933 1933 1108 1107 1934 1934 1107 1106 1935 1935 1108 1107 1936 1936 1109 1108 1937 1937 1109 1108 1938 1938 1108 1107 1939 1939 1110 1109 1940 1940 1109 1108 1941 1941 1110 1109 1942 1942 1111 1110 1943 1943 1111 1110 1944 1944 1110 1109 1945 1945 1112 1111 1946 1946 1113 1112 1947 1947 1114 1113 1948 1948 1115 1114 1949 1949 1115 1114 1950 1950 1114 1113 1951 1951 1116 1115 1952 1952 1115 1114 1953 1953 1116 1115 1954 1954 1117 1116 1955 1955 1117 1116 1956 1956 1116 1115 1957 1957 1118 1117 1958 1958 1117 1116 1959 1959 1118 1117 1960 1960 1119 1118 1961 1961 1119 1118 1962 1962 1118 1117 1963 1963 1120 1119 1964 1964 1121 1120 1965 1965 1122 1121 1966 1966 1123 1122 1967 1967 1124 1123 1968 1968 1125 1124 1969 1969 1126 1125 1970 1970 1127 1126 1971 1971 1128 1127 1972 1972 1129 1128 1973 1973 1130 1129 1974 1974 1131 1130 1975 1975 1132 1131 1976 1976 1133 1132 1977 1977 1134 1133 1978 1978 1135 1134 1979 1979 1136 1135 1980 1980 1137 1136 1981 1981 1138 1137 1982 1982 1139 1138 1983 1983 1140 1139 1984 1984 1141 1140 1985 1985 1142 1141 1986 1986 1143 1142 1987 1987 1144 1143 1988 1988 1146 1144 1989 1989 1145 1145 1990 1990 1147 1146 1991 1991 1146 1144 1992 1992 1147 1146 1993 1993 1148 1147 1994 1994 1150 1148 1995 1995 1149 1149 1996 1996 1151 1150 1997 1997 1150 1148 1998 1998 1151 1150 1999 1999 1152 1151 2000 2000 1154 1152 2001 2001 1153 1153 2002 2002 1155 1154 2003 2003 1154 1152 2004 2004 1155 1154 2005 2005 1156 1155 2006 2006 1158 1156 2007 2007 1157 1157 2008 2008 1159 1158 2009 2009 1158 1156 2010 2010 1159 1158 2011 2011 1160 1159 2012 2012 1162 1160 2013 2013 1161 1161 2014 2014 1163 1162 2015 2015 1162 1160 2016 2016 1163 1162 2017 2017 1164 1163 2018 2018 1166 1164 2019 2019 1165 1165 2020 2020 1167 1166 2021 2021 1166 1164 2022 2022 1167 1166 2023 2023 1168 1167 2024 2024 1170 1168 2025 2025 1169 1169 2026 2026 1171 1170 2027 2027 1170 1168 2028 2028 1171 1170 2029 2029 1172 1171 2030 2030 1174 1172 2031 2031 1173 1173 2032 2032 1175 1174 2033 2033 1174 1172 2034 2034 1175 1174 2035 2035 1176 1175 2036 2036 1178 1176 2037 2037 1177 1177 2038 2038 1179 1178 2039 2039 1178 1176 2040 2040 1179 1178 2041 2041 1180 1179 2042 2042 1182 1180 2043 2043 1181 1181 2044 2044 1183 1182 2045 2045 1182 1180 2046 2046 1183 1182 2047 2047 1184 1183 2048 2048 1186 1184 2049 2049 1185 1185 2050 2050 1187 1186 2051 2051 1186 1184 2052 2052 1187 1186 2053 2053 1188 1187 2054 2054 1190 1188 2055 2055 1189 1189 2056 2056 1191 1190 2057 2057 1190 1188 2058 2058 1191 1190 2059 2059 1192 1191 2060 2060 1194 1192 2061 2061 1193 1193 2062 2062 1195 1194 2063 2063 1194 1192 2064 2064 1195 1194 2065 2065 1196 1195 2066 2066 1198 1196 2067 2067 1197 1197 2068 2068 1199 1198 2069 2069 1198 1196 2070 2070 1199 1198 2071 2071 1200 1199 2072 2072 1202 1200 2073 2073 1201 1201 2074 2074 1203 1202 2075 2075 1202 1200 2076 2076 1203 1202 2077 2077 1204 1203 2078 2078 1206 1204 2079 2079 1205 1205 2080 2080 1207 1206 2081 2081 1206 1204 2082 2082 1207 1206 2083 2083 1208 1207 2084 2084 1210 1208 2085 2085 1209 1209 2086 2086 1211 1210 2087 2087 1210 1208 2088 2088 1211 1210 2089 2089 1212 1211 2090 2090 1214 1212 2091 2091 1213 1213 2092 2092 1215 1214 2093 2093 1214 1212 2094 2094 1215 1214 2095 2095 1216 1215 2096 2096 1218 1216 2097 2097 1217 1217 2098 2098 1219 1218 2099 2099 1218 1216 2100 2100 1219 1218 2101 2101 1220 1219 2102 2102 1222 1220 2103 2103 1221 1221 2104 2104 1223 1222 2105 2105 1222 1220 2106 2106 1223 1222 2107 2107 1224 1223 2108 2108 1226 1224 2109 2109 1225 1225 2110 2110 1227 1226 2111 2111 1226 1224 2112 2112 1227 1226 2113 2113 1228 1227 2114 2114 1230 1228 2115 2115 1229 1229 2116 2116 1231 1230 2117 2117 1230 1228 2118 2118 1231 1230 2119 2119 1232 1231 2120 2120 1232 1231 2121 2121 1231 1230 2122 2122 1233 1232 2123 2123 1232 1231 2124 2124 1233 1232 2125 2125 1234 1233 2126 2126 1236 1234 2127 2127 1235 1235 2128 2128 1237 1236 2129 2129 1236 1234 2130 2130 1237 1236 2131 2131 1238 1237 2132 2132 1238 1237 2133 2133 1237 1236 2134 2134 1239 1238 2135 2135 1238 1237 2136 2136 1239 1238 2137 2137 1240 1239 2138 2138 1242 1240 2139 2139 1241 1241 2140 2140 1243 1242 2141 2141 1242 1240 2142 2142 1243 1242 2143 2143 1244 1243 2144 2144 1244 1243 2145 2145 1243 1242 2146 2146 1245 1244 2147 2147 1244 1243 2148 2148 1245 1244 2149 2149 1246 1245 2150 2150 1248 1246 2151 2151 1247 1247 2152 2152 1249 1248 2153 2153 1248 1246 2154 2154 1249 1248 2155 2155 1250 1249 2156 2156 1250 1249 2157 2157 1249 1248 2158 2158 1251 1250 2159 2159 1250 1249 2160 2160 1251 1250 2161 2161 1252 1251 2162 2162 1254 1252 2163 2163 1253 1253 2164 2164 1255 1254 2165 2165 1254 1252 2166 2166 1255 1254 2167 2167 1256 1255 2168 2168 1256 1255 2169 2169 1255 1254 2170 2170 1257 1256 2171 2171 1256 1255 2172 2172 1257 1256 2173 2173 1258 1257 2174 2174 1260 1258 2175 2175 1259 1247 2176 2176 1261 1259 2177 2177 1260 1258 2178 2178 1261 1259 2179 2179 1262 1260 2180 2180 1262 1260 2181 2181 1261 1259 2182 2182 1263 1261 2183 2183 1262 1260 2184 2184 1263 1261 2185 2185 1264 1262 2186 2186 1266 1263 2187 2187 1265 1264 2188 2188 1267 1265 2189 2189 1266 1263 2190 2190 1267 1265 2191 2191 1268 1266 2192 2192 1269 1267 2193 2193 1270 1268 2194 2194 1271 1269 2195 2195 1271 1269 2196 2196 1270 1268 2197 2197 1272 1270 2198 2198 1271 1269 2199 2199 1272 1270 2200 2200 1273 1271 2201 2201 1273 1271 2202 2202 1272 1270 2203 2203 1274 1272 2204 2204 1275 1273 2205 2205 1276 1274 2206 2206 1277 1275 2207 2207 1277 1275 2208 2208 1276 1274 2209 2209 1278 1276 2210 2210 1277 1275 2211 2211 1278 1276 2212 2212 1279 1277 2213 2213 1279 1277 2214 2214 1278 1276 2215 2215 1280 1278 2216 2216 1281 1279 2217 2217 1282 1280 2218 2218 1283 1281 2219 2219 1283 1281 2220 2220 1282 1280 2221 2221 1284 1282 2222 2222 1283 1281 2223 2223 1284 1282 2224 2224 1285 1283 2225 2225 1285 1283 2226 2226 1284 1282 2227 2227 1286 1284 2228 2228 1287 1285 2229 2229 1288 1286 2230 2230 1289 1287 2231 2231 1289 1287 2232 2232 1288 1286 2233 2233 1290 1288 2234 2234 1289 1287 2235 2235 1290 1288 2236 2236 1291 1289 2237 2237 1291 1289 2238 2238 1290 1288 2239 2239 1292 1290 2240 2240 1291 1289 2241 2241 1292 1290 2242 2242 1293 1291 2243 2243 1293 1291 2244 2244 1292 1290 2245 2245 1294 1292 2246 2246 1295 1293 2247 2247 1296 1294 2248 2248 1297 1295 2249 2249 1297 1295 2250 2250 1296 1294 2251 2251 1298 1296 2252 2252 1297 1295 2253 2253 1298 1296 2254 2254 1299 1297 2255 2255 1299 1297 2256 2256 1298 1296 2257 2257 1300 1298 2258 2258 1299 1297 2259 2259 1300 1298 2260 2260 1301 1299 2261 2261 1301 1299 2262 2262 1300 1298 2263 2263 1302 1300 2264 2264 1303 1301 2265 2265 1304 1302 2266 2266 1305 1303 2267 2267 1305 1303 2268 2268 1304 1302 2269 2269 1306 1304 2270 2270 1305 1303 2271 2271 1306 1304 2272 2272 1307 1305 2273 2273 1307 1305 2274 2274 1306 1304 2275 2275 1308 1306 2276 2276 1307 1305 2277 2277 1308 1306 2278 2278 1309 1307 2279 2279 1309 1307 2280 2280 1308 1306 2281 2281 1310 1308 2282 2282 1309 1307 2283 2283 1310 1308 2284 2284 1311 1309 2285 2285 1311 1309 2286 2286 1310 1308 2287 2287 1312 1310 2288 2288 1314 1311 2289 2289 1313 1312 2290 2290 1315 1313 2291 2291 1314 1311 2292 2292 1315 1313 2293 2293 1316 1314 2294 2294 1316 1314 2295 2295 1315 1313 2296 2296 1317 1315 2297 2297 1319 1316 2298 2298 1318 1317 2299 2299 1320 1318 2300 2300 1322 1319 2301 2301 1321 1320 2302 2302 1323 1321 2303 2303 1324 1322 2304 2304 1325 1323 2305 2305 1326 1324 2306 2306 1326 1324 2307 2307 1325 1323 2308 2308 1327 1325 2309 2309 1326 1324 2310 2310 1327 1325 2311 2311 1328 1326 2312 2312 1328 1326 2313 2313 1327 1325 2314 2314 1329 1327 2315 2315 1330 1328 2316 2316 1331 1329 2317 2317 1332 1330 2318 2318 1332 1330 2319 2319 1331 1329 2320 2320 1333 1331 2321 2321 1332 1330 2322 2322 1333 1331 2323 2323 1334 1332 2324 2324 1334 1332 2325 2325 1333 1331 2326 2326 1335 1333 2327 2327 1334 1332 2328 2328 1335 1333 2329 2329 1336 216 2330 2330 1336 216 2331 2331 1335 1333 2332 2332 1337 1334 2333 2333</p>
        </triangles>
        <triangles material="Image_1-material" count="117">
          <input semantic="VERTEX" source="#Mesh_4-mesh-vertices" offset="0"/>
          <input semantic="NORMAL" source="#Mesh_4-mesh-normals" offset="1"/>
          <input semantic="TEXCOORD" source="#Mesh_4-mesh-map-0" offset="2" set="0"/>
          <input semantic="COLOR" source="#Mesh_4-mesh-colors-Col" offset="3" set="0"/>
          <p>134 133 213 213 133 134 214 214 135 135 215 215 134 133 216 216 135 135 217 217 136 136 218 218 138 137 219 219 137 138 220 220 139 139 221 221 138 137 222 222 139 139 223 223 140 140 224 224 142 141 225 225 141 142 226 226 143 143 227 227 142 141 228 228 143 143 229 229 144 144 230 230 146 145 231 231 145 146 232 232 147 147 233 233 146 145 234 234 147 147 235 235 148 148 236 236 150 149 237 237 149 150 238 238 151 151 239 239 150 149 240 240 151 151 241 241 152 152 242 242 154 153 243 243 153 154 244 244 155 155 245 245 154 153 246 246 155 155 247 247 156 156 248 248 158 157 249 249 157 158 250 250 159 159 251 251 158 157 252 252 159 159 253 253 160 160 254 254 162 161 255 255 161 162 256 256 163 163 257 257 162 161 258 258 163 163 259 259 164 164 260 260 166 165 261 261 165 166 262 262 167 167 263 263 166 165 264 264 167 167 265 265 168 168 266 266 170 169 267 267 169 170 268 268 171 171 269 269 170 169 270 270 171 171 271 271 172 172 272 272 174 173 273 273 173 174 274 274 175 175 275 275 174 173 276 276 175 175 277 277 176 176 278 278 178 177 279 279 177 178 280 280 179 179 281 281 178 177 282 282 179 179 283 283 180 180 284 284 182 181 285 285 181 182 286 286 183 183 287 287 182 181 288 288 183 183 289 289 184 184 290 290 186 185 291 291 185 186 292 292 187 187 293 293 186 185 294 294 187 187 295 295 188 188 296 296 190 189 297 297 189 190 298 298 191 191 299 299 190 189 300 300 191 191 301 301 192 192 302 302 194 193 303 303 193 194 304 304 195 195 305 305 194 193 306 306 195 195 307 307 196 196 308 308 198 197 309 309 197 198 310 310 199 199 311 311 201 200 312 312 200 201 313 313 202 202 314 314 201 200 315 315 202 202 316 316 203 203 317 317 205 204 318 318 204 205 319 319 206 206 320 320 205 204 321 321 206 206 322 322 207 207 323 323 209 208 324 324 208 209 325 325 210 210 326 326 209 208 327 327 210 210 328 328 211 211 329 329 213 212 330 330 212 213 331 331 214 214 332 332 213 212 333 333 214 214 334 334 215 215 335 335 217 216 336 336 216 217 337 337 218 218 338 338 217 216 339 339 218 218 340 340 219 219 341 341 221 220 342 342 220 221 343 343 222 222 344 344 221 220 345 345 222 222 346 346 223 223 347 347 223 223 348 348 222 222 349 349 224 224 350 350 226 225 351 351 225 226 352 352 227 227 353 353 226 225 354 354 227 227 355 355 228 228 356 356 228 228 357 357 227 227 358 358 229 229 359 359 228 228 360 360 229 229 361 361 230 230 362 362 232 231 363 363 231 232 364 364 233 233 365 365 232 231 366 366 233 233 367 367 234 234 368 368 234 234 369 369 233 233 370 370 235 235 371 371 234 234 372 372 235 235 373 373 236 236 374 374 238 237 375 375 237 238 376 376 239 239 377 377 238 237 378 378 239 239 379 379 240 240 380 380 240 240 381 381 239 239 382 382 241 241 383 383 240 240 384 384 241 241 385 385 242 242 386 386 242 242 387 387 241 241 388 388 243 243 389 389 245 244 390 390 244 245 391 391 246 246 392 392 248 247 393 393 247 248 394 394 249 249 395 395 251 250 396 396 250 251 397 397 252 252 398 398 254 253 399 399 253 254 400 400 255 255 401 401 256 256 402 402 257 257 403 403 258 258 404 404 258 258 405 405 257 257 406 406 259 259 407 407 258 258 408 408 259 259 409 409 260 260 410 410 260 260 411 411 259 259 412 412 261 261 413 413 262 262 414 414 263 263 415 415 264 264 416 416 264 264 417 417 263 263 418 418 265 265 419 419 264 264 420 420 265 265 421 421 266 266 422 422 266 266 423 423 265 265 424 424 267 267 425 425 266 266 426 426 267 267 427 427 268 268 428 428 268 268 429 429 267 267 430 430 269 269 431 431 268 268 432 432 269 269 433 433 270 270 434 434 270 270 435 435 269 269 436 436 271 271 437 437 789 788 1332 1332 788 789 1333 1333 790 790 1334 1334 789 788 1335 1335 790 790 1336 1336 791 791 1337 1337 793 792 1338 1338 792 793 1339 1339 794 794 1340 1340 793 792 1341 1341 794 794 1342 1342 795 795 1343 1343 797 796 1344 1344 796 797 1345 1345 798 798 1346 1346 797 796 1347 1347 798 798 1348 1348 799 799 1349 1349 801 800 1350 1350 800 801 1351 1351 802 802 1352 1352 801 800 1353 1353 802 802 1354 1354 803 803 1355 1355 805 804 1356 1356 804 805 1357 1357 806 806 1358 1358 805 804 1359 1359 806 806 1360 1360 807 807 1361 1361 809 808 1362 1362 808 809 1363 1363 810 810 1364 1364 809 808 1365 1365 810 810 1366 1366 811 811 1367 1367 813 812 1368 1368 812 813 1369 1369 814 814 1370 1370 813 812 1371 1371 814 814 1372 1372 815 815 1373 1373 815 815 1374 1374 814 814 1375 1375 816 816 1376 1376 818 817 1377 1377 817 818 1378 1378 819 819 1379 1379 818 817 1380 1380 819 819 1381 1381 820 820 1382 1382 820 820 1383 1383 819 819 1384 1384 821 821 1385 1385 823 822 1386 1386 822 823 1387 1387 824 824 1388 1388 823 822 1389 1389 824 824 1390 1390 825 825 1391 1391 825 825 1392 1392 824 824 1393 1393 826 826 1394 1394 825 825 1395 1395 826 826 1396 1396 827 827 1397 1397 829 828 1398 1398 828 829 1399 1399 830 830 1400 1400 829 828 1401 1401 830 830 1402 1402 831 831 1403 1403 831 831 1404 1404 830 830 1405 1405 832 832 1406 1406 831 831 1407 1407 832 832 1408 1408 833 833 1409 1409 835 834 1410 1410 834 835 1411 1411 836 836 1412 1412 838 837 1413 1413 837 838 1414 1414 839 839 1415 1415 840 840 1416 1416 841 841 1417 1417 842 842 1418 1418 842 842 1419 1419 841 841 1420 1420 843 843 1421 1421 842 842 1422 1422 843 843 1423 1423 844 844 1424 1424 844 844 1425 1425 843 843 1426 1426 845 845 1427 1427 846 846 1428 1428 847 847 1429 1429 848 848 1430 1430 848 848 1431 1431 847 847 1432 1432 849 849 1433 1433 848 848 1434 1434 849 849 1435 1435 850 850 1436 1436 850 850 1437 1437 849 849 1438 1438 851 851 1439 1439 852 852 1440 1440 853 853 1441 1441 854 854 1442 1442 854 854 1443 1443 853 853 1444 1444 855 855 1445 1445 854 854 1446 1446 855 855 1447 1447 856 856 1448 1448 856 856 1449 1449 855 855 1450 1450 857 857 1451 1451 856 856 1452 1452 857 857 1453 1453 858 858 1454 1454 858 858 1455 1455 857 857 1456 1456 859 859 1457 1457</p>
        </triangles>
        <triangles material="Image_2-material" count="234">
          <input semantic="VERTEX" source="#Mesh_4-mesh-vertices" offset="0"/>
          <input semantic="NORMAL" source="#Mesh_4-mesh-normals" offset="1"/>
          <input semantic="TEXCOORD" source="#Mesh_4-mesh-map-0" offset="2" set="0"/>
          <input semantic="COLOR" source="#Mesh_4-mesh-colors-Col" offset="3" set="0"/>
          <p>364 363 585 585 363 364 586 586 365 365 587 587 364 363 588 588 365 365 589 589 366 366 590 590 368 367 591 591 367 368 592 592 369 369 593 593 368 367 594 594 369 369 595 595 370 370 596 596 372 371 597 597 371 372 598 598 373 373 599 599 372 371 600 600 373 373 601 601 374 374 602 602 376 375 603 603 375 376 604 604 377 377 605 605 376 375 606 606 377 377 607 607 378 378 608 608 378 378 609 609 377 377 610 610 379 379 611 611 381 380 612 612 380 381 613 613 382 382 614 614 381 380 615 615 382 382 616 616 383 383 617 617 383 383 618 618 382 382 619 619 384 384 620 620 386 385 621 621 385 386 622 622 387 387 623 623 386 385 624 624 387 387 625 625 388 388 626 626 388 388 627 627 387 387 628 628 389 389 629 629 391 390 630 630 390 391 631 631 392 392 632 632 391 390 633 633 392 392 634 634 393 393 635 635 393 393 636 636 392 392 637 637 394 394 638 638 393 393 639 639 394 394 640 640 395 395 641 641 395 395 642 642 394 394 643 643 396 396 644 644 395 395 645 645 396 396 646 646 397 397 647 647 399 398 648 648 398 399 649 649 400 400 650 650 402 401 651 651 401 402 652 652 403 403 653 653 402 401 654 654 403 403 655 655 404 404 656 656 406 405 657 657 405 406 658 658 407 407 659 659 406 405 660 660 407 407 661 661 408 408 662 662 410 409 663 663 409 410 664 664 411 411 665 665 410 409 666 666 411 411 667 667 412 412 668 668 412 412 669 669 411 411 670 670 413 413 671 671 415 414 672 672 414 415 673 673 416 416 674 674 415 414 675 675 416 416 676 676 417 417 677 677 417 417 678 678 416 416 679 679 418 418 680 680 420 419 681 681 419 420 682 682 421 421 683 683 420 419 684 684 421 421 685 685 422 422 686 686 422 422 687 687 421 421 688 688 423 423 689 689 425 424 690 690 424 425 691 691 426 426 692 692 425 424 693 693 426 426 694 694 427 427 695 695 427 427 696 696 426 426 697 697 428 428 698 698 427 427 699 699 428 428 700 700 429 429 701 701 429 429 702 702 428 428 703 703 430 430 704 704 429 429 705 705 430 430 706 706 431 431 707 707 433 432 708 708 432 433 709 709 434 434 710 710 436 435 711 711 435 436 712 712 437 437 713 713 439 438 714 714 438 439 715 715 440 440 716 716 442 441 717 717 441 442 718 718 443 443 719 719 442 441 720 720 443 443 721 721 444 444 722 722 444 444 723 723 443 443 724 724 445 445 725 725 447 446 726 726 446 447 727 727 448 448 728 728 447 446 729 729 448 448 730 730 449 449 731 731 449 449 732 732 448 448 733 733 450 450 734 734 449 449 735 735 450 450 736 736 451 451 737 737 453 452 738 738 452 453 739 739 454 454 740 740 456 455 741 741 455 456 742 742 457 457 743 743 459 458 744 744 458 459 745 745 460 460 746 746 459 458 747 747 460 460 748 748 461 461 749 749 463 462 750 750 462 463 751 751 464 464 752 752 463 462 753 753 464 464 754 754 465 465 755 755 467 466 756 756 466 467 757 757 468 468 758 758 467 466 759 759 468 468 760 760 469 469 761 761 469 469 762 762 468 468 763 763 470 470 764 764 472 471 765 765 471 472 766 766 473 473 767 767 472 471 768 768 473 473 769 769 474 474 770 770 474 474 771 771 473 473 772 772 475 475 773 773 477 476 774 774 476 477 775 775 478 478 776 776 477 476 777 777 478 478 778 778 479 479 779 779 479 479 780 780 478 478 781 781 480 480 782 782 479 479 783 783 480 480 784 784 481 481 785 785 483 482 786 786 482 483 787 787 484 484 788 788 483 482 789 789 484 484 790 790 485 485 791 791 485 485 792 792 484 484 793 793 486 486 794 794 485 485 795 795 486 486 796 796 487 487 797 797 487 487 798 798 486 486 799 799 488 488 800 800 487 487 801 801 488 488 802 802 489 489 803 803 491 490 804 804 490 491 805 805 492 492 806 806 494 493 807 807 493 494 808 808 495 495 809 809 496 496 810 810 497 497 811 811 498 498 812 812 498 498 813 813 497 497 814 814 499 499 815 815 498 498 816 816 499 499 817 817 500 500 818 818 500 500 819 819 499 499 820 820 501 501 821 821 586 585 957 957 585 586 958 958 587 587 959 959 586 585 960 960 587 587 961 961 588 588 962 962 590 589 963 963 589 590 964 964 591 591 965 965 590 589 966 966 591 591 967 967 592 592 968 968 592 592 969 969 591 591 970 970 593 593 971 971 595 594 972 972 594 595 973 973 596 596 974 974 595 594 975 975 596 596 976 976 597 597 977 977 597 597 978 978 596 596 979 979 598 598 980 980 600 599 981 981 599 600 982 982 601 601 983 983 600 599 984 984 601 601 985 985 602 602 986 986 602 602 987 987 601 601 988 988 603 603 989 989 605 604 990 990 604 605 991 991 606 606 992 992 605 604 993 993 606 606 994 994 607 607 995 995 607 607 996 996 606 606 997 997 608 608 998 998 610 609 999 999 609 610 1000 1000 611 611 1001 1001 610 609 1002 1002 611 611 1003 1003 612 612 1004 1004 612 612 1005 1005 611 611 1006 1006 613 613 1007 1007 612 612 1008 1008 613 613 1009 1009 614 614 1010 1010 614 614 1011 1011 613 613 1012 1012 615 615 1013 1013 614 614 1014 1014 615 615 1015 1015 616 616 1016 1016 618 617 1017 1017 617 618 1018 1018 619 619 1019 1019 621 620 1020 1020 620 621 1021 1021 622 622 1022 1022 624 623 1023 1023 623 624 1024 1024 625 625 1025 1025 624 623 1026 1026 625 625 1027 1027 626 626 1028 1028 628 627 1029 1029 627 628 1030 1030 629 629 1031 1031 628 627 1032 1032 629 629 1033 1033 630 630 1034 1034 632 631 1035 1035 631 632 1036 1036 633 633 1037 1037 632 631 1038 1038 633 633 1039 1039 634 634 1040 1040 636 635 1041 1041 635 636 1042 1042 637 637 1043 1043 636 635 1044 1044 637 637 1045 1045 638 638 1046 1046 640 639 1047 1047 639 640 1048 1048 641 641 1049 1049 640 639 1050 1050 641 641 1051 1051 642 642 1052 1052 642 642 1053 1053 641 641 1054 1054 643 643 1055 1055 642 642 1056 1056 643 643 1057 1057 644 644 1058 1058 695 694 1134 1134 694 695 1135 1135 696 696 1136 1136 695 694 1137 1137 696 696 1138 1138 697 697 1139 1139 699 698 1140 1140 698 699 1141 1141 700 700 1142 1142 699 698 1143 1143 700 700 1144 1144 701 701 1145 1145 703 702 1146 1146 702 703 1147 1147 704 704 1148 1148 703 702 1149 1149 704 704 1150 1150 705 705 1151 1151 705 705 1152 1152 704 704 1153 1153 706 706 1154 1154 708 707 1155 1155 707 708 1156 1156 709 709 1157 1157 708 707 1158 1158 709 709 1159 1159 710 710 1160 1160 710 710 1161 1161 709 709 1162 1162 711 711 1163 1163 713 712 1164 1164 712 713 1165 1165 714 714 1166 1166 713 712 1167 1167 714 714 1168 1168 715 715 1169 1169 715 715 1170 1170 714 714 1171 1171 716 716 1172 1172 718 717 1173 1173 717 718 1174 1174 719 719 1175 1175 718 717 1176 1176 719 719 1177 1177 720 720 1178 1178 720 720 1179 1179 719 719 1180 1180 721 721 1181 1181 723 722 1182 1182 722 723 1183 1183 724 724 1184 1184 723 722 1185 1185 724 724 1186 1186 725 725 1187 1187 725 725 1188 1188 724 724 1189 1189 726 726 1190 1190 728 727 1191 1191 727 728 1192 1192 729 729 1193 1193 728 727 1194 1194 729 729 1195 1195 730 730 1196 1196 730 730 1197 1197 729 729 1198 1198 731 731 1199 1199 733 732 1200 1200 732 733 1201 1201 734 734 1202 1202 733 732 1203 1203 734 734 1204 1204 735 735 1205 1205 735 735 1206 1206 734 734 1207 1207 736 736 1208 1208 735 735 1209 1209 736 736 1210 1210 737 737 1211 1211 737 737 1212 1212 736 736 1213 1213 738 738 1214 1214 740 739 1215 1215 739 740 1216 1216 741 741 1217 1217 740 739 1218 1218 741 741 1219 1219 742 742 1220 1220 742 742 1221 1221 741 741 1222 1222 743 743 1223 1223 742 742 1224 1224 743 743 1225 1225 744 744 1226 1226 744 744 1227 1227 743 743 1228 1228 745 745 1229 1229 744 744 1230 1230 745 745 1231 1231 746 746 1232 1232 746 746 1233 1233 745 745 1234 1234 747 747 1235 1235 749 748 1236 1236 748 749 1237 1237 750 750 1238 1238 749 748 1239 1239 750 750 1240 1240 751 751 1241 1241 751 751 1242 1242 750 750 1243 1243 752 752 1244 1244 751 751 1245 1245 752 752 1246 1246 753 753 1247 1247 753 753 1248 1248 752 752 1249 1249 754 754 1250 1250 753 753 1251 1251 754 754 1252 1252 755 755 1253 1253 755 755 1254 1254 754 754 1255 1255 756 756 1256 1256 758 757 1257 1257 757 758 1258 1258 759 759 1259 1259 758 757 1260 1260 759 759 1261 1261 760 760 1262 1262 760 760 1263 1263 759 759 1264 1264 761 761 1265 1265 760 760 1266 1266 761 761 1267 1267 762 762 1268 1268 762 762 1269 1269 761 761 1270 1270 763 763 1271 1271 762 762 1272 1272 763 763 1273 1273 764 764 1274 1274 764 764 1275 1275 763 763 1276 1276 765 765 1277 1277 764 764 1278 1278 765 765 1279 1279 766 766 1280 1280 766 766 1281 1281 765 765 1282 1282 767 767 1283 1283 766 766 1284 1284 767 767 1285 1285 768 768 1286 1286 768 768 1287 1287 767 767 1288 1288 769 769 1289 1289 768 768 1290 1290 769 769 1291 1291 770 770 1292 1292 770 770 1293 1293 769 769 1294 1294 771 771 1295 1295 770 770 1296 1296 771 771 1297 1297 772 772 1298 1298 772 772 1299 1299 771 771 1300 1300 773 773 1301 1301 772 772 1302 1302 773 773 1303 1303 774 774 1304 1304 774 774 1305 1305 773 773 1306 1306 775 775 1307 1307 774 774 1308 1308 775 775 1309 1309 776 776 1310 1310 776 776 1311 1311 775 775 1312 1312 777 777 1313 1313 776 776 1314 1314 777 777 1315 1315 778 778 1316 1316 778 778 1317 1317 777 777 1318 1318 779 779 1319 1319 778 778 1320 1320 779 779 1321 1321 780 780 1322 1322 780 780 1323 1323 779 779 1324 1324 781 781 1325 1325 783 782 1326 1326 782 783 1327 1327 784 784 1328 1328 786 785 1329 1329 785 786 1330 1330 787 787 1331 1331 1339 1335 2334 2334 1338 1336 2335 2335 1340 1337 2336 2336 1339 1335 2337 2337 1340 1337 2338 2338 1341 1338 2339 2339 1343 1339 2340 2340 1342 1340 2341 2341 1344 1341 2342 2342 1343 1339 2343 2343 1344 1341 2344 2344 1345 1342 2345 2345 1347 1343 2346 2346 1346 1344 2347 2347 1348 1345 2348 2348 1347 1343 2349 2349 1348 1345 2350 2350 1349 1346 2351 2351 1349 1346 2352 2352 1348 1345 2353 2353 1350 1347 2354 2354 1352 1348 2355 2355 1351 1349 2356 2356 1353 1350 2357 2357 1352 1348 2358 2358 1353 1350 2359 2359 1354 1351 2360 2360 1354 1351 2361 2361 1353 1350 2362 2362 1355 1352 2363 2363 1357 1353 2364 2364 1356 1354 2365 2365 1358 1355 2366 2366 1357 1353 2367 2367 1358 1355 2368 2368 1359 1356 2369 2369 1359 1356 2370 2370 1358 1355 2371 2371 1360 1357 2372 2372 1362 1358 2373 2373 1361 1359 2374 2374 1363 1360 2375 2375 1362 1358 2376 2376 1363 1360 2377 2377 1364 1361 2378 2378 1364 1361 2379 2379 1363 1360 2380 2380 1365 1362 2381 2381 1364 1361 2382 2382 1365 1362 2383 2383 1366 1363 2384 2384 1366 1363 2385 2385 1365 1362 2386 2386 1367 1364 2387 2387 1366 1363 2388 2388 1367 1364 2389 2389 1368 1365 2390 2390 1370 1366 2391 2391 1369 1367 2392 2392 1371 1368 2393 2393 1370 1366 2394 2394 1371 1368 2395 2395 1372 1369 2396 2396 1372 1369 2397 2397 1371 1368 2398 2398 1373 1370 2399 2399 1372 1369 2400 2400 1373 1370 2401 2401 1374 1371 2402 2402 1374 1371 2403 2403 1373 1370 2404 2404 1375 1372 2405 2405 1374 1371 2406 2406 1375 1372 2407 2407 1376 1373 2408 2408 1376 1373 2409 2409 1375 1372 2410 2410 1377 1374 2411 2411 1376 1373 2412 2412 1377 1374 2413 2413 1378 1375 2414 2414 1378 1375 2415 2415 1377 1374 2416 2416 1379 1376 2417 2417 1378 1375 2418 2418 1379 1376 2419 2419 1380 1377 2420 2420 1380 1377 2421 2421 1379 1376 2422 2422 1381 1378 2423 2423 1380 1377 2424 2424 1381 1378 2425 2425 1382 1379 2426 2426 1382 1379 2427 2427 1381 1378 2428 2428 1383 1380 2429 2429 1382 1379 2430 2430 1383 1380 2431 2431 1384 1381 2432 2432 1384 1381 2433 2433 1383 1380 2434 2434 1385 1382 2435 2435 1387 1383 2436 2436 1386 1384 2437 2437 1388 1385 2438 2438 1390 1386 2439 2439 1389 1387 2440 2440 1391 1388 2441 2441 1393 1389 2442 2442 1392 1390 2443 2443 1394 1391 2444 2444 1395 1392 2445 2445 1396 1393 2446 2446 1397 1394 2447 2447 1397 1394 2448 2448 1396 1393 2449 2449 1398 1395 2450 2450 1397 1394 2451 2451 1398 1395 2452 2452 1399 1396 2453 2453 1399 1396 2454 2454 1398 1395 2455 2455 1400 1397 2456 2456 1401 1398 2457 2457 1402 1399 2458 2458 1403 1400 2459 2459 1403 1400 2460 2460 1402 1399 2461 2461 1404 1401 2462 2462 1403 1400 2463 2463 1404 1401 2464 2464 1405 1402 2465 2465 1405 1402 2466 2466 1404 1401 2467 2467 1406 1403 2468 2468 1407 1404 2469 2469 1408 1405 2470 2470 1409 1406 2471 2471 1409 1406 2472 2472 1408 1405 2473 2473 1410 1407 2474 2474 1409 1406 2475 2475 1410 1407 2476 2476 1411 1408 2477 2477 1411 1408 2478 2478 1410 1407 2479 2479 1412 1409 2480 2480 1413 1410 2481 2481 1414 1411 2482 2482 1415 1412 2483 2483 1415 1412 2484 2484 1414 1411 2485 2485 1416 1413 2486 2486 1415 1412 2487 2487 1416 1413 2488 2488 1417 1414 2489 2489 1417 1414 2490 2490 1416 1413 2491 2491 1418 1415 2492 2492 1417 1414 2493 2493 1418 1415 2494 2494 1419 1416 2495 2495 1419 1416 2496 2496 1418 1415 2497 2497 1420 1417 2498 2498</p>
        </triangles>
        <triangles material="Image_3-material" count="70">
          <input semantic="VERTEX" source="#Mesh_4-mesh-vertices" offset="0"/>
          <input semantic="NORMAL" source="#Mesh_4-mesh-normals" offset="1"/>
          <input semantic="TEXCOORD" source="#Mesh_4-mesh-map-0" offset="2" set="0"/>
          <input semantic="COLOR" source="#Mesh_4-mesh-colors-Col" offset="3" set="0"/>
          <p>503 502 822 822 502 503 823 823 504 504 824 824 503 502 825 825 504 504 826 826 505 505 827 827 507 506 828 828 506 507 829 829 508 508 830 830 507 506 831 831 508 508 832 832 509 509 833 833 511 510 834 834 510 511 835 835 512 512 836 836 511 510 837 837 512 512 838 838 513 513 839 839 515 514 840 840 514 515 841 841 516 516 842 842 515 514 843 843 516 516 844 844 517 517 845 845 519 518 846 846 518 519 847 847 520 520 848 848 519 518 849 849 520 520 850 850 521 521 851 851 523 522 852 852 522 523 853 853 524 524 854 854 523 522 855 855 524 524 856 856 525 525 857 857 527 526 858 858 526 527 859 859 528 528 860 860 527 526 861 861 528 528 862 862 529 529 863 863 529 529 864 864 528 528 865 865 530 530 866 866 532 531 867 867 531 532 868 868 533 533 869 869 532 531 870 870 533 533 871 871 534 534 872 872 534 534 873 873 533 533 874 874 535 535 875 875 537 536 876 876 536 537 877 877 538 538 878 878 537 536 879 879 538 538 880 880 539 539 881 881 539 539 882 882 538 538 883 883 540 540 884 884 539 539 885 885 540 540 886 886 541 541 887 887 543 542 888 888 542 543 889 889 544 544 890 890 543 542 891 891 544 544 892 892 545 545 893 893 545 545 894 894 544 544 895 895 546 546 896 896 545 545 897 897 546 546 898 898 547 547 899 899 547 547 900 900 546 546 901 901 548 548 902 902 550 549 903 903 549 550 904 904 551 551 905 905 550 549 906 906 551 551 907 907 552 552 908 908 552 552 909 909 551 551 910 910 553 553 911 911 552 552 912 912 553 553 913 913 554 554 914 914 554 554 915 915 553 553 916 916 555 555 917 917 556 556 918 918 557 557 919 919 558 558 920 920 558 558 921 921 557 557 922 922 559 559 923 923 558 558 924 924 559 559 925 925 560 560 926 926 560 560 927 927 559 559 928 928 561 561 929 929 560 560 930 930 561 561 931 931 562 562 932 932 562 562 933 933 561 561 934 934 563 563 935 935 565 564 936 936 564 565 937 937 566 566 938 938 568 567 939 939 567 568 940 940 569 569 941 941 571 570 942 942 570 571 943 943 572 572 944 944 574 573 945 945 573 574 946 946 575 575 947 947 577 576 948 948 576 577 949 949 578 578 950 950 580 579 951 951 579 580 952 952 581 581 953 953 583 582 954 954 582 583 955 955 584 584 956 956 646 645 1059 1059 645 646 1060 1060 647 647 1061 1061 646 645 1062 1062 647 647 1063 1063 648 648 1064 1064 650 649 1065 1065 649 650 1066 1066 651 651 1067 1067 650 649 1068 1068 651 651 1069 1069 652 652 1070 1070 654 653 1071 1071 653 654 1072 1072 655 655 1073 1073 654 653 1074 1074 655 655 1075 1075 656 656 1076 1076 656 656 1077 1077 655 655 1078 1078 657 657 1079 1079 659 658 1080 1080 658 659 1081 1081 660 660 1082 1082 659 658 1083 1083 660 660 1084 1084 661 661 1085 1085 661 661 1086 1086 660 660 1087 1087 662 662 1088 1088 664 663 1089 1089 663 664 1090 1090 665 665 1091 1091 664 663 1092 1092 665 665 1093 1093 666 666 1094 1094 666 666 1095 1095 665 665 1096 1096 667 667 1097 1097 669 668 1098 1098 668 669 1099 1099 670 670 1100 1100 669 668 1101 1101 670 670 1102 1102 671 671 1103 1103 671 671 1104 1104 670 670 1105 1105 672 672 1106 1106 671 671 1107 1107 672 672 1108 1108 673 673 1109 1109 673 673 1110 1110 672 672 1111 1111 674 674 1112 1112 673 673 1113 1113 674 674 1114 1114 675 675 1115 1115 677 676 1116 1116 676 677 1117 1117 678 678 1118 1118 680 679 1119 1119 679 680 1120 1120 681 681 1121 1121 683 682 1122 1122 682 683 1123 1123 684 684 1124 1124 686 685 1125 1125 685 686 1126 1126 687 687 1127 1127 689 688 1128 1128 688 689 1129 1129 690 690 1130 1130 692 691 1131 1131 691 692 1132 1132 693 693 1133 1133</p>
        </triangles>
      </mesh>
    </geometry>
  </library_geometries>
  <library_visual_scenes>
    <visual_scene id="Scene" name="Scene">
      <node id="Mesh_917" name="Mesh_917" type="NODE">
        <matrix sid="transform">1 0 0 0 0 1 0 0 0 0 1 0 0 0 0 1</matrix>
        <instance_geometry url="#Mesh_917-mesh" name="Mesh_917">
          <bind_material>
            <technique_common>
              <instance_material symbol="Material_917-material" target="#Material_917-material"/>
            </technique_common>
          </bind_material>
        </instance_geometry>
      </node>
      <node id="Mesh_909" name="Mesh_909" type="NODE">
        <matrix sid="transform">1 0 0 18000 0 1 0 0 0 0 1 1800 0 0 0 1</matrix>
        <instance_geometry url="#Mesh_909-mesh" name="Mesh_909">
          <bind_material>
            <technique_common>
              <instance_material symbol="Image_1-material" target="#Image_1-material">
                <bind_vertex_input semantic="UVMap" input_semantic="TEXCOORD" input_set="0"/>
              </instance_material>
            </technique_common>
          </bind_material>
        </instance_geometry>
      </node>
      <node id="Mesh_901" name="Mesh_901" type="NODE">
        <matrix sid="transform">1 0 0 17500 0 1 0 0 0 0 1 1750 0 0 0 1</matrix>
        <instance_geometry url="#Mesh_901-mesh" name="Mesh_901">
          <bind_material>
            <technique_common>
              <instance_material symbol="Image_1-material" target="#Image_1-material">
                <bind_vertex_input semantic="UVMap" input_semantic="TEXCOORD" input_set="0"/>
              </instance_material>
            </technique_common>
          </bind_material>
        </instance_geometry>
      </node>
      <node id="Mesh_891" name="Mesh_891" type="NODE">
        <matrix sid="transform">1 0 0 17000 0 1 0 0 0 0 1 1700 0 0 0 1</matrix>
        <instance_geometry url="#Mesh_891-mesh" name="Mesh_891">
          <bind_material>
            <technique_common>
              <instance_material symbol="Image_1-material" target="#Image_1-material">
                <bind_vertex_input semantic="UVMap" input_semantic="TEXCOORD" input_set="0"/>
              </instance_material>
            </technique_common>
          </bind_material>
        </instance_geometry>
      </node>
      <node id="Mesh_883" name="Mesh_883" type="NODE">
        <matrix sid="transform">1 0 0 16500 0 1 0 0 0 0 1 1650 0 0 0 1</matrix>
        <instance_geometry url="#Mesh_883-mesh" name="Mesh_883">
          <bind_material>
            <technique_common>
              <instance_material symbol="Image_1-material" target="#Image_1-material">
                <bind_vertex_input semantic="UVMap" input_semantic="TEXCOORD" input_set="0"/>
              </instance_material>
            </technique_common>
          </bind_material>
        </instance_geometry>
      </node>
      <node id="Mesh_875" name="Mesh_875" type="NODE">
        <matrix sid="transform">1 0 0 16000 0 1 0 0 0 0 1 1600 0 0 0 1</matrix>
        <instance_geometry url="#Mesh_875-mesh" name="Mesh_875">
          <bind_material>
            <technique_common>
              <instance_material symbol="Image_1-material" target="#Image_1-material">
                <bind_vertex_input semantic="UVMap" input_semantic="TEXCOORD" input_set="0"/>
              </instance_material>
            </technique_common>
          </bind_material>
        </instance_geometry>
      </node>
      <node id="Mesh_865" name="Mesh_865" type="NODE">
        <matrix sid="transform">1 0 0 15500 0 1 0 0 0 0 1 1550 0 0 0 1</matrix>
        <instance_geometry url="#Mesh_865-mesh" name="Mesh_865">
          <bind_material>
            <technique_common>
              <instance_material symbol="Image_1-material" target="#Image_1-material">
                <bind_vertex_input semantic="UVMap" input_semantic="TEXCOORD" input_set="0"/>
              </instance_material>
            </technique_common>
          </bind_material>
        </instance_geometry>
      </node>
      <node id="Mesh_843" name="Mesh_843" type="NODE">
        <matrix sid="transform">1 0 0 15000 0 1 0 0 0 0 1 1500 0 0 0 1</matrix>
        <instance_geometry url="#Mesh_843-mesh" name="Mesh_843">
          <bind_material>
            <technique_common>
              <instance_material symbol="Image_1-material" target="#Image_1-material">
                <bind_vertex_input semantic="UVMap" input_semantic="TEXCOORD" input_set="0"/>
              </instance_material>
            </technique_common>
          </bind_material>
        </instance_geometry>
      </node>
      <node id="Mesh_832" name="Mesh_832" type="NODE">
        <matrix sid="transform">1 0 0 14500 0 1 0 0 0 0 1 1450 0 0 0 1</matrix>
        <instance_geometry url="#Mesh_832-mesh" name="Mesh_832">
          <bind_material>
            <technique_common>
              <instance_material symbol="Image_0-material" target="#Image_0-material">
                <bind_vertex_input semantic="UVMap" input_semantic="TEXCOORD" input_set="0"/>
              </instance_material>
            </technique_common>
          </bind_material>
        </instance_geometry>
      </node>
      <node id="Mesh_796" name="Mesh_796" type="NODE">
        <matrix sid="transform">1 0 0 14000 0 1 0 0 0 0 1 1400 0 0 0 1</matrix>
        <instance_geometry url="#Mesh_796-mesh" name="Mesh_796">
          <bind_material>
            <technique_common>
              <instance_material symbol="Image_0-material" target="#Image_0-material">
                <bind_vertex_input semantic="UVMap" input_semantic="TEXCOORD" input_set="0"/>
              </instance_material>
            </technique_common>
          </bind_material>
        </instance_geometry>
      </node>
      <node id="Mesh_795" name="Mesh_795" type="NODE">
        <matrix sid="transform">1 0 0 13500 0 1 0 0 0 0 1 1350 0 0 0 1</matrix>
        <instance_geometry url="#Mesh_795-mesh" name="Mesh_795">
          <bind_material>
            <technique_common>
              <instance_material symbol="Image_5-material" target="#Image_5-material">
                <bind_vertex_input semantic="UVMap" input_semantic="TEXCOORD" input_set="0"/>
              </instance_material>
            </technique_common>
          </bind_material>
        </instance_geometry>
      </node>
      <node id="Mesh_794" name="Mesh_794" type="NODE">
        <matrix sid="transform">1 0 0 13000 0 1 0 0 0 0 1 1300 0 0 0 1</matrix>
        <instance_geometry url="#Mesh_794-mesh" name="Mesh_794">
          <bind_material>
            <technique_common>
              <instance_material symbol="Image_5-material" target="#Image_5-material">
                <bind_vertex_input semantic="UVMap" input_semantic="TEXCOORD" input_set="0"/>
              </instance_material>
            </technique_common>
          </bind_material>
        </instance_geometry>
      </node>
      <node id="Mesh_793" name="Mesh_793" type="NODE">
        <matrix sid="transform">1 0 0 12500 0 1 0 0 0 0 1 1250 0 0 0 1</matrix>
        <instance_geometry url="#Mesh_793-mesh" name="Mesh_793">
          <bind_material>
            <technique_common>
              <instance_material symbol="Image_5-material" target="#Image_5-material">
                <bind_vertex_input semantic="UVMap" input_semantic="TEXCOORD" input_set="0"/>
              </instance_material>
            </technique_common>
          </bind_material>
        </instance_geometry>
      </node>
      <node id="Mesh_792" name="Mesh_792" type="NODE">
        <matrix sid="transform">1 0 0 12000 0 1 0 0 0 0 1 1200 0 0 0 1</matrix>
        <instance_geometry url="#Mesh_792-mesh" name="Mesh_792">
          <bind_material>
            <technique_common>
              <instance_material symbol="Image_5-material" target="#Image_5-material">
                <bind_vertex_input semantic="UVMap" input_semantic="TEXCOORD" input_set="0"/>
              </instance_material>
            </technique_common>
          </bind_material>
        </instance_geometry>
      </node>
      <node id="Mesh_791" name="Mesh_791" type="NODE">
        <matrix sid="transform">1 0 0 11500 0 1 0 0 0 0 1 1150 0 0 0 1</matrix>
        <instance_geometry url="#Mesh_791-mesh" name="Mesh_791">
          <bind_material>
            <technique_common>
              <instance_material symbol="Image_5-material" target="#Image_5-material">
                <bind_vertex_input semantic="UVMap" input_semantic="TEXCOORD" input_set="0"/>
              </instance_material>
            </technique_common>
          </bind_material>
        </instance_geometry>
      </node>
      <node id="Mesh_790" name="Mesh_790" type="NODE">
        <matrix sid="transform">1 0 0 11000 0 1 0 0 0 0 1 1100 0 0 0 1</matrix>
        <instance_geometry url="#Mesh_790-mesh" name="Mesh_790">
          <bind_material>
            <technique_common>
              <instance_material symbol="Image_5-material" target="#Image_5-material">
                <bind_vertex_input semantic="UVMap" input_semantic="TEXCOORD" input_set="0"/>
              </instance_material>
            </technique_common>
          </bind_material>
        </instance_geometry>
      </node>
      <node id="Mesh_774" name="Mesh_774" type="NODE">
        <matrix sid="transform">1 0 0 5500 0 1 0 0 0 0 1 550 0 0 0 1</matrix>
        <instance_geometry url="#Mesh_774-mesh" name="Mesh_774">
          <bind_material>
            <technique_common>
              <instance_material symbol="Image_4-material" target="#Image_4-material">
                <bind_vertex_input semantic="UVMap" input_semantic="TEXCOORD" input_set="0"/>
              </instance_material>
              <instance_material symbol="Image_0-material" target="#Image_0-material">
                <bind_vertex_input semantic="UVMap" input_semantic="TEXCOORD" input_set="0"/>
              </instance_material>
            </technique_common>
          </bind_material>
        </instance_geometry>
      </node>
      <node id="Mesh_768" name="Mesh_768" type="NODE">
        <matrix sid="transform">1 0 0 5000 0 1 0 0 0 0 1 500 0 0 0 1</matrix>
        <instance_geometry url="#Mesh_768-mesh" name="Mesh_768">
          <bind_material>
            <technique_common>
              <instance_material symbol="Image_2-material" target="#Image_2-material">
                <bind_vertex_input semantic="UVMap" input_semantic="TEXCOORD" input_set="0"/>
              </instance_material>
            </technique_common>
          </bind_material>
        </instance_geometry>
      </node>
      <node id="Mesh_495" name="Mesh_495" type="NODE">
        <matrix sid="transform">1 0 0 4500 0 1 0 0 0 0 1 450 0 0 0 1</matrix>
        <instance_geometry url="#Mesh_495-mesh" name="Mesh_495">
          <bind_material>
            <technique_common>
              <instance_material symbol="Image_2-material" target="#Image_2-material">
                <bind_vertex_input semantic="UVMap" input_semantic="TEXCOORD" input_set="0"/>
              </instance_material>
            </technique_common>
          </bind_material>
        </instance_geometry>
      </node>
      <node id="Mesh_492" name="Mesh_492" type="NODE">
        <matrix sid="transform">1 0 0 4000 0 1 0 0 0 0 1 400 0 0 0 1</matrix>
        <instance_geometry url="#Mesh_492-mesh" name="Mesh_492">
          <bind_material>
            <technique_common>
              <instance_material symbol="Image_0-material" target="#Image_0-material">
                <bind_vertex_input semantic="UVMap" input_semantic="TEXCOORD" input_set="0"/>
              </instance_material>
            </technique_common>
          </bind_material>
        </instance_geometry>
      </node>
      <node id="Mesh_491" name="Mesh_491" type="NODE">
        <matrix sid="transform">1 0 0 3500 0 1 0 0 0 0 1 350 0 0 0 1</matrix>
        <instance_geometry url="#Mesh_491-mesh" name="Mesh_491">
          <bind_material>
            <technique_common>
              <instance_material symbol="Image_0-material" target="#Image_0-material">
                <bind_vertex_input semantic="UVMap" input_semantic="TEXCOORD" input_set="0"/>
              </instance_material>
            </technique_common>
          </bind_material>
        </instance_geometry>
      </node>
      <node id="Mesh_483" name="Mesh_483" type="NODE">
        <matrix sid="transform">1 0 0 3000 0 1 0 0 0 0 1 300 0 0 0 1</matrix>
        <instance_geometry url="#Mesh_483-mesh" name="Mesh_483">
          <bind_material>
            <technique_common>
              <instance_material symbol="Image_0-material" target="#Image_0-material">
                <bind_vertex_input semantic="UVMap" input_semantic="TEXCOORD" input_set="0"/>
              </instance_material>
            </technique_common>
          </bind_material>
        </instance_geometry>
      </node>
      <node id="Mesh_435" name="Mesh_435" type="NODE">
        <matrix sid="transform">1 0 0 2500 0 1 0 0 0 0 1 250 0 0 0 1</matrix>
        <instance_geometry url="#Mesh_435-mesh" name="Mesh_435">
          <bind_material>
            <technique_common>
              <instance_material symbol="Image_1-material" target="#Image_1-material">
                <bind_vertex_input semantic="UVMap" input_semantic="TEXCOORD" input_set="0"/>
              </instance_material>
            </technique_common>
          </bind_material>
        </instance_geometry>
      </node>
      <node id="Mesh_430" name="Mesh_430" type="NODE">
        <matrix sid="transform">1 0 0 2000 0 1 0 0 0 0 1 200 0 0 0 1</matrix>
        <instance_geometry url="#Mesh_430-mesh" name="Mesh_430">
          <bind_material>
            <technique_common>
              <instance_material symbol="Image_0-material" target="#Image_0-material">
                <bind_vertex_input semantic="UVMap" input_semantic="TEXCOORD" input_set="0"/>
              </instance_material>
            </technique_common>
          </bind_material>
        </instance_geometry>
      </node>
      <node id="Mesh_375" name="Mesh_375" type="NODE">
        <matrix sid="transform">1 0 0 1500 0 1 0 0 0 0 1 150 0 0 0 1</matrix>
        <instance_geometry url="#Mesh_375-mesh" name="Mesh_375">
          <bind_material>
            <technique_common>
              <instance_material symbol="Image_1-material" target="#Image_1-material">
                <bind_vertex_input semantic="UVMap" input_semantic="TEXCOORD" input_set="0"/>
              </instance_material>
            </technique_common>
          </bind_material>
        </instance_geometry>
      </node>
      <node id="Mesh_271" name="Mesh_271" type="NODE">
        <matrix sid="transform">1 0 0 500 0 1 0 0 0 0 1 50 0 0 0 1</matrix>
        <instance_geometry url="#Mesh_271-mesh" name="Mesh_271">
          <bind_material>
            <technique_common>
              <instance_material symbol="Image_1-material" target="#Image_1-material">
                <bind_vertex_input semantic="UVMap" input_semantic="TEXCOORD" input_set="0"/>
              </instance_material>
            </technique_common>
          </bind_material>
        </instance_geometry>
      </node>
      <node id="Mesh_4" name="Mesh_4" type="NODE">
        <matrix sid="transform">1 0 0 0 0 1 0 0 0 0 1 0 0 0 0 1</matrix>
        <instance_geometry url="#Mesh_4-mesh" name="Mesh_4">
          <bind_material>
            <technique_common>
              <instance_material symbol="Image_0-material" target="#Image_0-material">
                <bind_vertex_input semantic="UVMap" input_semantic="TEXCOORD" input_set="0"/>
              </instance_material>
              <instance_material symbol="Image_1-material" target="#Image_1-material">
                <bind_vertex_input semantic="UVMap" input_semantic="TEXCOORD" input_set="0"/>
              </instance_material>
              <instance_material symbol="Image_2-material" target="#Image_2-material">
                <bind_vertex_input semantic="UVMap" input_semantic="TEXCOORD" input_set="0"/>
              </instance_material>
              <instance_material symbol="Image_3-material" target="#Image_3-material">
                <bind_vertex_input semantic="UVMap" input_semantic="TEXCOORD" input_set="0"/>
              </instance_material>
            </technique_common>
          </bind_material>
        </instance_geometry>
      </node>
      <node id="Camera" name="Camera" type="NODE">
        <matrix sid="transform">1 0 0 0 0 0.2865191 -0.9580745 -150 0 0.9580745 0.2865191 75 0 0 0 1</matrix>
        <instance_camera url="#Camera-camera"/>
      </node>
    </visual_scene>
  </library_visual_scenes>
  <scene>
    <instance_visual_scene url="#Scene"/>
  </scene>
</COLLADA>