# Blender v2.79 (sub 0) OBJ File: ''
# www.blender.org
mtllib zombie_vending_jugg_on_LOD0.mtl
o mtl_zombie_vending_jugg
v -2.919138 19.812775 1.392882
v -3.344974 19.519602 1.345343
v -3.323302 19.460243 1.392882
v -2.919138 19.812775 1.392882
v -2.938175 19.874434 1.345343
v -3.344974 19.519602 1.345343
v -2.919138 19.812775 1.392882
v -3.344974 19.519602 1.441244
v -2.938175 19.874434 1.441244
v -2.919138 19.812775 1.392882
v -3.323302 19.460243 1.392882
v -3.344974 19.519602 1.441244
v -3.323302 19.460243 1.392882
v -3.344974 19.519602 1.345343
v -3.493873 19.034895 1.345343
v -3.323302 19.460243 1.392882
v -3.493873 19.034895 1.441244
v -3.344974 19.519602 1.441244
v -3.323302 19.460243 1.392882
v -3.471236 18.978676 1.392882
v -3.493873 19.034895 1.441244
v -3.323302 19.460243 1.392882
v -3.493873 19.034895 1.345343
v -3.471236 18.978676 1.392882
v -3.471236 18.978676 1.392882
v -3.493873 14.339725 1.441243
v -3.493873 19.034895 1.441244
v -3.471236 18.978676 1.392882
v -3.471236 14.339725 1.392881
v -3.493873 14.339725 1.441243
v -3.471236 18.978676 1.392882
v -3.493873 19.034895 1.345343
v -3.493873 14.339725 1.345342
v -3.471236 18.978676 1.392882
v -3.493873 14.339725 1.345342
v -3.471236 14.339725 1.392881
v 0.059687 11.201775 4.227996
v 0.057509 11.247011 4.187504
v 0.059598 11.218890 4.280048
v -0.060761 11.247011 4.187505
v -0.060177 11.201775 4.227997
v -0.058479 11.218126 4.279487
v 3.446059 0.992549 -3.106999
v 3.373167 0.691304 -3.993342
v 3.373167 0.992549 -3.106999
v 3.446059 0.992549 -3.106999
v 3.446059 0.691304 -3.993342
v 3.373167 0.691304 -3.993342
v 3.446059 0.691304 -3.993342
v 3.373167 0.572813 -3.993342
v 3.373167 0.691304 -3.993342
v 3.446059 0.691304 -3.993342
v 3.446059 0.572813 -3.993342
v 3.373167 0.572813 -3.993342
v 3.446059 0.572813 -3.993342
v 3.373167 0.012626 -3.106999
v 3.373167 0.572813 -3.993342
v 3.446059 0.572813 -3.993342
v 3.446059 0.012626 -3.106999
v 3.373167 0.012626 -3.106999
v 3.446059 0.992549 -3.106999
v 3.446059 0.572813 -3.993342
v 3.446059 0.691304 -3.993342
v 3.446059 0.012626 -3.106999
v 3.446059 0.572813 -3.993342
v 3.446059 0.992549 -3.106999
v 3.373167 0.572813 -3.993342
v 3.373167 0.992549 -3.106999
v 3.373167 0.691304 -3.993342
v 3.373167 0.992549 -3.106999
v 3.373167 0.572813 -3.993342
v 3.373167 0.012626 -3.106999
v 2.936176 0.992549 -3.106999
v 2.863284 0.691304 -3.993342
v 2.863284 0.992549 -3.106999
v 2.936176 0.992549 -3.106999
v 2.936176 0.691304 -3.993342
v 2.863284 0.691304 -3.993342
v 2.936176 0.691304 -3.993342
v 2.863284 0.572813 -3.993342
v 2.863284 0.691304 -3.993342
v 2.936176 0.691304 -3.993342
v 2.936176 0.572813 -3.993342
v 2.863284 0.572813 -3.993342
v 2.936176 0.572813 -3.993342
v 2.863284 0.012626 -3.106999
v 2.863284 0.572813 -3.993342
v 2.936176 0.572813 -3.993342
v 2.936176 0.012626 -3.106999
v 2.863284 0.012626 -3.106999
v 2.936176 0.992549 -3.106999
v 2.936176 0.572813 -3.993342
v 2.936176 0.691304 -3.993342
v 2.936176 0.012626 -3.106999
v 2.936176 0.572813 -3.993342
v 2.936176 0.992549 -3.106999
v 2.863284 0.572813 -3.993342
v 2.863284 0.992549 -3.106999
v 2.863284 0.691304 -3.993342
v 2.863284 0.992549 -3.106999
v 2.863284 0.572813 -3.993342
v 2.863284 0.012626 -3.106999
v -3.334846 0.992549 -3.106999
v -3.407737 0.691304 -3.993342
v -3.407737 0.992549 -3.106999
v -3.334846 0.992549 -3.106999
v -3.334846 0.691304 -3.993342
v -3.407737 0.691304 -3.993342
v -3.334846 0.691304 -3.993342
v -3.407737 0.572813 -3.993342
v -3.407737 0.691304 -3.993342
v -3.334846 0.691304 -3.993342
v -3.334846 0.572813 -3.993342
v -3.407737 0.572813 -3.993342
v -3.334846 0.572813 -3.993342
v -3.407737 0.012626 -3.106999
v -3.407737 0.572813 -3.993342
v -3.334846 0.572813 -3.993342
v -3.334846 0.012626 -3.106999
v -3.407737 0.012626 -3.106999
v -3.334846 0.992549 -3.106999
v -3.334846 0.572813 -3.993342
v -3.334846 0.691304 -3.993342
v -3.334846 0.012626 -3.106999
v -3.334846 0.572813 -3.993342
v -3.334846 0.992549 -3.106999
v -3.407737 0.572813 -3.993342
v -3.407737 0.992549 -3.106999
v -3.407737 0.691304 -3.993342
v -3.407737 0.992549 -3.106999
v -3.407737 0.572813 -3.993342
v -3.407737 0.012626 -3.106999
v -2.820252 0.992549 -3.106999
v -2.893144 0.691304 -3.993342
v -2.893144 0.992549 -3.106999
v -2.820252 0.992549 -3.106999
v -2.820252 0.691304 -3.993342
v -2.893144 0.691304 -3.993342
v -2.820252 0.691304 -3.993342
v -2.893144 0.572813 -3.993342
v -2.893144 0.691304 -3.993342
v -2.820252 0.691304 -3.993342
v -2.820252 0.572813 -3.993342
v -2.893144 0.572813 -3.993342
v -2.820252 0.572813 -3.993342
v -2.893144 0.012626 -3.106999
v -2.893144 0.572813 -3.993342
v -2.820252 0.572813 -3.993342
v -2.820252 0.012626 -3.106999
v -2.893144 0.012626 -3.106999
v -2.820252 0.992549 -3.106999
v -2.820252 0.572813 -3.993342
v -2.820252 0.691304 -3.993342
v -2.820252 0.012626 -3.106999
v -2.820252 0.572813 -3.993342
v -2.820252 0.992549 -3.106999
v -2.893144 0.572813 -3.993342
v -2.893144 0.992549 -3.106999
v -2.893144 0.691304 -3.993342
v -2.893144 0.992549 -3.106999
v -2.893144 0.572813 -3.993342
v -2.893144 0.012626 -3.106999
v 3.362732 0.114714 -4.078324
v 2.959023 0.318594 -4.282205
v 3.362732 0.318594 -4.282205
v 3.362732 0.114714 -4.078324
v 2.959023 0.114714 -4.078324
v 2.959023 0.318594 -4.282205
v 3.362732 0.040088 -3.799818
v 2.959023 0.114714 -4.078324
v 3.362732 0.114714 -4.078324
v 3.362732 0.040088 -3.799818
v 2.959023 0.040088 -3.799818
v 2.959023 0.114714 -4.078324
v 3.362732 0.114714 -3.521312
v 2.959023 0.040088 -3.799818
v 3.362732 0.040088 -3.799818
v 3.362732 0.114714 -3.521312
v 2.959023 0.114714 -3.521312
v 2.959023 0.040088 -3.799818
v 3.362732 0.318594 -3.317431
v 2.959023 0.114714 -3.521312
v 3.362732 0.114714 -3.521312
v 3.362732 0.318594 -3.317431
v 2.959023 0.318594 -3.317431
v 2.959023 0.114714 -3.521312
v 3.362732 0.597101 -3.242805
v 2.959023 0.318594 -3.317431
v 3.362732 0.318594 -3.317431
v 3.362732 0.597101 -3.242805
v 2.959023 0.597101 -3.242805
v 2.959023 0.318594 -3.317431
v 3.362732 0.875606 -3.317431
v 2.959023 0.597101 -3.242805
v 3.362732 0.597101 -3.242805
v 3.362732 0.875606 -3.317431
v 2.959023 0.875606 -3.317431
v 2.959023 0.597101 -3.242805
v 3.362732 1.079487 -3.521311
v 2.959023 0.875606 -3.317431
v 3.362732 0.875606 -3.317431
v 3.362732 1.079487 -3.521311
v 2.959023 1.079487 -3.521311
v 2.959023 0.875606 -3.317431
v 3.362732 1.154113 -3.799818
v 2.959023 1.079487 -3.521311
v 3.362732 1.079487 -3.521311
v 3.362732 1.154113 -3.799818
v 2.959023 1.154113 -3.799818
v 2.959023 1.079487 -3.521311
v 3.362732 1.079487 -4.078324
v 2.959023 1.154113 -3.799818
v 3.362732 1.154113 -3.799818
v 3.362732 1.079487 -4.078324
v 2.959023 1.079487 -4.078324
v 2.959023 1.154113 -3.799818
v 3.362732 0.875607 -4.282205
v 2.959023 1.079487 -4.078324
v 3.362732 1.079487 -4.078324
v 3.362732 0.875607 -4.282205
v 2.959023 0.875607 -4.282205
v 2.959023 1.079487 -4.078324
v 3.362732 0.597101 -4.356830
v 2.959023 0.875607 -4.282205
v 3.362732 0.875607 -4.282205
v 3.362732 0.597101 -4.356830
v 2.959023 0.597101 -4.356830
v 2.959023 0.875607 -4.282205
v 3.362732 0.318594 -4.282205
v 2.959023 0.597101 -4.356830
v 3.362732 0.597101 -4.356830
v 3.362732 0.318594 -4.282205
v 2.959023 0.318594 -4.282205
v 2.959023 0.597101 -4.356830
v -2.926078 0.114714 -4.078324
v -3.329787 0.318594 -4.282205
v -2.926078 0.318594 -4.282205
v -2.926078 0.114714 -4.078324
v -3.329787 0.114714 -4.078324
v -3.329787 0.318594 -4.282205
v -2.926078 0.040088 -3.799818
v -3.329787 0.114714 -4.078324
v -2.926078 0.114714 -4.078324
v -2.926078 0.040088 -3.799818
v -3.329787 0.040088 -3.799818
v -3.329787 0.114714 -4.078324
v -2.926078 0.114714 -3.521312
v -3.329787 0.040088 -3.799818
v -2.926078 0.040088 -3.799818
v -2.926078 0.114714 -3.521312
v -3.329787 0.114714 -3.521312
v -3.329787 0.040088 -3.799818
v -2.926078 0.318594 -3.317431
v -3.329787 0.114714 -3.521312
v -2.926078 0.114714 -3.521312
v -2.926078 0.318594 -3.317431
v -3.329787 0.318594 -3.317431
v -3.329787 0.114714 -3.521312
v -2.926078 0.597101 -3.242805
v -3.329787 0.318594 -3.317431
v -2.926078 0.318594 -3.317431
v -2.926078 0.597101 -3.242805
v -3.329787 0.597101 -3.242805
v -3.329787 0.318594 -3.317431
v -2.926078 0.875606 -3.317431
v -3.329787 0.597101 -3.242805
v -2.926078 0.597101 -3.242805
v -2.926078 0.875606 -3.317431
v -3.329787 0.875606 -3.317431
v -3.329787 0.597101 -3.242805
v -2.926078 1.079487 -3.521311
v -3.329787 0.875606 -3.317431
v -2.926078 0.875606 -3.317431
v -2.926078 1.079487 -3.521311
v -3.329787 1.079487 -3.521311
v -3.329787 0.875606 -3.317431
v -2.926078 1.154113 -3.799818
v -3.329787 1.079487 -3.521311
v -2.926078 1.079487 -3.521311
v -2.926078 1.154113 -3.799818
v -3.329787 1.154113 -3.799818
v -3.329787 1.079487 -3.521311
v -2.926078 1.079487 -4.078324
v -3.329787 1.154113 -3.799818
v -2.926078 1.154113 -3.799818
v -2.926078 1.079487 -4.078324
v -3.329787 1.079487 -4.078324
v -3.329787 1.154113 -3.799818
v -2.926078 0.875607 -4.282205
v -3.329787 1.079487 -4.078324
v -2.926078 1.079487 -4.078324
v -2.926078 0.875607 -4.282205
v -3.329787 0.875607 -4.282205
v -3.329787 1.079487 -4.078324
v -2.926078 0.597101 -4.356830
v -3.329787 0.875607 -4.282205
v -2.926078 0.875607 -4.282205
v -2.926078 0.597101 -4.356830
v -3.329787 0.597101 -4.356830
v -3.329787 0.875607 -4.282205
v -2.926078 0.318594 -4.282205
v -3.329787 0.597101 -4.356830
v -2.926078 0.597101 -4.356830
v -2.926078 0.318594 -4.282205
v -3.329787 0.318594 -4.282205
v -3.329787 0.597101 -4.356830
v -2.382478 20.004313 1.441244
v -2.919138 19.812775 1.392882
v -2.938175 19.874434 1.441244
v -2.382478 20.004313 1.441244
v -2.367041 19.941813 1.392882
v -2.919138 19.812775 1.392882
v 2.367041 19.941813 1.392882
v -2.367041 19.941813 1.392882
v -2.382478 20.004313 1.441244
v 2.367041 19.941813 1.392882
v -2.382478 20.004313 1.441244
v 2.382478 20.004313 1.441244
v 2.919138 19.812775 1.392882
v 2.367041 19.941813 1.392882
v 2.382478 20.004313 1.441244
v 2.919138 19.812775 1.392882
v 2.382478 20.004313 1.441244
v 2.938175 19.874434 1.441244
v -3.493873 19.034895 1.441244
v -3.493873 14.339725 1.441243
v -3.344974 14.339725 1.996941
v -3.493873 19.034895 1.441244
v -3.344974 14.339725 1.996941
v -3.344974 19.034895 1.996942
v -3.344974 19.034895 1.996942
v -3.344974 14.339725 1.996941
v -2.938175 14.339725 2.403740
v -3.344974 19.034895 1.996942
v -2.938175 14.339725 2.403740
v -2.938175 19.034895 2.403741
v -2.938175 19.034895 2.403741
v -2.938175 14.339725 2.403740
v -2.382478 14.339725 2.552639
v -3.344974 19.034895 1.996942
v -3.344974 19.519602 1.441244
v -3.493873 19.034895 1.441244
v -2.938175 19.034895 2.403741
v -2.382478 14.339725 2.552639
v -2.382478 19.034895 2.552640
v 2.382478 19.034895 2.552640
v -2.382478 19.034895 2.552640
v -2.382478 14.339725 2.552639
v 2.382478 19.034895 2.552640
v -2.382478 14.339725 2.552639
v 2.382478 14.339725 2.552639
v -3.344974 19.034895 1.996942
v -3.216024 19.487133 1.959717
v -3.344974 19.519602 1.441244
v 2.382478 19.034895 2.552640
v 2.382478 14.339725 2.552639
v 2.938175 14.339725 2.403740
v -2.938175 19.874434 1.441244
v -3.344974 19.519602 1.441244
v -3.216024 19.487133 1.959717
v -3.344974 19.034895 1.996942
v -2.938175 19.034895 2.403741
v -2.900950 19.487133 2.274791
v -2.382478 19.034895 2.552640
v 2.382478 19.034895 2.552640
v 2.382478 19.519602 2.403741
v -2.382478 19.519602 2.403741
v -2.938175 19.034895 2.403741
v -2.382478 19.034895 2.552640
v -2.382478 19.034895 2.552640
v 2.382478 19.519602 2.403741
v -2.382478 19.519602 2.403741
v -2.382478 19.519602 2.403741
v -2.900950 19.487133 2.274791
v -2.938175 19.034895 2.403741
v -2.938175 19.874434 1.441244
v -3.216024 19.487133 1.959717
v -2.900950 19.761955 1.959717
v 2.382478 19.034895 2.552640
v 2.938175 14.339725 2.403740
v 2.938175 19.034895 2.403741
v 2.938175 19.034895 2.403741
v 2.382478 19.519602 2.403741
v 2.382478 19.034895 2.552640
v 2.938175 19.034895 2.403741
v 2.938175 14.339725 2.403740
v 3.344974 14.339725 1.996941
v 2.938175 19.034895 2.403741
v 3.344974 14.339725 1.996941
v 3.344974 19.034895 1.996942
v 3.344974 19.034895 1.996942
v 3.344974 14.339725 1.996941
v 3.493873 14.339725 1.441243
v 3.344974 19.034895 1.996942
v 3.493873 14.339725 1.441243
v 3.493873 19.034895 1.441244
v 2.938175 19.034895 2.403741
v 3.344974 19.034895 1.996942
v 3.216024 19.487133 1.959717
v 3.344974 19.519602 1.441244
v 3.344974 19.034895 1.996942
v 3.493873 19.034895 1.441244
v 2.938175 19.034895 2.403741
v 2.900950 19.487133 2.274791
v 2.382478 19.519602 2.403741
v 2.938175 19.034895 2.403741
v 3.216024 19.487133 1.959717
v 2.900950 19.487133 2.274791
v -3.344974 19.034895 1.996942
v -2.900950 19.487133 2.274791
v -3.216024 19.487133 1.959717
v 2.382478 19.874434 1.996942
v 2.382478 19.519602 2.403741
v 2.900950 19.487133 2.274791
v -2.382478 19.519602 2.403741
v 2.382478 19.519602 2.403741
v 2.382478 19.874434 1.996942
v 3.216024 19.487133 1.959717
v 2.900950 19.761955 1.959717
v 2.900950 19.487133 2.274791
v 2.382478 19.874434 1.996942
v 2.900950 19.487133 2.274791
v 2.900950 19.761955 1.959717
v 3.344974 19.519602 1.441244
v 3.216024 19.487133 1.959717
v 3.344974 19.034895 1.996942
v -2.382478 19.519602 2.403741
v 2.382478 19.874434 1.996942
v -2.382478 19.874434 1.996942
v -2.382478 19.874434 1.996942
v -2.900950 19.487133 2.274791
v -2.382478 19.519602 2.403741
v -2.382478 19.874434 1.996942
v 2.382478 19.874434 1.996942
v 2.382478 20.004313 1.441244
v 2.382478 20.004313 1.441244
v 2.382478 19.874434 1.996942
v 2.900950 19.761955 1.959717
v -2.382478 19.874434 1.996942
v -2.900950 19.761955 1.959717
v -2.900950 19.487133 2.274791
v -2.900950 19.487133 2.274791
v -2.900950 19.761955 1.959717
v -3.216024 19.487133 1.959717
v 2.382478 20.004313 1.441244
v 2.900950 19.761955 1.959717
v 2.938175 19.874434 1.441244
v -2.382478 19.874434 1.996942
v 2.382478 20.004313 1.441244
v -2.382478 20.004313 1.441244
v 2.938175 19.874434 1.441244
v 3.216024 19.487133 1.959717
v 3.344974 19.519602 1.441244
v -2.382478 20.004313 1.441244
v -2.900950 19.761955 1.959717
v -2.382478 19.874434 1.996942
v -2.382478 20.004313 1.441244
v -2.938175 19.874434 1.441244
v -2.900950 19.761955 1.959717
v 2.938175 19.874434 1.441244
v 2.900950 19.761955 1.959717
v 3.216024 19.487133 1.959717
v -3.493873 19.034895 1.345343
v -3.493873 14.339726 -3.109897
v -3.493873 14.339725 1.345342
v -3.493873 19.034895 1.345343
v -3.493873 19.034895 -3.109897
v -3.493873 14.339726 -3.109897
v -3.344974 19.519602 1.345343
v -3.493873 19.034895 -3.109897
v -3.493873 19.034895 1.345343
v -3.344974 19.519602 1.345343
v -3.344974 19.519602 -3.109897
v -3.493873 19.034895 -3.109897
v -2.938175 19.874434 1.345343
v -3.344974 19.519602 -3.109897
v -3.344974 19.519602 1.345343
v -2.938175 19.874434 1.345343
v -2.938175 19.874434 -3.109896
v -3.344974 19.519602 -3.109897
v -2.382478 20.004313 1.345343
v -2.938175 19.874434 -3.109896
v -2.938175 19.874434 1.345343
v -2.382478 20.004313 1.345343
v -2.382478 20.004313 -3.109896
v -2.938175 19.874434 -3.109896
v 2.382478 20.004313 1.345343
v -2.382478 20.004313 -3.109896
v -2.382478 20.004313 1.345343
v 2.382478 20.004313 1.345343
v 2.382478 20.004313 -3.109896
v -2.382478 20.004313 -3.109896
v 2.938175 19.874434 1.345343
v 2.382478 20.004313 -3.109896
v 2.382478 20.004313 1.345343
v 2.938175 19.874434 1.345343
v 2.938175 19.874434 -3.109896
v 2.382478 20.004313 -3.109896
v 3.493873 19.034895 -3.109897
v 3.493873 14.339725 1.345342
v 3.493873 14.339726 -3.109897
v 3.493873 19.034895 -3.109897
v 3.493873 19.034895 1.345343
v 3.493873 14.339725 1.345342
v 3.493873 19.034895 1.345343
v 3.493873 19.034895 -3.109897
v 3.344974 19.519602 -3.109897
v 3.493873 19.034895 1.345343
v 3.344974 19.519602 -3.109897
v 3.344974 19.519602 1.345343
v 3.344974 19.519602 1.345343
v 3.344974 19.519602 -3.109897
v 2.938175 19.874434 -3.109896
v 3.344974 19.519602 1.345343
v 2.938175 19.874434 -3.109896
v 2.938175 19.874434 1.345343
v -2.382478 20.004313 1.345343
v -2.938175 19.874434 1.345343
v -2.919138 19.812775 1.392882
v -2.382478 20.004313 1.345343
v -2.919138 19.812775 1.392882
v -2.367041 19.941813 1.392882
v 2.367041 19.941813 1.392882
v -2.382478 20.004313 1.345343
v -2.367041 19.941813 1.392882
v 2.367041 19.941813 1.392882
v 2.382478 20.004313 1.345343
v -2.382478 20.004313 1.345343
v 2.919138 19.812775 1.392882
v 2.382478 20.004313 1.345343
v 2.367041 19.941813 1.392882
v 2.919138 19.812775 1.392882
v 2.938175 19.874434 1.345343
v 2.382478 20.004313 1.345343
v 3.344974 19.519602 1.345343
v 2.919138 19.812775 1.392882
v 3.323302 19.460243 1.392882
v 3.344974 19.519602 1.345343
v 2.938175 19.874434 1.345343
v 2.919138 19.812775 1.392882
v 3.344974 19.519602 1.441244
v 2.919138 19.812775 1.392882
v 2.938175 19.874434 1.441244
v 3.344974 19.519602 1.441244
v 3.323302 19.460243 1.392882
v 2.919138 19.812775 1.392882
v 3.493873 19.034895 1.441244
v 3.323302 19.460243 1.392882
v 3.344974 19.519602 1.441244
v 3.493873 19.034895 1.441244
v 3.471236 18.978676 1.392882
v 3.323302 19.460243 1.392882
v 3.471236 18.978676 1.392882
v 3.493873 19.034895 1.441244
v 3.493873 14.339725 1.441243
v 3.471236 18.978676 1.392882
v 3.493873 14.339725 1.441243
v 3.471236 14.339725 1.392881
v 3.471236 18.978676 1.392882
v 3.471236 14.339725 1.392881
v 3.493873 14.339725 1.345342
v 3.471236 18.978676 1.392882
v 3.493873 14.339725 1.345342
v 3.493873 19.034895 1.345343
v 3.493873 19.034895 1.345343
v 3.323302 19.460243 1.392882
v 3.471236 18.978676 1.392882
v 3.493873 19.034895 1.345343
v 3.344974 19.519602 1.345343
v 3.323302 19.460243 1.392882
v -3.325726 0.655949 1.996939
v -3.349547 0.617729 1.996939
v -2.942748 0.617729 2.403738
v -3.325726 0.655949 1.996939
v -2.942748 0.617729 2.403738
v -2.921823 0.655949 2.400840
v -2.921823 0.655949 2.400840
v -2.942748 0.617729 2.403738
v -2.387050 0.617729 2.552636
v -2.921823 0.655949 2.400840
v -2.387050 0.617729 2.552636
v -2.370083 0.655949 2.548679
v -2.370083 0.655949 2.548679
v -2.387050 0.617729 2.552636
v 2.377904 0.617729 2.552636
v -3.325726 0.655949 1.996939
v -2.921823 0.655949 2.400840
v -2.938175 0.699008 2.403738
v -2.370083 0.655949 2.548679
v 2.377904 0.617729 2.552636
v 2.360937 0.655949 2.548679
v -2.921823 0.655949 2.400840
v -2.370083 0.655949 2.548679
v -2.382478 0.699008 2.552637
v -2.921823 0.655949 2.400840
v -2.382478 0.699008 2.552637
v -2.938175 0.699008 2.403738
v 2.377904 0.617729 2.552636
v 2.912678 0.655949 2.400840
v 2.360937 0.655949 2.548679
v 2.377904 0.617729 2.552636
v 2.933602 0.617729 2.403738
v 2.912678 0.655949 2.400840
v -3.325726 0.655949 1.996939
v -2.938175 0.699008 2.403738
v -3.344974 0.699008 1.996939
v 2.382478 0.699008 2.552637
v 2.360937 0.655949 2.548679
v 2.912678 0.655949 2.400840
v -2.382478 0.699008 2.552637
v -2.370083 0.655949 2.548679
v 2.360937 0.655949 2.548679
v 2.933602 0.617729 2.403738
v 3.316579 0.655949 1.996939
v 2.912678 0.655949 2.400840
v 2.382478 0.699008 2.552637
v 2.912678 0.655949 2.400840
v 2.938175 0.699008 2.403738
v 2.938175 0.699008 2.403738
v 2.912678 0.655949 2.400840
v 3.316579 0.655949 1.996939
v 2.933602 0.617729 2.403738
v 3.340401 0.617729 1.996939
v 3.316579 0.655949 1.996939
v -2.382478 0.699008 2.552637
v 2.360937 0.655949 2.548679
v 2.382478 0.699008 2.552637
v 2.938175 0.699008 2.403738
v 3.316579 0.655949 1.996939
v 3.344974 0.699008 1.996939
v -3.473564 0.655949 1.440608
v -3.344974 0.699008 1.996939
v -3.493873 0.699008 1.441241
v -3.473564 0.655949 1.440608
v -3.325726 0.655949 1.996939
v -3.344974 0.699008 1.996939
v -3.471236 0.699008 1.392879
v -3.473564 0.655949 1.440608
v -3.493873 0.699008 1.441241
v -3.471236 0.699008 1.392879
v -3.475808 0.655949 1.392879
v -3.473564 0.655949 1.440608
v -3.493873 0.699008 1.345340
v -3.475808 0.655949 1.392879
v -3.471236 0.699008 1.392879
v -3.471236 14.158879 1.392881
v -3.493873 0.699008 1.345340
v -3.471236 0.699008 1.392879
v -3.471236 14.158879 1.392881
v -3.493873 14.158879 1.345342
v -3.493873 0.699008 1.345340
v -3.493873 0.699008 1.345340
v -3.498446 0.655949 1.345340
v -3.475808 0.655949 1.392879
v -3.498446 0.617729 1.390367
v -3.475808 0.655949 1.392879
v -3.498446 0.655949 1.345340
v -3.493873 14.158879 1.441243
v -3.471236 14.158879 1.392881
v -3.471236 0.699008 1.392879
v -3.493873 14.158879 1.441243
v -3.471236 0.699008 1.392879
v -3.493873 0.699008 1.441241
v -3.498446 0.617729 1.390367
v -3.498446 0.617729 1.441242
v -3.475808 0.655949 1.392879
v -3.475808 0.655949 1.392879
v -3.498446 0.617729 1.441242
v -3.473564 0.655949 1.440608
v -3.473564 0.655949 1.440608
v -3.498446 0.617729 1.441242
v -3.349547 0.617729 1.996939
v -3.473564 0.655949 1.440608
v -3.349547 0.617729 1.996939
v -3.325726 0.655949 1.996939
v 3.344974 0.699008 1.996939
v 3.464418 0.655949 1.440608
v 3.493873 0.699008 1.441241
v 3.344974 0.699008 1.996939
v 3.316579 0.655949 1.996939
v 3.464418 0.655949 1.440608
v 3.464418 0.655949 1.440608
v 3.471236 0.699008 1.392879
v 3.493873 0.699008 1.441241
v 3.471236 14.158879 1.392881
v 3.493873 0.699008 1.441241
v 3.471236 0.699008 1.392879
v 3.471236 14.158879 1.392881
v 3.493873 14.158879 1.441243
v 3.493873 0.699008 1.441241
v 3.493873 14.158879 1.345342
v 3.471236 14.158879 1.392881
v 3.471236 0.699008 1.392879
v 3.340401 0.617729 1.996939
v 3.464418 0.655949 1.440608
v 3.316579 0.655949 1.996939
v 3.340401 0.617729 1.996939
v 3.489300 0.617729 1.441242
v 3.464418 0.655949 1.440608
v 3.464418 0.655949 1.440608
v 3.466663 0.655949 1.392879
v 3.471236 0.699008 1.392879
v 3.464418 0.655949 1.440608
v 3.489300 0.617729 1.441242
v 3.466663 0.655949 1.392879
v 3.493873 14.158879 1.345342
v 3.471236 0.699008 1.392879
v 3.493873 0.699008 1.345340
v 3.471236 0.699008 1.392879
v 3.489300 0.655949 1.345340
v 3.493873 0.699008 1.345340
v 3.471236 0.699008 1.392879
v 3.466663 0.655949 1.392879
v 3.489300 0.655949 1.345340
v 3.466663 0.655949 1.392879
v 3.489300 0.617729 1.441242
v 3.489300 0.617729 1.390367
v 3.466663 0.655949 1.392879
v 3.489300 0.617729 1.390367
v 3.489300 0.655949 1.345340
v -3.498446 0.617729 -3.109900
v -3.498446 0.016929 -3.109900
v -3.498446 0.016928 1.390367
v -3.498446 0.617729 -3.109900
v -3.498446 0.016928 1.390367
v -3.498446 0.617729 1.390367
v -3.498446 0.016928 1.441241
v -3.498446 0.617729 1.390367
v -3.498446 0.016928 1.390367
v -3.498446 0.016928 1.441241
v -3.498446 0.617729 1.441242
v -3.498446 0.617729 1.390367
v -3.498446 0.617729 -3.109900
v -3.498446 0.617729 1.390367
v -3.498446 0.655949 1.345340
v -3.498446 0.617729 1.441242
v -3.498446 0.016928 1.441241
v -3.349547 0.016928 1.996939
v -3.498446 0.617729 1.441242
v -3.349547 0.016928 1.996939
v -3.349547 0.617729 1.996939
v -3.498446 0.617729 -3.109900
v -3.498446 0.655949 1.345340
v -3.496200 0.657659 -3.109900
v -3.493873 0.699008 -3.109900
v -3.496200 0.657659 -3.109900
v -3.498446 0.655949 1.345340
v -3.493873 0.699008 -3.109900
v -3.498446 0.655949 1.345340
v -3.493873 0.699008 1.345340
v 3.493873 0.699008 1.345340
v 3.489300 0.655950 -3.109900
v 3.493873 0.699008 -3.109900
v 3.493873 0.699008 1.345340
v 3.489300 0.655949 1.345340
v 3.489300 0.655950 -3.109900
v 3.489300 0.655949 1.345340
v 3.489300 0.617729 -3.109900
v 3.489300 0.655950 -3.109900
v 3.489300 0.655949 1.345340
v 3.489300 0.617729 1.390367
v 3.489300 0.617729 -3.109900
v 3.489300 0.617729 1.390367
v 3.489300 0.016929 -3.109900
v 3.489300 0.617729 -3.109900
v 3.489300 0.617729 1.390367
v 3.489300 0.016928 1.390367
v 3.489300 0.016929 -3.109900
v 3.489300 0.016928 1.390367
v 3.489300 0.617729 1.390367
v 3.489300 0.617729 1.441242
v 3.489300 0.016928 1.390367
v 3.489300 0.617729 1.441242
v 3.489300 0.016928 1.441241
v 3.340401 0.617729 1.996939
v 3.489300 0.016928 1.441241
v 3.489300 0.617729 1.441242
v 3.340401 0.617729 1.996939
v 3.340401 0.016928 1.996939
v 3.489300 0.016928 1.441241
v -3.349547 0.617729 1.996939
v -3.349547 0.016928 1.996939
v -2.942748 0.016928 2.403738
v -3.349547 0.617729 1.996939
v -2.942748 0.016928 2.403738
v -2.942748 0.617729 2.403738
v -2.942748 0.617729 2.403738
v -2.942748 0.016928 2.403738
v -2.387050 0.016928 2.552636
v -2.942748 0.617729 2.403738
v -2.387050 0.016928 2.552636
v -2.387050 0.617729 2.552636
v -2.387050 0.617729 2.552636
v -2.387050 0.016928 2.552636
v 2.377904 0.016928 2.552636
v -2.387050 0.617729 2.552636
v 2.377904 0.016928 2.552636
v 2.377904 0.617729 2.552636
v 2.377904 0.617729 2.552636
v 2.377904 0.016928 2.552636
v 2.933602 0.016928 2.403738
v 2.377904 0.617729 2.552636
v 2.933602 0.016928 2.403738
v 2.933602 0.617729 2.403738
v 2.933602 0.617729 2.403738
v 2.933602 0.016928 2.403738
v 3.340401 0.016928 1.996939
v 2.933602 0.617729 2.403738
v 3.340401 0.016928 1.996939
v 3.340401 0.617729 1.996939
v -3.493873 14.158879 1.345342
v -3.493873 0.699008 -3.109900
v -3.493873 0.699008 1.345340
v -3.493873 14.158879 1.345342
v -3.493873 14.158880 -3.109898
v -3.493873 0.699008 -3.109900
v -3.493873 14.158879 1.441243
v -3.493873 0.699008 1.441241
v -3.344974 0.699008 1.996939
v -3.493873 14.158879 1.441243
v -3.344974 0.699008 1.996939
v -3.344974 14.158879 1.996941
v -3.344974 14.158879 1.996941
v -3.344974 0.699008 1.996939
v -2.938175 0.699008 2.403738
v -3.344974 14.158879 1.996941
v -2.938175 0.699008 2.403738
v -2.938175 14.158879 2.403740
v -2.938175 14.158879 2.403740
v -2.938175 0.699008 2.403738
v -2.382478 0.699008 2.552637
v -2.938175 14.158879 2.403740
v -2.382478 0.699008 2.552637
v -2.382478 14.158879 2.552639
v 2.382478 14.158879 2.552639
v -2.382478 14.158879 2.552639
v -2.382478 0.699008 2.552637
v 2.382478 14.158879 2.552639
v -2.382478 0.699008 2.552637
v 2.382478 0.699008 2.552637
v 2.382478 14.158879 2.552639
v 2.382478 0.699008 2.552637
v 2.938175 0.699008 2.403738
v 2.382478 14.158879 2.552639
v 2.938175 0.699008 2.403738
v 2.938175 14.158879 2.403740
v 2.938175 14.158879 2.403740
v 2.938175 0.699008 2.403738
v 3.344974 0.699008 1.996939
v 2.938175 14.158879 2.403740
v 3.344974 0.699008 1.996939
v 3.344974 14.158879 1.996941
v 3.344974 14.158879 1.996941
v 3.344974 0.699008 1.996939
v 3.493873 0.699008 1.441241
v 3.344974 14.158879 1.996941
v 3.493873 0.699008 1.441241
v 3.493873 14.158879 1.441243
v 3.493873 14.158880 -3.109898
v 3.493873 0.699008 1.345340
v 3.493873 0.699008 -3.109900
v 3.493873 14.158880 -3.109898
v 3.493873 14.158879 1.345342
v 3.493873 0.699008 1.345340
v -3.523877 14.291193 1.352121
v -3.525409 14.291194 -3.109898
v -3.525409 14.207413 -3.109898
v -3.523877 14.291193 1.352121
v -3.525409 14.207413 -3.109898
v -3.523877 14.207412 1.352121
v -3.499754 14.291193 1.392975
v -3.523877 14.291193 1.352121
v -3.523877 14.207412 1.352121
v -3.499754 14.291193 1.392975
v -3.523877 14.207412 1.352121
v -3.499754 14.207412 1.392975
v -3.523385 14.291193 1.438640
v -3.499754 14.291193 1.392975
v -3.499754 14.207412 1.392975
v -3.523385 14.291193 1.438640
v -3.499754 14.207412 1.392975
v -3.523385 14.207412 1.438640
v -3.523385 14.291193 1.438640
v -3.523385 14.207412 1.438640
v -3.371354 14.207412 2.012172
v -3.523385 14.291193 1.438640
v -3.371354 14.207412 2.012172
v -3.371354 14.291193 2.012172
v -3.525409 14.291194 -3.109898
v -3.493873 14.339725 1.345342
v -3.493873 14.339726 -3.109897
v -3.525409 14.291194 -3.109898
v -3.523877 14.291193 1.352121
v -3.493873 14.339725 1.345342
v -3.493873 14.339725 1.345342
v -3.523877 14.291193 1.352121
v -3.499754 14.291193 1.392975
v -3.493873 14.339725 1.345342
v -3.499754 14.291193 1.392975
v -3.471236 14.339725 1.392881
v -3.499754 14.291193 1.392975
v -3.493873 14.339725 1.441243
v -3.471236 14.339725 1.392881
v -3.499754 14.291193 1.392975
v -3.523385 14.291193 1.438640
v -3.493873 14.339725 1.441243
v -3.493873 14.339725 1.441243
v -3.523385 14.291193 1.438640
v -3.371354 14.291193 2.012172
v -3.493873 14.339725 1.441243
v -3.371354 14.291193 2.012172
v -3.344974 14.339725 1.996941
v -3.493873 14.158879 1.345342
v -3.525409 14.207413 -3.109898
v -3.493873 14.158880 -3.109898
v -3.493873 14.158879 1.345342
v -3.523877 14.207412 1.352121
v -3.525409 14.207413 -3.109898
v -3.499754 14.207412 1.392975
v -3.523877 14.207412 1.352121
v -3.493873 14.158879 1.345342
v -3.499754 14.207412 1.392975
v -3.493873 14.158879 1.345342
v -3.471236 14.158879 1.392881
v -3.493873 14.158879 1.441243
v -3.499754 14.207412 1.392975
v -3.471236 14.158879 1.392881
v -3.493873 14.158879 1.441243
v -3.523385 14.207412 1.438640
v -3.499754 14.207412 1.392975
v -3.371354 14.207412 2.012172
v -3.523385 14.207412 1.438640
v -3.493873 14.158879 1.441243
v -3.371354 14.207412 2.012172
v -3.493873 14.158879 1.441243
v -3.344974 14.158879 1.996941
v -3.344974 14.339725 1.996941
v -3.371354 14.291193 2.012172
v -2.953406 14.291193 2.430120
v -3.344974 14.339725 1.996941
v -2.953406 14.291193 2.430120
v -2.938175 14.339725 2.403740
v -2.938175 14.339725 2.403740
v -2.953406 14.291193 2.430120
v -2.386559 14.291193 2.583637
v -2.938175 14.339725 2.403740
v -2.386559 14.291193 2.583637
v -2.382478 14.339725 2.552639
v -2.382478 14.339725 2.552639
v -2.386559 14.291193 2.583637
v 2.386559 14.291193 2.583637
v -2.382478 14.339725 2.552639
v 2.386559 14.291193 2.583637
v 2.382478 14.339725 2.552639
v 2.386559 14.291193 2.583637
v 2.938175 14.339725 2.403740
v 2.382478 14.339725 2.552639
v 2.386559 14.291193 2.583637
v 2.953406 14.291193 2.430120
v 2.938175 14.339725 2.403740
v 2.938175 14.339725 2.403740
v 2.953406 14.291193 2.430120
v 3.371354 14.291193 2.012172
v 2.938175 14.339725 2.403740
v 3.371354 14.291193 2.012172
v 3.344974 14.339725 1.996941
v -2.938175 14.158879 2.403740
v -3.371354 14.207412 2.012172
v -3.344974 14.158879 1.996941
v -2.938175 14.158879 2.403740
v -2.953406 14.207412 2.430120
v -3.371354 14.207412 2.012172
v -2.386559 14.207412 2.583637
v -2.953406 14.207412 2.430120
v -2.938175 14.158879 2.403740
v -2.386559 14.207412 2.583637
v -2.938175 14.158879 2.403740
v -2.382478 14.158879 2.552639
v 2.382478 14.158879 2.552639
v -2.386559 14.207412 2.583637
v -2.382478 14.158879 2.552639
v 2.382478 14.158879 2.552639
v 2.386559 14.207412 2.583637
v -2.386559 14.207412 2.583637
v 2.938175 14.158879 2.403740
v 2.386559 14.207412 2.583637
v 2.382478 14.158879 2.552639
v 2.938175 14.158879 2.403740
v 2.953406 14.207412 2.430120
v 2.386559 14.207412 2.583637
v 3.344974 14.158879 1.996941
v 2.953406 14.207412 2.430120
v 2.938175 14.158879 2.403740
v 3.344974 14.158879 1.996941
v 3.371354 14.207412 2.012172
v 2.953406 14.207412 2.430120
v 3.371354 14.291193 2.012172
v 3.493873 14.339725 1.441243
v 3.344974 14.339725 1.996941
v 3.371354 14.291193 2.012172
v 3.523385 14.291193 1.438640
v 3.493873 14.339725 1.441243
v 3.493873 14.339725 1.441243
v 3.523385 14.291193 1.438640
v 3.499754 14.291193 1.392976
v 3.493873 14.339725 1.441243
v 3.499754 14.291193 1.392976
v 3.471236 14.339725 1.392881
v 3.499754 14.291193 1.392976
v 3.493873 14.339725 1.345342
v 3.471236 14.339725 1.392881
v 3.499754 14.291193 1.392976
v 3.523878 14.291193 1.352122
v 3.493873 14.339725 1.345342
v 3.493873 14.339725 1.345342
v 3.523878 14.291193 1.352122
v 3.525409 14.291194 -3.109898
v 3.493873 14.339725 1.345342
v 3.525409 14.291194 -3.109898
v 3.493873 14.339726 -3.109897
v 3.525409 14.291194 -3.109898
v 3.523878 14.291193 1.352122
v 3.523878 14.207412 1.352122
v 3.523878 14.291193 1.352122
v 3.499754 14.207412 1.392976
v 3.523878 14.207412 1.352122
v 3.523878 14.291193 1.352122
v 3.499754 14.291193 1.392976
v 3.499754 14.207412 1.392976
v 3.499754 14.291193 1.392976
v 3.523385 14.207412 1.438640
v 3.499754 14.207412 1.392976
v 3.499754 14.291193 1.392976
v 3.523385 14.291193 1.438640
v 3.523385 14.207412 1.438640
v 3.371354 14.291193 2.012172
v 3.523385 14.207412 1.438640
v 3.523385 14.291193 1.438640
v 3.371354 14.291193 2.012172
v 3.371354 14.207412 2.012172
v 3.523385 14.207412 1.438640
v 3.525409 14.291194 -3.109898
v 3.523878 14.207412 1.352122
v 3.525409 14.207413 -3.109898
v 3.525409 14.207413 -3.109898
v 3.523878 14.207412 1.352122
v 3.493873 14.158879 1.345342
v 3.525409 14.207413 -3.109898
v 3.493873 14.158879 1.345342
v 3.493873 14.158880 -3.109898
v 3.493873 14.158879 1.345342
v 3.523878 14.207412 1.352122
v 3.499754 14.207412 1.392976
v 3.493873 14.158879 1.345342
v 3.499754 14.207412 1.392976
v 3.471236 14.158879 1.392881
v 3.499754 14.207412 1.392976
v 3.493873 14.158879 1.441243
v 3.471236 14.158879 1.392881
v 3.493873 14.158879 1.441243
v 3.371354 14.207412 2.012172
v 3.344974 14.158879 1.996941
v 3.493873 14.158879 1.441243
v 3.523385 14.207412 1.438640
v 3.371354 14.207412 2.012172
v 3.499754 14.207412 1.392976
v 3.523385 14.207412 1.438640
v 3.493873 14.158879 1.441243
v -3.371354 14.291193 2.012172
v -3.371354 14.207412 2.012172
v -2.953406 14.207412 2.430120
v -3.371354 14.291193 2.012172
v -2.953406 14.207412 2.430120
v -2.953406 14.291193 2.430120
v -2.953406 14.291193 2.430120
v -2.953406 14.207412 2.430120
v -2.386559 14.207412 2.583637
v -2.953406 14.291193 2.430120
v -2.386559 14.207412 2.583637
v -2.386559 14.291193 2.583637
v 2.386559 14.291193 2.583637
v -2.386559 14.291193 2.583637
v -2.386559 14.207412 2.583637
v 2.386559 14.291193 2.583637
v -2.386559 14.207412 2.583637
v 2.386559 14.207412 2.583637
v 2.386559 14.291193 2.583637
v 2.386559 14.207412 2.583637
v 2.953406 14.207412 2.430120
v 2.386559 14.291193 2.583637
v 2.953406 14.207412 2.430120
v 2.953406 14.291193 2.430120
v 2.953406 14.291193 2.430120
v 2.953406 14.207412 2.430120
v 3.371354 14.207412 2.012172
v 2.953406 14.291193 2.430120
v 3.371354 14.207412 2.012172
v 3.371354 14.291193 2.012172
v 3.489300 0.016928 1.390367
v -3.498446 0.016929 -3.109900
v 3.489300 0.016929 -3.109900
v 3.489300 0.016928 1.390367
v -3.498446 0.016928 1.390367
v -3.498446 0.016929 -3.109900
v -3.498446 0.016928 1.441241
v -3.498446 0.016928 1.390367
v 3.489300 0.016928 1.390367
v -3.498446 0.016928 1.441241
v 3.489300 0.016928 1.390367
v 3.489300 0.016928 1.441241
v 3.340401 0.016928 1.996939
v -3.498446 0.016928 1.441241
v 3.489300 0.016928 1.441241
v 3.340401 0.016928 1.996939
v -3.349547 0.016928 1.996939
v -3.498446 0.016928 1.441241
v -3.349547 0.016928 1.996939
v 3.340401 0.016928 1.996939
v 2.933602 0.016928 2.403738
v -3.349547 0.016928 1.996939
v 2.933602 0.016928 2.403738
v -2.942748 0.016928 2.403738
v 2.377904 0.016928 2.552636
v -2.942748 0.016928 2.403738
v 2.933602 0.016928 2.403738
v 2.377904 0.016928 2.552636
v -2.387050 0.016928 2.552636
v -2.942748 0.016928 2.403738
v -3.498446 0.617729 -3.109900
v 3.489300 0.016929 -3.109900
v -3.498446 0.016929 -3.109900
v -3.498446 0.617729 -3.109900
v 3.489300 0.617729 -3.109900
v 3.489300 0.016929 -3.109900
v 3.489300 0.655950 -3.109900
v 3.489300 0.617729 -3.109900
v -3.498446 0.617729 -3.109900
v 3.489300 0.655950 -3.109900
v -3.498446 0.617729 -3.109900
v -3.496200 0.657659 -3.109900
v 3.489300 0.655950 -3.109900
v -3.496200 0.657659 -3.109900
v -3.493873 0.699008 -3.109900
v 3.489300 0.655950 -3.109900
v -3.493873 0.699008 -3.109900
v 3.493873 0.699008 -3.109900
v 3.493873 0.699008 -3.109900
v -3.493873 0.699008 -3.109900
v -3.493873 14.158880 -3.109898
v 3.493873 0.699008 -3.109900
v -3.493873 14.158880 -3.109898
v 3.493873 14.158880 -3.109898
v -3.493873 14.158880 -3.109898
v 3.493873 14.339726 -3.109897
v 3.493873 14.158880 -3.109898
v -3.493873 14.158880 -3.109898
v -3.493873 14.339726 -3.109897
v 3.493873 14.339726 -3.109897
v -3.493873 14.158880 -3.109898
v -3.525409 14.291194 -3.109898
v -3.493873 14.339726 -3.109897
v -3.493873 14.158880 -3.109898
v -3.525409 14.207413 -3.109898
v -3.525409 14.291194 -3.109898
v 3.493873 14.339726 -3.109897
v 3.525409 14.207413 -3.109898
v 3.493873 14.158880 -3.109898
v 3.493873 14.339726 -3.109897
v -3.493873 14.339726 -3.109897
v -3.493873 19.034895 -3.109897
v 3.493873 14.339726 -3.109897
v 3.525409 14.291194 -3.109898
v 3.525409 14.207413 -3.109898
v 3.493873 14.339726 -3.109897
v -3.493873 19.034895 -3.109897
v 3.493873 19.034895 -3.109897
v -3.344974 19.519602 -3.109897
v 3.493873 19.034895 -3.109897
v -3.493873 19.034895 -3.109897
v -3.344974 19.519602 -3.109897
v 3.344974 19.519602 -3.109897
v 3.493873 19.034895 -3.109897
v 3.344974 19.519602 -3.109897
v -3.344974 19.519602 -3.109897
v -2.938175 19.874434 -3.109896
v 3.344974 19.519602 -3.109897
v -2.938175 19.874434 -3.109896
v 2.938175 19.874434 -3.109896
v -2.382478 20.004313 -3.109896
v 2.938175 19.874434 -3.109896
v -2.938175 19.874434 -3.109896
v -2.382478 20.004313 -3.109896
v 2.382478 20.004313 -3.109896
v 2.938175 19.874434 -3.109896
v 0.082648 10.116175 4.104142
v 0.144341 10.185523 3.966679
v 0.144341 10.185523 4.104142
v 0.082648 10.116175 4.104142
v 0.082648 10.116175 3.966679
v 0.144341 10.185523 3.966679
v 0.000883 10.090792 4.104142
v 0.082648 10.116175 3.966679
v 0.082648 10.116175 4.104142
v 0.000883 10.090792 4.104142
v 0.000883 10.090792 3.966679
v 0.082648 10.116175 3.966679
v -0.085899 10.116175 4.104142
v 0.000883 10.090792 3.966679
v 0.000883 10.090792 4.104142
v -0.085899 10.116175 4.104142
v -0.085899 10.116175 3.966679
v 0.000883 10.090792 3.966679
v -0.147592 10.185523 4.104142
v -0.085899 10.116175 3.966679
v -0.085899 10.116175 4.104142
v -0.147592 10.185523 4.104142
v -0.147592 10.185523 3.966679
v -0.085899 10.116175 3.966679
v -0.170174 10.280253 4.104142
v -0.147592 10.185523 3.966679
v -0.147592 10.185523 4.104142
v -0.170174 10.280253 4.104142
v -0.170174 10.280253 3.966679
v -0.147592 10.185523 3.966679
v -0.114238 11.237624 4.104142
v -0.170174 10.280253 3.966679
v -0.170174 10.280253 4.104142
v -0.114238 11.237624 4.104142
v -0.114238 11.237624 3.966679
v -0.170174 10.280253 3.966679
v -0.066642 11.306973 4.104142
v -0.114238 11.237624 3.966679
v -0.114238 11.237624 4.104142
v -0.066642 11.306973 4.104142
v -0.066642 11.306973 3.966679
v -0.114238 11.237624 3.966679
v 0.000883 11.332355 4.104142
v -0.066642 11.306973 3.966679
v -0.066642 11.306973 4.104142
v 0.000883 11.332355 4.104142
v 0.000883 11.332355 3.966679
v -0.066642 11.306973 3.966679
v 0.063391 11.306973 4.104142
v 0.000883 11.332355 3.966679
v 0.000883 11.332355 4.104142
v 0.063391 11.306973 4.104142
v 0.063391 11.306973 3.966679
v 0.000883 11.332355 3.966679
v 0.110986 11.237624 4.104142
v 0.063391 11.306973 3.966679
v 0.063391 11.306973 4.104142
v 0.110986 11.237624 4.104142
v 0.110986 11.237624 3.966679
v 0.063391 11.306973 3.966679
v 0.166922 10.280253 4.104142
v 0.110986 11.237624 3.966679
v 0.110986 11.237624 4.104142
v 0.166922 10.280253 4.104142
v 0.166922 10.280253 3.966679
v 0.110986 11.237624 3.966679
v 0.144341 10.185523 4.104142
v 0.166922 10.280253 3.966679
v 0.166922 10.280253 4.104142
v 0.144341 10.185523 4.104142
v 0.144341 10.185523 3.966679
v 0.166922 10.280253 3.966679
v -0.085899 10.116175 4.104142
v -0.066642 11.306973 4.104142
v -0.114238 11.237624 4.104142
v -0.085899 10.116175 4.104142
v -0.114238 11.237624 4.104142
v -0.147592 10.185523 4.104142
v -0.147592 10.185523 4.104142
v -0.114238 11.237624 4.104142
v -0.170174 10.280253 4.104142
v 0.110986 11.237624 4.104142
v 0.063391 11.306973 4.104142
v 0.082648 10.116175 4.104142
v 0.110986 11.237624 4.104142
v 0.082648 10.116175 4.104142
v 0.144341 10.185523 4.104142
v 0.166922 10.280253 4.104142
v 0.110986 11.237624 4.104142
v 0.144341 10.185523 4.104142
v 0.057509 11.241448 4.133082
v 0.075024 10.191235 4.176644
v 0.075024 10.181697 4.133082
v 0.057509 11.247011 4.187504
v 0.075024 10.191235 4.176644
v 0.057509 11.241448 4.133082
v 0.059687 11.201775 4.227996
v 0.075024 10.191235 4.176644
v 0.057509 11.247011 4.187504
v 0.059687 11.201775 4.227996
v 0.075824 10.273744 4.234994
v 0.075024 10.191235 4.176644
v 0.059598 11.218890 4.280048
v 0.075824 10.273744 4.234994
v 0.059687 11.201775 4.227996
v 0.059444 11.149135 4.344405
v 0.075824 10.273744 4.234994
v 0.059598 11.218890 4.280048
v 0.059618 11.036863 4.372415
v 0.075824 10.273744 4.234994
v 0.059444 11.149135 4.344405
v -0.078276 10.191235 4.176644
v -0.060761 11.241448 4.133082
v -0.078276 10.181697 4.133082
v -0.078276 10.191235 4.176644
v -0.060761 11.247011 4.187505
v -0.060761 11.241448 4.133082
v -0.060177 11.201775 4.227997
v -0.060761 11.247011 4.187505
v -0.078276 10.191235 4.176644
v -0.077166 10.273744 4.234994
v -0.060177 11.201775 4.227997
v -0.078276 10.191235 4.176644
v -0.077166 10.273744 4.234994
v -0.058479 11.218126 4.279487
v -0.060177 11.201775 4.227997
v -0.077166 10.273744 4.234994
v -0.058723 11.152254 4.344405
v -0.058479 11.218126 4.279487
v -0.058996 11.036863 4.372415
v -0.058723 11.152254 4.344405
v -0.077166 10.273744 4.234994
v 0.063391 11.306973 4.104142
v 0.078836 10.148936 4.114721
v 0.082648 10.116175 4.104142
v 0.063391 11.306973 4.104142
v 0.060450 11.274210 4.114721
v 0.078836 10.148936 4.114721
v 0.060450 11.274210 4.114721
v 0.075024 10.181697 4.133082
v 0.078836 10.148936 4.114721
v 0.060450 11.274210 4.114721
v 0.057509 11.241448 4.133082
v 0.075024 10.181697 4.133082
v -0.085899 10.116175 4.104142
v -0.063702 11.274210 4.114721
v -0.066642 11.306973 4.104142
v -0.085899 10.116175 4.104142
v -0.082088 10.148936 4.114721
v -0.063702 11.274210 4.114721
v -0.082088 10.148936 4.114721
v -0.060761 11.241448 4.133082
v -0.063702 11.274210 4.114721
v -0.082088 10.148936 4.114721
v -0.078276 10.181697 4.133082
v -0.060761 11.241448 4.133082
v -0.063702 11.274210 4.114721
v -0.060761 11.241448 4.133082
v 0.000883 11.257017 4.132472
v -0.063702 11.274210 4.114721
v 0.000883 11.257017 4.132472
v 0.000883 11.286903 4.114721
v 0.000883 11.257017 4.132472
v 0.060450 11.274210 4.114721
v 0.000883 11.286903 4.114721
v 0.000883 11.257017 4.132472
v 0.057509 11.241448 4.133082
v 0.060450 11.274210 4.114721
v -0.066642 11.306973 4.104142
v -0.063702 11.274210 4.114721
v 0.000883 11.286903 4.114721
v 0.000883 11.286903 4.114721
v 0.060450 11.274210 4.114721
v 0.063391 11.306973 4.104142
v -0.066642 11.306973 4.104142
v 0.000883 11.286903 4.114721
v 0.000883 11.332355 4.104142
v 0.000883 11.286903 4.114721
v 0.063391 11.306973 4.104142
v 0.000883 11.332355 4.104142
v 1.072021 8.768967 3.624160
v 0.994367 8.748795 3.603762
v 0.994367 8.804268 3.572404
v 1.072021 8.768967 3.624160
v 0.994367 8.804268 3.572404
v 1.072021 8.815136 3.591958
v 1.128867 8.813300 3.676278
v 1.072021 8.768967 3.624160
v 1.072021 8.815136 3.591958
v 1.128867 8.813300 3.676278
v 1.072021 8.815136 3.591958
v 1.128867 8.858964 3.643433
v 1.128867 8.858964 3.643433
v 1.145306 8.842012 3.711796
v 1.128867 8.813300 3.676278
v 1.128867 8.858964 3.643433
v 1.145306 8.889349 3.677313
v 1.145306 8.842012 3.711796
v 1.149674 8.872618 3.745936
v 1.145306 8.842012 3.711796
v 1.145306 8.889349 3.677313
v 1.149674 8.872618 3.745936
v 1.145306 8.889349 3.677313
v 1.149674 8.917843 3.712570
v 1.128867 8.918149 3.807860
v 1.149674 8.872618 3.745936
v 1.149674 8.917843 3.712570
v 1.128867 8.918149 3.807860
v 1.149674 8.917843 3.712570
v 1.128867 8.966482 3.779179
v 1.128867 8.966482 3.779179
v 1.072021 8.951954 3.853616
v 1.128867 8.918149 3.807860
v 1.128867 8.966482 3.779179
v 1.072021 9.002091 3.828146
v 1.072021 8.951954 3.853616
v 0.994367 8.959271 3.856774
v 1.072021 8.951954 3.853616
v 1.072021 9.002091 3.828146
v 0.994367 8.959271 3.856774
v 1.072021 9.002091 3.828146
v 0.994367 9.009888 3.832222
v 0.994367 8.959271 3.856774
v 0.994367 9.009888 3.832222
v 0.916714 9.002091 3.828146
v 0.994367 8.959271 3.856774
v 0.916714 9.002091 3.828146
v 0.916714 8.951954 3.853616
v 0.916714 8.951954 3.853616
v 0.916714 9.002091 3.828146
v 0.859868 8.966482 3.779179
v 0.916714 8.951954 3.853616
v 0.859868 8.966482 3.779179
v 0.859868 8.918149 3.807860
v 0.859868 8.918149 3.807860
v 0.859868 8.966482 3.779179
v 0.839061 8.917843 3.712570
v 0.859868 8.918149 3.807860
v 0.839061 8.917843 3.712570
v 0.839061 8.872618 3.745936
v 0.839061 8.872618 3.745936
v 0.839061 8.917843 3.712570
v 0.843429 8.889349 3.677313
v 0.839061 8.872618 3.745936
v 0.843429 8.889349 3.677313
v 0.843429 8.842012 3.711796
v 0.843429 8.842012 3.711796
v 0.843429 8.889349 3.677313
v 0.859868 8.858964 3.643433
v 0.843429 8.842012 3.711796
v 0.859868 8.858964 3.643433
v 0.859868 8.813300 3.676278
v 0.859868 8.813300 3.676278
v 0.859868 8.858964 3.643433
v 0.916714 8.815136 3.591958
v 0.859868 8.813300 3.676278
v 0.916714 8.815136 3.591958
v 0.916714 8.768967 3.624160
v 0.916714 8.768967 3.624160
v 0.916714 8.815136 3.591958
v 0.994367 8.804268 3.572404
v 0.916714 8.768967 3.624160
v 0.994367 8.804268 3.572404
v 0.994367 8.748795 3.603762
v 0.746098 8.697013 3.608571
v 0.746098 8.130375 3.612270
v 0.994367 8.130375 3.549366
v 0.746098 8.697013 3.608571
v 0.994367 8.130375 3.549366
v 0.994366 8.702968 3.549366
v 0.994367 8.130375 3.549366
v 1.242638 8.697013 3.608571
v 0.994366 8.702968 3.549366
v 0.994367 8.130375 3.549366
v 1.242638 8.130375 3.612271
v 1.242638 8.697013 3.608571
v 0.771246 8.776225 3.647572
v 0.746098 8.697013 3.608571
v 0.994366 8.702968 3.549366
v 0.771246 8.776225 3.647572
v 0.994366 8.702968 3.549366
v 0.916714 8.768967 3.624160
v 0.994366 8.702968 3.549366
v 1.242638 8.697013 3.608571
v 1.217489 8.776225 3.647572
v 0.916714 8.768967 3.624160
v 0.994366 8.702968 3.549366
v 0.994367 8.748795 3.603762
v 0.994367 8.748795 3.603762
v 0.994366 8.702968 3.549366
v 1.072021 8.768967 3.624160
v 1.072021 8.768967 3.624160
v 0.994366 8.702968 3.549366
v 1.217489 8.776225 3.647572
v 0.771246 8.776225 3.647572
v 0.916714 8.768967 3.624160
v 0.859868 8.813300 3.676278
v 0.843429 8.842012 3.711796
v 0.771246 8.776225 3.647572
v 0.859868 8.813300 3.676278
v 0.843429 8.842012 3.711796
v 0.774350 8.864548 3.749873
v 0.771246 8.776225 3.647572
v 0.843429 8.842012 3.711796
v 0.839061 8.872618 3.745936
v 0.774350 8.864548 3.749873
v 0.803827 8.929510 3.840889
v 0.774350 8.864548 3.749873
v 0.839061 8.872618 3.745936
v 0.803827 8.929510 3.840889
v 0.839061 8.872618 3.745936
v 0.859868 8.918149 3.807860
v 1.072021 8.768967 3.624160
v 1.217489 8.776225 3.647572
v 1.128867 8.813300 3.676278
v 0.916714 8.951954 3.853616
v 0.803827 8.929510 3.840889
v 0.859868 8.918149 3.807860
v 0.916714 8.951954 3.853616
v 0.884359 8.970584 3.911562
v 0.803827 8.929510 3.840889
v 0.994367 8.982200 3.925055
v 0.884359 8.970584 3.911562
v 0.916714 8.951954 3.853616
v 0.994367 8.982200 3.925055
v 0.916714 8.951954 3.853616
v 0.994367 8.959271 3.856774
v 1.072021 8.951954 3.853616
v 0.994367 8.982200 3.925055
v 0.994367 8.959271 3.856774
v 1.072021 8.951954 3.853616
v 1.104377 8.970584 3.911562
v 0.994367 8.982200 3.925055
v 1.145306 8.842012 3.711796
v 1.128867 8.813300 3.676278
v 1.217489 8.776225 3.647572
v 1.145306 8.842012 3.711796
v 1.217489 8.776225 3.647572
v 1.214385 8.864548 3.749873
v 1.184909 8.929510 3.840889
v 1.104377 8.970584 3.911562
v 1.072021 8.951954 3.853616
v 1.184909 8.929510 3.840889
v 1.072021 8.951954 3.853616
v 1.128867 8.918149 3.807860
v 1.149674 8.872618 3.745936
v 1.184909 8.929510 3.840889
v 1.128867 8.918149 3.807860
v 1.149674 8.872618 3.745936
v 1.214385 8.864548 3.749873
v 1.184909 8.929510 3.840889
v 1.145306 8.842012 3.711796
v 1.214385 8.864548 3.749873
v 1.149674 8.872618 3.745936
v 1.104377 9.033073 3.879776
v 0.994367 9.047860 3.896286
v 0.994367 9.019571 3.916685
v 1.104377 9.033073 3.879776
v 0.994367 9.019571 3.916685
v 1.107415 9.006006 3.901269
v 1.107415 9.006006 3.901269
v 0.994367 9.019571 3.916685
v 0.994367 8.982200 3.925055
v 1.190172 8.962368 3.826146
v 1.104377 9.033073 3.879776
v 1.107415 9.006006 3.901269
v 1.107415 9.006006 3.901269
v 0.994367 8.982200 3.925055
v 1.104377 8.970584 3.911562
v 1.190172 8.962368 3.826146
v 1.107415 9.006006 3.901269
v 1.104377 8.970584 3.911562
v 1.190172 8.962368 3.826146
v 1.104377 8.970584 3.911562
v 1.184909 8.929510 3.840889
v 1.190172 8.962368 3.826146
v 1.184909 8.989219 3.804242
v 1.104377 9.033073 3.879776
v 1.220463 8.893561 3.729646
v 1.190172 8.962368 3.826146
v 1.184909 8.929510 3.840889
v 1.220463 8.893561 3.729646
v 1.184909 8.989219 3.804242
v 1.190172 8.962368 3.826146
v 1.220463 8.893561 3.729646
v 1.184909 8.929510 3.840889
v 1.214385 8.864548 3.749873
v 1.220463 8.893561 3.729646
v 1.214385 8.920264 3.707445
v 1.184909 8.989219 3.804242
v 1.223652 8.802797 3.624518
v 1.220463 8.893561 3.729646
v 1.214385 8.864548 3.749873
v 1.217489 8.831940 3.605144
v 1.214385 8.920264 3.707445
v 1.220463 8.893561 3.729646
v 1.217489 8.831940 3.605144
v 1.220463 8.893561 3.729646
v 1.223652 8.802797 3.624518
v 1.223652 8.802797 3.624518
v 1.214385 8.864548 3.749873
v 1.217489 8.776225 3.647572
v 1.223652 8.802797 3.624518
v 1.246090 8.766606 3.549962
v 1.217489 8.831940 3.605144
v 1.217489 8.776225 3.647572
v 1.246090 8.766606 3.549962
v 1.223652 8.802797 3.624518
v 1.217489 8.776225 3.647572
v 1.242638 8.697013 3.608571
v 1.246090 8.766606 3.549962
v 1.242638 8.697013 3.608571
v 1.246090 8.130375 3.545271
v 1.246090 8.766606 3.549962
v 1.242638 8.697013 3.608571
v 1.242638 8.130375 3.612271
v 1.246090 8.130375 3.545271
v 0.994367 9.019571 3.916685
v 0.994367 9.047860 3.896286
v 0.884359 9.033073 3.879776
v 0.994367 9.019571 3.916685
v 0.884359 9.033073 3.879776
v 0.881320 9.006006 3.901269
v 0.884359 9.033073 3.879776
v 0.798563 8.962368 3.826146
v 0.881320 9.006006 3.901269
v 0.884359 9.033073 3.879776
v 0.803827 8.989219 3.804242
v 0.798563 8.962368 3.826146
v 0.994367 8.982200 3.925055
v 0.994367 9.019571 3.916685
v 0.881320 9.006006 3.901269
v 0.803827 8.989219 3.804242
v 0.768272 8.893561 3.729646
v 0.798563 8.962368 3.826146
v 0.884359 8.970584 3.911562
v 0.881320 9.006006 3.901269
v 0.798563 8.962368 3.826146
v 0.994367 8.982200 3.925055
v 0.881320 9.006006 3.901269
v 0.884359 8.970584 3.911562
v 0.803827 8.989219 3.804242
v 0.774350 8.920264 3.707445
v 0.768272 8.893561 3.729646
v 0.768272 8.893561 3.729646
v 0.774350 8.920264 3.707445
v 0.771246 8.831940 3.605144
v 0.803827 8.929510 3.840889
v 0.798563 8.962368 3.826146
v 0.768272 8.893561 3.729646
v 0.884359 8.970584 3.911562
v 0.798563 8.962368 3.826146
v 0.803827 8.929510 3.840889
v 0.768272 8.893561 3.729646
v 0.771246 8.831940 3.605144
v 0.765083 8.802797 3.624518
v 0.803827 8.929510 3.840889
v 0.768272 8.893561 3.729646
v 0.774350 8.864548 3.749873
v 0.774350 8.864548 3.749873
v 0.768272 8.893561 3.729646
v 0.765083 8.802797 3.624518
v 0.765083 8.802797 3.624518
v 0.771246 8.831940 3.605144
v 0.742643 8.766606 3.549962
v 0.774350 8.864548 3.749873
v 0.765083 8.802797 3.624518
v 0.771246 8.776225 3.647572
v 0.771246 8.776225 3.647572
v 0.765083 8.802797 3.624518
v 0.742643 8.766606 3.549962
v 0.742643 8.766606 3.549962
v 0.746098 8.697013 3.608571
v 0.771246 8.776225 3.647572
v 0.742644 8.130375 3.545269
v 0.746098 8.697013 3.608571
v 0.742643 8.766606 3.549962
v 0.742644 8.130375 3.545269
v 0.746098 8.130375 3.612270
v 0.746098 8.697013 3.608571
v -0.082208 10.146068 3.986539
v 0.082208 10.146068 3.750941
v 0.082208 10.146068 3.986539
v -0.082208 10.146068 3.986539
v -0.082208 10.146068 3.750941
v 0.082208 10.146068 3.750941
v -0.164417 10.288457 3.986539
v -0.082208 10.146068 3.750941
v -0.082208 10.146068 3.986539
v -0.164417 10.288457 3.986539
v -0.164417 10.288457 3.750941
v -0.082208 10.146068 3.750941
v -0.082208 10.430845 3.986539
v -0.164417 10.288457 3.750941
v -0.164417 10.288457 3.986539
v -0.082208 10.430845 3.986539
v -0.082208 10.430845 3.750941
v -0.164417 10.288457 3.750941
v 0.082208 10.430845 3.986539
v -0.082208 10.430845 3.750941
v -0.082208 10.430845 3.986539
v 0.082208 10.430845 3.986539
v 0.082208 10.430845 3.750941
v -0.082208 10.430845 3.750941
v 0.164417 10.288457 3.986539
v 0.082208 10.430845 3.750941
v 0.082208 10.430845 3.986539
v 0.164417 10.288457 3.986539
v 0.164417 10.288457 3.750941
v 0.082208 10.430845 3.750941
v 0.082208 10.146068 3.986539
v 0.164417 10.288457 3.750941
v 0.164417 10.288457 3.986539
v 0.082208 10.146068 3.986539
v 0.082208 10.146068 3.750941
v 0.164417 10.288457 3.750941
v 0.571467 7.774516 3.881172
v 0.571467 7.774516 3.932536
v 0.594641 7.718570 3.932431
v 0.571467 7.774516 3.881172
v 0.594641 7.718570 3.932431
v 0.594641 7.718570 3.881172
v 0.594641 6.208145 3.932430
v 0.594641 7.718570 3.881172
v 0.594641 7.718570 3.932431
v 0.594641 6.208145 3.932430
v 0.594641 6.208145 3.881171
v 0.594641 7.718570 3.881172
v 0.594641 6.208145 3.932430
v 0.571467 6.152198 3.881172
v 0.594641 6.208145 3.881171
v 0.594641 6.208145 3.932430
v 0.571467 6.152197 3.932535
v 0.571467 6.152198 3.881172
v 0.515520 7.797691 3.881172
v 0.571467 7.774516 3.932536
v 0.571467 7.774516 3.881172
v 0.515520 7.797691 3.881172
v 0.515520 7.797691 3.933229
v 0.571467 7.774516 3.932536
v 0.515520 7.797691 3.933229
v 0.515520 7.797691 3.881172
v -0.712187 7.797691 3.881171
v 0.515520 7.797691 3.933229
v -0.712187 7.797691 3.881171
v -0.712187 7.797691 3.933228
v -0.768134 7.774516 3.932535
v -0.712187 7.797691 3.933228
v -0.712187 7.797691 3.881171
v -0.768134 7.774516 3.932535
v -0.712187 7.797691 3.881171
v -0.768134 7.774516 3.881171
v -0.791308 7.718569 3.932429
v -0.768134 7.774516 3.932535
v -0.768134 7.774516 3.881171
v -0.791308 7.718569 3.932429
v -0.768134 7.774516 3.881171
v -0.791308 7.718569 3.881171
v -0.791308 7.718569 3.932429
v -0.791308 7.718569 3.881171
v -0.791308 6.208145 3.881171
v -0.791308 7.718569 3.932429
v -0.791308 6.208145 3.881171
v -0.791308 6.208145 3.932429
v -0.768134 6.152198 3.881170
v -0.791308 6.208145 3.932429
v -0.791308 6.208145 3.881171
v -0.768134 6.152198 3.881170
v -0.768134 6.152197 3.932535
v -0.791308 6.208145 3.932429
v 0.571467 6.152197 3.932535
v 0.515520 6.129025 3.881171
v 0.571467 6.152198 3.881172
v 0.571467 6.152197 3.932535
v 0.515520 6.129025 3.933228
v 0.515520 6.129025 3.881171
v -0.712187 6.129025 3.933228
v 0.515520 6.129025 3.881171
v 0.515520 6.129025 3.933228
v -0.712187 6.129025 3.933228
v -0.712187 6.129025 3.881170
v 0.515520 6.129025 3.881171
v -0.712187 6.129025 3.881170
v -0.712187 6.129025 3.933228
v -0.768134 6.152197 3.932535
v -0.712187 6.129025 3.881170
v -0.768134 6.152197 3.932535
v -0.768134 6.152198 3.881170
v 0.556148 7.759363 3.960762
v 0.515520 7.797691 3.933229
v 0.504734 7.780459 3.960760
v 0.556148 7.759363 3.960762
v 0.571467 7.774516 3.932536
v 0.515520 7.797691 3.933229
v 0.515520 7.797691 3.933229
v -0.701401 7.780458 3.960760
v 0.504734 7.780459 3.960760
v 0.515520 7.797691 3.933229
v -0.712187 7.797691 3.933228
v -0.701401 7.780458 3.960760
v -0.712187 7.797691 3.933228
v -0.752816 7.759363 3.960760
v -0.701401 7.780458 3.960760
v -0.712187 7.797691 3.933228
v -0.768134 7.774516 3.932535
v -0.752816 7.759363 3.960760
v 0.578686 7.699940 3.960760
v 0.594641 6.208145 3.932430
v 0.594641 7.718570 3.932431
v 0.578686 7.699940 3.960760
v 0.578686 6.226776 3.960760
v 0.594641 6.208145 3.932430
v 0.594641 7.718570 3.932431
v 0.556148 7.759363 3.960762
v 0.578686 7.699940 3.960760
v 0.594641 7.718570 3.932431
v 0.571467 7.774516 3.932536
v 0.556148 7.759363 3.960762
v 0.556149 6.167351 3.960760
v 0.594641 6.208145 3.932430
v 0.578686 6.226776 3.960760
v 0.556149 6.167351 3.960760
v 0.571467 6.152197 3.932535
v 0.594641 6.208145 3.932430
v -0.752816 7.759363 3.960760
v -0.791308 7.718569 3.932429
v -0.775353 7.699939 3.960760
v -0.752816 7.759363 3.960760
v -0.768134 7.774516 3.932535
v -0.791308 7.718569 3.932429
v -0.791308 7.718569 3.932429
v -0.775353 6.226776 3.960760
v -0.775353 7.699939 3.960760
v -0.791308 7.718569 3.932429
v -0.791308 6.208145 3.932429
v -0.775353 6.226776 3.960760
v -0.791308 6.208145 3.932429
v -0.752816 6.167351 3.960760
v -0.775353 6.226776 3.960760
v -0.791308 6.208145 3.932429
v -0.768134 6.152197 3.932535
v -0.752816 6.167351 3.960760
v 0.504734 6.146257 3.960760
v -0.712187 6.129025 3.933228
v 0.515520 6.129025 3.933228
v 0.504734 6.146257 3.960760
v -0.701401 6.146257 3.960760
v -0.712187 6.129025 3.933228
v 0.515520 6.129025 3.933228
v 0.556149 6.167351 3.960760
v 0.504734 6.146257 3.960760
v 0.515520 6.129025 3.933228
v 0.571467 6.152197 3.932535
v 0.556149 6.167351 3.960760
v -0.752816 6.167351 3.960760
v -0.712187 6.129025 3.933228
v -0.701401 6.146257 3.960760
v -0.752816 6.167351 3.960760
v -0.768134 6.152197 3.932535
v -0.712187 6.129025 3.933228
v -1.649017 15.003352 3.226559
v -1.582615 15.173613 2.154687
v -1.801733 14.968842 2.154687
v -1.649017 15.003352 3.226559
v -1.288095 15.180247 3.219597
v -1.582615 15.173613 2.154687
v -1.472339 15.048868 3.395274
v -1.288095 15.180247 3.219597
v -1.649017 15.003352 3.226559
v -1.582615 15.173613 2.154687
v -1.288095 15.180247 3.219597
v 1.288095 15.180247 3.219597
v -1.472339 15.048868 3.395274
v 1.288095 15.180247 3.219597
v -1.288095 15.180247 3.219597
v -1.472339 15.048868 3.395274
v 1.472339 15.048868 3.395274
v 1.288095 15.180247 3.219597
v -1.582615 15.173613 2.154687
v 1.288095 15.180247 3.219597
v 1.582615 15.173613 2.154687
v -1.582614 14.806511 3.475782
v 1.472339 15.048868 3.395274
v -1.472339 15.048868 3.395274
v -1.582614 14.806511 3.475782
v 1.582613 14.806511 3.475783
v 1.472339 15.048868 3.395274
v 1.649017 15.003352 3.226559
v 1.288095 15.180247 3.219597
v 1.472339 15.048868 3.395274
v 1.582615 15.173613 2.154687
v 1.288095 15.180247 3.219597
v 1.649017 15.003352 3.226559
v 1.582613 14.806511 3.475783
v -1.582614 14.806511 3.475782
v -1.582614 12.294586 3.879126
v 1.582613 14.806511 3.475783
v -1.582614 12.294586 3.879126
v 1.582613 12.294586 3.879126
v 1.582615 15.173613 2.154687
v 1.649017 15.003352 3.226559
v 1.801733 14.968842 2.154687
v 1.145486 9.011324 3.495298
v 0.827050 9.011324 3.495298
v 0.712956 8.794669 3.495297
v 1.145486 9.011324 3.495298
v 0.712956 8.794669 3.495297
v 1.266306 8.794668 3.495297
v 1.266306 7.975989 3.495297
v 1.266306 8.794668 3.495297
v 0.712956 8.794669 3.495297
v 1.266306 7.975989 3.495297
v 0.712956 8.794669 3.495297
v 0.712956 7.975990 3.495297
v 0.827050 9.011324 3.495298
v 1.213574 9.135095 3.879126
v 0.758200 9.135095 3.879126
v 0.827050 9.011324 3.495298
v 1.145486 9.011324 3.495298
v 1.213574 9.135095 3.879126
v 1.266306 7.975989 3.495297
v 0.594641 7.975990 3.879125
v 1.385947 7.975990 3.879125
v 1.266306 7.975989 3.495297
v 0.712956 7.975990 3.495297
v 0.594641 7.975990 3.879125
v 1.145486 9.011324 3.495298
v 1.385947 8.794669 3.879125
v 1.213574 9.135095 3.879126
v 1.145486 9.011324 3.495298
v 1.266306 8.794668 3.495297
v 1.385947 8.794669 3.879125
v 1.385947 8.794669 3.879125
v 1.266306 8.794668 3.495297
v 1.266306 7.975989 3.495297
v 1.385947 8.794669 3.879125
v 1.266306 7.975989 3.495297
v 1.385947 7.975990 3.879125
v 0.594641 8.794669 3.879125
v 0.827050 9.011324 3.495298
v 0.758200 9.135095 3.879126
v 0.594641 8.794669 3.879125
v 0.712956 8.794669 3.495297
v 0.827050 9.011324 3.495298
v 0.594641 7.975990 3.879125
v 0.712956 8.794669 3.495297
v 0.594641 8.794669 3.879125
v 0.594641 7.975990 3.879125
v 0.712956 7.975990 3.495297
v 0.712956 8.794669 3.495297
v -1.543613 5.600089 2.154685
v 1.477829 5.600089 3.661294
v -1.477829 5.600089 3.661294
v -1.543613 5.600089 2.154685
v 1.543613 5.600089 2.154685
v 1.477829 5.600089 3.661294
v -1.477829 5.600089 3.661294
v 1.403331 5.755337 3.879123
v -1.403331 5.755337 3.879123
v -1.477829 5.600089 3.661294
v 1.477829 5.600089 3.661294
v 1.403331 5.755337 3.879123
v -1.543613 5.600089 2.154685
v -1.477829 5.600089 3.661294
v -1.801733 5.901875 3.661293
v -1.543613 5.600089 2.154685
v -1.801733 5.901875 3.661293
v -1.881935 5.901875 2.154685
v -1.801733 5.901875 3.661293
v -1.881935 12.294587 2.154687
v -1.881935 5.901875 2.154685
v -1.801733 5.901875 3.661293
v -1.801733 12.294586 3.661294
v -1.881935 12.294587 2.154687
v -1.881935 12.294587 2.154687
v -1.801733 12.294586 3.661294
v -1.801733 14.747746 3.257949
v -1.801733 12.294586 3.661294
v -1.582614 14.806511 3.475782
v -1.801733 14.747746 3.257949
v -1.801733 12.294586 3.661294
v -1.582614 12.294586 3.879126
v -1.582614 14.806511 3.475782
v -1.801733 12.294586 3.661294
v -1.582613 5.901875 3.879123
v -1.582614 12.294586 3.879126
v -1.881935 12.294587 2.154687
v -1.801733 14.747746 3.257949
v -1.881935 14.689116 2.154687
v -1.801733 12.294586 3.661294
v -1.801733 5.901875 3.661293
v -1.582613 5.901875 3.879123
v -1.582614 14.806511 3.475782
v -1.649017 15.003352 3.226559
v -1.801733 14.747746 3.257949
v -1.477829 5.600089 3.661294
v -1.582613 5.901875 3.879123
v -1.801733 5.901875 3.661293
v -1.477829 5.600089 3.661294
v -1.403331 5.755337 3.879123
v -1.582613 5.901875 3.879123
v -1.801733 14.747746 3.257949
v -1.801733 14.968842 2.154687
v -1.881935 14.689116 2.154687
v -1.801733 14.747746 3.257949
v -1.649017 15.003352 3.226559
v -1.801733 14.968842 2.154687
v -1.582614 14.806511 3.475782
v -1.472339 15.048868 3.395274
v -1.649017 15.003352 3.226559
v 1.582613 14.806511 3.475783
v 1.649017 15.003352 3.226559
v 1.472339 15.048868 3.395274
v 1.582613 14.806511 3.475783
v 1.801733 14.747746 3.257949
v 1.649017 15.003352 3.226559
v 1.582613 14.806511 3.475783
v 1.801733 12.294586 3.661294
v 1.801733 14.747746 3.257949
v 1.582613 14.806511 3.475783
v 1.582613 12.294586 3.879126
v 1.801733 12.294586 3.661294
v 1.801733 14.968842 2.154687
v 1.649017 15.003352 3.226559
v 1.801733 14.747746 3.257949
v 1.582613 12.294586 3.879126
v 1.582614 9.183095 3.879126
v 1.801733 12.294586 3.661294
v 1.801733 12.294586 3.661294
v 1.582614 9.183095 3.879126
v 1.582614 8.451926 3.879126
v 1.801733 14.747746 3.257949
v 1.801733 12.294586 3.661294
v 1.881935 12.294587 2.154687
v 1.801733 12.294586 3.661294
v 1.582614 8.451926 3.879126
v 1.582614 7.975990 3.879126
v 1.801733 14.968842 2.154687
v 1.801733 14.747746 3.257949
v 1.881935 14.689116 2.154687
v 1.801733 14.747746 3.257949
v 1.881935 12.294587 2.154687
v 1.881935 14.689116 2.154687
v 1.881935 5.901875 2.154685
v 1.881935 12.294587 2.154687
v 1.801733 12.294586 3.661294
v 1.801733 12.294586 3.661294
v 1.582614 7.975990 3.879126
v 1.801733 5.901875 3.661293
v 1.881935 5.901875 2.154685
v 1.801733 12.294586 3.661294
v 1.801733 5.901875 3.661293
v 1.801733 5.901875 3.661293
v 1.543613 5.600089 2.154685
v 1.881935 5.901875 2.154685
v 1.801733 5.901875 3.661293
v 1.582614 7.975990 3.879126
v 1.582613 5.901876 3.879123
v 1.801733 5.901875 3.661293
v 1.477829 5.600089 3.661294
v 1.543613 5.600089 2.154685
v 1.582613 5.901876 3.879123
v 1.477829 5.600089 3.661294
v 1.801733 5.901875 3.661293
v 1.582613 5.901876 3.879123
v 1.403331 5.755337 3.879123
v 1.477829 5.600089 3.661294
v -1.582613 5.901875 3.879123
v -1.403331 5.755337 3.879123
v 1.403331 5.755337 3.879123
v -1.582613 5.901875 3.879123
v 1.403331 5.755337 3.879123
v 1.582613 5.901876 3.879123
v 0.594641 6.129025 3.879125
v -1.582613 5.901875 3.879123
v 1.582613 5.901876 3.879123
v 0.594641 7.797689 3.879125
v 0.594641 6.129025 3.879125
v 1.582613 5.901876 3.879123
v 1.582613 5.901876 3.879123
v 1.385947 7.975990 3.879125
v 0.594641 7.797689 3.879125
v 1.385947 7.975990 3.879125
v 1.582613 5.901876 3.879123
v 1.582614 7.975990 3.879126
v 0.594641 6.129025 3.879125
v -0.791308 6.129025 3.879125
v -1.582613 5.901875 3.879123
v 1.385947 7.975990 3.879125
v 1.582614 7.975990 3.879126
v 1.582614 8.451926 3.879126
v 0.594641 7.797689 3.879125
v 0.409848 6.311829 3.879125
v 0.594641 6.129025 3.879125
v 1.385947 7.975990 3.879125
v 1.582614 8.451926 3.879126
v 1.385947 8.794669 3.879125
v 0.594641 6.129025 3.879125
v -0.606515 6.311829 3.879125
v -0.791308 6.129025 3.879125
v 0.594641 6.129025 3.879125
v 0.409848 6.311829 3.879125
v -0.606515 6.311829 3.879125
v 1.385947 8.794669 3.879125
v 1.582614 8.451926 3.879126
v 1.582614 9.183095 3.879126
v 0.594641 7.797689 3.879125
v 1.385947 7.975990 3.879125
v 0.594641 7.975990 3.879125
v -0.791309 7.797689 3.879125
v -1.582613 5.901875 3.879123
v -0.791308 6.129025 3.879125
v 0.594641 7.797689 3.879125
v 0.594641 7.975990 3.879125
v -0.791309 7.797689 3.879125
v 0.594641 7.797689 3.879125
v 0.409848 7.614888 3.879126
v 0.409848 6.311829 3.879125
v -0.791309 7.797689 3.879125
v 0.409848 7.614888 3.879126
v 0.594641 7.797689 3.879125
v -0.791309 7.797689 3.879125
v -1.582614 12.294586 3.879126
v -1.582613 5.901875 3.879123
v -0.791308 6.129025 3.879125
v -0.606515 6.311829 3.879125
v -0.606515 7.614888 3.879126
v -0.791308 6.129025 3.879125
v -0.606515 7.614888 3.879126
v -0.791309 7.797689 3.879125
v -0.791309 7.797689 3.879125
v -0.606515 7.614888 3.879126
v 0.409848 7.614888 3.879126
v 1.385947 8.794669 3.879125
v 1.582614 9.183095 3.879126
v 1.213574 9.135095 3.879126
v 0.594641 7.975990 3.879125
v 0.594641 8.794669 3.879125
v -0.791309 7.797689 3.879125
v 0.758200 9.135095 3.879126
v -1.582614 12.294586 3.879126
v -0.791309 7.797689 3.879125
v 0.594641 8.794669 3.879125
v 0.758200 9.135095 3.879126
v -0.791309 7.797689 3.879125
v 1.213574 9.135095 3.879126
v 1.582614 9.183095 3.879126
v 1.582613 12.294586 3.879126
v 0.758200 9.135095 3.879126
v 1.582613 12.294586 3.879126
v -1.582614 12.294586 3.879126
v 1.213574 9.135095 3.879126
v 1.582613 12.294586 3.879126
v 0.758200 9.135095 3.879126
v 0.000000 19.351141 -0.643795
v 0.387137 20.835760 -0.483437
v 0.387137 19.351141 -0.483437
v 0.000000 19.351141 -0.643795
v 0.000000 20.835760 -0.643795
v 0.387137 20.835760 -0.483437
v -0.387137 19.351141 -0.483437
v 0.000000 20.835760 -0.643795
v 0.000000 19.351141 -0.643795
v -0.387137 19.351141 -0.483437
v -0.387137 20.835760 -0.483437
v 0.000000 20.835760 -0.643795
v -0.547495 19.351141 -0.096300
v -0.387137 20.835760 -0.483437
v -0.387137 19.351141 -0.483437
v -0.547495 19.351141 -0.096300
v -0.547495 20.835760 -0.096300
v -0.387137 20.835760 -0.483437
v -0.387137 19.351141 0.290837
v -0.547495 20.835760 -0.096300
v -0.547495 19.351141 -0.096300
v -0.387137 19.351141 0.290837
v -0.387137 20.835760 0.290837
v -0.547495 20.835760 -0.096300
v 0.000000 19.351141 0.451194
v -0.387137 20.835760 0.290837
v -0.387137 19.351141 0.290837
v 0.000000 19.351141 0.451194
v 0.000000 20.835760 0.451195
v -0.387137 20.835760 0.290837
v 0.387137 19.351141 0.290837
v 0.000000 20.835760 0.451195
v 0.000000 19.351141 0.451194
v 0.387137 19.351141 0.290837
v 0.387137 20.835760 0.290837
v 0.000000 20.835760 0.451195
v 0.547495 19.351141 -0.096300
v 0.387137 20.835760 0.290837
v 0.387137 19.351141 0.290837
v 0.547495 19.351141 -0.096300
v 0.547495 20.835760 -0.096300
v 0.387137 20.835760 0.290837
v 0.387137 19.351141 -0.483437
v 0.547495 20.835760 -0.096300
v 0.547495 19.351141 -0.096300
v 0.387137 19.351141 -0.483437
v 0.387137 20.835760 -0.483437
v 0.547495 20.835760 -0.096300
v 1.804401 22.160278 0.764180
v 1.709125 22.190140 -0.841101
v 1.709125 22.187176 0.764180
v 1.804401 22.160278 0.764180
v 1.804220 22.162844 -0.841101
v 1.709125 22.190140 -0.841101
v 1.874147 22.086794 0.764180
v 1.804220 22.162844 -0.841101
v 1.804401 22.160278 0.764180
v 1.874147 22.086794 0.764180
v 1.873835 22.088276 -0.841101
v 1.804220 22.162844 -0.841101
v 1.899676 21.986414 0.764180
v 1.873835 22.088276 -0.841101
v 1.874147 22.086794 0.764180
v 1.899676 21.986414 0.764180
v 1.899315 21.986414 -0.841101
v 1.873835 22.088276 -0.841101
v 1.874147 21.886036 0.764180
v 1.899315 21.986414 -0.841101
v 1.899676 21.986414 0.764180
v 1.874147 21.886036 0.764180
v 1.873835 21.884554 -0.841101
v 1.899315 21.986414 -0.841101
v 1.804401 21.812550 0.764180
v 1.873835 21.884554 -0.841101
v 1.874147 21.886036 0.764180
v 1.804401 21.812550 0.764180
v 1.804220 21.809986 -0.841101
v 1.873835 21.884554 -0.841101
v 1.709125 21.785654 0.764180
v 1.804220 21.809986 -0.841101
v 1.804401 21.812550 0.764180
v 1.709125 21.785654 0.764180
v 1.709125 21.782690 -0.841101
v 1.804220 21.809986 -0.841101
v -1.819071 21.812550 0.764180
v -1.723796 21.782690 -0.841101
v -1.723796 21.785654 0.764180
v -1.819071 21.812550 0.764180
v -1.818891 21.809986 -0.841101
v -1.723796 21.782690 -0.841101
v -1.888817 21.886036 0.764180
v -1.818891 21.809986 -0.841101
v -1.819071 21.812550 0.764180
v -1.888817 21.886036 0.764180
v -1.888505 21.884554 -0.841101
v -1.818891 21.809986 -0.841101
v -1.914346 21.986414 0.764180
v -1.888505 21.884554 -0.841101
v -1.888817 21.886036 0.764180
v -1.914346 21.986414 0.764180
v -1.913985 21.986414 -0.841101
v -1.888505 21.884554 -0.841101
v -1.888817 22.086794 0.764180
v -1.913985 21.986414 -0.841101
v -1.914346 21.986414 0.764180
v -1.888817 22.086794 0.764180
v -1.888505 22.088276 -0.841101
v -1.913985 21.986414 -0.841101
v -1.819071 22.160278 0.764180
v -1.888505 22.088276 -0.841101
v -1.888817 22.086794 0.764180
v -1.819071 22.160278 0.764180
v -1.818891 22.162844 -0.841101
v -1.888505 22.088276 -0.841101
v -1.723796 22.187176 0.764180
v -1.818891 22.162844 -0.841101
v -1.819071 22.160278 0.764180
v -1.723796 22.187176 0.764180
v -1.723796 22.190140 -0.841101
v -1.818891 22.162844 -0.841101
v -0.542330 20.313749 0.770354
v 0.001082 20.227680 -0.848737
v 0.001082 20.227680 0.770354
v -0.542330 20.313749 0.770354
v -0.542330 20.313749 -0.848737
v 0.001082 20.227680 -0.848737
v -1.032550 20.563526 0.770354
v -0.542330 20.313749 -0.848737
v -0.542330 20.313749 0.770354
v -1.032550 20.563526 0.770354
v -1.032550 20.563526 -0.848737
v -0.542330 20.313749 -0.848737
v -1.421590 20.952568 0.770354
v -1.032550 20.563526 -0.848737
v -1.032550 20.563526 0.770354
v -1.421590 20.952568 0.770354
v -1.421590 20.952568 -0.848737
v -1.032550 20.563526 -0.848737
v -1.671369 21.442789 0.770354
v -1.421590 20.952568 -0.848737
v -1.421590 20.952568 0.770354
v -1.671369 21.442789 0.770354
v -1.671369 21.442789 -0.848737
v -1.421590 20.952568 -0.848737
v -1.757437 21.986200 0.770354
v -1.671369 21.442789 -0.848737
v -1.671369 21.442789 0.770354
v -1.757437 21.986200 0.770354
v -1.757437 21.986200 -0.848737
v -1.671369 21.442789 -0.848737
v -1.671369 22.529613 0.770354
v -1.757437 21.986200 -0.848737
v -1.757437 21.986200 0.770354
v -1.671369 22.529613 0.770354
v -1.671369 22.529613 -0.848737
v -1.757437 21.986200 -0.848737
v -1.421590 23.019831 0.770355
v -1.671369 22.529613 -0.848737
v -1.671369 22.529613 0.770354
v -1.421590 23.019831 0.770355
v -1.421590 23.019831 -0.848737
v -1.671369 22.529613 -0.848737
v -1.032549 23.408873 0.770355
v -1.421590 23.019831 -0.848737
v -1.421590 23.019831 0.770355
v -1.032549 23.408873 0.770355
v -1.032549 23.408873 -0.848737
v -1.421590 23.019831 -0.848737
v -0.542330 23.658651 0.770355
v -1.032549 23.408873 -0.848737
v -1.032549 23.408873 0.770355
v -0.542330 23.658651 0.770355
v -0.542330 23.658651 -0.848737
v -1.032549 23.408873 -0.848737
v 0.001082 23.744720 0.770355
v -0.542330 23.658651 -0.848737
v -0.542330 23.658651 0.770355
v 0.001082 23.744720 0.770355
v 0.001082 23.744720 -0.848736
v -0.542330 23.658651 -0.848737
v 0.001082 20.227680 0.770354
v 0.001082 20.227680 -0.848737
v 0.544495 20.313749 -0.848737
v 0.001082 20.227680 0.770354
v 0.544495 20.313749 -0.848737
v 0.544495 20.313749 0.770354
v 0.544495 20.313749 0.770354
v 0.544495 20.313749 -0.848737
v 1.034714 20.563526 -0.848737
v 0.544495 20.313749 0.770354
v 1.034714 20.563526 -0.848737
v 1.034714 20.563526 0.770354
v 1.034714 20.563526 0.770354
v 1.034714 20.563526 -0.848737
v 1.423755 20.952568 -0.848737
v 1.034714 20.563526 0.770354
v 1.423755 20.952568 -0.848737
v 1.423755 20.952568 0.770354
v 1.423755 20.952568 0.770354
v 1.423755 20.952568 -0.848737
v 1.673534 21.442789 -0.848737
v 1.423755 20.952568 0.770354
v 1.673534 21.442789 -0.848737
v 1.673534 21.442789 0.770354
v 1.673534 21.442789 0.770354
v 1.673534 21.442789 -0.848737
v 1.759602 21.986200 -0.848737
v 1.673534 21.442789 0.770354
v 1.759602 21.986200 -0.848737
v 1.759602 21.986200 0.770354
v 1.759602 21.986200 0.770354
v 1.759602 21.986200 -0.848737
v 1.673534 22.529613 -0.848737
v 1.759602 21.986200 0.770354
v 1.673534 22.529613 -0.848737
v 1.673534 22.529613 0.770354
v 1.673534 22.529613 0.770354
v 1.673534 22.529613 -0.848737
v 1.423755 23.019831 -0.848737
v 1.673534 22.529613 0.770354
v 1.423755 23.019831 -0.848737
v 1.423755 23.019831 0.770355
v 1.423755 23.019831 0.770355
v 1.423755 23.019831 -0.848737
v 1.034714 23.408873 -0.848737
v 1.423755 23.019831 0.770355
v 1.034714 23.408873 -0.848737
v 1.034714 23.408873 0.770355
v 1.034714 23.408873 0.770355
v 1.034714 23.408873 -0.848737
v 0.544495 23.658651 -0.848737
v 1.034714 23.408873 0.770355
v 0.544495 23.658651 -0.848737
v 0.544495 23.658651 0.770355
v 0.544495 23.658651 0.770355
v 0.544495 23.658651 -0.848737
v 0.001082 23.744720 -0.848736
v 0.544495 23.658651 0.770355
v 0.001082 23.744720 -0.848736
v 0.001082 23.744720 0.770355
v 3.362732 0.875607 -4.282205
v 3.362732 0.597101 -3.799818
v 3.362732 0.597101 -4.356830
v 3.362732 0.597101 -4.356830
v 3.362732 0.597101 -3.799818
v 3.362732 0.318594 -4.282205
v 3.362732 0.318594 -4.282205
v 3.362732 0.597101 -3.799818
v 3.362732 0.114714 -4.078324
v 3.362732 0.114714 -4.078324
v 3.362732 0.597101 -3.799818
v 3.362732 0.040088 -3.799818
v 3.362732 0.040088 -3.799818
v 3.362732 0.597101 -3.799818
v 3.362732 0.114714 -3.521312
v 3.362732 0.114714 -3.521312
v 3.362732 0.597101 -3.799818
v 3.362732 0.318594 -3.317431
v 3.362732 1.079487 -4.078324
v 3.362732 0.597101 -3.799818
v 3.362732 0.875607 -4.282205
v 3.362732 0.318594 -3.317431
v 3.362732 0.597101 -3.799818
v 3.362732 0.597101 -3.242805
v 3.362732 0.597101 -3.242805
v 3.362732 0.597101 -3.799818
v 3.362732 0.875606 -3.317431
v 3.362732 0.875606 -3.317431
v 3.362732 0.597101 -3.799818
v 3.362732 1.079487 -3.521311
v 3.362732 1.079487 -3.521311
v 3.362732 0.597101 -3.799818
v 3.362732 1.154113 -3.799818
v 3.362732 1.154113 -3.799818
v 3.362732 0.597101 -3.799818
v 3.362732 1.079487 -4.078324
v 2.959023 0.114714 -4.078324
v 2.959023 0.597101 -3.799818
v 2.959023 0.318594 -4.282205
v 2.959023 0.318594 -4.282205
v 2.959023 0.597101 -3.799818
v 2.959023 0.597101 -4.356830
v 2.959023 0.597101 -4.356830
v 2.959023 0.597101 -3.799818
v 2.959023 0.875607 -4.282205
v 2.959023 0.875607 -4.282205
v 2.959023 0.597101 -3.799818
v 2.959023 1.079487 -4.078324
v 2.959023 1.079487 -4.078324
v 2.959023 0.597101 -3.799818
v 2.959023 1.154113 -3.799818
v 2.959023 1.154113 -3.799818
v 2.959023 0.597101 -3.799818
v 2.959023 1.079487 -3.521311
v 2.959023 0.040088 -3.799818
v 2.959023 0.597101 -3.799818
v 2.959023 0.114714 -4.078324
v 2.959023 1.079487 -3.521311
v 2.959023 0.597101 -3.799818
v 2.959023 0.875606 -3.317431
v 2.959023 0.875606 -3.317431
v 2.959023 0.597101 -3.799818
v 2.959023 0.597101 -3.242805
v 2.959023 0.597101 -3.242805
v 2.959023 0.597101 -3.799818
v 2.959023 0.318594 -3.317431
v 2.959023 0.318594 -3.317431
v 2.959023 0.597101 -3.799818
v 2.959023 0.114714 -3.521312
v 2.959023 0.114714 -3.521312
v 2.959023 0.597101 -3.799818
v 2.959023 0.040088 -3.799818
v -2.926078 0.875607 -4.282205
v -2.926078 0.597101 -3.799818
v -2.926078 0.597101 -4.356830
v -2.926078 0.597101 -4.356830
v -2.926078 0.597101 -3.799818
v -2.926078 0.318594 -4.282205
v -2.926078 0.318594 -4.282205
v -2.926078 0.597101 -3.799818
v -2.926078 0.114714 -4.078324
v -2.926078 0.114714 -4.078324
v -2.926078 0.597101 -3.799818
v -2.926078 0.040088 -3.799818
v -2.926078 0.040088 -3.799818
v -2.926078 0.597101 -3.799818
v -2.926078 0.114714 -3.521312
v -2.926078 0.114714 -3.521312
v -2.926078 0.597101 -3.799818
v -2.926078 0.318594 -3.317431
v -2.926078 1.079487 -4.078324
v -2.926078 0.597101 -3.799818
v -2.926078 0.875607 -4.282205
v -2.926078 0.318594 -3.317431
v -2.926078 0.597101 -3.799818
v -2.926078 0.597101 -3.242805
v -2.926078 0.597101 -3.242805
v -2.926078 0.597101 -3.799818
v -2.926078 0.875606 -3.317431
v -2.926078 0.875606 -3.317431
v -2.926078 0.597101 -3.799818
v -2.926078 1.079487 -3.521311
v -2.926078 1.079487 -3.521311
v -2.926078 0.597101 -3.799818
v -2.926078 1.154113 -3.799818
v -2.926078 1.154113 -3.799818
v -2.926078 0.597101 -3.799818
v -2.926078 1.079487 -4.078324
v -3.329787 0.114714 -4.078324
v -3.329787 0.597101 -3.799818
v -3.329787 0.318594 -4.282205
v -3.329787 0.318594 -4.282205
v -3.329787 0.597101 -3.799818
v -3.329787 0.597101 -4.356830
v -3.329787 0.597101 -4.356830
v -3.329787 0.597101 -3.799818
v -3.329787 0.875607 -4.282205
v -3.329787 0.875607 -4.282205
v -3.329787 0.597101 -3.799818
v -3.329787 1.079487 -4.078324
v -3.329787 1.079487 -4.078324
v -3.329787 0.597101 -3.799818
v -3.329787 1.154113 -3.799818
v -3.329787 1.154113 -3.799818
v -3.329787 0.597101 -3.799818
v -3.329787 1.079487 -3.521311
v -3.329787 0.040088 -3.799818
v -3.329787 0.597101 -3.799818
v -3.329787 0.114714 -4.078324
v -3.329787 1.079487 -3.521311
v -3.329787 0.597101 -3.799818
v -3.329787 0.875606 -3.317431
v -3.329787 0.875606 -3.317431
v -3.329787 0.597101 -3.799818
v -3.329787 0.597101 -3.242805
v -3.329787 0.597101 -3.242805
v -3.329787 0.597101 -3.799818
v -3.329787 0.318594 -3.317431
v -3.329787 0.318594 -3.317431
v -3.329787 0.597101 -3.799818
v -3.329787 0.114714 -3.521312
v -3.329787 0.114714 -3.521312
v -3.329787 0.597101 -3.799818
v -3.329787 0.040088 -3.799818
v 0.082648 10.116175 4.104142
v 0.078836 10.148936 4.114721
v 0.000883 10.136244 4.114721
v 0.078836 10.148936 4.114721
v 0.000883 10.181697 4.125301
v 0.000883 10.136244 4.114721
v 0.078836 10.148936 4.114721
v 0.075024 10.181697 4.133082
v 0.000883 10.181697 4.125301
v 0.082648 10.116175 4.104142
v 0.000883 10.136244 4.114721
v 0.000883 10.090792 4.104142
v 0.075024 10.181697 4.133082
v 0.000883 10.191235 4.176644
v 0.000883 10.181697 4.125301
v 0.000883 10.181697 4.125301
v -0.082088 10.148936 4.114721
v 0.000883 10.136244 4.114721
v 0.075024 10.181697 4.133082
v 0.075024 10.191235 4.176644
v 0.000883 10.191235 4.176644
v 0.000883 10.136244 4.114721
v -0.085899 10.116175 4.104142
v 0.000883 10.090792 4.104142
v 0.000883 10.136244 4.114721
v -0.082088 10.148936 4.114721
v -0.085899 10.116175 4.104142
v 0.075824 10.273744 4.234994
v 0.000883 10.191235 4.176644
v 0.075024 10.191235 4.176644
v 0.000883 10.191235 4.176644
v -0.078276 10.181697 4.133082
v 0.000883 10.181697 4.125301
v 0.000883 10.181697 4.125301
v -0.078276 10.181697 4.133082
v -0.082088 10.148936 4.114721
v 0.075824 10.273744 4.234994
v 0.000914 10.273744 4.269662
v 0.000883 10.191235 4.176644
v 0.000883 10.191235 4.176644
v -0.078276 10.191235 4.176644
v -0.078276 10.181697 4.133082
v 0.000883 10.191235 4.176644
v -0.077166 10.273744 4.234994
v -0.078276 10.191235 4.176644
v 0.000883 10.191235 4.176644
v 0.000914 10.273744 4.269662
v -0.077166 10.273744 4.234994
v 0.059618 11.036863 4.372415
v 0.000914 10.273744 4.269662
v 0.075824 10.273744 4.234994
v 0.059618 11.036863 4.372415
v 0.000933 11.035441 4.402635
v 0.000914 10.273744 4.269662
v -0.058996 11.036863 4.372415
v -0.077166 10.273744 4.234994
v 0.000914 10.273744 4.269662
v -0.058996 11.036863 4.372415
v 0.000914 10.273744 4.269662
v 0.000933 11.035441 4.402635
v 0.059444 11.149135 4.344405
v 0.000933 11.035441 4.402635
v 0.059618 11.036863 4.372415
v 0.059444 11.149135 4.344405
v 0.001050 11.168006 4.362461
v 0.000933 11.035441 4.402635
v 0.001050 11.168006 4.362461
v 0.059444 11.149135 4.344405
v 0.059598 11.218890 4.280048
v -0.058723 11.152254 4.344405
v 0.000933 11.035441 4.402635
v 0.001050 11.168006 4.362461
v -0.058723 11.152254 4.344405
v -0.058996 11.036863 4.372415
v 0.000933 11.035441 4.402635
v 0.001050 11.168006 4.362461
v 0.059598 11.218890 4.280048
v 0.000953 11.236473 4.289887
v -0.058479 11.218126 4.279487
v -0.058723 11.152254 4.344405
v 0.001050 11.168006 4.362461
v -0.058479 11.218126 4.279487
v 0.001050 11.168006 4.362461
v 0.000953 11.236473 4.289887
v 0.057509 11.247011 4.187504
v 0.000953 11.236473 4.289887
v 0.059598 11.218890 4.280048
v 0.000883 11.260919 4.184471
v -0.058479 11.218126 4.279487
v 0.000953 11.236473 4.289887
v 0.057509 11.247011 4.187504
v 0.000883 11.260919 4.184471
v 0.000953 11.236473 4.289887
v 0.000883 11.260919 4.184471
v 0.057509 11.247011 4.187504
v 0.057509 11.241448 4.133082
v 0.000883 11.260919 4.184471
v -0.060761 11.247011 4.187505
v -0.058479 11.218126 4.279487
v 0.000883 11.260919 4.184471
v 0.057509 11.241448 4.133082
v 0.000883 11.257017 4.132472
v -0.060761 11.241448 4.133082
v 0.000883 11.260919 4.184471
v 0.000883 11.257017 4.132472
v -0.060761 11.241448 4.133082
v -0.060761 11.247011 4.187505
v 0.000883 11.260919 4.184471
v 1.128867 8.966482 3.779179
v 1.182030 8.935396 3.710008
v 1.149674 8.917843 3.712570
v 1.182030 8.935396 3.710008
v 1.145306 8.889349 3.677313
v 1.149674 8.917843 3.712570
v 1.182030 8.935396 3.710008
v 1.174730 8.817632 3.573138
v 1.145306 8.889349 3.677313
v 1.182030 8.935396 3.710008
v 1.217489 8.831940 3.605144
v 1.174730 8.817632 3.573138
v 1.128867 8.966482 3.779179
v 1.156887 8.994191 3.791711
v 1.182030 8.935396 3.710008
v 1.182030 8.935396 3.710008
v 1.214385 8.920264 3.707445
v 1.217489 8.831940 3.605144
v 1.184909 8.989219 3.804242
v 1.214385 8.920264 3.707445
v 1.182030 8.935396 3.710008
v 1.184909 8.989219 3.804242
v 1.182030 8.935396 3.710008
v 1.156887 8.994191 3.791711
v 1.145306 8.889349 3.677313
v 1.174730 8.817632 3.573138
v 1.128867 8.858964 3.643433
v 1.072021 9.002091 3.828146
v 1.156887 8.994191 3.791711
v 1.128867 8.966482 3.779179
v 1.174730 8.817632 3.573138
v 1.072021 8.815136 3.591958
v 1.128867 8.858964 3.643433
v 1.174730 8.817632 3.573138
v 1.098500 8.785213 3.531018
v 1.072021 8.815136 3.591958
v 1.098500 8.785213 3.531018
v 0.994367 8.804268 3.572404
v 1.072021 8.815136 3.591958
v 1.098500 8.785213 3.531018
v 0.994367 8.771747 3.513970
v 0.994367 8.804268 3.572404
v 0.994367 8.804268 3.572404
v 0.994367 8.771747 3.513970
v 0.890235 8.785213 3.531018
v 0.994367 8.804268 3.572404
v 0.890235 8.785213 3.531018
v 0.916714 8.815136 3.591958
v 0.916714 8.815136 3.591958
v 0.890235 8.785213 3.531018
v 0.814006 8.817632 3.573138
v 1.104377 9.033073 3.879776
v 1.184909 8.989219 3.804242
v 1.156887 8.994191 3.791711
v 1.072021 9.002091 3.828146
v 1.088199 9.033925 3.853961
v 1.156887 8.994191 3.791711
v 1.104377 9.033073 3.879776
v 1.156887 8.994191 3.791711
v 1.088199 9.033925 3.853961
v 0.916714 8.815136 3.591958
v 0.814006 8.817632 3.573138
v 0.859868 8.858964 3.643433
v 0.859868 8.858964 3.643433
v 0.814006 8.817632 3.573138
v 0.843429 8.889349 3.677313
v 0.843429 8.889349 3.677313
v 0.814006 8.817632 3.573138
v 0.806706 8.935396 3.710008
v 0.771246 8.831940 3.605144
v 0.806706 8.935396 3.710008
v 0.814006 8.817632 3.573138
v 0.771246 8.831940 3.605144
v 0.774350 8.920264 3.707445
v 0.806706 8.935396 3.710008
v 0.843429 8.889349 3.677313
v 0.806706 8.935396 3.710008
v 0.839061 8.917843 3.712570
v 0.806706 8.935396 3.710008
v 0.774350 8.920264 3.707445
v 0.803827 8.989219 3.804242
v 0.806706 8.935396 3.710008
v 0.803827 8.989219 3.804242
v 0.831847 8.994191 3.791711
v 0.806706 8.935396 3.710008
v 0.831847 8.994191 3.791711
v 0.859868 8.966482 3.779179
v 0.806706 8.935396 3.710008
v 0.859868 8.966482 3.779179
v 0.839061 8.917843 3.712570
v 0.994367 9.045216 3.864254
v 1.088199 9.033925 3.853961
v 1.072021 9.002091 3.828146
v 0.831847 8.994191 3.791711
v 0.803827 8.989219 3.804242
v 0.884359 9.033073 3.879776
v 0.994367 9.045216 3.864254
v 1.072021 9.002091 3.828146
v 0.994367 9.009888 3.832222
v 0.831847 8.994191 3.791711
v 0.884359 9.033073 3.879776
v 0.900537 9.033925 3.853961
v 0.831847 8.994191 3.791711
v 0.916714 9.002091 3.828146
v 0.859868 8.966482 3.779179
v 0.831847 8.994191 3.791711
v 0.900537 9.033925 3.853961
v 0.916714 9.002091 3.828146
v 0.916714 9.002091 3.828146
v 0.900537 9.033925 3.853961
v 0.994367 9.045216 3.864254
v 0.916714 9.002091 3.828146
v 0.994367 9.045216 3.864254
v 0.994367 9.009888 3.832222
v 0.900537 9.033925 3.853961
v 0.884359 9.033073 3.879776
v 0.994367 9.047860 3.896286
v 0.900537 9.033925 3.853961
v 0.994367 9.047860 3.896286
v 0.994367 9.045216 3.864254
v 0.994367 9.047860 3.896286
v 1.088199 9.033925 3.853961
v 0.994367 9.045216 3.864254
v 0.994367 9.047860 3.896286
v 1.104377 9.033073 3.879776
v 1.088199 9.033925 3.853961
v -0.775353 7.699939 3.960760
v -0.583341 7.591712 3.960760
v -0.752816 7.759363 3.960760
v -0.701401 7.780458 3.960760
v -0.752816 7.759363 3.960760
v -0.583341 7.591712 3.960760
v -0.701401 7.780458 3.960760
v -0.583341 7.591712 3.960760
v -0.527394 7.614886 3.960760
v 0.504734 7.780459 3.960760
v -0.701401 7.780458 3.960760
v -0.527394 7.614886 3.960760
v 0.504734 7.780459 3.960760
v -0.527394 7.614886 3.960760
v 0.330727 7.614887 3.960762
v 0.504734 7.780459 3.960760
v 0.330727 7.614887 3.960762
v 0.386674 7.591712 3.960762
v 0.504734 7.780459 3.960760
v 0.386674 7.591712 3.960762
v 0.556148 7.759363 3.960762
v 0.578686 7.699940 3.960760
v 0.556148 7.759363 3.960762
v 0.386674 7.591712 3.960762
v 0.578686 7.699940 3.960760
v 0.386674 7.591712 3.960762
v 0.409848 7.535766 3.960760
v -0.775353 7.699939 3.960760
v -0.606515 7.535766 3.960760
v -0.583341 7.591712 3.960760
v 0.578686 6.226776 3.960760
v 0.578686 7.699940 3.960760
v 0.409848 7.535766 3.960760
v 0.578686 6.226776 3.960760
v 0.409848 7.535766 3.960760
v 0.409848 6.390948 3.960760
v 0.578686 6.226776 3.960760
v 0.409848 6.390948 3.960760
v 0.386674 6.335002 3.960760
v 0.578686 6.226776 3.960760
v 0.386674 6.335002 3.960760
v 0.556149 6.167351 3.960760
v 0.504734 6.146257 3.960760
v 0.556149 6.167351 3.960760
v 0.386674 6.335002 3.960760
v 0.504734 6.146257 3.960760
v 0.386674 6.335002 3.960760
v 0.330727 6.311828 3.960760
v -0.606515 7.535766 3.960760
v -0.775353 7.699939 3.960760
v -0.775353 6.226776 3.960760
v -0.701401 6.146257 3.960760
v 0.504734 6.146257 3.960760
v 0.330727 6.311828 3.960760
v -0.701401 6.146257 3.960760
v 0.330727 6.311828 3.960760
v -0.527394 6.311828 3.960760
v -0.701401 6.146257 3.960760
v -0.527394 6.311828 3.960760
v -0.583341 6.335002 3.960760
v -0.701401 6.146257 3.960760
v -0.583341 6.335002 3.960760
v -0.752816 6.167351 3.960760
v -0.775353 6.226776 3.960760
v -0.752816 6.167351 3.960760
v -0.583341 6.335002 3.960760
v -0.775353 6.226776 3.960760
v -0.583341 6.335002 3.960760
v -0.606515 6.390948 3.960760
v -0.606515 7.535766 3.960760
v -0.775353 6.226776 3.960760
v -0.606515 6.390948 3.960760
v 1.709125 21.873165 0.843308
v 1.613850 21.812550 0.764180
v 1.709125 21.785654 0.764180
v 1.709125 21.873165 0.843308
v 1.655381 21.888338 0.843308
v 1.613850 21.812550 0.764180
v 1.804401 21.812550 0.764180
v 1.709125 21.873165 0.843308
v 1.709125 21.785654 0.764180
v 1.709125 21.873165 0.843308
v 1.709125 21.986414 0.891204
v 1.655381 21.888338 0.843308
v 1.762870 21.888338 0.843308
v 1.709125 21.986414 0.891204
v 1.709125 21.873165 0.843308
v 1.804401 21.812550 0.764180
v 1.762870 21.888338 0.843308
v 1.709125 21.873165 0.843308
v 1.655381 21.888338 0.843308
v 1.544104 21.886036 0.764180
v 1.613850 21.812550 0.764180
v 1.655381 21.888338 0.843308
v 1.709125 21.986414 0.891204
v 1.616037 21.929790 0.843308
v 1.655381 21.888338 0.843308
v 1.616037 21.929790 0.843308
v 1.544104 21.886036 0.764180
v 1.616037 21.929790 0.843308
v 1.709125 21.986414 0.891204
v 1.601636 21.986414 0.843308
v 1.616037 21.929790 0.843308
v 1.518575 21.986414 0.764180
v 1.544104 21.886036 0.764180
v 1.616037 21.929790 0.843308
v 1.601636 21.986414 0.843308
v 1.518575 21.986414 0.764180
v 1.601636 21.986414 0.843308
v 1.709125 21.986414 0.891204
v 1.616037 22.043037 0.843308
v 1.518575 21.986414 0.764180
v 1.601636 21.986414 0.843308
v 1.616037 22.043037 0.843308
v 1.802214 21.929790 0.843308
v 1.709125 21.986414 0.891204
v 1.762870 21.888338 0.843308
v 1.616037 22.043037 0.843308
v 1.709125 21.986414 0.891204
v 1.655381 22.084494 0.843308
v 1.655381 22.084494 0.843308
v 1.709125 21.986414 0.891204
v 1.709125 22.099663 0.843308
v 1.518575 21.986414 0.764180
v 1.616037 22.043037 0.843308
v 1.544104 22.086794 0.764180
v 1.544104 22.086794 0.764180
v 1.616037 22.043037 0.843308
v 1.655381 22.084494 0.843308
v 1.709125 22.099663 0.843308
v 1.709125 21.986414 0.891204
v 1.762870 22.084494 0.843308
v 1.762870 22.084494 0.843308
v 1.709125 21.986414 0.891204
v 1.802214 22.043037 0.843308
v 1.874147 21.886036 0.764180
v 1.762870 21.888338 0.843308
v 1.804401 21.812550 0.764180
v 1.874147 21.886036 0.764180
v 1.802214 21.929790 0.843308
v 1.762870 21.888338 0.843308
v 1.802214 22.043037 0.843308
v 1.709125 21.986414 0.891204
v 1.816615 21.986414 0.843308
v 1.816615 21.986414 0.843308
v 1.709125 21.986414 0.891204
v 1.802214 21.929790 0.843308
v 1.544104 22.086794 0.764180
v 1.655381 22.084494 0.843308
v 1.613850 22.160278 0.764180
v 1.613850 22.160278 0.764180
v 1.655381 22.084494 0.843308
v 1.709125 22.099663 0.843308
v 1.709125 22.099663 0.843308
v 1.762870 22.084494 0.843308
v 1.804401 22.160278 0.764180
v 1.762870 22.084494 0.843308
v 1.802214 22.043037 0.843308
v 1.874147 22.086794 0.764180
v 1.762870 22.084494 0.843308
v 1.874147 22.086794 0.764180
v 1.804401 22.160278 0.764180
v 1.613850 22.160278 0.764180
v 1.709125 22.099663 0.843308
v 1.709125 22.187176 0.764180
v 1.709125 22.099663 0.843308
v 1.804401 22.160278 0.764180
v 1.709125 22.187176 0.764180
v 1.802214 22.043037 0.843308
v 1.816615 21.986414 0.843308
v 1.899676 21.986414 0.764180
v 1.899676 21.986414 0.764180
v 1.816615 21.986414 0.843308
v 1.802214 21.929790 0.843308
v 1.802214 22.043037 0.843308
v 1.899676 21.986414 0.764180
v 1.874147 22.086794 0.764180
v 1.899676 21.986414 0.764180
v 1.802214 21.929790 0.843308
v 1.874147 21.886036 0.764180
v 1.614030 22.162844 -0.841101
v 1.709125 21.986414 -0.958503
v 1.544416 22.088276 -0.841101
v 1.544416 22.088276 -0.841101
v 1.709125 21.986414 -0.958503
v 1.518935 21.986414 -0.841101
v 1.518935 21.986414 -0.841101
v 1.709125 21.986414 -0.958503
v 1.544416 21.884554 -0.841101
v 1.544416 21.884554 -0.841101
v 1.709125 21.986414 -0.958503
v 1.614030 21.809986 -0.841101
v 1.614030 21.809986 -0.841101
v 1.709125 21.986414 -0.958503
v 1.709125 21.782690 -0.841101
v 1.709125 21.782690 -0.841101
v 1.709125 21.986414 -0.958503
v 1.804220 21.809986 -0.841101
v 1.709125 22.190140 -0.841101
v 1.709125 21.986414 -0.958503
v 1.614030 22.162844 -0.841101
v 1.804220 21.809986 -0.841101
v 1.709125 21.986414 -0.958503
v 1.873835 21.884554 -0.841101
v 1.873835 21.884554 -0.841101
v 1.709125 21.986414 -0.958503
v 1.899315 21.986414 -0.841101
v 1.899315 21.986414 -0.841101
v 1.709125 21.986414 -0.958503
v 1.873835 22.088276 -0.841101
v 1.873835 22.088276 -0.841101
v 1.709125 21.986414 -0.958503
v 1.804220 22.162844 -0.841101
v 1.804220 22.162844 -0.841101
v 1.709125 21.986414 -0.958503
v 1.709125 22.190140 -0.841101
v -1.723796 22.099665 0.843308
v -1.628520 22.160278 0.764180
v -1.723796 22.187176 0.764180
v -1.723796 22.099665 0.843308
v -1.670051 22.084494 0.843308
v -1.628520 22.160278 0.764180
v -1.819071 22.160278 0.764180
v -1.723796 22.099665 0.843308
v -1.723796 22.187176 0.764180
v -1.723796 22.099665 0.843308
v -1.723796 21.986414 0.891204
v -1.670051 22.084494 0.843308
v -1.777540 22.084494 0.843308
v -1.723796 21.986414 0.891204
v -1.723796 22.099665 0.843308
v -1.819071 22.160278 0.764180
v -1.777540 22.084494 0.843308
v -1.723796 22.099665 0.843308
v -1.670051 22.084494 0.843308
v -1.558774 22.086794 0.764180
v -1.628520 22.160278 0.764180
v -1.670051 22.084494 0.843308
v -1.723796 21.986414 0.891204
v -1.630707 22.043039 0.843308
v -1.670051 22.084494 0.843308
v -1.630707 22.043039 0.843308
v -1.558774 22.086794 0.764180
v -1.630707 22.043039 0.843308
v -1.723796 21.986414 0.891204
v -1.616306 21.986414 0.843308
v -1.630707 22.043039 0.843308
v -1.533245 21.986414 0.764180
v -1.558774 22.086794 0.764180
v -1.630707 22.043039 0.843308
v -1.616306 21.986414 0.843308
v -1.533245 21.986414 0.764180
v -1.616306 21.986414 0.843308
v -1.723796 21.986414 0.891204
v -1.630707 21.929792 0.843308
v -1.533245 21.986414 0.764180
v -1.616306 21.986414 0.843308
v -1.630707 21.929792 0.843308
v -1.816884 22.043039 0.843308
v -1.723796 21.986414 0.891204
v -1.777540 22.084494 0.843308
v -1.630707 21.929792 0.843308
v -1.723796 21.986414 0.891204
v -1.670051 21.888338 0.843308
v -1.670051 21.888338 0.843308
v -1.723796 21.986414 0.891204
v -1.723796 21.873167 0.843308
v -1.533245 21.986414 0.764180
v -1.630707 21.929792 0.843308
v -1.558774 21.886036 0.764180
v -1.558774 21.886036 0.764180
v -1.630707 21.929792 0.843308
v -1.670051 21.888338 0.843308
v -1.723796 21.873167 0.843308
v -1.723796 21.986414 0.891204
v -1.777540 21.888338 0.843308
v -1.777540 21.888338 0.843308
v -1.723796 21.986414 0.891204
v -1.816884 21.929792 0.843308
v -1.888817 22.086794 0.764180
v -1.777540 22.084494 0.843308
v -1.819071 22.160278 0.764180
v -1.888817 22.086794 0.764180
v -1.816884 22.043039 0.843308
v -1.777540 22.084494 0.843308
v -1.816884 21.929792 0.843308
v -1.723796 21.986414 0.891204
v -1.831285 21.986414 0.843308
v -1.831285 21.986414 0.843308
v -1.723796 21.986414 0.891204
v -1.816884 22.043039 0.843308
v -1.558774 21.886036 0.764180
v -1.670051 21.888338 0.843308
v -1.628520 21.812550 0.764180
v -1.628520 21.812550 0.764180
v -1.670051 21.888338 0.843308
v -1.723796 21.873167 0.843308
v -1.723796 21.873167 0.843308
v -1.777540 21.888338 0.843308
v -1.819071 21.812550 0.764180
v -1.777540 21.888338 0.843308
v -1.816884 21.929792 0.843308
v -1.888817 21.886036 0.764180
v -1.777540 21.888338 0.843308
v -1.888817 21.886036 0.764180
v -1.819071 21.812550 0.764180
v -1.628520 21.812550 0.764180
v -1.723796 21.873167 0.843308
v -1.723796 21.785654 0.764180
v -1.723796 21.873167 0.843308
v -1.819071 21.812550 0.764180
v -1.723796 21.785654 0.764180
v -1.816884 21.929792 0.843308
v -1.831285 21.986414 0.843308
v -1.914346 21.986414 0.764180
v -1.914346 21.986414 0.764180
v -1.831285 21.986414 0.843308
v -1.816884 22.043039 0.843308
v -1.816884 21.929792 0.843308
v -1.914346 21.986414 0.764180
v -1.888817 21.886036 0.764180
v -1.914346 21.986414 0.764180
v -1.816884 22.043039 0.843308
v -1.888817 22.086794 0.764180
v -1.628701 21.809986 -0.841101
v -1.723796 21.986414 -0.958503
v -1.559086 21.884554 -0.841101
v -1.559086 21.884554 -0.841101
v -1.723796 21.986414 -0.958503
v -1.533606 21.986414 -0.841101
v -1.533606 21.986414 -0.841101
v -1.723796 21.986414 -0.958503
v -1.559086 22.088276 -0.841101
v -1.559086 22.088276 -0.841101
v -1.723796 21.986414 -0.958503
v -1.628701 22.162844 -0.841101
v -1.628701 22.162844 -0.841101
v -1.723796 21.986414 -0.958503
v -1.723796 22.190140 -0.841101
v -1.723796 22.190140 -0.841101
v -1.723796 21.986414 -0.958503
v -1.818891 22.162844 -0.841101
v -1.723796 21.782690 -0.841101
v -1.723796 21.986414 -0.958503
v -1.628701 21.809986 -0.841101
v -1.818891 22.162844 -0.841101
v -1.723796 21.986414 -0.958503
v -1.888505 22.088276 -0.841101
v -1.888505 22.088276 -0.841101
v -1.723796 21.986414 -0.958503
v -1.913985 21.986414 -0.841101
v -1.913985 21.986414 -0.841101
v -1.723796 21.986414 -0.958503
v -1.888505 21.884554 -0.841101
v -1.888505 21.884554 -0.841101
v -1.723796 21.986414 -0.958503
v -1.818891 21.809986 -0.841101
v -1.818891 21.809986 -0.841101
v -1.723796 21.986414 -0.958503
v -1.723796 21.782690 -0.841101
v 1.423755 20.952568 -0.848737
v 0.001082 21.986200 -0.848737
v 1.673534 21.442789 -0.848737
v 1.673534 21.442789 -0.848737
v 0.001082 21.986200 -0.848737
v 1.759602 21.986200 -0.848737
v 1.759602 21.986200 -0.848737
v 0.001082 21.986200 -0.848737
v 1.673534 22.529613 -0.848737
v 1.673534 22.529613 -0.848737
v 0.001082 21.986200 -0.848737
v 1.423755 23.019831 -0.848737
v 1.423755 23.019831 -0.848737
v 0.001082 21.986200 -0.848737
v 1.034714 23.408873 -0.848737
v 1.034714 23.408873 -0.848737
v 0.001082 21.986200 -0.848737
v 0.544495 23.658651 -0.848737
v 0.544495 23.658651 -0.848737
v 0.001082 21.986200 -0.848737
v 0.001082 23.744720 -0.848736
v 0.001082 23.744720 -0.848736
v 0.001082 21.986200 -0.848737
v -0.542330 23.658651 -0.848737
v -0.542330 23.658651 -0.848737
v 0.001082 21.986200 -0.848737
v -1.032549 23.408873 -0.848737
v -1.032549 23.408873 -0.848737
v 0.001082 21.986200 -0.848737
v -1.421590 23.019831 -0.848737
v 1.034714 20.563526 -0.848737
v 0.001082 21.986200 -0.848737
v 1.423755 20.952568 -0.848737
v -1.421590 23.019831 -0.848737
v 0.001082 21.986200 -0.848737
v -1.671369 22.529613 -0.848737
v -1.671369 22.529613 -0.848737
v 0.001082 21.986200 -0.848737
v -1.757437 21.986200 -0.848737
v -1.757437 21.986200 -0.848737
v 0.001082 21.986200 -0.848737
v -1.671369 21.442789 -0.848737
v -1.671369 21.442789 -0.848737
v 0.001082 21.986200 -0.848737
v -1.421590 20.952568 -0.848737
v -1.421590 20.952568 -0.848737
v 0.001082 21.986200 -0.848737
v -1.032550 20.563526 -0.848737
v -1.032550 20.563526 -0.848737
v 0.001082 21.986200 -0.848737
v -0.542330 20.313749 -0.848737
v -0.542330 20.313749 -0.848737
v 0.001082 21.986200 -0.848737
v 0.001082 20.227680 -0.848737
v 0.001082 20.227680 -0.848737
v 0.001082 21.986200 -0.848737
v 0.544495 20.313749 -0.848737
v 0.544495 20.313749 -0.848737
v 0.001082 21.986200 -0.848737
v 1.034714 20.563526 -0.848737
v 1.759602 21.986200 0.770354
v 1.510546 21.495745 0.848744
v 1.673534 21.442789 0.770354
v 1.673534 21.442789 0.770354
v 1.510546 21.495745 0.848744
v 1.285109 21.053301 0.848744
v 1.510546 21.495745 0.848744
v 1.186643 21.124842 0.757796
v 1.285109 21.053301 0.848744
v 1.759602 21.986200 0.770354
v 1.588226 21.986200 0.848744
v 1.510546 21.495745 0.848744
v 1.510546 21.495745 0.848744
v 1.394793 21.533358 0.757796
v 1.186643 21.124842 0.757796
v 1.588226 21.986200 0.848744
v 1.394793 21.533358 0.757796
v 1.510546 21.495745 0.848744
v 1.673534 21.442789 0.770354
v 1.285109 21.053301 0.848744
v 1.423755 20.952568 0.770354
v 1.673534 22.529613 0.770354
v 1.588226 21.986200 0.848744
v 1.759602 21.986200 0.770354
v 1.285109 21.053301 0.848744
v 1.186643 21.124842 0.757796
v 0.862443 20.800642 0.757795
v 1.673534 22.529613 0.770354
v 1.510546 22.476654 0.848745
v 1.588226 21.986200 0.848744
v 1.423755 20.952568 0.770354
v 1.285109 21.053301 0.848744
v 0.933983 20.702175 0.848744
v 1.285109 21.053301 0.848744
v 0.862443 20.800642 0.757795
v 0.933983 20.702175 0.848744
v 1.423755 23.019831 0.770355
v 1.510546 22.476654 0.848745
v 1.673534 22.529613 0.770354
v 1.423755 20.952568 0.770354
v 0.933983 20.702175 0.848744
v 1.034714 20.563526 0.770354
v 1.034714 20.563526 0.770354
v 0.933983 20.702175 0.848744
v 0.491537 20.476736 0.848744
v 0.933983 20.702175 0.848744
v 0.862443 20.800642 0.757795
v 0.453926 20.592489 0.757795
v 0.933983 20.702175 0.848744
v 0.453926 20.592489 0.757795
v 0.491537 20.476736 0.848744
v 1.034714 20.563526 0.770354
v 0.491537 20.476736 0.848744
v 0.544495 20.313749 0.770354
v 0.544495 20.313749 0.770354
v 0.491537 20.476736 0.848744
v 0.001082 20.399055 0.848744
v 0.491537 20.476736 0.848744
v 0.453926 20.592489 0.757795
v 0.001082 20.520765 0.757795
v 0.491537 20.476736 0.848744
v 0.001082 20.520765 0.757795
v 0.001082 20.399055 0.848744
v 0.544495 20.313749 0.770354
v 0.001082 20.399055 0.848744
v 0.001082 20.227680 0.770354
v 0.001082 20.227680 0.770354
v 0.001082 20.399055 0.848744
v -0.489372 20.476732 0.848744
v 0.001082 20.399055 0.848744
v 0.001082 20.520765 0.757795
v -0.451761 20.592484 0.757795
v 0.001082 20.399055 0.848744
v -0.451761 20.592484 0.757795
v -0.489372 20.476732 0.848744
v 0.001082 20.227680 0.770354
v -0.489372 20.476732 0.848744
v -0.542330 20.313749 0.770354
v -0.542330 20.313749 0.770354
v -0.489372 20.476732 0.848744
v -0.931818 20.702173 0.848744
v -0.489372 20.476732 0.848744
v -0.451761 20.592484 0.757795
v -0.860278 20.800636 0.757795
v -0.489372 20.476732 0.848744
v -0.860278 20.800636 0.757795
v -0.931818 20.702173 0.848744
v -0.542330 20.313749 0.770354
v -0.931818 20.702173 0.848744
v -1.032550 20.563526 0.770354
v 1.588226 21.986200 0.848744
v 1.466515 21.986200 0.757796
v 1.394793 21.533358 0.757796
v 1.510546 22.476654 0.848745
v 1.466515 21.986200 0.757796
v 1.588226 21.986200 0.848744
v 1.423755 23.019831 0.770355
v 1.285109 22.919102 0.848745
v 1.510546 22.476654 0.848745
v -0.931818 20.702173 0.848744
v -0.860278 20.800636 0.757795
v -1.184478 21.124840 0.757796
v -1.032550 20.563526 0.770354
v -0.931818 20.702173 0.848744
v -1.282944 21.053301 0.848744
v -0.931818 20.702173 0.848744
v -1.184478 21.124840 0.757796
v -1.282944 21.053301 0.848744
v -1.032550 20.563526 0.770354
v -1.282944 21.053301 0.848744
v -1.421590 20.952568 0.770354
v -1.282944 21.053301 0.848744
v -1.184478 21.124840 0.757796
v -1.392627 21.533358 0.757795
v -1.421590 20.952568 0.770354
v -1.282944 21.053301 0.848744
v -1.508381 21.495745 0.848744
v -1.282944 21.053301 0.848744
v -1.392627 21.533358 0.757795
v -1.508381 21.495745 0.848744
v -1.421590 20.952568 0.770354
v -1.508381 21.495745 0.848744
v -1.671369 21.442789 0.770354
v -1.508381 21.495745 0.848744
v -1.392627 21.533358 0.757795
v -1.464351 21.986202 0.757796
v -1.671369 21.442789 0.770354
v -1.508381 21.495745 0.848744
v -1.586062 21.986202 0.848744
v -1.508381 21.495745 0.848744
v -1.464351 21.986202 0.757796
v -1.586062 21.986202 0.848744
v -1.671369 21.442789 0.770354
v -1.586062 21.986202 0.848744
v -1.757437 21.986200 0.770354
v -1.586062 21.986202 0.848744
v -1.464351 21.986202 0.757796
v -1.392627 22.439045 0.757796
v -1.757437 21.986200 0.770354
v -1.586062 21.986202 0.848744
v -1.508381 22.476654 0.848745
v -1.586062 21.986202 0.848744
v -1.392627 22.439045 0.757796
v -1.508381 22.476654 0.848745
v -1.757437 21.986200 0.770354
v -1.508381 22.476654 0.848745
v -1.671369 22.529613 0.770354
v -1.508381 22.476654 0.848745
v -1.392627 22.439045 0.757796
v -1.184478 22.847561 0.757795
v -1.671369 22.529613 0.770354
v -1.508381 22.476654 0.848745
v -1.282944 22.919100 0.848745
v -1.508381 22.476654 0.848745
v -1.184478 22.847561 0.757795
v -1.282944 22.919100 0.848745
v -1.671369 22.529613 0.770354
v -1.282944 22.919100 0.848745
v -1.421590 23.019831 0.770355
v -1.282944 22.919100 0.848745
v -1.184478 22.847561 0.757795
v -0.860277 23.171757 0.757795
v -1.421590 23.019831 0.770355
v -1.282944 22.919100 0.848745
v -0.931818 23.270227 0.848745
v -1.282944 22.919100 0.848745
v -0.860277 23.171757 0.757795
v -0.931818 23.270227 0.848745
v 1.034714 23.408873 0.770355
v 1.285109 22.919102 0.848745
v 1.423755 23.019831 0.770355
v 1.285109 22.919102 0.848745
v 1.394792 22.439045 0.757796
v 1.510546 22.476654 0.848745
v 1.510546 22.476654 0.848745
v 1.394792 22.439045 0.757796
v 1.466515 21.986200 0.757796
v -1.421590 23.019831 0.770355
v -0.931818 23.270227 0.848745
v -1.032549 23.408873 0.770355
v -0.931818 23.270227 0.848745
v -0.860277 23.171757 0.757795
v -0.451761 23.379911 0.757796
v -1.032549 23.408873 0.770355
v -0.931818 23.270227 0.848745
v -0.489372 23.495665 0.848745
v -0.931818 23.270227 0.848745
v -0.451761 23.379911 0.757796
v -0.489372 23.495665 0.848745
v -1.032549 23.408873 0.770355
v -0.489372 23.495665 0.848745
v -0.542330 23.658651 0.770355
v -0.489372 23.495665 0.848745
v -0.451761 23.379911 0.757796
v 0.001082 23.451633 0.757795
v -0.542330 23.658651 0.770355
v -0.489372 23.495665 0.848745
v 0.001082 23.573343 0.848745
v -0.489372 23.495665 0.848745
v 0.001082 23.451633 0.757795
v 0.001082 23.573343 0.848745
v -0.542330 23.658651 0.770355
v 0.001082 23.573343 0.848745
v 0.001082 23.744720 0.770355
v 0.001082 23.573343 0.848745
v 0.001082 23.451633 0.757795
v 0.453926 23.379915 0.757796
v 0.001082 23.744720 0.770355
v 0.001082 23.573343 0.848745
v 0.491537 23.495665 0.848745
v 0.001082 23.573343 0.848745
v 0.453926 23.379915 0.757796
v 0.491537 23.495665 0.848745
v 0.001082 23.744720 0.770355
v 0.491537 23.495665 0.848745
v 0.544495 23.658651 0.770355
v 0.491537 23.495665 0.848745
v 0.453926 23.379915 0.757796
v 0.862442 23.171762 0.757795
v 0.544495 23.658651 0.770355
v 0.491537 23.495665 0.848745
v 0.933982 23.270229 0.848745
v 0.491537 23.495665 0.848745
v 0.862442 23.171762 0.757795
v 0.933982 23.270229 0.848745
v 0.544495 23.658651 0.770355
v 0.933982 23.270229 0.848745
v 1.034714 23.408873 0.770355
v 1.034714 23.408873 0.770355
v 0.933982 23.270229 0.848745
v 1.285109 22.919102 0.848745
v 0.933982 23.270229 0.848745
v 0.862442 23.171762 0.757795
v 1.186642 22.847563 0.757795
v 0.933982 23.270229 0.848745
v 1.186642 22.847563 0.757795
v 1.285109 22.919102 0.848745
v 1.285109 22.919102 0.848745
v 1.186642 22.847563 0.757795
v 1.394792 22.439045 0.757796
vt 0.527344 0.769653
vt 0.525391 0.756592
vt 0.527344 0.754639
vt 0.527344 0.769653
vt 0.525391 0.769897
vt 0.525391 0.756592
vt 0.527344 0.769653
vt 0.529297 0.756226
vt 0.529297 0.769409
vt 0.527344 0.769653
vt 0.527344 0.754639
vt 0.529297 0.756226
vt 0.527344 0.754639
vt 0.525391 0.756592
vt 0.525391 0.738525
vt 0.527344 0.754639
vt 0.529297 0.738525
vt 0.529297 0.756226
vt 0.527344 0.754639
vt 0.527344 0.736328
vt 0.529297 0.738525
vt 0.527344 0.754639
vt 0.525391 0.738525
vt 0.527344 0.736328
vt 0.527344 0.736328
vt 0.529297 0.561279
vt 0.529297 0.738525
vt 0.527344 0.736328
vt 0.527344 0.561279
vt 0.529297 0.561279
vt 0.527344 0.736328
vt 0.525391 0.738525
vt 0.525391 0.561279
vt 0.527344 0.736328
vt 0.525391 0.561279
vt 0.527344 0.561279
vt 0.062683 0.661621
vt 0.059967 0.659424
vt 0.065552 0.660156
vt 0.092102 0.659424
vt 0.089355 0.661621
vt 0.086548 0.660400
vt 0.810547 0.791382
vt 0.801758 0.865723
vt 0.801758 0.791382
vt 0.810547 0.791382
vt 0.810547 0.865723
vt 0.801758 0.865723
vt 0.810547 0.865723
vt 0.801758 0.906250
vt 0.801758 0.865723
vt 0.810547 0.865723
vt 0.810547 0.906250
vt 0.801758 0.906250
vt 0.810547 0.906250
vt 0.801758 0.980560
vt 0.801758 0.906250
vt 0.810547 0.906250
vt 0.810547 0.980560
vt 0.801758 0.980560
vt 0.240112 0.778931
vt 0.352051 0.726074
vt 0.352051 0.740967
vt 0.240112 0.655273
vt 0.352051 0.726074
vt 0.240112 0.778931
vt 0.352051 0.726074
vt 0.240112 0.778931
vt 0.352051 0.740967
vt 0.240112 0.778931
vt 0.352051 0.726074
vt 0.240112 0.655273
vt 0.810547 0.791382
vt 0.801758 0.865723
vt 0.801758 0.791382
vt 0.810547 0.791382
vt 0.810547 0.865723
vt 0.801758 0.865723
vt 0.810547 0.865723
vt 0.801758 0.906250
vt 0.801758 0.865723
vt 0.810547 0.865723
vt 0.810547 0.906250
vt 0.801758 0.906250
vt 0.810547 0.906250
vt 0.801758 0.980560
vt 0.801758 0.906250
vt 0.810547 0.906250
vt 0.810547 0.980560
vt 0.801758 0.980560
vt 0.240112 0.778931
vt 0.352051 0.726074
vt 0.352051 0.740967
vt 0.240112 0.655273
vt 0.352051 0.726074
vt 0.240112 0.778931
vt 0.352051 0.726074
vt 0.240112 0.778931
vt 0.352051 0.740967
vt 0.240112 0.778931
vt 0.352051 0.726074
vt 0.240112 0.655273
vt 0.810547 0.791382
vt 0.801758 0.865723
vt 0.801758 0.791382
vt 0.810547 0.791382
vt 0.810547 0.865723
vt 0.801758 0.865723
vt 0.810547 0.865723
vt 0.801758 0.906250
vt 0.801758 0.865723
vt 0.810547 0.865723
vt 0.810547 0.906250
vt 0.801758 0.906250
vt 0.810547 0.906250
vt 0.801758 0.980560
vt 0.801758 0.906250
vt 0.810547 0.906250
vt 0.810547 0.980560
vt 0.801758 0.980560
vt 0.240112 0.778931
vt 0.352051 0.726074
vt 0.352051 0.740967
vt 0.240112 0.655273
vt 0.352051 0.726074
vt 0.240112 0.778931
vt 0.352051 0.726074
vt 0.240112 0.778931
vt 0.352051 0.740967
vt 0.240112 0.778931
vt 0.352051 0.726074
vt 0.240112 0.655273
vt 0.810547 0.791382
vt 0.801758 0.865723
vt 0.801758 0.791382
vt 0.810547 0.791382
vt 0.810547 0.865723
vt 0.801758 0.865723
vt 0.810547 0.865723
vt 0.801758 0.906250
vt 0.801758 0.865723
vt 0.810547 0.865723
vt 0.810547 0.906250
vt 0.801758 0.906250
vt 0.810547 0.906250
vt 0.801758 0.980560
vt 0.801758 0.906250
vt 0.810547 0.906250
vt 0.810547 0.980560
vt 0.801758 0.980560
vt 0.240112 0.778931
vt 0.352051 0.726074
vt 0.352051 0.740967
vt 0.240112 0.655273
vt 0.352051 0.726074
vt 0.240112 0.778931
vt 0.352051 0.726074
vt 0.240112 0.778931
vt 0.352051 0.740967
vt 0.240112 0.778931
vt 0.352051 0.726074
vt 0.240112 0.655273
vt 0.287354 0.650635
vt 0.344238 0.677734
vt 0.287354 0.677734
vt 0.287354 0.650635
vt 0.344238 0.650635
vt 0.344238 0.677734
vt 0.287354 0.623535
vt 0.344238 0.650635
vt 0.287354 0.650635
vt 0.287354 0.623535
vt 0.344238 0.623535
vt 0.344238 0.650635
vt 0.287354 0.596191
vt 0.344238 0.623535
vt 0.287354 0.623535
vt 0.287354 0.596191
vt 0.344238 0.596191
vt 0.344238 0.623535
vt 0.287354 0.569092
vt 0.344238 0.596191
vt 0.287354 0.596191
vt 0.287354 0.569092
vt 0.344238 0.569092
vt 0.344238 0.596191
vt 0.287354 0.541992
vt 0.344238 0.569092
vt 0.287354 0.569092
vt 0.287354 0.541992
vt 0.344238 0.541992
vt 0.344238 0.569092
vt 0.287354 0.514648
vt 0.344238 0.541992
vt 0.287354 0.541992
vt 0.287354 0.514648
vt 0.344238 0.514648
vt 0.344238 0.541992
vt 0.343750 0.541504
vt 0.287109 0.514404
vt 0.343750 0.514404
vt 0.343750 0.541504
vt 0.287109 0.541504
vt 0.287109 0.514404
vt 0.343750 0.568848
vt 0.287109 0.541504
vt 0.343750 0.541504
vt 0.343750 0.568848
vt 0.287109 0.568848
vt 0.287109 0.541504
vt 0.343750 0.595947
vt 0.287109 0.568848
vt 0.343750 0.568848
vt 0.343750 0.595947
vt 0.287109 0.595947
vt 0.287109 0.568848
vt 0.343750 0.623047
vt 0.287109 0.595947
vt 0.343750 0.595947
vt 0.343750 0.623047
vt 0.287109 0.623047
vt 0.287109 0.595947
vt 0.343750 0.650391
vt 0.287109 0.623047
vt 0.343750 0.623047
vt 0.343750 0.650391
vt 0.287109 0.650391
vt 0.287109 0.623047
vt 0.343750 0.677490
vt 0.287109 0.650391
vt 0.343750 0.650391
vt 0.343750 0.677490
vt 0.287109 0.677490
vt 0.287109 0.650391
vt 0.287354 0.650635
vt 0.344238 0.677734
vt 0.287354 0.677734
vt 0.287354 0.650635
vt 0.344238 0.650635
vt 0.344238 0.677734
vt 0.287354 0.623535
vt 0.344238 0.650635
vt 0.287354 0.650635
vt 0.287354 0.623535
vt 0.344238 0.623535
vt 0.344238 0.650635
vt 0.287354 0.596191
vt 0.344238 0.623535
vt 0.287354 0.623535
vt 0.287354 0.596191
vt 0.344238 0.596191
vt 0.344238 0.623535
vt 0.287354 0.569092
vt 0.344238 0.596191
vt 0.287354 0.596191
vt 0.287354 0.569092
vt 0.344238 0.569092
vt 0.344238 0.596191
vt 0.287354 0.541992
vt 0.344238 0.569092
vt 0.287354 0.569092
vt 0.287354 0.541992
vt 0.344238 0.541992
vt 0.344238 0.569092
vt 0.287354 0.514648
vt 0.344238 0.541992
vt 0.287354 0.541992
vt 0.287354 0.514648
vt 0.344238 0.514648
vt 0.344238 0.541992
vt 0.343750 0.541504
vt 0.287109 0.514404
vt 0.343750 0.514404
vt 0.343750 0.541504
vt 0.287109 0.541504
vt 0.287109 0.514404
vt 0.343750 0.568848
vt 0.287109 0.541504
vt 0.343750 0.541504
vt 0.343750 0.568848
vt 0.287109 0.568848
vt 0.287109 0.541504
vt 0.343750 0.595947
vt 0.287109 0.568848
vt 0.343750 0.568848
vt 0.343750 0.595947
vt 0.287109 0.595947
vt 0.287109 0.568848
vt 0.343750 0.623047
vt 0.287109 0.595947
vt 0.343750 0.595947
vt 0.343750 0.623047
vt 0.287109 0.623047
vt 0.287109 0.595947
vt 0.343750 0.650391
vt 0.287109 0.623047
vt 0.343750 0.623047
vt 0.343750 0.650391
vt 0.287109 0.650391
vt 0.287109 0.623047
vt 0.343750 0.677490
vt 0.287109 0.650391
vt 0.343750 0.650391
vt 0.343750 0.677490
vt 0.287109 0.677490
vt 0.287109 0.650391
vt 0.586426 0.791138
vt 0.566406 0.792969
vt 0.565430 0.791138
vt 0.586426 0.791138
vt 0.586914 0.792969
vt 0.566406 0.792969
vt 0.765625 0.792969
vt 0.586914 0.792969
vt 0.586426 0.791138
vt 0.765625 0.792969
vt 0.586426 0.791138
vt 0.766602 0.791138
vt 0.786621 0.792969
vt 0.765625 0.792969
vt 0.766602 0.791138
vt 0.786621 0.792969
vt 0.766602 0.791138
vt 0.787598 0.791138
vt 0.529297 0.738525
vt 0.529297 0.561279
vt 0.550293 0.561279
vt 0.529297 0.738525
vt 0.550293 0.561279
vt 0.550293 0.738525
vt 0.550293 0.738525
vt 0.550293 0.561279
vt 0.565430 0.561279
vt 0.550293 0.738525
vt 0.565430 0.561279
vt 0.565430 0.738525
vt 0.565430 0.738525
vt 0.565430 0.561279
vt 0.586426 0.561279
vt 0.550293 0.738525
vt 0.529297 0.756226
vt 0.529297 0.738525
vt 0.565430 0.738525
vt 0.586426 0.561279
vt 0.586426 0.738525
vt 0.766602 0.738525
vt 0.586426 0.738525
vt 0.586426 0.561279
vt 0.766602 0.738525
vt 0.586426 0.561279
vt 0.766602 0.561279
vt 0.550293 0.738525
vt 0.548828 0.756226
vt 0.529297 0.756226
vt 0.766602 0.738525
vt 0.766602 0.561279
vt 0.787598 0.561279
vt 0.529297 0.769409
vt 0.529297 0.756226
vt 0.548828 0.756226
vt 0.550293 0.738525
vt 0.565430 0.738525
vt 0.566895 0.755493
vt 0.586426 0.738525
vt 0.766602 0.738525
vt 0.766602 0.756714
vt 0.586426 0.756714
vt 0.565430 0.738525
vt 0.586426 0.738525
vt 0.586426 0.738525
vt 0.766602 0.756714
vt 0.586426 0.756714
vt 0.586426 0.756714
vt 0.566895 0.755493
vt 0.565430 0.738525
vt 0.529297 0.769409
vt 0.548828 0.756226
vt 0.548828 0.765869
vt 0.766602 0.738525
vt 0.787598 0.561279
vt 0.787598 0.738525
vt 0.787598 0.738525
vt 0.766602 0.756714
vt 0.766602 0.738525
vt 0.787598 0.738525
vt 0.787598 0.561279
vt 0.802734 0.561279
vt 0.787598 0.738525
vt 0.802734 0.561279
vt 0.802734 0.738525
vt 0.802734 0.738525
vt 0.802734 0.561279
vt 0.823730 0.561279
vt 0.802734 0.738525
vt 0.823730 0.561279
vt 0.823730 0.738525
vt 0.787598 0.738525
vt 0.802734 0.738525
vt 0.797852 0.755493
vt 0.823730 0.756470
vt 0.802734 0.738525
vt 0.823730 0.738525
vt 0.787598 0.738525
vt 0.786133 0.755493
vt 0.766602 0.756714
vt 0.787598 0.738525
vt 0.797852 0.755493
vt 0.786133 0.755493
vt 0.550293 0.738525
vt 0.566895 0.755493
vt 0.555176 0.755493
vt 0.766602 0.770142
vt 0.766602 0.756714
vt 0.786133 0.755493
vt 0.586426 0.756714
vt 0.766602 0.756714
vt 0.766602 0.770142
vt 0.797852 0.755493
vt 0.786133 0.765869
vt 0.786133 0.755493
vt 0.766602 0.770142
vt 0.786133 0.755493
vt 0.786133 0.765869
vt 0.823730 0.756470
vt 0.804199 0.755493
vt 0.802734 0.738525
vt 0.586426 0.756714
vt 0.766602 0.770142
vt 0.586426 0.770142
vt 0.586426 0.770142
vt 0.566895 0.755493
vt 0.586426 0.756714
vt 0.586426 0.770142
vt 0.766602 0.770142
vt 0.766602 0.791138
vt 0.766602 0.791138
vt 0.766602 0.770142
vt 0.786133 0.771606
vt 0.586426 0.770142
vt 0.566895 0.765869
vt 0.566895 0.755493
vt 0.566895 0.755493
vt 0.566895 0.765869
vt 0.555176 0.755493
vt 0.766602 0.791138
vt 0.786133 0.771606
vt 0.787598 0.791138
vt 0.586426 0.770142
vt 0.766602 0.791138
vt 0.586426 0.791138
vt 0.823730 0.770386
vt 0.804199 0.755493
vt 0.823730 0.756470
vt 0.586426 0.791138
vt 0.566895 0.771606
vt 0.586426 0.770142
vt 0.586426 0.791138
vt 0.565430 0.791138
vt 0.566895 0.771606
vt 0.823730 0.770386
vt 0.804199 0.765869
vt 0.804199 0.755493
vt 0.525391 0.738525
vt 0.357422 0.561279
vt 0.525391 0.561279
vt 0.525391 0.738525
vt 0.357422 0.738525
vt 0.357422 0.561279
vt 0.525391 0.756592
vt 0.357422 0.738525
vt 0.525391 0.738525
vt 0.525391 0.756592
vt 0.357422 0.756714
vt 0.357422 0.738525
vt 0.525391 0.769897
vt 0.357422 0.756714
vt 0.525391 0.756592
vt 0.525391 0.769897
vt 0.357422 0.770142
vt 0.357422 0.756714
vt 0.586426 0.794800
vt 0.565430 0.962921
vt 0.565430 0.794800
vt 0.586426 0.794800
vt 0.586426 0.962921
vt 0.565430 0.962921
vt 0.766602 0.794800
vt 0.586426 0.962921
vt 0.586426 0.794800
vt 0.766602 0.794800
vt 0.766602 0.962921
vt 0.586426 0.962921
vt 0.787598 0.794800
vt 0.766602 0.962921
vt 0.766602 0.794800
vt 0.787598 0.794800
vt 0.787598 0.962921
vt 0.766602 0.962921
vt 0.995605 0.738525
vt 0.827148 0.561279
vt 0.995605 0.561279
vt 0.995605 0.738525
vt 0.827148 0.738525
vt 0.827148 0.561279
vt 0.827148 0.738525
vt 0.995605 0.738525
vt 0.995605 0.756714
vt 0.827148 0.738525
vt 0.995605 0.756714
vt 0.827148 0.756714
vt 0.827148 0.756714
vt 0.995605 0.756714
vt 0.995605 0.770142
vt 0.827148 0.756714
vt 0.995605 0.770142
vt 0.827148 0.770142
vt 0.586426 0.794800
vt 0.565430 0.794800
vt 0.566406 0.792969
vt 0.586426 0.794800
vt 0.566406 0.792969
vt 0.586914 0.792969
vt 0.765625 0.792969
vt 0.586426 0.794800
vt 0.586914 0.792969
vt 0.765625 0.792969
vt 0.766602 0.794800
vt 0.586426 0.794800
vt 0.786621 0.792969
vt 0.766602 0.794800
vt 0.765625 0.792969
vt 0.786621 0.792969
vt 0.787598 0.794800
vt 0.766602 0.794800
vt 0.828613 0.726563
vt 0.826172 0.739502
vt 0.826660 0.724365
vt 0.828613 0.726563
vt 0.828613 0.739746
vt 0.826172 0.739502
vt 0.823730 0.756470
vt 0.825195 0.769897
vt 0.823730 0.770386
vt 0.823730 0.756470
vt 0.825684 0.754517
vt 0.825195 0.769897
vt 0.823730 0.738525
vt 0.825684 0.754517
vt 0.823730 0.756470
vt 0.823730 0.738525
vt 0.825684 0.736328
vt 0.825684 0.754517
vt 0.825684 0.736328
vt 0.823730 0.738525
vt 0.823730 0.561279
vt 0.825684 0.736328
vt 0.823730 0.561279
vt 0.825684 0.561279
vt 0.825684 0.736328
vt 0.825684 0.561279
vt 0.827148 0.561279
vt 0.825684 0.736328
vt 0.827148 0.561279
vt 0.827148 0.738525
vt 0.827148 0.738525
vt 0.825684 0.754517
vt 0.825684 0.736328
vt 0.827148 0.738525
vt 0.827148 0.756714
vt 0.825684 0.754517
vt 0.550781 0.044922
vt 0.549805 0.043457
vt 0.565430 0.043457
vt 0.550781 0.044922
vt 0.565430 0.043457
vt 0.566406 0.044922
vt 0.566406 0.044922
vt 0.565430 0.043457
vt 0.586426 0.043457
vt 0.566406 0.044922
vt 0.586426 0.043457
vt 0.586914 0.044922
vt 0.586914 0.044922
vt 0.586426 0.043457
vt 0.766113 0.043457
vt 0.550781 0.044922
vt 0.566406 0.044922
vt 0.565430 0.046387
vt 0.586914 0.044922
vt 0.766113 0.043457
vt 0.765625 0.044922
vt 0.566406 0.044922
vt 0.586914 0.044922
vt 0.586426 0.046387
vt 0.566406 0.044922
vt 0.586426 0.046387
vt 0.565430 0.046387
vt 0.766113 0.043457
vt 0.786621 0.044922
vt 0.765625 0.044922
vt 0.766113 0.043457
vt 0.787109 0.043457
vt 0.786621 0.044922
vt 0.550781 0.044922
vt 0.565430 0.046387
vt 0.550293 0.046387
vt 0.766602 0.046387
vt 0.765625 0.044922
vt 0.786621 0.044922
vt 0.586426 0.046387
vt 0.586914 0.044922
vt 0.765625 0.044922
vt 0.787109 0.043457
vt 0.801758 0.044922
vt 0.786621 0.044922
vt 0.766602 0.046387
vt 0.786621 0.044922
vt 0.787598 0.046387
vt 0.787598 0.046387
vt 0.786621 0.044922
vt 0.801758 0.044922
vt 0.787109 0.043457
vt 0.802734 0.043457
vt 0.801758 0.044922
vt 0.586426 0.046387
vt 0.765625 0.044922
vt 0.766602 0.046387
vt 0.787598 0.046387
vt 0.801758 0.044922
vt 0.802734 0.046387
vt 0.529297 0.044922
vt 0.550293 0.046387
vt 0.529297 0.046387
vt 0.529297 0.044922
vt 0.550293 0.044922
vt 0.550293 0.046387
vt 0.527344 0.046387
vt 0.529297 0.044922
vt 0.529297 0.046387
vt 0.527344 0.046387
vt 0.527344 0.044922
vt 0.529297 0.044922
vt 0.525391 0.046387
vt 0.527344 0.044922
vt 0.527344 0.046387
vt 0.527344 0.554443
vt 0.525391 0.046387
vt 0.527344 0.046387
vt 0.527344 0.554443
vt 0.525391 0.554443
vt 0.525391 0.046387
vt 0.525391 0.046387
vt 0.525391 0.044922
vt 0.527344 0.044922
vt 0.527344 0.043457
vt 0.527344 0.044922
vt 0.525391 0.044922
vt 0.529297 0.554443
vt 0.527344 0.554443
vt 0.527344 0.046387
vt 0.529297 0.554443
vt 0.527344 0.046387
vt 0.529297 0.046387
vt 0.527344 0.043457
vt 0.529297 0.043457
vt 0.527344 0.044922
vt 0.527344 0.044922
vt 0.529297 0.043457
vt 0.529297 0.044922
vt 0.529297 0.044922
vt 0.529297 0.043457
vt 0.550293 0.043457
vt 0.529297 0.044922
vt 0.550293 0.043457
vt 0.550293 0.044922
vt 0.802734 0.046387
vt 0.823730 0.044922
vt 0.823730 0.046387
vt 0.802734 0.046387
vt 0.802734 0.044922
vt 0.823730 0.044922
vt 0.823730 0.044922
vt 0.825684 0.046387
vt 0.823730 0.046387
vt 0.825684 0.554443
vt 0.823730 0.046387
vt 0.825684 0.046387
vt 0.825684 0.554443
vt 0.823730 0.554443
vt 0.823730 0.046387
vt 0.827148 0.554443
vt 0.825684 0.554443
vt 0.825684 0.046387
vt 0.802734 0.043457
vt 0.823730 0.044922
vt 0.802734 0.044922
vt 0.802734 0.043457
vt 0.823730 0.043457
vt 0.823730 0.044922
vt 0.823730 0.044922
vt 0.825684 0.044922
vt 0.825684 0.046387
vt 0.823730 0.044922
vt 0.823730 0.043457
vt 0.825684 0.044922
vt 0.827148 0.554443
vt 0.825684 0.046387
vt 0.827148 0.046387
vt 0.825684 0.046387
vt 0.827148 0.044922
vt 0.827148 0.046387
vt 0.825684 0.046387
vt 0.825684 0.044922
vt 0.827148 0.044922
vt 0.825684 0.044922
vt 0.823730 0.043457
vt 0.825684 0.043457
vt 0.825684 0.044922
vt 0.825684 0.043457
vt 0.827148 0.044922
vt 0.357422 0.043457
vt 0.357422 0.020508
vt 0.527344 0.020508
vt 0.357422 0.043457
vt 0.527344 0.020508
vt 0.527344 0.043457
vt 0.529297 0.020508
vt 0.527344 0.043457
vt 0.527344 0.020508
vt 0.529297 0.020508
vt 0.529297 0.043457
vt 0.527344 0.043457
vt 0.357422 0.043457
vt 0.527344 0.043457
vt 0.525391 0.044922
vt 0.529297 0.043457
vt 0.529297 0.020508
vt 0.550293 0.020508
vt 0.529297 0.043457
vt 0.550293 0.020508
vt 0.550293 0.043457
vt 0.357422 0.043457
vt 0.525391 0.044922
vt 0.357422 0.044922
vt 0.357422 0.046387
vt 0.357422 0.044922
vt 0.525391 0.044922
vt 0.357422 0.046387
vt 0.525391 0.044922
vt 0.525391 0.046387
vt 0.827148 0.046387
vt 0.995605 0.044922
vt 0.995605 0.046387
vt 0.827148 0.046387
vt 0.827148 0.044922
vt 0.995605 0.044922
vt 0.827148 0.044922
vt 0.995605 0.043457
vt 0.995605 0.044922
vt 0.827148 0.044922
vt 0.825684 0.043457
vt 0.995605 0.043457
vt 0.825684 0.043457
vt 0.995605 0.020508
vt 0.995605 0.043457
vt 0.825684 0.043457
vt 0.825684 0.020508
vt 0.995605 0.020508
vt 0.825684 0.020508
vt 0.825684 0.043457
vt 0.823730 0.043457
vt 0.825684 0.020508
vt 0.823730 0.043457
vt 0.823730 0.020508
vt 0.802734 0.043457
vt 0.823730 0.020508
vt 0.823730 0.043457
vt 0.802734 0.043457
vt 0.802734 0.020508
vt 0.823730 0.020508
vt 0.549805 0.043457
vt 0.549805 0.020508
vt 0.565430 0.020508
vt 0.549805 0.043457
vt 0.565430 0.020508
vt 0.565430 0.043457
vt 0.565430 0.043457
vt 0.565430 0.020508
vt 0.586426 0.020508
vt 0.565430 0.043457
vt 0.586426 0.020508
vt 0.586426 0.043457
vt 0.586426 0.043457
vt 0.586426 0.020508
vt 0.766113 0.020508
vt 0.586426 0.043457
vt 0.766113 0.020508
vt 0.766113 0.043457
vt 0.766113 0.043457
vt 0.766113 0.020508
vt 0.787109 0.020508
vt 0.766113 0.043457
vt 0.787109 0.020508
vt 0.787109 0.043457
vt 0.787109 0.043457
vt 0.787109 0.020508
vt 0.802734 0.020508
vt 0.787109 0.043457
vt 0.802734 0.020508
vt 0.802734 0.043457
vt 0.525391 0.554443
vt 0.357422 0.046387
vt 0.525391 0.046387
vt 0.525391 0.554443
vt 0.357422 0.554443
vt 0.357422 0.046387
vt 0.529297 0.554443
vt 0.529297 0.046387
vt 0.550293 0.046387
vt 0.529297 0.554443
vt 0.550293 0.046387
vt 0.550293 0.554443
vt 0.550293 0.554443
vt 0.550293 0.046387
vt 0.565430 0.046387
vt 0.550293 0.554443
vt 0.565430 0.046387
vt 0.565430 0.554443
vt 0.565430 0.554443
vt 0.565430 0.046387
vt 0.586426 0.046387
vt 0.565430 0.554443
vt 0.586426 0.046387
vt 0.586426 0.554443
vt 0.766602 0.554443
vt 0.586426 0.554443
vt 0.586426 0.046387
vt 0.766602 0.554443
vt 0.586426 0.046387
vt 0.766602 0.046387
vt 0.766602 0.554443
vt 0.766602 0.046387
vt 0.787598 0.046387
vt 0.766602 0.554443
vt 0.787598 0.046387
vt 0.787598 0.554443
vt 0.787598 0.554443
vt 0.787598 0.046387
vt 0.802734 0.046387
vt 0.787598 0.554443
vt 0.802734 0.046387
vt 0.802734 0.554443
vt 0.802734 0.554443
vt 0.802734 0.046387
vt 0.823730 0.046387
vt 0.802734 0.554443
vt 0.823730 0.046387
vt 0.823730 0.554443
vt 0.995605 0.554443
vt 0.827148 0.046387
vt 0.995605 0.046387
vt 0.995605 0.554443
vt 0.827148 0.554443
vt 0.827148 0.046387
vt 0.525879 0.559326
vt 0.357422 0.559326
vt 0.357422 0.556152
vt 0.525879 0.559326
vt 0.357422 0.556152
vt 0.525879 0.556152
vt 0.527344 0.559326
vt 0.525879 0.559326
vt 0.525879 0.556152
vt 0.527344 0.559326
vt 0.525879 0.556152
vt 0.527344 0.556152
vt 0.529297 0.559326
vt 0.527344 0.559326
vt 0.527344 0.556152
vt 0.529297 0.559326
vt 0.527344 0.556152
vt 0.529297 0.556152
vt 0.529297 0.559326
vt 0.529297 0.556152
vt 0.550781 0.556152
vt 0.529297 0.559326
vt 0.550781 0.556152
vt 0.550781 0.559326
vt 0.357422 0.559326
vt 0.525391 0.561279
vt 0.357422 0.561279
vt 0.357422 0.559326
vt 0.525879 0.559326
vt 0.525391 0.561279
vt 0.525391 0.561279
vt 0.525879 0.559326
vt 0.527344 0.559326
vt 0.525391 0.561279
vt 0.527344 0.559326
vt 0.527344 0.561279
vt 0.527344 0.559326
vt 0.529297 0.561279
vt 0.527344 0.561279
vt 0.527344 0.559326
vt 0.529297 0.559326
vt 0.529297 0.561279
vt 0.529297 0.561279
vt 0.529297 0.559326
vt 0.550781 0.559326
vt 0.529297 0.561279
vt 0.550781 0.559326
vt 0.550293 0.561279
vt 0.525391 0.554443
vt 0.357422 0.556152
vt 0.357422 0.554443
vt 0.525391 0.554443
vt 0.525879 0.556152
vt 0.357422 0.556152
vt 0.527344 0.556152
vt 0.525879 0.556152
vt 0.525391 0.554443
vt 0.527344 0.556152
vt 0.525391 0.554443
vt 0.527344 0.554443
vt 0.529297 0.554443
vt 0.527344 0.556152
vt 0.527344 0.554443
vt 0.529297 0.554443
vt 0.529297 0.556152
vt 0.527344 0.556152
vt 0.550781 0.556152
vt 0.529297 0.556152
vt 0.529297 0.554443
vt 0.550781 0.556152
vt 0.529297 0.554443
vt 0.550293 0.554443
vt 0.550293 0.561279
vt 0.549316 0.559326
vt 0.564941 0.559326
vt 0.550293 0.561279
vt 0.564941 0.559326
vt 0.565430 0.561279
vt 0.565430 0.561279
vt 0.564941 0.559326
vt 0.586426 0.559326
vt 0.565430 0.561279
vt 0.586426 0.559326
vt 0.586426 0.561279
vt 0.586426 0.561279
vt 0.586426 0.559326
vt 0.766602 0.559326
vt 0.586426 0.561279
vt 0.766602 0.559326
vt 0.766602 0.561279
vt 0.766602 0.559326
vt 0.787598 0.561279
vt 0.766602 0.561279
vt 0.766602 0.559326
vt 0.788086 0.559326
vt 0.787598 0.561279
vt 0.787598 0.561279
vt 0.788086 0.559326
vt 0.803711 0.559326
vt 0.787598 0.561279
vt 0.803711 0.559326
vt 0.802734 0.561279
vt 0.565430 0.554443
vt 0.549316 0.556152
vt 0.550293 0.554443
vt 0.565430 0.554443
vt 0.564941 0.556152
vt 0.549316 0.556152
vt 0.586426 0.556152
vt 0.564941 0.556152
vt 0.565430 0.554443
vt 0.586426 0.556152
vt 0.565430 0.554443
vt 0.586426 0.554443
vt 0.766602 0.554443
vt 0.586426 0.556152
vt 0.586426 0.554443
vt 0.766602 0.554443
vt 0.766602 0.556152
vt 0.586426 0.556152
vt 0.787598 0.554443
vt 0.766602 0.556152
vt 0.766602 0.554443
vt 0.787598 0.554443
vt 0.788086 0.556152
vt 0.766602 0.556152
vt 0.802734 0.554443
vt 0.788086 0.556152
vt 0.787598 0.554443
vt 0.802734 0.554443
vt 0.803711 0.556152
vt 0.788086 0.556152
vt 0.802246 0.559326
vt 0.823730 0.561279
vt 0.802734 0.561279
vt 0.802246 0.559326
vt 0.823730 0.559326
vt 0.823730 0.561279
vt 0.823730 0.561279
vt 0.823730 0.559326
vt 0.825684 0.559326
vt 0.823730 0.561279
vt 0.825684 0.559326
vt 0.825684 0.561279
vt 0.825684 0.559326
vt 0.827148 0.561279
vt 0.825684 0.561279
vt 0.825684 0.559326
vt 0.827148 0.559326
vt 0.827148 0.561279
vt 0.827148 0.561279
vt 0.827148 0.559326
vt 0.995605 0.559326
vt 0.827148 0.561279
vt 0.995605 0.559326
vt 0.995605 0.561279
vt 0.995605 0.559326
vt 0.827148 0.559326
vt 0.827148 0.556152
vt 0.827148 0.559326
vt 0.825684 0.556152
vt 0.827148 0.556152
vt 0.827148 0.559326
vt 0.825684 0.559326
vt 0.825684 0.556152
vt 0.825684 0.559326
vt 0.823730 0.556152
vt 0.825684 0.556152
vt 0.825684 0.559326
vt 0.823730 0.559326
vt 0.823730 0.556152
vt 0.802246 0.559326
vt 0.823730 0.556152
vt 0.823730 0.559326
vt 0.802246 0.559326
vt 0.802246 0.556152
vt 0.823730 0.556152
vt 0.995605 0.559326
vt 0.827148 0.556152
vt 0.995605 0.556152
vt 0.995605 0.556152
vt 0.827148 0.556152
vt 0.827148 0.554443
vt 0.995605 0.556152
vt 0.827148 0.554443
vt 0.995605 0.554443
vt 0.827148 0.554443
vt 0.827148 0.556152
vt 0.825684 0.556152
vt 0.827148 0.554443
vt 0.825684 0.556152
vt 0.825684 0.554443
vt 0.825684 0.556152
vt 0.823730 0.554443
vt 0.825684 0.554443
vt 0.823730 0.554443
vt 0.802246 0.556152
vt 0.802734 0.554443
vt 0.823730 0.554443
vt 0.823730 0.556152
vt 0.802246 0.556152
vt 0.825684 0.556152
vt 0.823730 0.556152
vt 0.823730 0.554443
vt 0.549316 0.559326
vt 0.549316 0.556152
vt 0.564941 0.556152
vt 0.549316 0.559326
vt 0.564941 0.556152
vt 0.564941 0.559326
vt 0.564941 0.559326
vt 0.564941 0.556152
vt 0.586426 0.556152
vt 0.564941 0.559326
vt 0.586426 0.556152
vt 0.586426 0.559326
vt 0.766602 0.559326
vt 0.586426 0.559326
vt 0.586426 0.556152
vt 0.766602 0.559326
vt 0.586426 0.556152
vt 0.766602 0.556152
vt 0.766602 0.559326
vt 0.766602 0.556152
vt 0.788086 0.556152
vt 0.766602 0.559326
vt 0.788086 0.556152
vt 0.788086 0.559326
vt 0.788086 0.559326
vt 0.788086 0.556152
vt 0.803711 0.556152
vt 0.788086 0.559326
vt 0.803711 0.556152
vt 0.803711 0.559326
vt 0.953125 0.787598
vt 0.818848 0.996471
vt 0.818848 0.787598
vt 0.953125 0.787598
vt 0.953125 0.996471
vt 0.818848 0.996471
vt 0.954590 0.996471
vt 0.953125 0.996471
vt 0.953125 0.787598
vt 0.954590 0.996471
vt 0.953125 0.787598
vt 0.954590 0.787598
vt 0.971191 0.792114
vt 0.954590 0.996471
vt 0.954590 0.787598
vt 0.971191 0.792114
vt 0.971191 0.992027
vt 0.954590 0.996471
vt 0.971191 0.992027
vt 0.971191 0.792114
vt 0.983398 0.804199
vt 0.971191 0.992027
vt 0.983398 0.804199
vt 0.983398 0.979858
vt 0.987793 0.820801
vt 0.983398 0.979858
vt 0.983398 0.804199
vt 0.987793 0.820801
vt 0.987793 0.963257
vt 0.983398 0.979858
vt 0.028717 0.791016
vt 0.012650 0.977798
vt 0.012650 0.791016
vt 0.028717 0.791016
vt 0.028717 0.977798
vt 0.012650 0.977798
vt 0.029785 0.977859
vt 0.028717 0.977798
vt 0.028717 0.791016
vt 0.029785 0.977859
vt 0.028717 0.791016
vt 0.029785 0.791016
vt 0.029785 0.977859
vt 0.029785 0.791016
vt 0.030884 0.791138
vt 0.029785 0.977859
vt 0.030884 0.791138
vt 0.030884 0.977921
vt 0.030884 0.977921
vt 0.030884 0.791138
vt 0.390625 0.791138
vt 0.030884 0.977921
vt 0.390625 0.791138
vt 0.390625 0.977921
vt 0.390625 0.791138
vt 0.395508 0.977921
vt 0.390625 0.977921
vt 0.390625 0.791138
vt 0.395508 0.791138
vt 0.395508 0.977921
vt 0.390625 0.791138
vt 0.394287 0.790283
vt 0.395508 0.791138
vt 0.390625 0.791138
vt 0.392090 0.790283
vt 0.394287 0.790283
vt 0.395508 0.977921
vt 0.392090 0.978760
vt 0.390625 0.977921
vt 0.395508 0.977921
vt 0.395508 0.791138
vt 0.520996 0.791138
vt 0.395508 0.977921
vt 0.394287 0.978760
vt 0.392090 0.978760
vt 0.395508 0.977921
vt 0.520996 0.791138
vt 0.520996 0.977921
vt 0.534180 0.795044
vt 0.520996 0.977921
vt 0.520996 0.791138
vt 0.534180 0.795044
vt 0.534180 0.973938
vt 0.520996 0.977921
vt 0.534180 0.973938
vt 0.534180 0.795044
vt 0.543457 0.805908
vt 0.534180 0.973938
vt 0.543457 0.805908
vt 0.543457 0.963074
vt 0.546875 0.820801
vt 0.543457 0.963074
vt 0.543457 0.805908
vt 0.546875 0.820801
vt 0.546875 0.948212
vt 0.543457 0.963074
vt 0.109009 0.652344
vt 0.102356 0.649414
vt 0.109009 0.649414
vt 0.109009 0.652344
vt 0.102356 0.652344
vt 0.102356 0.649414
vt 0.109009 0.656494
vt 0.102356 0.652344
vt 0.109009 0.652344
vt 0.109009 0.656494
vt 0.102356 0.656494
vt 0.102356 0.652344
vt 0.109009 0.660645
vt 0.102356 0.656494
vt 0.109009 0.656494
vt 0.109009 0.660645
vt 0.102356 0.660645
vt 0.102356 0.656494
vt 0.109009 0.663574
vt 0.102356 0.660645
vt 0.109009 0.660645
vt 0.109009 0.663574
vt 0.102356 0.663574
vt 0.102356 0.660645
vt 0.109009 0.668213
vt 0.102356 0.663574
vt 0.109009 0.663574
vt 0.109009 0.668213
vt 0.102356 0.668213
vt 0.102356 0.663574
vt 0.109009 0.715088
vt 0.102356 0.668213
vt 0.109009 0.668213
vt 0.109009 0.715088
vt 0.102356 0.715088
vt 0.102356 0.668213
vt 0.109009 0.718262
vt 0.102356 0.715088
vt 0.109009 0.715088
vt 0.109009 0.718262
vt 0.102356 0.718262
vt 0.102356 0.715088
vt 0.109009 0.721680
vt 0.102356 0.718262
vt 0.109009 0.718262
vt 0.109009 0.721680
vt 0.102356 0.721680
vt 0.102356 0.718262
vt 0.109009 0.724609
vt 0.102356 0.721680
vt 0.109009 0.721680
vt 0.109009 0.724609
vt 0.102356 0.724609
vt 0.102356 0.721680
vt 0.109009 0.727051
vt 0.102356 0.724609
vt 0.109009 0.724609
vt 0.109009 0.727051
vt 0.102356 0.727051
vt 0.102356 0.724609
vt 0.048431 0.717529
vt 0.040161 0.661377
vt 0.048218 0.661377
vt 0.048431 0.717529
vt 0.040375 0.717529
vt 0.040161 0.661377
vt 0.048462 0.723145
vt 0.040375 0.717529
vt 0.048431 0.717529
vt 0.048462 0.723145
vt 0.040405 0.723145
vt 0.040375 0.717529
vt 0.113586 0.660400
vt 0.111145 0.718506
vt 0.109009 0.715088
vt 0.113586 0.660400
vt 0.109009 0.715088
vt 0.110413 0.663818
vt 0.110413 0.663818
vt 0.109009 0.715088
vt 0.109009 0.668213
vt 0.048218 0.661377
vt 0.050751 0.657227
vt 0.053955 0.726807
vt 0.048218 0.661377
vt 0.053955 0.726807
vt 0.050110 0.723145
vt 0.048431 0.717529
vt 0.048218 0.661377
vt 0.050110 0.723145
vt 0.056854 0.660400
vt 0.068970 0.720703
vt 0.066528 0.721680
vt 0.059967 0.659424
vt 0.068970 0.720703
vt 0.056854 0.660400
vt 0.062683 0.661621
vt 0.068970 0.720703
vt 0.059967 0.659424
vt 0.062683 0.661621
vt 0.071594 0.715332
vt 0.068970 0.720703
vt 0.065552 0.660156
vt 0.071594 0.715332
vt 0.062683 0.661621
vt 0.069946 0.663818
vt 0.071594 0.715332
vt 0.065552 0.660156
vt 0.072571 0.670166
vt 0.071594 0.715332
vt 0.069946 0.663818
vt 0.083252 0.720703
vt 0.095215 0.660156
vt 0.085693 0.721680
vt 0.083252 0.720703
vt 0.092102 0.659424
vt 0.095215 0.660156
vt 0.089355 0.661621
vt 0.092102 0.659424
vt 0.083252 0.720703
vt 0.080566 0.715332
vt 0.089355 0.661621
vt 0.083252 0.720703
vt 0.080566 0.715332
vt 0.086548 0.660400
vt 0.089355 0.661621
vt 0.080566 0.715332
vt 0.082153 0.663574
vt 0.086548 0.660400
vt 0.079529 0.670166
vt 0.082153 0.663574
vt 0.080566 0.715332
vt 0.054596 0.656738
vt 0.065796 0.723633
vt 0.065491 0.725830
vt 0.054596 0.656738
vt 0.055481 0.658691
vt 0.065796 0.723633
vt 0.055481 0.658691
vt 0.066528 0.721680
vt 0.065796 0.723633
vt 0.055481 0.658691
vt 0.056854 0.660400
vt 0.066528 0.721680
vt 0.086731 0.725586
vt 0.096558 0.658447
vt 0.097473 0.656738
vt 0.086731 0.725586
vt 0.086426 0.723633
vt 0.096558 0.658447
vt 0.086426 0.723633
vt 0.095215 0.660156
vt 0.096558 0.658447
vt 0.086426 0.723633
vt 0.085693 0.721680
vt 0.095215 0.660156
vt 0.079529 0.652344
vt 0.079529 0.654541
vt 0.075745 0.653809
vt 0.079529 0.652344
vt 0.075745 0.653809
vt 0.075684 0.651855
vt 0.075745 0.653809
vt 0.072632 0.652344
vt 0.075684 0.651855
vt 0.075745 0.653809
vt 0.072632 0.655029
vt 0.072632 0.652344
vt 0.079529 0.650391
vt 0.079529 0.652344
vt 0.075684 0.651855
vt 0.075684 0.651855
vt 0.072632 0.652344
vt 0.072632 0.650635
vt 0.079529 0.650391
vt 0.075684 0.651855
vt 0.075562 0.649170
vt 0.075684 0.651855
vt 0.072632 0.650635
vt 0.075562 0.649170
vt 0.200806 0.733398
vt 0.206421 0.735352
vt 0.206421 0.738525
vt 0.200806 0.733398
vt 0.206421 0.738525
vt 0.198486 0.736572
vt 0.196289 0.728271
vt 0.200806 0.733398
vt 0.198486 0.736572
vt 0.196289 0.728271
vt 0.198486 0.736572
vt 0.193604 0.731445
vt 0.193604 0.731445
vt 0.194336 0.724609
vt 0.196289 0.728271
vt 0.193604 0.731445
vt 0.191650 0.728027
vt 0.194336 0.724609
vt 0.192627 0.721191
vt 0.194336 0.724609
vt 0.191650 0.728027
vt 0.192627 0.721191
vt 0.191650 0.728027
vt 0.190063 0.724609
vt 0.189697 0.715088
vt 0.192627 0.721191
vt 0.190063 0.724609
vt 0.189697 0.715088
vt 0.190063 0.724609
vt 0.187012 0.718018
vt 0.187012 0.718018
vt 0.185425 0.710449
vt 0.189697 0.715088
vt 0.187012 0.718018
vt 0.183105 0.713135
vt 0.185425 0.710449
vt 0.177979 0.710205
vt 0.185425 0.710449
vt 0.183105 0.713135
vt 0.177979 0.710205
vt 0.183105 0.713135
vt 0.177979 0.712646
vt 0.177979 0.710205
vt 0.177979 0.712646
vt 0.172974 0.713135
vt 0.177979 0.710205
vt 0.172974 0.713135
vt 0.170654 0.710449
vt 0.170654 0.710449
vt 0.172974 0.713135
vt 0.169067 0.718018
vt 0.170654 0.710449
vt 0.169067 0.718018
vt 0.166382 0.715088
vt 0.166382 0.715088
vt 0.169067 0.718018
vt 0.166016 0.724609
vt 0.166382 0.715088
vt 0.166016 0.724609
vt 0.163452 0.721191
vt 0.163452 0.721191
vt 0.166016 0.724609
vt 0.164429 0.728027
vt 0.163452 0.721191
vt 0.164429 0.728027
vt 0.161621 0.724609
vt 0.161621 0.724609
vt 0.164429 0.728027
vt 0.162476 0.731445
vt 0.161621 0.724609
vt 0.162476 0.731445
vt 0.159790 0.728271
vt 0.159790 0.728271
vt 0.162476 0.731445
vt 0.157593 0.736572
vt 0.159790 0.728271
vt 0.157593 0.736572
vt 0.155151 0.733398
vt 0.155151 0.733398
vt 0.157593 0.736572
vt 0.149658 0.738525
vt 0.155151 0.733398
vt 0.149658 0.738525
vt 0.149658 0.735352
vt 0.147339 0.640381
vt 0.147339 0.582031
vt 0.176392 0.582031
vt 0.147339 0.640381
vt 0.176392 0.582031
vt 0.176392 0.641602
vt 0.176392 0.582031
vt 0.205444 0.640381
vt 0.176392 0.641602
vt 0.176392 0.582031
vt 0.205444 0.582031
vt 0.205444 0.640381
vt 0.150269 0.654053
vt 0.147339 0.640381
vt 0.176392 0.641602
vt 0.150269 0.654053
vt 0.176392 0.641602
vt 0.167236 0.652832
vt 0.176392 0.641602
vt 0.205444 0.640381
vt 0.202515 0.654053
vt 0.167236 0.652832
vt 0.176392 0.641602
vt 0.176392 0.649414
vt 0.176392 0.649414
vt 0.176392 0.641602
vt 0.185425 0.652832
vt 0.185425 0.652832
vt 0.176392 0.641602
vt 0.202515 0.654053
vt 0.150269 0.654053
vt 0.167236 0.652832
vt 0.160645 0.660400
vt 0.158691 0.665527
vt 0.150269 0.654053
vt 0.160645 0.660400
vt 0.158691 0.665527
vt 0.150635 0.668457
vt 0.150269 0.654053
vt 0.158691 0.665527
vt 0.158203 0.669922
vt 0.150635 0.668457
vt 0.154053 0.680664
vt 0.150635 0.668457
vt 0.158203 0.669922
vt 0.154053 0.680664
vt 0.158203 0.669922
vt 0.160645 0.678467
vt 0.185425 0.652832
vt 0.202515 0.654053
vt 0.192139 0.660400
vt 0.167236 0.684814
vt 0.154053 0.680664
vt 0.160645 0.678467
vt 0.167236 0.684814
vt 0.163452 0.688477
vt 0.154053 0.680664
vt 0.176392 0.690430
vt 0.163452 0.688477
vt 0.167236 0.684814
vt 0.176392 0.690430
vt 0.167236 0.684814
vt 0.176392 0.686279
vt 0.185425 0.684814
vt 0.176392 0.690430
vt 0.176392 0.686279
vt 0.185425 0.684814
vt 0.189209 0.688477
vt 0.176392 0.690430
vt 0.194092 0.665527
vt 0.192139 0.660400
vt 0.202515 0.654053
vt 0.194092 0.665527
vt 0.202515 0.654053
vt 0.202148 0.668457
vt 0.198608 0.680664
vt 0.189209 0.688477
vt 0.185425 0.684814
vt 0.198608 0.680664
vt 0.185425 0.684814
vt 0.192139 0.678467
vt 0.194580 0.669922
vt 0.198608 0.680664
vt 0.192139 0.678467
vt 0.194580 0.669922
vt 0.202148 0.668457
vt 0.198608 0.680664
vt 0.194092 0.665527
vt 0.202148 0.668457
vt 0.194580 0.669922
vt 0.195679 0.699951
vt 0.186279 0.705811
vt 0.183838 0.702393
vt 0.195679 0.699951
vt 0.183838 0.702393
vt 0.193115 0.696777
vt 0.193115 0.696777
vt 0.183838 0.702393
vt 0.182861 0.697754
vt 0.202026 0.691406
vt 0.195679 0.699951
vt 0.193115 0.696777
vt 0.193115 0.696777
vt 0.182861 0.697754
vt 0.191895 0.692383
vt 0.202026 0.691406
vt 0.193115 0.696777
vt 0.191895 0.692383
vt 0.202026 0.691406
vt 0.191895 0.692383
vt 0.200317 0.687500
vt 0.202026 0.691406
vt 0.204712 0.694580
vt 0.195679 0.699951
vt 0.213623 0.683105
vt 0.202026 0.691406
vt 0.200317 0.687500
vt 0.213623 0.683105
vt 0.204712 0.694580
vt 0.202026 0.691406
vt 0.213623 0.683105
vt 0.200317 0.687500
vt 0.211182 0.679688
vt 0.213623 0.683105
vt 0.216309 0.686279
vt 0.204712 0.694580
vt 0.226196 0.672363
vt 0.213623 0.683105
vt 0.211182 0.679688
vt 0.228516 0.675781
vt 0.216309 0.686279
vt 0.213623 0.683105
vt 0.228516 0.675781
vt 0.213623 0.683105
vt 0.226196 0.672363
vt 0.226196 0.672363
vt 0.211182 0.679688
vt 0.223511 0.669189
vt 0.226196 0.672363
vt 0.235229 0.667969
vt 0.228516 0.675781
vt 0.223511 0.669189
vt 0.235229 0.667969
vt 0.226196 0.672363
vt 0.223511 0.669189
vt 0.228149 0.659668
vt 0.235229 0.667969
vt 0.228149 0.659668
vt 0.235718 0.591797
vt 0.235229 0.667969
vt 0.228149 0.659668
vt 0.227661 0.591797
vt 0.235718 0.591797
vt 0.183838 0.702393
vt 0.186279 0.705811
vt 0.195679 0.699951
vt 0.183838 0.702393
vt 0.195679 0.699951
vt 0.193115 0.696777
vt 0.195679 0.699951
vt 0.202026 0.691406
vt 0.193115 0.696777
vt 0.195679 0.699951
vt 0.204712 0.694580
vt 0.202026 0.691406
vt 0.182861 0.697754
vt 0.183838 0.702393
vt 0.193115 0.696777
vt 0.204712 0.694580
vt 0.213623 0.683105
vt 0.202026 0.691406
vt 0.191895 0.692383
vt 0.193115 0.696777
vt 0.202026 0.691406
vt 0.182861 0.697754
vt 0.193115 0.696777
vt 0.191895 0.692383
vt 0.204712 0.694580
vt 0.216309 0.686279
vt 0.213623 0.683105
vt 0.213623 0.683105
vt 0.216309 0.686279
vt 0.228516 0.675781
vt 0.200317 0.687500
vt 0.202026 0.691406
vt 0.213623 0.683105
vt 0.191895 0.692383
vt 0.202026 0.691406
vt 0.200317 0.687500
vt 0.213623 0.683105
vt 0.228516 0.675781
vt 0.226196 0.672363
vt 0.200317 0.687500
vt 0.213623 0.683105
vt 0.211182 0.679688
vt 0.211182 0.679688
vt 0.213623 0.683105
vt 0.226196 0.672363
vt 0.226196 0.672363
vt 0.228516 0.675781
vt 0.235229 0.667969
vt 0.211182 0.679688
vt 0.226196 0.672363
vt 0.223511 0.669189
vt 0.223511 0.669189
vt 0.226196 0.672363
vt 0.235229 0.667969
vt 0.235229 0.667969
vt 0.228149 0.659668
vt 0.223511 0.669189
vt 0.235718 0.591797
vt 0.228149 0.659668
vt 0.235229 0.667969
vt 0.235718 0.591797
vt 0.227661 0.591797
vt 0.228149 0.659668
vt 0.249146 0.572998
vt 0.242798 0.596924
vt 0.242798 0.572998
vt 0.249146 0.572998
vt 0.249146 0.596924
vt 0.242798 0.596924
vt 0.255371 0.572998
vt 0.249146 0.596924
vt 0.249146 0.572998
vt 0.255371 0.572998
vt 0.255371 0.596924
vt 0.249146 0.596924
vt 0.261475 0.572998
vt 0.255371 0.596924
vt 0.255371 0.572998
vt 0.261475 0.572998
vt 0.261475 0.596924
vt 0.255371 0.596924
vt 0.267822 0.572998
vt 0.261475 0.596924
vt 0.261475 0.572998
vt 0.267822 0.572998
vt 0.267822 0.596924
vt 0.261475 0.596924
vt 0.274170 0.572998
vt 0.267822 0.596924
vt 0.267822 0.572998
vt 0.274170 0.572998
vt 0.274170 0.596924
vt 0.267822 0.596924
vt 0.280518 0.572998
vt 0.274170 0.596924
vt 0.274170 0.572998
vt 0.280518 0.572998
vt 0.280518 0.596924
vt 0.274170 0.596924
vt 0.144653 0.757568
vt 0.140137 0.757568
vt 0.140137 0.752563
vt 0.144653 0.757568
vt 0.140137 0.752563
vt 0.144653 0.752563
vt 0.140137 0.617920
vt 0.144653 0.752563
vt 0.140137 0.752563
vt 0.140137 0.617920
vt 0.144653 0.617920
vt 0.144653 0.752563
vt 0.140137 0.617920
vt 0.144653 0.612793
vt 0.144653 0.617920
vt 0.140137 0.617920
vt 0.140137 0.612793
vt 0.144653 0.612793
vt 0.131958 0.765259
vt 0.136963 0.760620
vt 0.136963 0.765259
vt 0.131958 0.765259
vt 0.131958 0.760620
vt 0.136963 0.760620
vt 0.131958 0.760620
vt 0.131958 0.765259
vt 0.022415 0.765259
vt 0.131958 0.760620
vt 0.022415 0.765259
vt 0.022415 0.760620
vt 0.017426 0.760620
vt 0.022415 0.760620
vt 0.022415 0.765259
vt 0.017426 0.760620
vt 0.022415 0.765259
vt 0.017426 0.765259
vt 0.014259 0.752563
vt 0.014267 0.757568
vt 0.009682 0.757568
vt 0.014259 0.752563
vt 0.009682 0.757568
vt 0.009682 0.752563
vt 0.014259 0.752563
vt 0.009682 0.752563
vt 0.009682 0.617920
vt 0.014259 0.752563
vt 0.009682 0.617920
vt 0.014259 0.617920
vt 0.009682 0.612793
vt 0.014259 0.617920
vt 0.009682 0.617920
vt 0.009682 0.612793
vt 0.014267 0.612793
vt 0.014259 0.617920
vt 0.136963 0.609863
vt 0.131958 0.605225
vt 0.136963 0.605225
vt 0.136963 0.609863
vt 0.131958 0.609863
vt 0.131958 0.605225
vt 0.022415 0.609863
vt 0.131958 0.605225
vt 0.131958 0.609863
vt 0.022415 0.609863
vt 0.022415 0.605225
vt 0.131958 0.605225
vt 0.022415 0.605225
vt 0.022415 0.609863
vt 0.017426 0.609863
vt 0.022415 0.605225
vt 0.017426 0.609863
vt 0.017426 0.605225
vt 0.135620 0.758179
vt 0.131958 0.760620
vt 0.130981 0.758179
vt 0.135620 0.758179
vt 0.136963 0.760620
vt 0.131958 0.760620
vt 0.131958 0.760620
vt 0.023376 0.758179
vt 0.130981 0.758179
vt 0.131958 0.760620
vt 0.022415 0.760620
vt 0.023376 0.758179
vt 0.022415 0.760620
vt 0.018799 0.758179
vt 0.023376 0.758179
vt 0.022415 0.760620
vt 0.017426 0.760620
vt 0.018799 0.758179
vt 0.137573 0.750977
vt 0.140137 0.617920
vt 0.140137 0.752563
vt 0.137573 0.750977
vt 0.137573 0.619385
vt 0.140137 0.617920
vt 0.140137 0.752563
vt 0.137573 0.756226
vt 0.137573 0.750977
vt 0.140137 0.752563
vt 0.140137 0.757568
vt 0.137573 0.756226
vt 0.137573 0.614258
vt 0.140137 0.617920
vt 0.137573 0.619385
vt 0.137573 0.614258
vt 0.140137 0.612793
vt 0.140137 0.617920
vt 0.016785 0.756226
vt 0.014259 0.752563
vt 0.016785 0.750977
vt 0.016785 0.756226
vt 0.014267 0.757568
vt 0.014259 0.752563
vt 0.014259 0.752563
vt 0.016785 0.619385
vt 0.016785 0.750977
vt 0.014259 0.752563
vt 0.014259 0.617920
vt 0.016785 0.619385
vt 0.014259 0.617920
vt 0.016785 0.614258
vt 0.016785 0.619385
vt 0.014259 0.617920
vt 0.014267 0.612793
vt 0.016785 0.614258
vt 0.130981 0.612305
vt 0.022415 0.609863
vt 0.131958 0.609863
vt 0.130981 0.612305
vt 0.023376 0.612305
vt 0.022415 0.609863
vt 0.131958 0.609863
vt 0.135620 0.612305
vt 0.130981 0.612305
vt 0.131958 0.609863
vt 0.136963 0.609863
vt 0.135620 0.612305
vt 0.018799 0.612305
vt 0.022415 0.609863
vt 0.023376 0.612305
vt 0.018799 0.612305
vt 0.017426 0.609863
vt 0.022415 0.609863
vt 0.094910 0.511963
vt 0.098389 0.567627
vt 0.086975 0.567627
vt 0.094910 0.511963
vt 0.113647 0.512207
vt 0.098389 0.567627
vt 0.104004 0.503174
vt 0.113647 0.512207
vt 0.094910 0.511963
vt 0.098389 0.567627
vt 0.113647 0.512207
vt 0.247559 0.512207
vt 0.104004 0.503174
vt 0.247559 0.512207
vt 0.113647 0.512207
vt 0.104004 0.503174
vt 0.257080 0.503174
vt 0.247559 0.512207
vt 0.098389 0.567627
vt 0.247559 0.512207
vt 0.262695 0.567627
vt 0.098206 0.490723
vt 0.257080 0.503174
vt 0.104004 0.503174
vt 0.098206 0.490723
vt 0.262939 0.490723
vt 0.257080 0.503174
vt 0.266357 0.511963
vt 0.247559 0.512207
vt 0.257080 0.503174
vt 0.262695 0.567627
vt 0.247559 0.512207
vt 0.266357 0.511963
vt 0.262939 0.490723
vt 0.098206 0.490723
vt 0.098206 0.359863
vt 0.262939 0.490723
vt 0.098206 0.359863
vt 0.262939 0.359863
vt 0.262695 0.567627
vt 0.266357 0.511963
vt 0.274170 0.567627
vt 0.239746 0.187012
vt 0.225708 0.187012
vt 0.220703 0.177734
vt 0.239746 0.187012
vt 0.220703 0.177734
vt 0.245117 0.177734
vt 0.245117 0.141602
vt 0.245117 0.177734
vt 0.220703 0.177734
vt 0.245117 0.141602
vt 0.220703 0.177734
vt 0.220703 0.141602
vt 0.225708 0.187012
vt 0.244141 0.195313
vt 0.220459 0.195313
vt 0.225708 0.187012
vt 0.239746 0.187012
vt 0.244141 0.195313
vt 0.245117 0.141602
vt 0.211914 0.134766
vt 0.253174 0.134766
vt 0.245117 0.141602
vt 0.220703 0.141602
vt 0.211914 0.134766
vt 0.239746 0.187012
vt 0.253174 0.177734
vt 0.244141 0.195313
vt 0.239746 0.187012
vt 0.245117 0.177734
vt 0.253174 0.177734
vt 0.253174 0.177734
vt 0.245117 0.177734
vt 0.245117 0.141602
vt 0.253174 0.177734
vt 0.245117 0.141602
vt 0.253174 0.134766
vt 0.211914 0.177734
vt 0.225708 0.187012
vt 0.220459 0.195313
vt 0.211914 0.177734
vt 0.220703 0.177734
vt 0.225708 0.187012
vt 0.211914 0.134766
vt 0.220703 0.177734
vt 0.211914 0.177734
vt 0.211914 0.134766
vt 0.220703 0.141602
vt 0.220703 0.177734
vt 0.746582 0.995052
vt 0.650391 0.968658
vt 0.745605 0.968658
vt 0.746582 0.995052
vt 0.648926 0.995052
vt 0.650391 0.968658
vt 0.104065 0.011230
vt 0.253662 0.019043
vt 0.107544 0.019043
vt 0.104065 0.011230
vt 0.257080 0.011230
vt 0.253662 0.019043
vt 0.008423 0.011230
vt 0.086853 0.011230
vt 0.086853 0.026855
vt 0.008423 0.011230
vt 0.086853 0.026855
vt 0.008423 0.026855
vt 0.086853 0.026855
vt 0.008423 0.359863
vt 0.008423 0.026855
vt 0.086853 0.026855
vt 0.086853 0.359863
vt 0.008423 0.359863
vt 0.008423 0.359863
vt 0.086853 0.359863
vt 0.086426 0.490234
vt 0.086853 0.359863
vt 0.097778 0.489746
vt 0.086426 0.490234
vt 0.086853 0.359863
vt 0.098206 0.359863
vt 0.097778 0.489746
vt 0.086853 0.359863
vt 0.098206 0.026855
vt 0.098206 0.359863
vt 0.008423 0.359863
vt 0.086426 0.490234
vt 0.028992 0.483887
vt 0.086853 0.359863
vt 0.086853 0.026855
vt 0.098206 0.026855
vt 0.097778 0.489746
vt 0.094849 0.504883
vt 0.086426 0.490234
vt 0.086853 0.011230
vt 0.098206 0.026855
vt 0.086853 0.026855
vt 0.086853 0.011230
vt 0.098206 0.019043
vt 0.098206 0.026855
vt 0.086426 0.490234
vt 0.039032 0.499512
vt 0.028992 0.483887
vt 0.086426 0.490234
vt 0.094849 0.504883
vt 0.039032 0.499512
vt 0.097778 0.489746
vt 0.103638 0.503662
vt 0.094849 0.504883
vt 0.262695 0.491211
vt 0.266846 0.503418
vt 0.258057 0.503174
vt 0.262695 0.491211
vt 0.273926 0.490723
vt 0.266846 0.503418
vt 0.262695 0.491211
vt 0.274414 0.359863
vt 0.273926 0.490723
vt 0.262695 0.491211
vt 0.262939 0.359863
vt 0.274414 0.359863
vt 0.322754 0.499023
vt 0.266846 0.503418
vt 0.273926 0.490723
vt 0.262939 0.359863
vt 0.262939 0.197754
vt 0.274414 0.359863
vt 0.274414 0.359863
vt 0.262939 0.197754
vt 0.262939 0.159668
vt 0.273926 0.490723
vt 0.274414 0.359863
vt 0.352783 0.359863
vt 0.274414 0.359863
vt 0.262939 0.159668
vt 0.262939 0.134766
vt 0.322754 0.499023
vt 0.273926 0.490723
vt 0.331543 0.485352
vt 0.273926 0.490723
vt 0.352783 0.359863
vt 0.331543 0.485352
vt 0.352783 0.026855
vt 0.352783 0.359863
vt 0.274414 0.359863
vt 0.274414 0.359863
vt 0.262939 0.134766
vt 0.274414 0.026855
vt 0.352783 0.026855
vt 0.274414 0.359863
vt 0.274414 0.026855
vt 0.274414 0.026855
vt 0.352783 0.011230
vt 0.352783 0.026855
vt 0.274414 0.026855
vt 0.262939 0.134766
vt 0.262939 0.026855
vt 0.274414 0.026855
vt 0.274414 0.011230
vt 0.352783 0.011230
vt 0.262939 0.026855
vt 0.274414 0.011230
vt 0.274414 0.026855
vt 0.262939 0.026855
vt 0.262939 0.019043
vt 0.274414 0.011230
vt 0.098206 0.026855
vt 0.107544 0.019043
vt 0.253662 0.019043
vt 0.098206 0.026855
vt 0.253662 0.019043
vt 0.262939 0.026855
vt 0.211548 0.038574
vt 0.098206 0.026855
vt 0.262939 0.026855
vt 0.211548 0.125488
vt 0.211548 0.038574
vt 0.262939 0.026855
vt 0.262939 0.026855
vt 0.252686 0.134766
vt 0.211548 0.125488
vt 0.252686 0.134766
vt 0.262939 0.026855
vt 0.262939 0.134766
vt 0.211548 0.038574
vt 0.139404 0.038574
vt 0.098206 0.026855
vt 0.252686 0.134766
vt 0.262939 0.134766
vt 0.262939 0.159668
vt 0.211548 0.125488
vt 0.201904 0.048340
vt 0.211548 0.038574
vt 0.252686 0.134766
vt 0.262939 0.159668
vt 0.252686 0.177734
vt 0.211548 0.038574
vt 0.149048 0.048340
vt 0.139404 0.038574
vt 0.211548 0.038574
vt 0.201904 0.048340
vt 0.149048 0.048340
vt 0.252686 0.177734
vt 0.262939 0.159668
vt 0.262939 0.197754
vt 0.211548 0.125488
vt 0.252686 0.134766
vt 0.211548 0.134766
vt 0.139404 0.125488
vt 0.098206 0.026855
vt 0.139404 0.038574
vt 0.211548 0.125488
vt 0.211548 0.134766
vt 0.139404 0.125488
vt 0.211548 0.125488
vt 0.201904 0.116211
vt 0.201904 0.048340
vt 0.139404 0.125488
vt 0.201904 0.116211
vt 0.211548 0.125488
vt 0.139404 0.125488
vt 0.098206 0.359863
vt 0.098206 0.026855
vt 0.139404 0.038574
vt 0.149048 0.048340
vt 0.149048 0.116211
vt 0.139404 0.038574
vt 0.149048 0.116211
vt 0.139404 0.125488
vt 0.139404 0.125488
vt 0.149048 0.116211
vt 0.201904 0.116211
vt 0.252686 0.177734
vt 0.262939 0.197754
vt 0.243774 0.195313
vt 0.211548 0.134766
vt 0.211548 0.177734
vt 0.139404 0.125488
vt 0.220093 0.195313
vt 0.098206 0.359863
vt 0.139404 0.125488
vt 0.211548 0.177734
vt 0.220093 0.195313
vt 0.139404 0.125488
vt 0.243774 0.195313
vt 0.262939 0.197754
vt 0.262939 0.359863
vt 0.220093 0.195313
vt 0.262939 0.359863
vt 0.098206 0.359863
vt 0.243774 0.195313
vt 0.262939 0.359863
vt 0.220093 0.195313
vt 0.011368 0.905762
vt 0.072571 0.912842
vt 0.011368 0.912842
vt 0.011368 0.905762
vt 0.072571 0.905762
vt 0.072571 0.912842
vt 0.011368 0.898682
vt 0.072571 0.905762
vt 0.011368 0.905762
vt 0.011368 0.898682
vt 0.072571 0.898682
vt 0.072571 0.905762
vt 0.011368 0.891602
vt 0.072571 0.898682
vt 0.011368 0.898682
vt 0.011368 0.891602
vt 0.072571 0.891602
vt 0.072571 0.898682
vt 0.011368 0.884521
vt 0.072571 0.891602
vt 0.011368 0.891602
vt 0.011368 0.884521
vt 0.072571 0.884521
vt 0.072571 0.891602
vt 0.011368 0.877380
vt 0.072571 0.884521
vt 0.011368 0.884521
vt 0.011368 0.877380
vt 0.072571 0.877380
vt 0.072571 0.884521
vt 0.011368 0.870361
vt 0.072571 0.877380
vt 0.011368 0.877380
vt 0.011368 0.870361
vt 0.072571 0.870361
vt 0.072571 0.877380
vt 0.011368 0.863281
vt 0.072571 0.870361
vt 0.011368 0.870361
vt 0.011368 0.863281
vt 0.072571 0.863281
vt 0.072571 0.870361
vt 0.011368 0.856201
vt 0.072571 0.863281
vt 0.011368 0.863281
vt 0.011368 0.856201
vt 0.072571 0.856201
vt 0.072571 0.863281
vt 0.824219 0.951385
vt 0.897949 0.960022
vt 0.824219 0.960022
vt 0.824219 0.951385
vt 0.897949 0.951385
vt 0.897949 0.960022
vt 0.824219 0.942719
vt 0.897949 0.951385
vt 0.824219 0.951385
vt 0.824219 0.942719
vt 0.897949 0.942719
vt 0.897949 0.951385
vt 0.824219 0.934082
vt 0.897949 0.942719
vt 0.824219 0.942719
vt 0.824219 0.934082
vt 0.897949 0.934082
vt 0.897949 0.942719
vt 0.824219 0.925415
vt 0.897949 0.934082
vt 0.824219 0.934082
vt 0.824219 0.925415
vt 0.897949 0.925415
vt 0.897949 0.934082
vt 0.824219 0.916748
vt 0.897949 0.925415
vt 0.824219 0.925415
vt 0.824219 0.916748
vt 0.897949 0.916748
vt 0.897949 0.925415
vt 0.824219 0.908142
vt 0.897949 0.916748
vt 0.824219 0.916748
vt 0.824219 0.908142
vt 0.897949 0.908142
vt 0.897949 0.916748
vt 0.824219 0.951385
vt 0.897949 0.960022
vt 0.824219 0.960022
vt 0.824219 0.951385
vt 0.897949 0.951385
vt 0.897949 0.960022
vt 0.824219 0.942719
vt 0.897949 0.951385
vt 0.824219 0.951385
vt 0.824219 0.942719
vt 0.897949 0.942719
vt 0.897949 0.951385
vt 0.824219 0.934082
vt 0.897949 0.942719
vt 0.824219 0.942719
vt 0.824219 0.934082
vt 0.897949 0.934082
vt 0.897949 0.942719
vt 0.824219 0.925415
vt 0.897949 0.934082
vt 0.824219 0.934082
vt 0.824219 0.925415
vt 0.897949 0.925415
vt 0.897949 0.934082
vt 0.824219 0.916748
vt 0.897949 0.925415
vt 0.824219 0.925415
vt 0.824219 0.916748
vt 0.897949 0.916748
vt 0.897949 0.925415
vt 0.824219 0.908142
vt 0.897949 0.916748
vt 0.824219 0.916748
vt 0.824219 0.908142
vt 0.897949 0.908142
vt 0.897949 0.916748
vt 0.823730 0.886597
vt 0.899902 0.875366
vt 0.823730 0.875366
vt 0.823730 0.886597
vt 0.899902 0.886597
vt 0.899902 0.875366
vt 0.823730 0.897827
vt 0.899902 0.886597
vt 0.823730 0.886597
vt 0.823730 0.897827
vt 0.899902 0.897827
vt 0.899902 0.886597
vt 0.823730 0.909058
vt 0.899902 0.897827
vt 0.823730 0.897827
vt 0.823730 0.909058
vt 0.899902 0.909058
vt 0.899902 0.897827
vt 0.823730 0.920288
vt 0.899902 0.909058
vt 0.823730 0.909058
vt 0.823730 0.920288
vt 0.899902 0.920288
vt 0.899902 0.909058
vt 0.823730 0.931519
vt 0.899902 0.920288
vt 0.823730 0.920288
vt 0.823730 0.931519
vt 0.899902 0.931519
vt 0.899902 0.920288
vt 0.823730 0.942719
vt 0.899902 0.931519
vt 0.823730 0.931519
vt 0.823730 0.942719
vt 0.899902 0.942719
vt 0.899902 0.931519
vt 0.823730 0.953949
vt 0.899902 0.942719
vt 0.823730 0.942719
vt 0.823730 0.953949
vt 0.899902 0.953949
vt 0.899902 0.942719
vt 0.823730 0.965179
vt 0.899902 0.953949
vt 0.823730 0.953949
vt 0.823730 0.965179
vt 0.899902 0.965179
vt 0.899902 0.953949
vt 0.823730 0.976395
vt 0.899902 0.965179
vt 0.823730 0.965179
vt 0.823730 0.976395
vt 0.899902 0.976395
vt 0.899902 0.965179
vt 0.823730 0.987625
vt 0.899902 0.976395
vt 0.823730 0.976395
vt 0.823730 0.987625
vt 0.899902 0.987625
vt 0.899902 0.976395
vt 0.899902 0.987679
vt 0.823730 0.987679
vt 0.823730 0.976456
vt 0.899902 0.987679
vt 0.823730 0.976456
vt 0.899902 0.976456
vt 0.899902 0.976456
vt 0.823730 0.976456
vt 0.823730 0.965240
vt 0.899902 0.976456
vt 0.823730 0.965240
vt 0.899902 0.965240
vt 0.899902 0.965240
vt 0.823730 0.965240
vt 0.823730 0.954010
vt 0.899902 0.965240
vt 0.823730 0.954010
vt 0.899902 0.954010
vt 0.899902 0.954010
vt 0.823730 0.954010
vt 0.823730 0.942780
vt 0.899902 0.954010
vt 0.823730 0.942780
vt 0.899902 0.942780
vt 0.899902 0.942780
vt 0.823730 0.942780
vt 0.823730 0.931580
vt 0.899902 0.942780
vt 0.823730 0.931580
vt 0.899902 0.931580
vt 0.899902 0.931580
vt 0.823730 0.931580
vt 0.823730 0.920349
vt 0.899902 0.931580
vt 0.823730 0.920349
vt 0.899902 0.920349
vt 0.899902 0.920349
vt 0.823730 0.920349
vt 0.823730 0.909119
vt 0.899902 0.920349
vt 0.823730 0.909119
vt 0.899902 0.909119
vt 0.899902 0.909119
vt 0.823730 0.909119
vt 0.823730 0.897888
vt 0.899902 0.909119
vt 0.823730 0.897888
vt 0.899902 0.897888
vt 0.899902 0.897888
vt 0.823730 0.897888
vt 0.823730 0.886658
vt 0.899902 0.897888
vt 0.823730 0.886658
vt 0.899902 0.886658
vt 0.899902 0.886658
vt 0.823730 0.886658
vt 0.823730 0.875427
vt 0.899902 0.886658
vt 0.823730 0.875427
vt 0.899902 0.875427
vt 0.023209 0.586426
vt 0.046509 0.549072
vt 0.044800 0.592285
vt 0.044800 0.592285
vt 0.046509 0.549072
vt 0.066345 0.586426
vt 0.066345 0.586426
vt 0.046509 0.549072
vt 0.082153 0.570801
vt 0.082153 0.570801
vt 0.046509 0.549072
vt 0.087952 0.549072
vt 0.087952 0.549072
vt 0.046509 0.549072
vt 0.082153 0.527588
vt 0.082153 0.527588
vt 0.046509 0.549072
vt 0.066345 0.511719
vt 0.007420 0.570801
vt 0.046509 0.549072
vt 0.023209 0.586426
vt 0.066345 0.511719
vt 0.046509 0.549072
vt 0.044800 0.505859
vt 0.044800 0.505859
vt 0.046509 0.549072
vt 0.023209 0.511719
vt 0.023209 0.511719
vt 0.046509 0.549072
vt 0.007420 0.527588
vt 0.007420 0.527588
vt 0.046509 0.549072
vt 0.001637 0.549072
vt 0.001637 0.549072
vt 0.046509 0.549072
vt 0.007420 0.570801
vt 0.007278 0.570068
vt 0.046204 0.549561
vt 0.022552 0.585938
vt 0.022552 0.585938
vt 0.046204 0.549561
vt 0.043701 0.592041
vt 0.043701 0.592041
vt 0.046204 0.549561
vt 0.065063 0.586670
vt 0.065063 0.586670
vt 0.046204 0.549561
vt 0.080933 0.571533
vt 0.080933 0.571533
vt 0.046204 0.549561
vt 0.087036 0.550293
vt 0.087036 0.550293
vt 0.046204 0.549561
vt 0.081726 0.528809
vt 0.001980 0.548584
vt 0.046204 0.549561
vt 0.007278 0.570068
vt 0.081726 0.528809
vt 0.046204 0.549561
vt 0.066467 0.512939
vt 0.066467 0.512939
vt 0.046204 0.549561
vt 0.045319 0.506836
vt 0.045319 0.506836
vt 0.046204 0.549561
vt 0.023941 0.512207
vt 0.023941 0.512207
vt 0.046204 0.549561
vt 0.008080 0.527588
vt 0.008080 0.527588
vt 0.046204 0.549561
vt 0.001980 0.548584
vt 0.023209 0.586426
vt 0.046509 0.549072
vt 0.044800 0.592285
vt 0.044800 0.592285
vt 0.046509 0.549072
vt 0.066345 0.586426
vt 0.066345 0.586426
vt 0.046509 0.549072
vt 0.082153 0.570801
vt 0.082153 0.570801
vt 0.046509 0.549072
vt 0.087952 0.549072
vt 0.087952 0.549072
vt 0.046509 0.549072
vt 0.082153 0.527588
vt 0.082153 0.527588
vt 0.046509 0.549072
vt 0.066345 0.511719
vt 0.007420 0.570801
vt 0.046509 0.549072
vt 0.023209 0.586426
vt 0.066345 0.511719
vt 0.046509 0.549072
vt 0.044800 0.505859
vt 0.044800 0.505859
vt 0.046509 0.549072
vt 0.023209 0.511719
vt 0.023209 0.511719
vt 0.046509 0.549072
vt 0.007420 0.527588
vt 0.007420 0.527588
vt 0.046509 0.549072
vt 0.001637 0.549072
vt 0.001637 0.549072
vt 0.046509 0.549072
vt 0.007420 0.570801
vt 0.007278 0.570068
vt 0.046204 0.549561
vt 0.022552 0.585938
vt 0.022552 0.585938
vt 0.046204 0.549561
vt 0.043701 0.592041
vt 0.043701 0.592041
vt 0.046204 0.549561
vt 0.065063 0.586670
vt 0.065063 0.586670
vt 0.046204 0.549561
vt 0.080933 0.571533
vt 0.080933 0.571533
vt 0.046204 0.549561
vt 0.087036 0.550293
vt 0.087036 0.550293
vt 0.046204 0.549561
vt 0.081726 0.528809
vt 0.001980 0.548584
vt 0.046204 0.549561
vt 0.007278 0.570068
vt 0.081726 0.528809
vt 0.046204 0.549561
vt 0.066467 0.512939
vt 0.066467 0.512939
vt 0.046204 0.549561
vt 0.045319 0.506836
vt 0.045319 0.506836
vt 0.046204 0.549561
vt 0.023941 0.512207
vt 0.023941 0.512207
vt 0.046204 0.549561
vt 0.008080 0.527588
vt 0.008080 0.527588
vt 0.046204 0.549561
vt 0.001980 0.548584
vt 0.071655 0.727295
vt 0.071655 0.725342
vt 0.076172 0.725098
vt 0.071655 0.725342
vt 0.075989 0.722900
vt 0.076172 0.725098
vt 0.071655 0.725342
vt 0.071655 0.722900
vt 0.075989 0.722900
vt 0.071655 0.727295
vt 0.076172 0.725098
vt 0.076050 0.727783
vt 0.071655 0.722900
vt 0.075989 0.719971
vt 0.075989 0.722900
vt 0.075989 0.722900
vt 0.080872 0.724609
vt 0.076172 0.725098
vt 0.071655 0.722900
vt 0.071655 0.719971
vt 0.075989 0.719971
vt 0.076172 0.725098
vt 0.080933 0.726563
vt 0.076050 0.727783
vt 0.076172 0.725098
vt 0.080872 0.724609
vt 0.080933 0.726563
vt 0.071594 0.715332
vt 0.075989 0.719971
vt 0.071655 0.719971
vt 0.075989 0.719971
vt 0.080627 0.722412
vt 0.075989 0.722900
vt 0.075989 0.722900
vt 0.080627 0.722412
vt 0.080872 0.724609
vt 0.071594 0.715332
vt 0.075989 0.715088
vt 0.075989 0.719971
vt 0.075989 0.719971
vt 0.080627 0.719971
vt 0.080627 0.722412
vt 0.075989 0.719971
vt 0.080566 0.715332
vt 0.080627 0.719971
vt 0.075989 0.719971
vt 0.075989 0.715088
vt 0.080566 0.715332
vt 0.072571 0.670166
vt 0.075989 0.715088
vt 0.071594 0.715332
vt 0.072571 0.670166
vt 0.075989 0.670410
vt 0.075989 0.715088
vt 0.079529 0.670166
vt 0.080566 0.715332
vt 0.075989 0.715088
vt 0.079529 0.670166
vt 0.075989 0.715088
vt 0.075989 0.670410
vt 0.072632 0.663818
vt 0.075989 0.670410
vt 0.072571 0.670166
vt 0.072632 0.663818
vt 0.075989 0.662598
vt 0.075989 0.670410
vt 0.075989 0.662598
vt 0.072632 0.663818
vt 0.072632 0.659912
vt 0.079529 0.663574
vt 0.075989 0.670410
vt 0.075989 0.662598
vt 0.079529 0.663574
vt 0.079529 0.670166
vt 0.075989 0.670410
vt 0.075989 0.662598
vt 0.072632 0.659912
vt 0.075989 0.659668
vt 0.079529 0.659912
vt 0.079529 0.663574
vt 0.075989 0.662598
vt 0.079529 0.659912
vt 0.075989 0.662598
vt 0.075989 0.659668
vt 0.072632 0.657227
vt 0.075989 0.659668
vt 0.072632 0.659912
vt 0.075867 0.656982
vt 0.079529 0.659912
vt 0.075989 0.659668
vt 0.072632 0.657227
vt 0.075867 0.656982
vt 0.075989 0.659668
vt 0.075867 0.656982
vt 0.072632 0.657227
vt 0.072632 0.655029
vt 0.075867 0.656982
vt 0.079529 0.656982
vt 0.079529 0.659912
vt 0.075867 0.656982
vt 0.072632 0.655029
vt 0.075745 0.653809
vt 0.079529 0.654541
vt 0.075867 0.656982
vt 0.075745 0.653809
vt 0.079529 0.654541
vt 0.079529 0.656982
vt 0.075867 0.656982
vt 0.189453 0.741943
vt 0.194580 0.748535
vt 0.191406 0.748291
vt 0.194580 0.748535
vt 0.191040 0.751587
vt 0.191406 0.748291
vt 0.194580 0.748535
vt 0.193848 0.761597
vt 0.191040 0.751587
vt 0.194580 0.748535
vt 0.197876 0.758545
vt 0.193848 0.761597
vt 0.189453 0.741943
vt 0.192139 0.740723
vt 0.194580 0.748535
vt 0.194580 0.748535
vt 0.197632 0.748779
vt 0.197876 0.758545
vt 0.194824 0.739502
vt 0.197632 0.748779
vt 0.194580 0.748535
vt 0.194824 0.739502
vt 0.194580 0.748535
vt 0.192139 0.740723
vt 0.191040 0.751587
vt 0.193848 0.761597
vt 0.189453 0.754883
vt 0.183960 0.737305
vt 0.192139 0.740723
vt 0.189453 0.741943
vt 0.193848 0.761597
vt 0.183960 0.759766
vt 0.189453 0.754883
vt 0.193848 0.761597
vt 0.186523 0.765625
vt 0.183960 0.759766
vt 0.186523 0.765625
vt 0.176514 0.761597
vt 0.183960 0.759766
vt 0.186523 0.765625
vt 0.176514 0.767212
vt 0.176514 0.761597
vt 0.176514 0.761597
vt 0.176514 0.767212
vt 0.166504 0.765625
vt 0.176514 0.761597
vt 0.166504 0.765625
vt 0.169067 0.759766
vt 0.169067 0.759766
vt 0.166504 0.765625
vt 0.159302 0.761597
vt 0.187134 0.732178
vt 0.194824 0.739502
vt 0.192139 0.740723
vt 0.183960 0.737305
vt 0.185547 0.734619
vt 0.192139 0.740723
vt 0.187134 0.732178
vt 0.192139 0.740723
vt 0.185547 0.734619
vt 0.169067 0.759766
vt 0.159302 0.761597
vt 0.163696 0.754883
vt 0.163696 0.754883
vt 0.159302 0.761597
vt 0.162109 0.751587
vt 0.162109 0.751587
vt 0.159302 0.761597
vt 0.158569 0.748535
vt 0.155151 0.758545
vt 0.158569 0.748535
vt 0.159302 0.761597
vt 0.155151 0.758545
vt 0.155396 0.748779
vt 0.158569 0.748535
vt 0.162109 0.751587
vt 0.158569 0.748535
vt 0.161621 0.748291
vt 0.158569 0.748535
vt 0.155396 0.748779
vt 0.158325 0.739502
vt 0.158569 0.748535
vt 0.158325 0.739502
vt 0.161011 0.740723
vt 0.158569 0.748535
vt 0.161011 0.740723
vt 0.163696 0.741943
vt 0.158569 0.748535
vt 0.163696 0.741943
vt 0.161621 0.748291
vt 0.176514 0.733643
vt 0.185547 0.734619
vt 0.183960 0.737305
vt 0.161011 0.740723
vt 0.158325 0.739502
vt 0.166016 0.732178
vt 0.176514 0.733643
vt 0.183960 0.737305
vt 0.176514 0.736816
vt 0.161011 0.740723
vt 0.166016 0.732178
vt 0.167603 0.734619
vt 0.161011 0.740723
vt 0.169067 0.737305
vt 0.163696 0.741943
vt 0.161011 0.740723
vt 0.167603 0.734619
vt 0.169067 0.737305
vt 0.169067 0.737305
vt 0.167603 0.734619
vt 0.176514 0.733643
vt 0.169067 0.737305
vt 0.176514 0.733643
vt 0.176514 0.736816
vt 0.167603 0.734619
vt 0.166016 0.732178
vt 0.176514 0.730713
vt 0.167603 0.734619
vt 0.176514 0.730713
vt 0.176514 0.733643
vt 0.176514 0.730713
vt 0.185547 0.734619
vt 0.176514 0.733643
vt 0.176514 0.730713
vt 0.187134 0.732178
vt 0.185547 0.734619
vt 0.016785 0.750977
vt 0.033905 0.741455
vt 0.018799 0.756226
vt 0.023376 0.758179
vt 0.018799 0.756226
vt 0.033905 0.741455
vt 0.023376 0.758179
vt 0.033905 0.741455
vt 0.039001 0.743408
vt 0.130981 0.758179
vt 0.023376 0.758179
vt 0.039001 0.743408
vt 0.130981 0.758179
vt 0.039001 0.743408
vt 0.115417 0.743408
vt 0.130981 0.758179
vt 0.115417 0.743408
vt 0.120483 0.741455
vt 0.130981 0.758179
vt 0.120483 0.741455
vt 0.135620 0.756226
vt 0.137573 0.750977
vt 0.135620 0.756226
vt 0.120483 0.741455
vt 0.137573 0.750977
vt 0.120483 0.741455
vt 0.122559 0.737305
vt 0.016785 0.750977
vt 0.031860 0.737305
vt 0.033905 0.741455
vt 0.137573 0.619385
vt 0.137573 0.750977
vt 0.122559 0.737305
vt 0.137573 0.619385
vt 0.122559 0.737305
vt 0.122559 0.633301
vt 0.137573 0.619385
vt 0.122559 0.633301
vt 0.120483 0.629150
vt 0.137573 0.619385
vt 0.120483 0.629150
vt 0.135620 0.614258
vt 0.130981 0.612305
vt 0.135620 0.614258
vt 0.120483 0.629150
vt 0.130981 0.612305
vt 0.120483 0.629150
vt 0.115479 0.627197
vt 0.031860 0.737305
vt 0.016785 0.750977
vt 0.016785 0.619385
vt 0.023376 0.612305
vt 0.130981 0.612305
vt 0.115479 0.627197
vt 0.023376 0.612305
vt 0.115479 0.627197
vt 0.038910 0.627197
vt 0.023376 0.612305
vt 0.038910 0.627197
vt 0.033905 0.629150
vt 0.023376 0.612305
vt 0.033905 0.629150
vt 0.018799 0.614258
vt 0.016785 0.619385
vt 0.018799 0.614258
vt 0.033905 0.629150
vt 0.016785 0.619385
vt 0.033905 0.629150
vt 0.031860 0.633301
vt 0.031860 0.737305
vt 0.016785 0.619385
vt 0.031860 0.633301
vt 0.855469 0.846558
vt 0.872070 0.859497
vt 0.855469 0.864014
vt 0.855469 0.846558
vt 0.863770 0.844360
vt 0.872070 0.859497
vt 0.838867 0.859497
vt 0.855469 0.846558
vt 0.855469 0.864014
vt 0.855469 0.846558
vt 0.855469 0.829590
vt 0.863770 0.844360
vt 0.847168 0.844360
vt 0.855469 0.829590
vt 0.855469 0.846558
vt 0.838867 0.859497
vt 0.847168 0.844360
vt 0.855469 0.846558
vt 0.863770 0.844360
vt 0.884277 0.847412
vt 0.872070 0.859497
vt 0.863770 0.844360
vt 0.855469 0.829590
vt 0.869629 0.838379
vt 0.863770 0.844360
vt 0.869629 0.838379
vt 0.884277 0.847412
vt 0.869629 0.838379
vt 0.855469 0.829590
vt 0.871582 0.830322
vt 0.869629 0.838379
vt 0.888672 0.830933
vt 0.884277 0.847412
vt 0.869629 0.838379
vt 0.871582 0.830322
vt 0.888672 0.830933
vt 0.871582 0.830322
vt 0.855469 0.829590
vt 0.869629 0.822144
vt 0.888672 0.830933
vt 0.871582 0.830322
vt 0.869629 0.822144
vt 0.841309 0.838379
vt 0.855469 0.829590
vt 0.847168 0.844360
vt 0.869629 0.822144
vt 0.855469 0.829590
vt 0.863770 0.816162
vt 0.863770 0.816162
vt 0.855469 0.829590
vt 0.855469 0.813965
vt 0.888672 0.830933
vt 0.869629 0.822144
vt 0.884277 0.814453
vt 0.884277 0.814453
vt 0.869629 0.822144
vt 0.863770 0.816162
vt 0.855469 0.813965
vt 0.855469 0.829590
vt 0.847168 0.816162
vt 0.847168 0.816162
vt 0.855469 0.829590
vt 0.841309 0.822144
vt 0.826660 0.847412
vt 0.847168 0.844360
vt 0.838867 0.859497
vt 0.826660 0.847412
vt 0.841309 0.838379
vt 0.847168 0.844360
vt 0.841309 0.822144
vt 0.855469 0.829590
vt 0.839355 0.830322
vt 0.839355 0.830322
vt 0.855469 0.829590
vt 0.841309 0.838379
vt 0.884277 0.814453
vt 0.863770 0.816162
vt 0.872070 0.802368
vt 0.872070 0.802368
vt 0.863770 0.816162
vt 0.855469 0.813965
vt 0.855469 0.813965
vt 0.847168 0.816162
vt 0.838867 0.802368
vt 0.847168 0.816162
vt 0.841309 0.822144
vt 0.826660 0.814453
vt 0.847168 0.816162
vt 0.826660 0.814453
vt 0.838867 0.802368
vt 0.872070 0.802368
vt 0.855469 0.813965
vt 0.855469 0.797974
vt 0.855469 0.813965
vt 0.838867 0.802368
vt 0.855469 0.797974
vt 0.841309 0.822144
vt 0.839355 0.830322
vt 0.822266 0.830933
vt 0.822266 0.830933
vt 0.839355 0.830322
vt 0.841309 0.838379
vt 0.841309 0.822144
vt 0.822266 0.830933
vt 0.826660 0.814453
vt 0.822266 0.830933
vt 0.841309 0.838379
vt 0.826660 0.847412
vt 0.937988 0.855347
vt 0.922852 0.827759
vt 0.949219 0.844238
vt 0.949219 0.844238
vt 0.922852 0.827759
vt 0.953125 0.828979
vt 0.953125 0.828979
vt 0.922852 0.827759
vt 0.949219 0.813843
vt 0.949219 0.813843
vt 0.922852 0.827759
vt 0.937988 0.802612
vt 0.937988 0.802612
vt 0.922852 0.827759
vt 0.922852 0.798584
vt 0.922852 0.798584
vt 0.922852 0.827759
vt 0.907715 0.802612
vt 0.922852 0.859497
vt 0.922852 0.827759
vt 0.937988 0.855347
vt 0.907715 0.802612
vt 0.922852 0.827759
vt 0.896484 0.813843
vt 0.896484 0.813843
vt 0.922852 0.827759
vt 0.892090 0.828979
vt 0.892090 0.828979
vt 0.922852 0.827759
vt 0.896484 0.844238
vt 0.896484 0.844238
vt 0.922852 0.827759
vt 0.907715 0.855347
vt 0.907715 0.855347
vt 0.922852 0.827759
vt 0.922852 0.859497
vt 0.855957 0.846802
vt 0.872559 0.859741
vt 0.855957 0.864136
vt 0.855957 0.846802
vt 0.864258 0.844604
vt 0.872559 0.859741
vt 0.839355 0.859741
vt 0.855957 0.846802
vt 0.855957 0.864136
vt 0.855957 0.846802
vt 0.855957 0.829834
vt 0.864258 0.844604
vt 0.847656 0.844604
vt 0.855957 0.829834
vt 0.855957 0.846802
vt 0.839355 0.859741
vt 0.847656 0.844604
vt 0.855957 0.846802
vt 0.864258 0.844604
vt 0.884766 0.847656
vt 0.872559 0.859741
vt 0.864258 0.844604
vt 0.855957 0.829834
vt 0.870117 0.838623
vt 0.864258 0.844604
vt 0.870117 0.838623
vt 0.884766 0.847656
vt 0.870117 0.838623
vt 0.855957 0.829834
vt 0.872070 0.830444
vt 0.870117 0.838623
vt 0.889160 0.831177
vt 0.884766 0.847656
vt 0.870117 0.838623
vt 0.872070 0.830444
vt 0.889160 0.831177
vt 0.872070 0.830444
vt 0.855957 0.829834
vt 0.870117 0.822266
vt 0.889160 0.831177
vt 0.872070 0.830444
vt 0.870117 0.822266
vt 0.841797 0.838623
vt 0.855957 0.829834
vt 0.847656 0.844604
vt 0.870117 0.822266
vt 0.855957 0.829834
vt 0.864258 0.816406
vt 0.864258 0.816406
vt 0.855957 0.829834
vt 0.855957 0.814209
vt 0.889160 0.831177
vt 0.870117 0.822266
vt 0.884766 0.814575
vt 0.884766 0.814575
vt 0.870117 0.822266
vt 0.864258 0.816406
vt 0.855957 0.814209
vt 0.855957 0.829834
vt 0.847656 0.816406
vt 0.847656 0.816406
vt 0.855957 0.829834
vt 0.841797 0.822266
vt 0.827637 0.847656
vt 0.847656 0.844604
vt 0.839355 0.859741
vt 0.827637 0.847656
vt 0.841797 0.838623
vt 0.847656 0.844604
vt 0.841797 0.822266
vt 0.855957 0.829834
vt 0.839844 0.830444
vt 0.839844 0.830444
vt 0.855957 0.829834
vt 0.841797 0.838623
vt 0.884766 0.814575
vt 0.864258 0.816406
vt 0.872559 0.802490
vt 0.872559 0.802490
vt 0.864258 0.816406
vt 0.855957 0.814209
vt 0.855957 0.814209
vt 0.847656 0.816406
vt 0.839355 0.802490
vt 0.847656 0.816406
vt 0.841797 0.822266
vt 0.827637 0.814575
vt 0.847656 0.816406
vt 0.827637 0.814575
vt 0.839355 0.802490
vt 0.872559 0.802490
vt 0.855957 0.814209
vt 0.855957 0.798096
vt 0.855957 0.814209
vt 0.839355 0.802490
vt 0.855957 0.798096
vt 0.841797 0.822266
vt 0.839844 0.830444
vt 0.822754 0.831177
vt 0.822754 0.831177
vt 0.839844 0.830444
vt 0.841797 0.838623
vt 0.841797 0.822266
vt 0.822754 0.831177
vt 0.827637 0.814575
vt 0.822754 0.831177
vt 0.841797 0.838623
vt 0.827637 0.847656
vt 0.937988 0.855225
vt 0.922852 0.827881
vt 0.949219 0.844238
vt 0.949219 0.844238
vt 0.922852 0.827881
vt 0.953125 0.829102
vt 0.953125 0.829102
vt 0.922852 0.827881
vt 0.949219 0.813965
vt 0.949219 0.813965
vt 0.922852 0.827881
vt 0.937988 0.802856
vt 0.937988 0.802856
vt 0.922852 0.827881
vt 0.922852 0.798828
vt 0.922852 0.798828
vt 0.922852 0.827881
vt 0.907715 0.802856
vt 0.922852 0.859375
vt 0.922852 0.827881
vt 0.937988 0.855225
vt 0.907715 0.802856
vt 0.922852 0.827881
vt 0.896484 0.813965
vt 0.896484 0.813965
vt 0.922852 0.827881
vt 0.892578 0.829102
vt 0.892578 0.829102
vt 0.922852 0.827881
vt 0.896484 0.844238
vt 0.896484 0.844238
vt 0.922852 0.827881
vt 0.907715 0.855225
vt 0.907715 0.855225
vt 0.922852 0.827881
vt 0.922852 0.859375
vt 0.732422 0.501221
vt 0.676758 0.458008
vt 0.742188 0.481934
vt 0.742188 0.481934
vt 0.676758 0.458008
vt 0.745605 0.460938
vt 0.745605 0.460938
vt 0.676758 0.458008
vt 0.742188 0.439453
vt 0.742188 0.439453
vt 0.676758 0.458008
vt 0.732422 0.419922
vt 0.732422 0.419922
vt 0.676758 0.458008
vt 0.717285 0.404785
vt 0.717285 0.404785
vt 0.676758 0.458008
vt 0.698242 0.395020
vt 0.698242 0.395020
vt 0.676758 0.458008
vt 0.676758 0.391602
vt 0.676758 0.391602
vt 0.676758 0.458008
vt 0.655273 0.395020
vt 0.655273 0.395020
vt 0.676758 0.458008
vt 0.636230 0.404785
vt 0.636230 0.404785
vt 0.676758 0.458008
vt 0.620605 0.419922
vt 0.717285 0.516602
vt 0.676758 0.458008
vt 0.732422 0.501221
vt 0.620605 0.419922
vt 0.676758 0.458008
vt 0.610840 0.439453
vt 0.610840 0.439453
vt 0.676758 0.458008
vt 0.607422 0.460938
vt 0.607422 0.460938
vt 0.676758 0.458008
vt 0.610840 0.481934
vt 0.610840 0.481934
vt 0.676758 0.458008
vt 0.620605 0.501221
vt 0.620605 0.501221
vt 0.676758 0.458008
vt 0.636230 0.516602
vt 0.636230 0.516602
vt 0.676758 0.458008
vt 0.655273 0.526367
vt 0.655273 0.526367
vt 0.676758 0.458008
vt 0.676758 0.529785
vt 0.676758 0.529785
vt 0.676758 0.458008
vt 0.698242 0.526367
vt 0.698242 0.526367
vt 0.676758 0.458008
vt 0.717285 0.516602
vt 0.746582 0.313965
vt 0.736328 0.294434
vt 0.743164 0.292480
vt 0.743164 0.292480
vt 0.736328 0.294434
vt 0.727539 0.276855
vt 0.736328 0.294434
vt 0.723633 0.279785
vt 0.727539 0.276855
vt 0.746582 0.313965
vt 0.739746 0.313965
vt 0.736328 0.294434
vt 0.736328 0.294434
vt 0.731934 0.295898
vt 0.723633 0.279785
vt 0.739746 0.313965
vt 0.731934 0.295898
vt 0.736328 0.294434
vt 0.743164 0.292480
vt 0.727539 0.276855
vt 0.732910 0.272949
vt 0.743164 0.335449
vt 0.739746 0.313965
vt 0.746582 0.313965
vt 0.727539 0.276855
vt 0.723633 0.279785
vt 0.710938 0.266602
vt 0.743164 0.335449
vt 0.736328 0.333496
vt 0.739746 0.313965
vt 0.732910 0.272949
vt 0.727539 0.276855
vt 0.713379 0.262695
vt 0.727539 0.276855
vt 0.710938 0.266602
vt 0.713379 0.262695
vt 0.732910 0.354980
vt 0.736328 0.333496
vt 0.743164 0.335449
vt 0.732910 0.272949
vt 0.713379 0.262695
vt 0.717773 0.257324
vt 0.717773 0.257324
vt 0.713379 0.262695
vt 0.695801 0.253906
vt 0.713379 0.262695
vt 0.710938 0.266602
vt 0.694336 0.258789
vt 0.713379 0.262695
vt 0.694336 0.258789
vt 0.695801 0.253906
vt 0.717773 0.257324
vt 0.695801 0.253906
vt 0.698242 0.247559
vt 0.698242 0.247559
vt 0.695801 0.253906
vt 0.676758 0.250977
vt 0.695801 0.253906
vt 0.694336 0.258789
vt 0.676758 0.255859
vt 0.695801 0.253906
vt 0.676758 0.255859
vt 0.676758 0.250977
vt 0.698242 0.247559
vt 0.676758 0.250977
vt 0.676758 0.244141
vt 0.676758 0.244141
vt 0.676758 0.250977
vt 0.657227 0.253906
vt 0.676758 0.250977
vt 0.676758 0.255859
vt 0.658691 0.258789
vt 0.676758 0.250977
vt 0.658691 0.258789
vt 0.657227 0.253906
vt 0.676758 0.244141
vt 0.657227 0.253906
vt 0.654785 0.247559
vt 0.654785 0.247559
vt 0.657227 0.253906
vt 0.639648 0.262695
vt 0.657227 0.253906
vt 0.658691 0.258789
vt 0.642090 0.266602
vt 0.657227 0.253906
vt 0.642090 0.266602
vt 0.639648 0.262695
vt 0.654785 0.247559
vt 0.639648 0.262695
vt 0.635254 0.257324
vt 0.739746 0.313965
vt 0.734863 0.313965
vt 0.731934 0.295898
vt 0.736328 0.333496
vt 0.734863 0.313965
vt 0.739746 0.313965
vt 0.732910 0.354980
vt 0.727539 0.351074
vt 0.736328 0.333496
vt 0.639648 0.262695
vt 0.642090 0.266602
vt 0.629395 0.279785
vt 0.635254 0.257324
vt 0.639648 0.262695
vt 0.625488 0.276855
vt 0.639648 0.262695
vt 0.629395 0.279785
vt 0.625488 0.276855
vt 0.635254 0.257324
vt 0.625488 0.276855
vt 0.620117 0.272949
vt 0.625488 0.276855
vt 0.629395 0.279785
vt 0.621094 0.295898
vt 0.620117 0.272949
vt 0.625488 0.276855
vt 0.616699 0.294434
vt 0.625488 0.276855
vt 0.621094 0.295898
vt 0.616699 0.294434
vt 0.620117 0.272949
vt 0.616699 0.294434
vt 0.609863 0.292480
vt 0.616699 0.294434
vt 0.621094 0.295898
vt 0.618164 0.313965
vt 0.609863 0.292480
vt 0.616699 0.294434
vt 0.613281 0.313965
vt 0.616699 0.294434
vt 0.618164 0.313965
vt 0.613281 0.313965
vt 0.609863 0.292480
vt 0.613281 0.313965
vt 0.606445 0.313965
vt 0.613281 0.313965
vt 0.618164 0.313965
vt 0.621094 0.332031
vt 0.606445 0.313965
vt 0.613281 0.313965
vt 0.616699 0.333496
vt 0.613281 0.313965
vt 0.621094 0.332031
vt 0.616699 0.333496
vt 0.606445 0.313965
vt 0.616699 0.333496
vt 0.609863 0.335449
vt 0.616699 0.333496
vt 0.621094 0.332031
vt 0.629395 0.348145
vt 0.609863 0.335449
vt 0.616699 0.333496
vt 0.625488 0.351074
vt 0.616699 0.333496
vt 0.629395 0.348145
vt 0.625488 0.351074
vt 0.609863 0.335449
vt 0.625488 0.351074
vt 0.620117 0.354980
vt 0.625488 0.351074
vt 0.629395 0.348145
vt 0.642090 0.360840
vt 0.620117 0.354980
vt 0.625488 0.351074
vt 0.639648 0.364746
vt 0.625488 0.351074
vt 0.642090 0.360840
vt 0.639648 0.364746
vt 0.717773 0.370605
vt 0.727539 0.351074
vt 0.732910 0.354980
vt 0.727539 0.351074
vt 0.731934 0.332031
vt 0.736328 0.333496
vt 0.736328 0.333496
vt 0.731934 0.332031
vt 0.734863 0.313965
vt 0.620117 0.354980
vt 0.639648 0.364746
vt 0.635254 0.370605
vt 0.639648 0.364746
vt 0.642090 0.360840
vt 0.658691 0.369141
vt 0.635254 0.370605
vt 0.639648 0.364746
vt 0.657227 0.374023
vt 0.639648 0.364746
vt 0.658691 0.369141
vt 0.657227 0.374023
vt 0.635254 0.370605
vt 0.657227 0.374023
vt 0.654785 0.380371
vt 0.657227 0.374023
vt 0.658691 0.369141
vt 0.676758 0.372070
vt 0.654785 0.380371
vt 0.657227 0.374023
vt 0.676758 0.376953
vt 0.657227 0.374023
vt 0.676758 0.372070
vt 0.676758 0.376953
vt 0.654785 0.380371
vt 0.676758 0.376953
vt 0.676758 0.383789
vt 0.676758 0.376953
vt 0.676758 0.372070
vt 0.694336 0.369141
vt 0.676758 0.383789
vt 0.676758 0.376953
vt 0.695801 0.374023
vt 0.676758 0.376953
vt 0.694336 0.369141
vt 0.695801 0.374023
vt 0.676758 0.383789
vt 0.695801 0.374023
vt 0.698242 0.380371
vt 0.695801 0.374023
vt 0.694336 0.369141
vt 0.710938 0.360840
vt 0.698242 0.380371
vt 0.695801 0.374023
vt 0.713379 0.364746
vt 0.695801 0.374023
vt 0.710938 0.360840
vt 0.713379 0.364746
vt 0.698242 0.380371
vt 0.713379 0.364746
vt 0.717773 0.370605
vt 0.717773 0.370605
vt 0.713379 0.364746
vt 0.727539 0.351074
vt 0.713379 0.364746
vt 0.710938 0.360840
vt 0.723633 0.348145
vt 0.713379 0.364746
vt 0.723633 0.348145
vt 0.727539 0.351074
vt 0.727539 0.351074
vt 0.723633 0.348145
vt 0.731934 0.332031
vn -0.4629 0.8864 0.0078
vn -0.5925 0.3634 0.7189
vn -0.8554 0.5179 0.0079
vn -0.4628 0.8864 0.0078
vn -0.2745 0.5334 0.8001
vn -0.5976 0.3617 -0.7156
vn -0.2836 0.5356 -0.7955
vn -0.4628 0.8864 0.0079
vn -0.8554 0.5179 0.0078
vn -0.8554 0.5180 0.0078
vn -0.8358 0.1183 0.5361
vn -0.8416 0.1180 -0.5270
vn -0.9910 0.1337 -0.0000
vn -0.8358 0.1183 0.5362
vn -0.9910 0.1338 0.0000
vn -0.9052 0.0000 -0.4250
vn -1.0000 0.0000 -0.0000
vn -0.9021 -0.0000 0.4314
vn -0.9021 -0.0000 0.4315
vn 0.9992 0.0393 -0.0079
vn -0.9994 0.0157 0.0315
vn 0.0000 0.9463 -0.3233
vn 0.0000 0.0000 -1.0000
vn 0.0000 -0.8440 -0.5364
vn 0.0000 -0.8440 -0.5363
vn 1.0000 -0.0000 0.0000
vn 0.0000 0.9463 -0.3232
vn 0.0000 -0.8678 -0.4970
vn -0.0000 -0.5029 -0.8643
vn 0.0000 -1.0000 -0.0000
vn -0.0000 -0.8677 -0.4970
vn 0.0000 -0.8643 0.5029
vn 0.0000 -0.5029 0.8643
vn -0.0001 -0.8643 0.5029
vn 0.0000 -0.0000 1.0000
vn 0.0000 0.5029 0.8643
vn 0.0000 0.8643 0.5029
vn 0.0001 0.8643 0.5029
vn 0.0000 1.0000 0.0000
vn 0.0000 0.8678 -0.4970
vn 0.0000 0.8677 -0.4970
vn 0.0000 0.5029 -0.8643
vn -0.0001 0.8678 -0.4970
vn 0.0001 0.0000 -1.0000
vn 0.0000 -0.8678 0.4970
vn -0.0001 -1.0000 0.0000
vn 0.0000 -0.4970 0.8678
vn 0.0001 -0.4970 0.8678
vn -0.0001 -0.4970 0.8678
vn -0.0710 0.5997 -0.7970
vn -0.4629 0.8864 0.0079
vn -0.2835 0.5356 -0.7955
vn -0.0710 0.5998 -0.7970
vn -0.1104 0.9939 0.0079
vn 0.1104 0.9939 0.0079
vn 0.0710 0.5998 -0.7970
vn 0.4629 0.8864 0.0078
vn 0.4629 0.8864 0.0079
vn 0.0710 0.5997 -0.7970
vn 0.2836 0.5355 -0.7955
vn -0.9550 0.1421 0.2605
vn -0.9659 0.0000 0.2588
vn -0.8643 0.0000 0.5029
vn -0.9550 0.1421 0.2604
vn -0.8571 0.1415 0.4954
vn -0.5029 0.0000 0.8643
vn -0.4954 0.1415 0.8571
vn -0.1337 0.0000 0.9910
vn -0.8143 0.5297 0.2372
vn -0.1255 0.1491 0.9808
vn 0.1255 0.1491 0.9808
vn 0.1256 0.1491 0.9808
vn 0.1337 0.0000 0.9910
vn -0.7390 0.5031 0.4481
vn 0.5029 0.0000 0.8643
vn -0.4487 0.8660 0.2204
vn -0.4954 0.1416 0.8571
vn -0.4481 0.5031 0.7390
vn -0.1256 0.1491 0.9808
vn 0.1178 0.5418 0.8322
vn -0.1178 0.5417 0.8323
vn -0.1178 0.5418 0.8322
vn -0.4488 0.8660 0.2204
vn -0.4238 0.8005 0.4238
vn 0.4954 0.1415 0.8571
vn 0.1178 0.5417 0.8323
vn 0.8643 0.0000 0.5029
vn 0.8571 0.1415 0.4954
vn 0.9659 -0.0000 0.2588
vn 0.9658 -0.0000 0.2593
vn 0.9550 0.1421 0.2604
vn 0.8571 0.1416 0.4954
vn 0.7390 0.5031 0.4481
vn 0.8143 0.5297 0.2372
vn 0.9550 0.1421 0.2605
vn 0.4481 0.5031 0.7390
vn 0.1103 0.8826 0.4571
vn 0.4238 0.8005 0.4238
vn -0.1103 0.8826 0.4571
vn 0.1101 0.9674 0.2281
vn 0.1103 0.8826 0.4570
vn 0.4488 0.8660 0.2205
vn -0.1101 0.9674 0.2281
vn 0.4487 0.8660 0.2204
vn -0.1103 0.8826 0.4570
vn -0.4488 0.8660 0.2205
vn 0.4488 0.8660 0.2204
vn -0.9888 0.1491 0.0000
vn -0.8404 0.5419 -0.0000
vn -0.4566 0.8896 -0.0000
vn -0.1182 0.9930 -0.0000
vn -0.4567 0.8896 0.0000
vn -0.4567 0.8896 -0.0001
vn 0.1182 0.9930 0.0000
vn 0.4567 0.8896 -0.0000
vn 0.9888 0.1491 -0.0000
vn 0.8404 0.5419 0.0000
vn 0.4566 0.8896 0.0000
vn -0.0709 0.5909 0.8036
vn -0.1105 0.9938 0.0079
vn 0.1105 0.9938 0.0079
vn 0.0709 0.5909 0.8036
vn 0.4628 0.8864 0.0078
vn 0.2745 0.5334 0.8001
vn 0.5925 0.3634 0.7189
vn 0.8554 0.5179 0.0079
vn 0.5976 0.3617 -0.7156
vn 0.2836 0.5356 -0.7955
vn 0.4628 0.8864 0.0079
vn 0.8416 0.1180 -0.5270
vn 0.5976 0.3617 -0.7155
vn 0.9910 0.1337 -0.0000
vn 0.8554 0.5180 0.0078
vn 0.9052 0.0000 -0.4250
vn 0.9910 0.1338 -0.0000
vn 0.9021 -0.0000 0.4315
vn 0.9021 -0.0000 0.4314
vn 0.8358 0.1183 0.5362
vn 0.8358 0.1183 0.5361
vn -0.8606 0.0631 0.5053
vn -0.7546 0.4795 0.4480
vn -0.4649 0.3152 0.8274
vn -0.4966 0.0394 0.8671
vn -0.1264 0.1580 0.9793
vn -0.1260 0.0158 0.9919
vn -0.1260 0.0157 0.9919
vn 0.1264 0.1580 0.9793
vn -0.8606 0.0632 0.5053
vn -0.4812 -0.2367 0.8441
vn 0.1260 0.0000 0.9920
vn -0.2525 -0.1578 0.9546
vn 0.1264 0.1579 0.9793
vn 0.4876 -0.0079 0.8730
vn 0.4649 0.3152 0.8274
vn -0.8034 -0.3623 0.4726
vn 0.2517 -0.2124 0.9442
vn 0.0000 -0.0948 0.9955
vn 0.8589 -0.0079 0.5121
vn 0.4656 -0.3314 0.8206
vn 0.4876 -0.0078 0.8730
vn 0.8588 -0.0079 0.5122
vn 0.7546 0.4795 0.4480
vn 0.8589 -0.0079 0.5122
vn 0.4655 -0.3314 0.8206
vn 0.7480 -0.4961 0.4409
vn -0.9867 0.1421 0.0789
vn -0.9685 -0.2047 -0.1417
vn -0.9977 -0.0236 0.0628
vn -0.9977 -0.0235 0.0628
vn -0.9577 0.2591 0.1256
vn -0.9011 0.0471 0.4310
vn -0.9577 0.2590 0.1256
vn -0.9011 0.0470 0.4310
vn -0.8979 0.2993 0.3229
vn -0.8503 0.4881 0.1968
vn -0.9051 0.0000 -0.4251
vn -0.8416 0.5191 0.1494
vn -0.9867 0.1421 0.0790
vn -0.7546 0.4795 0.4481
vn -0.7546 0.4794 0.4480
vn 0.7480 -0.4960 0.4410
vn 0.9951 0.0474 0.0869
vn 0.9359 -0.3225 -0.1416
vn 0.7480 -0.4960 0.4409
vn 0.9951 0.0474 0.0868
vn 0.9901 -0.1257 0.0629
vn 0.9359 -0.3225 -0.1415
vn 0.9051 0.0000 -0.4251
vn 0.8415 0.5191 0.1494
vn 0.9771 0.1655 0.1339
vn 0.9771 0.1655 0.1340
vn 0.9011 -0.0470 0.4310
vn 0.9901 -0.1257 0.0628
vn 0.9213 0.2047 0.3307
vn 0.9212 0.2047 0.3307
vn 0.8416 0.5191 0.1494
vn 0.8503 0.4881 0.1968
vn -0.9999 0.0157 -0.0000
vn -1.0000 0.0079 -0.0000
vn -0.9910 0.0000 0.1337
vn -0.9985 0.0550 -0.0000
vn -0.9999 0.0158 0.0000
vn -0.9969 0.0785 -0.0000
vn 0.9947 -0.1026 -0.0000
vn 0.9985 -0.0550 0.0000
vn 0.9947 -0.1027 -0.0000
vn 0.9985 -0.0551 -0.0000
vn 0.9910 -0.0000 0.1337
vn 0.5029 -0.0001 0.8643
vn -0.9658 -0.0000 0.2591
vn 0.9658 -0.0000 0.2591
vn -0.8510 0.2442 -0.4649
vn -0.8510 -0.2443 -0.4649
vn -0.9995 0.0000 0.0315
vn -0.9658 0.0001 0.2591
vn -0.9939 -0.0000 -0.1104
vn -0.9939 0.0000 -0.1105
vn -0.8678 0.0000 0.4970
vn -0.8677 -0.0000 0.4970
vn -0.8510 0.2443 -0.4649
vn -0.8252 0.5266 0.2043
vn -0.2684 0.1737 -0.9475
vn -0.8252 0.5266 0.2044
vn -0.8497 0.5272 0.0079
vn -0.8252 0.5265 0.2043
vn -0.8497 0.5271 0.0078
vn -0.8498 0.5271 0.0079
vn -0.8497 0.5271 0.0079
vn -0.8501 0.5195 -0.0866
vn -0.7376 0.5257 0.4237
vn -0.8501 0.5194 -0.0866
vn -0.8252 -0.5266 0.2043
vn -0.2684 -0.1737 -0.9475
vn -0.8252 -0.5266 0.2044
vn -0.8252 -0.5265 0.2044
vn -0.8497 -0.5271 0.0078
vn -0.8252 -0.5265 0.2043
vn -0.8497 -0.5272 0.0079
vn -0.8501 -0.5195 -0.0866
vn -0.8497 -0.5271 0.0079
vn -0.7376 -0.5257 0.4237
vn -0.7376 0.5257 0.4238
vn -0.7376 0.5258 0.4237
vn -0.4244 0.5345 0.7309
vn -0.4244 0.5344 0.7309
vn -0.1105 0.5366 0.8366
vn -0.1105 0.5366 0.8365
vn -0.1105 0.5367 0.8365
vn 0.1105 0.5367 0.8365
vn 0.1105 0.5366 0.8365
vn 0.4244 0.5344 0.7309
vn 0.1105 0.5366 0.8366
vn 0.4244 0.5345 0.7309
vn 0.7376 0.5258 0.4238
vn 0.7376 0.5257 0.4237
vn -0.4244 -0.5344 0.7309
vn -0.1105 -0.5366 0.8365
vn -0.1105 -0.5367 0.8365
vn 0.1105 -0.5366 0.8365
vn -0.1105 -0.5366 0.8366
vn 0.1105 -0.5367 0.8365
vn 0.4244 -0.5344 0.7309
vn 0.1105 -0.5366 0.8366
vn 0.7376 -0.5257 0.4237
vn 0.8501 0.5195 -0.0866
vn 0.7376 0.5258 0.4237
vn 0.8497 0.5271 0.0079
vn 0.8497 0.5272 0.0079
vn 0.8497 0.5271 0.0078
vn 0.8252 0.5265 0.2043
vn 0.8498 0.5271 0.0079
vn 0.8252 0.5266 0.2043
vn 0.8510 0.2443 -0.4649
vn 0.2684 0.1737 -0.9475
vn 0.9659 0.0000 0.2591
vn 0.9995 0.0000 0.0314
vn 0.9995 0.0000 0.0315
vn 0.9939 0.0000 -0.1104
vn 0.9939 -0.0000 -0.1105
vn 0.8677 -0.0000 0.4970
vn 0.8678 0.0000 0.4970
vn 0.8510 -0.2442 -0.4649
vn 0.8510 -0.2443 -0.4649
vn 0.8252 -0.5266 0.2043
vn 0.8252 -0.5266 0.2044
vn 0.2684 -0.1737 -0.9475
vn 0.8497 -0.5272 0.0078
vn 0.8497 -0.5272 0.0079
vn 0.8497 -0.5271 0.0079
vn 0.8501 -0.5195 -0.0866
vn 0.5420 -0.8404 -0.0000
vn 0.8864 -0.4629 -0.0000
vn 0.5419 -0.8404 0.0000
vn 0.8865 -0.4628 0.0000
vn 0.0079 -1.0000 0.0000
vn -0.5363 -0.8440 0.0000
vn -0.8865 -0.4628 -0.0000
vn -0.5364 -0.8440 -0.0000
vn -0.8864 -0.4629 0.0000
vn -0.9737 -0.2277 -0.0000
vn -0.9463 0.3233 0.0000
vn -0.6151 0.7885 -0.0000
vn -0.6150 0.7885 -0.0000
vn 0.0157 0.9999 -0.0000
vn 0.6285 0.7778 0.0000
vn 0.9463 0.3233 -0.0000
vn 0.9963 -0.0863 0.0000
vn 0.9463 0.3233 -0.0001
vn -0.4036 -0.0950 0.9100
vn -0.4095 0.1103 0.9056
vn 0.4095 0.1103 0.9056
vn 0.4101 -0.0946 0.9071
vn 0.4101 -0.0947 0.9071
vn 0.9998 0.0157 -0.0157
vn 0.9998 0.0157 -0.0079
vn 0.9998 0.0157 -0.0158
vn 0.9999 0.0157 -0.0000
vn 0.9998 0.0158 -0.0079
vn -0.9998 0.0157 0.0157
vn -0.9998 0.0157 0.0079
vn 0.4095 0.1102 0.9056
vn 0.6296 -0.1810 0.7555
vn 0.4102 -0.0947 0.9071
vn 0.6580 0.2428 0.7128
vn 0.4562 -0.6292 0.6292
vn 0.6866 0.3157 0.6550
vn -0.6535 0.2441 0.7165
vn -0.4095 0.1102 0.9056
vn -0.6296 -0.1810 0.7555
vn -0.6848 0.3227 0.6533
vn -0.4562 -0.6292 0.6293
vn -0.6848 0.3228 0.6533
vn 0.0079 0.4970 0.8677
vn -0.0000 0.3796 0.9252
vn 0.6865 0.3157 0.6550
vn -0.6535 0.2440 0.7165
vn 0.0000 0.3795 0.9252
vn -0.0000 0.2591 0.9658
vn 0.5587 -0.4564 -0.6925
vn -0.0000 -0.5272 -0.8498
vn -0.0000 -0.5271 -0.8498
vn 0.8650 -0.2909 -0.4089
vn 0.8649 -0.2910 -0.4089
vn 0.9754 -0.1259 -0.1810
vn 0.9754 -0.1259 -0.1809
vn 0.9967 0.0392 0.0706
vn 0.8722 0.2436 0.4243
vn 0.9967 0.0393 0.0706
vn 0.8721 0.2436 0.4243
vn 0.4252 0.4173 0.8032
vn 0.4252 0.4173 0.8031
vn -0.0000 0.4409 0.8976
vn -0.4252 0.4173 0.8031
vn -0.4252 0.4173 0.8032
vn -0.8721 0.2436 0.4243
vn -0.9967 0.0392 0.0706
vn -0.8722 0.2436 0.4243
vn -0.9967 0.0393 0.0706
vn -0.9967 0.0392 0.0707
vn -0.9754 -0.1259 -0.1809
vn -0.9754 -0.1258 -0.1809
vn -0.8650 -0.2909 -0.4089
vn -0.5587 -0.4564 -0.6925
vn 0.0000 -0.5272 -0.8497
vn 0.2373 -0.2523 0.9381
vn 0.2370 0.0000 0.9715
vn 0.2365 -0.2523 0.9383
vn -0.0000 -0.5272 0.8498
vn 0.5689 -0.1185 0.8138
vn -0.2370 0.0000 0.9715
vn 0.1260 -0.6775 0.7247
vn 0.2366 -0.2523 0.9383
vn 0.1260 -0.6774 0.7247
vn -0.0000 -0.5271 0.8498
vn 0.0236 -0.7415 0.6705
vn 0.4776 -0.5246 0.7047
vn 0.0237 -0.7415 0.6705
vn 0.0000 -0.5272 0.8497
vn 0.0000 -0.7637 0.6456
vn -0.0237 -0.7415 0.6705
vn -0.0236 -0.7415 0.6705
vn 0.4777 -0.5246 0.7047
vn 0.0865 -0.7314 0.6764
vn 0.1103 -0.7485 0.6539
vn 0.1341 -0.7890 0.5996
vn 0.1411 -0.8624 0.4861
vn -0.0865 -0.7315 0.6764
vn 0.1023 -0.9203 0.3776
vn 0.1022 -0.9203 0.3776
vn 0.0000 -0.9439 0.3304
vn -0.1022 -0.9203 0.3776
vn 0.0000 -0.9438 0.3304
vn -0.1023 -0.9203 0.3776
vn 0.0000 -0.9439 0.3303
vn -0.1103 -0.7485 0.6539
vn -0.0865 -0.7314 0.6764
vn 0.5826 -0.5825 0.5668
vn -0.1411 -0.8624 0.4861
vn -0.1341 -0.7890 0.5996
vn 0.5825 -0.5826 0.5668
vn 0.5826 -0.5826 0.5668
vn 0.4746 0.5774 0.6644
vn 0.0000 0.6063 0.7952
vn 0.0000 0.4346 0.9006
vn 0.4745 0.5774 0.6644
vn -0.0000 0.4345 0.9007
vn 0.4743 0.4031 0.7826
vn 0.4743 0.4032 0.7826
vn 0.0000 0.2444 0.9697
vn 0.8733 0.2518 0.4170
vn 0.4495 0.2130 0.8675
vn 0.8734 0.2518 0.4170
vn 0.4495 0.2129 0.8675
vn 0.8536 0.0869 0.5137
vn 0.8657 0.4014 0.2991
vn 0.4745 0.5773 0.6644
vn 0.9908 0.0786 0.1101
vn 0.8535 0.0870 0.5137
vn 0.8734 0.2517 0.4170
vn 0.9771 0.2128 0.0000
vn 0.9893 0.0863 0.1178
vn 0.9752 0.2202 0.0236
vn 0.9893 0.0864 0.1178
vn 0.9740 0.1257 0.1885
vn 0.4777 -0.5247 0.7047
vn 0.5689 -0.1186 0.8138
vn 0.9985 0.0000 0.0550
vn -0.4746 0.5774 0.6643
vn -0.4746 0.5774 0.6644
vn -0.4743 0.4032 0.7826
vn -0.4745 0.5774 0.6644
vn -0.8733 0.2518 0.4170
vn -0.8657 0.4014 0.2991
vn -0.4743 0.4031 0.7826
vn -0.9908 0.0786 0.1101
vn -0.8734 0.2518 0.4170
vn -0.4495 0.2129 0.8675
vn -0.4495 0.2130 0.8675
vn -0.9771 0.2128 0.0000
vn -0.9908 0.0787 0.1101
vn -0.9752 0.2202 0.0236
vn -0.8535 0.0869 0.5137
vn -0.8733 0.2517 0.4170
vn -0.8536 0.0869 0.5137
vn -0.9893 0.0864 0.1177
vn -0.9735 -0.0628 0.2198
vn -0.9893 0.0864 0.1178
vn -0.9740 0.1257 0.1885
vn -0.9893 0.0863 0.1178
vn -0.9735 0.0235 0.2277
vn -0.9734 0.0235 0.2277
vn -0.9837 0.0866 0.1574
vn -0.9735 0.0236 0.2277
vn -0.9985 0.0000 0.0550
vn -0.9985 -0.0000 0.0551
vn -0.5029 -0.8644 -0.0000
vn 0.5029 -0.8644 0.0000
vn -0.4970 0.8678 -0.0000
vn 0.4970 0.8678 -0.0000
vn 0.9224 0.3863 0.0000
vn 0.9806 0.1961 0.0000
vn 0.9806 -0.1961 0.0000
vn 0.9224 -0.3863 0.0000
vn 0.1961 0.9806 -0.0000
vn 0.3863 0.9224 -0.0000
vn -0.1961 0.9806 0.0000
vn -0.3863 0.9224 -0.0000
vn -0.9806 0.1961 -0.0000
vn -0.9224 0.3863 -0.0000
vn -0.9806 -0.1961 0.0000
vn -0.9224 -0.3863 -0.0000
vn -0.9224 -0.3864 -0.0000
vn 0.3863 -0.9224 -0.0000
vn 0.1961 -0.9806 -0.0000
vn -0.1961 -0.9806 -0.0000
vn -0.3863 -0.9224 -0.0000
vn 0.3153 0.7487 0.5832
vn 0.3152 0.7487 0.5832
vn 0.0000 0.8498 0.5272
vn 0.0000 0.8497 0.5272
vn -0.3152 0.7487 0.5832
vn 0.8730 -0.0000 0.4877
vn 0.7488 0.2995 0.5912
vn 0.7488 -0.2995 0.5912
vn -0.7488 0.2995 0.5912
vn -0.8730 -0.0000 0.4877
vn -0.8730 -0.0000 0.4876
vn -0.7488 -0.2995 0.5912
vn -0.0000 -0.8498 0.5271
vn 0.0000 -0.8497 0.5272
vn 0.3152 -0.7487 0.5832
vn -0.3152 -0.7487 0.5832
vn -0.6764 0.6922 0.2517
vn -0.2827 0.9581 0.0471
vn -0.7603 0.6427 0.0941
vn -0.2597 0.9364 0.2361
vn -0.2827 0.9580 0.0471
vn -0.3068 0.6924 0.6531
vn 0.2597 0.9364 0.2361
vn -0.3069 0.6924 0.6530
vn 0.3069 0.6924 0.6530
vn 0.2827 0.9581 0.0471
vn -0.3795 0.2925 0.8777
vn 0.3068 0.6924 0.6530
vn -0.3795 0.2926 0.8777
vn 0.3795 0.2926 0.8777
vn 0.6764 0.6922 0.2517
vn 0.2827 0.9580 0.0471
vn -0.0000 0.1582 0.9874
vn 0.7603 0.6427 0.0941
vn 0.0000 -0.9517 0.3069
vn -0.8483 -0.4477 0.2828
vn -0.9268 -0.2278 0.2985
vn -0.9541 0.0000 0.2996
vn 0.9306 -0.2208 0.2918
vn 0.8611 -0.4266 0.2765
vn 0.9563 0.0000 0.2924
vn -0.3632 -0.9316 0.0158
vn 0.3632 -0.9316 0.0158
vn -0.2841 -0.7417 0.6076
vn 0.2841 -0.7417 0.6076
vn -0.9144 -0.4020 0.0473
vn -0.9121 0.0315 0.4088
vn -0.9121 0.0314 0.4088
vn -0.8870 0.2669 0.3768
vn -0.3796 0.2926 0.8777
vn -0.7100 0.0552 0.7021
vn -0.9121 0.0314 0.4089
vn -0.6578 -0.3211 0.6813
vn -0.9763 0.2047 0.0709
vn -0.9121 0.0315 0.4089
vn -0.3068 0.6924 0.6530
vn 0.3796 0.2926 0.8777
vn 0.8870 0.2669 0.3768
vn 0.9121 0.0315 0.4088
vn 0.7100 0.0552 0.7021
vn 0.7071 0.0000 0.7071
vn 0.9121 0.0315 0.4089
vn 0.9121 0.0314 0.4088
vn 0.9121 0.0314 0.4089
vn 0.9763 0.2047 0.0709
vn 0.9144 -0.4020 0.0473
vn 0.7071 -0.0000 0.7072
vn 0.6578 -0.3211 0.6813
vn 0.7071 0.0000 -0.7071
vn 0.7071 0.0001 -0.7071
vn -0.7071 0.0000 -0.7071
vn -0.7071 0.0001 -0.7071
vn -1.0000 -0.0001 0.0000
vn -0.7071 0.0000 0.7071
vn -1.0000 0.0001 -0.0000
vn -0.7071 -0.0001 0.7071
vn -0.0000 0.0001 1.0000
vn 0.4728 0.7801 0.4098
vn 0.1025 0.7491 -0.6545
vn 0.1027 0.8373 0.5371
vn 0.4728 0.7801 0.4097
vn 0.4481 0.7390 -0.5031
vn 0.8029 0.4408 0.4014
vn 0.7624 0.4166 -0.4952
vn 0.9196 0.0000 0.3930
vn 0.9196 -0.0000 0.3929
vn 0.8697 -0.0000 -0.4936
vn 0.8028 -0.4408 0.4014
vn 0.9195 -0.0000 0.3930
vn 0.8029 -0.4408 0.4014
vn 0.7624 -0.4166 -0.4952
vn 0.4728 -0.7801 0.4097
vn 0.7624 -0.4165 -0.4952
vn 0.4481 -0.7390 -0.5031
vn 0.1027 -0.8372 0.5371
vn 0.1026 -0.7491 -0.6545
vn -0.4728 -0.7801 0.4097
vn -0.1025 -0.7491 -0.6545
vn -0.1027 -0.8372 0.5371
vn -0.4481 -0.7390 -0.5031
vn -0.8028 -0.4408 0.4014
vn -0.8029 -0.4407 0.4014
vn -0.7624 -0.4166 -0.4952
vn -0.9196 -0.0000 0.3930
vn -0.8029 -0.4408 0.4014
vn -0.9196 0.0000 0.3929
vn -0.8697 0.0000 -0.4936
vn -0.8028 0.4408 0.4014
vn -0.9195 0.0000 0.3930
vn -0.8029 0.4408 0.4014
vn -0.7624 0.4166 -0.4952
vn -0.4728 0.7801 0.4097
vn -0.4728 0.7801 0.4098
vn -0.4481 0.7389 -0.5031
vn -0.1027 0.8372 0.5371
vn -0.1026 0.8373 0.5371
vn -0.1025 0.7491 -0.6545
vn -0.4481 0.7390 -0.5031
vn -0.3068 -0.9518 -0.0000
vn -0.5886 -0.8084 -0.0000
vn -0.8084 -0.5886 -0.0000
vn -0.9518 -0.3068 -0.0000
vn -0.9518 0.3068 -0.0000
vn -0.8084 0.5887 -0.0000
vn -0.5886 0.8084 -0.0000
vn -0.8084 0.5886 0.0000
vn -0.3068 0.9518 -0.0000
vn 0.0000 1.0000 0.0001
vn 0.3068 -0.9518 0.0000
vn 0.5886 -0.8084 0.0000
vn 0.8084 -0.5886 0.0000
vn 0.8084 -0.5886 0.0001
vn 0.9518 -0.3068 0.0000
vn 0.9518 -0.3068 0.0001
vn 0.9518 0.3068 0.0000
vn 0.9518 0.3068 0.0001
vn 0.8084 0.5887 0.0000
vn 0.8084 0.5886 -0.0000
vn 0.5886 0.8084 0.0000
vn 0.3068 0.9518 0.0000
vn -0.0000 1.0000 -0.0001
vn 0.4102 -0.0946 0.9071
vn 0.0000 -0.3068 0.9518
vn 0.4562 -0.6293 0.6292
vn -0.0000 -0.2591 0.9658
vn 0.4562 -0.6292 0.6293
vn 0.0000 -0.8730 0.4877
vn 0.0868 -0.8679 0.4891
vn 0.0000 -0.8731 0.4876
vn 0.3155 -0.4338 0.8440
vn -0.0000 -0.8730 0.4876
vn 0.0868 -0.8679 0.4892
vn -0.4562 -0.6293 0.6292
vn -0.6296 -0.1811 0.7555
vn 0.0079 -0.4504 0.8928
vn -0.0789 -0.8685 0.4894
vn -0.4562 -0.6292 0.6292
vn -0.3063 -0.4320 0.8483
vn -0.0790 -0.8684 0.4895
vn 0.0079 -0.4503 0.8928
vn 0.4246 0.0472 0.9042
vn 0.0079 0.0550 0.9985
vn -0.4086 0.0472 0.9115
vn -0.4086 0.0471 0.9115
vn 0.3930 0.4638 0.7940
vn 0.0079 0.5063 0.8623
vn 0.3931 0.4638 0.7940
vn 0.3232 0.8197 0.4729
vn -0.3782 0.4728 0.7959
vn 0.0078 0.0551 0.9985
vn 0.0079 0.0551 0.9985
vn 0.0079 0.8677 0.4970
vn -0.3140 0.8243 0.4711
vn -0.3140 0.8243 0.4710
vn 0.2676 0.9603 0.0787
vn 0.3231 0.8197 0.4729
vn 0.0078 0.9962 0.0863
vn -0.3141 0.8243 0.4710
vn 0.0079 0.9962 0.0863
vn 0.2528 0.9636 -0.0869
vn -0.2527 0.9636 0.0869
vn 0.2527 0.9636 -0.0869
vn 0.0079 0.9962 -0.0870
vn -0.2361 0.9679 -0.0865
vn 0.0079 0.9962 -0.0869
vn -0.2361 0.9679 -0.0866
vn -0.2528 0.9636 0.0869
vn -0.3316 0.6631 -0.6711
vn -0.0473 0.7876 -0.6143
vn -0.3929 0.6993 -0.5972
vn -0.2996 0.7488 -0.5912
vn -0.1186 0.7906 -0.6008
vn -0.0472 0.7876 -0.6143
vn 0.2598 0.7321 -0.6297
vn 0.0000 0.8345 -0.5510
vn -0.0472 0.7876 -0.6144
vn 0.3067 0.7708 -0.5584
vn 0.3318 0.8770 -0.3476
vn 0.3068 0.7708 -0.5584
vn -0.0473 0.7876 -0.6144
vn -0.0000 0.8345 -0.5511
vn -0.2995 0.7488 -0.5912
vn -0.1186 0.7905 -0.6008
vn -0.1655 0.8120 -0.5597
vn -0.1180 0.6533 -0.7478
vn -0.3316 0.6631 -0.6710
vn -0.0708 0.8656 -0.4958
vn -0.1656 0.8120 -0.5597
vn -0.0708 0.8656 -0.4957
vn 0.0000 0.8847 -0.4661
vn 0.0000 0.8848 -0.4661
vn 0.0708 0.8656 -0.4957
vn 0.1186 0.7905 -0.6008
vn 0.2197 0.9653 -0.1413
vn -0.0000 0.8344 -0.5511
vn 0.0552 0.8750 -0.4809
vn 0.2198 0.9653 -0.1412
vn 0.0552 0.8751 -0.4809
vn 0.0708 0.8656 -0.4958
vn 0.1656 0.8120 -0.5597
vn 0.1655 0.8120 -0.5597
vn 0.2995 0.7489 -0.5912
vn 0.2996 0.7488 -0.5912
vn 0.1187 0.7906 -0.6008
vn 0.0473 0.7876 -0.6143
vn -0.2598 0.7321 -0.6297
vn 0.0472 0.7876 -0.6143
vn 0.1186 0.7906 -0.6008
vn -0.2597 0.7321 -0.6297
vn -0.3067 0.7708 -0.5584
vn 0.0473 0.7876 -0.6144
vn 0.3929 0.6993 -0.5972
vn 0.0472 0.7876 -0.6144
vn -0.3067 0.7707 -0.5584
vn -0.3318 0.8770 -0.3476
vn 0.0001 0.8345 -0.5511
vn 0.3316 0.6631 -0.6711
vn 0.3316 0.6632 -0.6710
vn 0.3929 0.6993 -0.5971
vn 0.0000 0.8944 -0.4472
vn -0.1181 0.6533 -0.7478
vn -0.3318 0.8770 -0.3477
vn -0.2197 0.9653 -0.1413
vn -0.1181 0.6534 -0.7478
vn 0.0000 0.6541 -0.7564
vn -0.2198 0.9653 -0.1412
vn -0.0552 0.8751 -0.4808
vn 0.1180 0.6534 -0.7478
vn -0.0552 0.8750 -0.4809
vn 0.1181 0.6533 -0.7478
vn 0.1181 0.6534 -0.7478
vn -0.2197 0.9653 -0.1412
vn 0.0000 0.9980 -0.0628
vn -0.0000 0.9980 -0.0629
vn 0.2197 0.9653 -0.1412
vn -0.0000 -0.5364 0.8440
vn -0.3468 -0.5753 0.7408
vn 0.1027 -0.8373 0.5371
vn -0.2826 -0.4632 0.8400
vn 0.2826 -0.4632 0.8400
vn 0.4728 -0.7801 0.4098
vn -0.5973 -0.3301 0.7309
vn -0.3467 -0.5753 0.7408
vn -0.4805 -0.2678 0.8351
vn -0.4805 -0.2679 0.8351
vn -0.4806 -0.2678 0.8350
vn -0.5565 0.0000 0.8308
vn -0.6912 0.0000 0.7227
vn -0.4806 -0.2678 0.8351
vn -0.6912 0.0000 0.7226
vn -0.4806 0.2679 0.8350
vn 0.4805 -0.2678 0.8351
vn -0.4805 0.2678 0.8351
vn -0.2826 0.4631 0.8400
vn -0.2826 0.4632 0.8400
vn 0.0000 0.5364 0.8440
vn -0.5973 0.3301 0.7309
vn -0.4806 0.2678 0.8351
vn 0.2826 0.4632 0.8400
vn 0.2826 0.4631 0.8400
vn 0.4805 0.2678 0.8351
vn 0.4805 -0.2679 0.8351
vn 0.4806 0.2679 0.8350
vn 0.5565 0.0000 0.8308
vn 0.4806 -0.2678 0.8351
vn -0.3468 0.5753 0.7408
vn -0.3467 0.5753 0.7408
vn -0.0001 0.5364 0.8440
vn 0.4727 0.7802 0.4098
vn 0.4806 0.2678 0.8350
vn 0.8028 0.4408 0.4014
vn 0.1027 0.8372 0.5371
vn 0.4806 -0.2678 0.8350
vn -0.2665 0.4310 -0.8621
vn -0.4556 0.2435 -0.8562
vn -0.5272 -0.0000 -0.8498
vn -0.4556 -0.2435 -0.8562
vn -0.2664 -0.4311 -0.8621
vn -0.2665 -0.4310 -0.8621
vn 0.1025 -0.7491 -0.6545
vn -0.0001 -0.0000 -1.0000
vn 0.7624 -0.4166 -0.4951
vn 0.3467 0.5753 0.7408
vn -0.4728 0.7802 0.4097
vn 0.5973 0.3301 0.7309
vn 0.3468 0.5753 0.7408
vn 0.2827 0.4632 0.8400
vn 0.5974 0.3301 0.7309
vn 0.4806 0.2678 0.8351
vn 0.6912 -0.0000 0.7226
vn 0.6912 0.0000 0.7227
vn 0.5565 0.0000 0.8309
vn -0.4806 0.2678 0.8350
vn 0.5974 -0.3301 0.7309
vn 0.5973 -0.3301 0.7309
vn -0.2827 0.4632 0.8400
vn -0.5565 0.0000 0.8309
vn 0.3467 -0.5753 0.7408
vn 0.3468 -0.5753 0.7408
vn -0.0000 -0.5363 0.8440
vn -0.4728 -0.7801 0.4098
vn -0.1027 -0.8373 0.5371
vn -0.4806 0.2679 0.8351
vn 0.2664 -0.4311 -0.8621
vn 0.4556 -0.2435 -0.8562
vn 0.5272 0.0000 -0.8498
vn 0.4556 0.2435 -0.8562
vn 0.2665 0.4310 -0.8621
vn 0.2665 -0.4310 -0.8621
vn -0.7624 -0.4166 -0.4951
vn 0.0000 -0.0001 -1.0000
vn 0.4186 0.0000 0.9082
vn -0.1026 0.0316 0.9942
vn 0.3955 -0.1266 0.9097
vn -0.1026 0.0315 0.9942
vn -0.0868 0.0631 0.9942
vn -0.4860 0.3527 0.7996
vn -0.0868 0.0632 0.9942
vn -0.1026 0.0000 0.9947
vn -0.5671 0.1812 0.8035
vn -0.5671 0.1812 0.8034
vn 0.3396 -0.2448 0.9082
vn 0.3955 0.1266 0.9097
vn -0.3528 0.4860 0.7996
vn -0.1026 -0.0315 0.9942
vn -0.0631 0.0868 0.9942
vn 0.3396 0.2448 0.9082
vn -0.1026 -0.0316 0.9942
vn 0.2448 -0.3396 0.9082
vn -0.0316 0.1026 0.9942
vn -0.1812 0.5671 0.8034
vn -0.0315 0.1026 0.9942
vn 0.1266 -0.3955 0.9097
vn 0.0000 0.1026 0.9947
vn -0.0000 0.5975 0.8019
vn -0.0000 -0.4186 0.9082
vn 0.0315 0.1026 0.9942
vn 0.1812 0.5671 0.8035
vn 0.1812 0.5671 0.8034
vn 0.0316 0.1026 0.9942
vn -0.1266 -0.3955 0.9097
vn 0.0631 0.0868 0.9942
vn 0.3527 0.4860 0.7996
vn -0.2448 -0.3396 0.9082
vn -0.5975 -0.0000 0.8019
vn -0.0868 -0.0631 0.9942
vn 0.4860 0.3527 0.7996
vn 0.0868 0.0631 0.9942
vn 0.4860 0.3528 0.7996
vn -0.3396 -0.2448 0.9082
vn 0.5671 0.1812 0.8034
vn 0.1026 0.0316 0.9942
vn 0.5671 0.1812 0.8035
vn 0.1026 0.0315 0.9942
vn -0.3955 -0.1266 0.9097
vn 0.5975 -0.0000 0.8019
vn 0.1026 -0.0000 0.9947
vn -0.4186 0.0000 0.9082
vn 0.5671 -0.1812 0.8035
vn 0.1026 -0.0315 0.9942
vn 0.5671 -0.1812 0.8034
vn 0.1026 -0.0316 0.9942
vn -0.3955 0.1266 0.9097
vn 0.4860 -0.3527 0.7996
vn 0.0868 -0.0632 0.9942
vn 0.0868 -0.0631 0.9942
vn -0.3396 0.2448 0.9082
vn 0.3528 -0.4860 0.7996
vn 0.0631 -0.0868 0.9942
vn 0.2448 0.3396 0.9082
vn -0.5671 -0.1812 0.8034
vn -0.2448 0.3396 0.9082
vn 0.3527 -0.4860 0.7996
vn 0.1812 -0.5671 0.8035
vn 0.0316 -0.1026 0.9942
vn 0.1812 -0.5671 0.8034
vn 0.0315 -0.1026 0.9942
vn -0.1266 0.3955 0.9097
vn -0.0000 -0.5975 0.8019
vn -0.0000 -0.1026 0.9947
vn 0.0000 0.4186 0.9082
vn 0.0000 -0.1027 0.9947
vn -0.1812 -0.5672 0.8034
vn -0.0000 0.4185 0.9082
vn -0.0315 -0.1026 0.9942
vn -0.1812 -0.5671 0.8034
vn -0.0316 -0.1026 0.9942
vn 0.1266 0.3955 0.9097
vn -0.3527 -0.4860 0.7996
vn -0.0632 -0.0868 0.9942
vn -0.3528 -0.4860 0.7996
vn -0.0631 -0.0868 0.9942
vn -0.4860 -0.3528 0.7996
vn -0.4860 -0.3527 0.7996
usemtl mtl_zombie_vending_jugg
s 1
f 1/1/1 2/2/2 3/3/3
f 4/4/4 5/5/5 6/6/2
f 7/7/4 8/8/6 9/9/7
f 10/10/8 11/11/9 12/12/6
f 13/13/10 14/14/2 15/15/11
f 16/16/3 17/17/12 18/18/6
f 19/19/10 20/20/13 21/21/12
f 22/22/3 23/23/14 24/24/15
f 25/25/13 26/26/16 27/27/12
f 28/28/13 29/29/17 30/30/16
f 31/31/13 32/32/14 33/33/18
f 34/34/13 35/35/19 36/36/17
f 37/37/20 38/38/20 39/39/20
f 40/40/21 41/41/21 42/42/21
f 43/43/22 44/44/22 45/45/22
f 46/46/22 47/47/22 48/48/22
f 49/49/23 50/50/23 51/51/23
f 52/52/23 53/53/23 54/54/23
f 55/55/24 56/56/24 57/57/24
f 58/58/25 59/59/25 60/60/25
f 61/61/26 62/62/26 63/63/26
f 64/64/26 65/65/26 66/66/26
f 67/67/17 68/68/17 69/69/17
f 70/70/17 71/71/17 72/72/17
f 73/73/27 74/74/27 75/75/27
f 76/76/27 77/77/27 78/78/27
f 79/79/23 80/80/23 81/81/23
f 82/82/23 83/83/23 84/84/23
f 85/85/25 86/86/25 87/87/25
f 88/88/24 89/89/24 90/90/24
f 91/91/26 92/92/26 93/93/26
f 94/94/26 95/95/26 96/96/26
f 97/97/17 98/98/17 99/99/17
f 100/100/17 101/101/17 102/102/17
f 103/103/27 104/104/27 105/105/27
f 106/106/22 107/107/22 108/108/22
f 109/109/23 110/110/23 111/111/23
f 112/112/23 113/113/23 114/114/23
f 115/115/24 116/116/24 117/117/24
f 118/118/25 119/119/25 120/120/25
f 121/121/26 122/122/26 123/123/26
f 124/124/26 125/125/26 126/126/26
f 127/127/17 128/128/17 129/129/17
f 130/130/17 131/131/17 132/132/17
f 133/133/22 134/134/22 135/135/22
f 136/136/22 137/137/22 138/138/22
f 139/139/23 140/140/23 141/141/23
f 142/142/23 143/143/23 144/144/23
f 145/145/25 146/146/25 147/147/25
f 148/148/25 149/149/25 150/150/25
f 151/151/26 152/152/26 153/153/26
f 154/154/26 155/155/26 156/156/26
f 157/157/17 158/158/17 159/159/17
f 160/160/17 161/161/17 162/162/17
f 163/163/28 164/164/29 165/165/29
f 166/166/28 167/167/28 168/168/29
f 169/169/30 170/170/31 171/171/31
f 172/172/30 173/173/30 174/174/31
f 175/175/32 176/176/30 177/177/30
f 178/178/32 179/179/32 180/180/30
f 181/181/33 182/182/32 183/183/34
f 184/184/33 185/185/33 186/186/32
f 187/187/35 188/188/33 189/189/33
f 190/190/35 191/191/35 192/192/33
f 193/193/36 194/194/35 195/195/35
f 196/196/36 197/197/36 198/198/35
f 199/199/37 200/200/36 201/201/36
f 202/202/37 203/203/38 204/204/36
f 205/205/39 206/206/37 207/207/37
f 208/208/39 209/209/39 210/210/37
f 211/211/40 212/212/39 213/213/39
f 214/214/41 215/215/41 216/216/39
f 217/217/42 218/218/40 219/219/43
f 220/220/42 221/221/42 222/222/40
f 223/223/23 224/224/42 225/225/42
f 226/226/23 227/227/44 228/228/42
f 229/229/29 230/230/23 231/231/23
f 232/232/29 233/233/29 234/234/23
f 235/235/28 236/236/29 237/237/29
f 238/238/28 239/239/28 240/240/29
f 241/241/30 242/242/31 243/243/31
f 244/244/30 245/245/30 246/246/31
f 247/247/45 248/248/30 249/249/46
f 250/250/45 251/251/45 252/252/30
f 253/253/47 254/254/45 255/255/45
f 256/256/47 257/257/48 258/258/45
f 259/259/35 260/260/47 261/261/49
f 262/262/35 263/263/35 264/264/47
f 265/265/36 266/266/35 267/267/35
f 268/268/36 269/269/36 270/270/35
f 271/271/37 272/272/36 273/273/36
f 274/274/37 275/275/38 276/276/36
f 277/277/39 278/278/37 279/279/37
f 280/280/39 281/281/39 282/282/37
f 283/283/40 284/284/39 285/285/39
f 286/286/41 287/287/41 288/288/39
f 289/289/42 290/290/40 291/291/43
f 292/292/42 293/293/42 294/294/40
f 295/295/23 296/296/42 297/297/42
f 298/298/23 299/299/44 300/300/42
f 301/301/29 302/302/23 303/303/23
f 304/304/29 305/305/29 306/306/23
f 307/307/50 308/308/51 309/309/52
f 310/310/53 311/311/54 312/312/1
f 313/313/55 314/314/54 315/315/53
f 316/316/55 317/317/53 318/318/56
f 319/319/57 320/320/55 321/321/56
f 322/322/58 323/323/59 324/324/60
f 325/325/61 326/326/62 327/327/63
f 328/328/64 329/329/63 330/330/65
f 331/331/65 332/332/63 333/333/66
f 334/334/65 335/335/66 336/336/67
f 337/337/67 338/338/66 339/339/68
f 340/340/65 341/341/69 342/342/61
f 343/343/67 344/344/68 345/345/70
f 346/346/71 347/347/70 348/348/68
f 349/349/72 350/350/68 351/351/73
f 352/352/65 353/353/74 354/354/69
f 355/355/71 356/356/73 357/357/75
f 358/358/76 359/359/69 360/360/74
f 361/361/65 362/362/77 363/363/78
f 364/364/79 365/365/71 366/366/80
f 367/367/81 368/368/67 369/369/70
f 370/370/70 371/371/80 372/372/82
f 373/373/82 374/374/78 375/375/67
f 376/376/83 377/377/74 378/378/84
f 379/379/71 380/380/75 381/381/85
f 382/382/85 383/383/86 384/384/71
f 385/385/85 386/386/75 387/387/87
f 388/388/85 389/389/87 390/390/88
f 391/391/88 392/392/87 393/393/89
f 394/394/88 395/395/90 396/396/91
f 397/397/85 398/398/92 399/399/93
f 400/400/94 401/401/88 402/402/95
f 403/403/85 404/404/96 405/405/80
f 406/406/85 407/407/93 408/408/96
f 409/409/65 410/410/78 411/411/74
f 412/412/97 413/413/86 414/414/96
f 415/415/81 416/416/86 417/417/97
f 418/418/93 419/419/98 420/420/96
f 421/421/97 422/422/96 423/423/98
f 424/424/94 425/425/93 426/426/88
f 427/427/81 428/428/97 429/429/99
f 430/430/99 431/431/78 432/432/81
f 433/433/99 434/434/97 435/435/100
f 436/436/100 437/437/101 438/438/98
f 439/439/99 440/440/84 441/441/78
f 442/442/78 443/443/84 444/444/74
f 445/445/100 446/446/98 447/447/102
f 448/448/99 449/449/100 450/450/103
f 451/451/104 452/452/93 453/453/94
f 454/454/103 455/455/84 456/456/105
f 457/457/103 458/458/106 459/459/84
f 460/460/107 461/461/98 462/462/93
f 463/463/108 464/464/17 465/465/17
f 466/466/108 467/467/108 468/468/17
f 469/469/109 470/470/108 471/471/108
f 472/472/109 473/473/109 474/474/108
f 475/475/110 476/476/109 477/477/109
f 478/478/110 479/479/110 480/480/109
f 481/481/111 482/482/112 483/483/113
f 484/484/111 485/485/111 486/486/112
f 487/487/114 488/488/111 489/489/111
f 490/490/114 491/491/114 492/492/111
f 493/493/115 494/494/114 495/495/114
f 496/496/115 497/497/115 498/498/114
f 499/499/116 500/500/26 501/501/26
f 502/502/116 503/503/116 504/504/26
f 505/505/116 506/506/116 507/507/117
f 508/508/116 509/509/117 510/510/117
f 511/511/117 512/512/117 513/513/118
f 514/514/117 515/515/118 516/516/118
f 517/517/119 518/518/5 519/519/51
f 520/520/119 521/521/4 522/522/120
f 523/523/121 524/524/119 525/525/54
f 526/526/55 527/527/122 528/528/119
f 529/529/123 530/530/122 531/531/121
f 532/532/58 533/533/124 534/534/122
f 535/535/125 536/536/57 537/537/126
f 538/538/125 539/539/124 540/540/123
f 541/541/127 542/542/123 543/543/128
f 544/544/127 545/545/126 546/546/129
f 547/547/130 548/548/126 549/549/131
f 550/550/130 551/551/132 552/552/133
f 553/553/132 554/554/130 555/555/134
f 556/556/132 557/557/134 558/558/26
f 559/559/135 560/560/26 561/561/136
f 562/562/132 563/563/137 564/564/138
f 565/565/138 566/566/126 567/567/135
f 568/568/139 569/569/125 570/570/133
f 571/571/140 572/572/141 573/573/142
f 574/574/140 575/575/142 576/576/143
f 577/577/143 578/578/142 579/579/144
f 580/580/143 581/581/144 582/582/145
f 583/583/146 584/584/144 585/585/147
f 586/586/148 587/587/143 588/588/149
f 589/589/146 590/590/147 591/591/150
f 592/592/143 593/593/146 594/594/151
f 595/595/143 596/596/151 597/597/149
f 598/598/152 599/599/153 600/600/150
f 601/601/147 602/602/154 603/603/153
f 604/604/148 605/605/149 606/606/155
f 607/607/156 608/608/150 609/609/153
f 610/610/157 611/611/146 612/612/150
f 613/613/154 614/614/158 615/615/153
f 616/616/156 617/617/153 618/618/159
f 619/619/159 620/620/160 621/621/161
f 622/622/154 623/623/162 624/624/163
f 625/625/157 626/626/150 627/627/157
f 628/628/164 629/629/161 630/630/165
f 631/631/166 632/632/155 633/633/167
f 634/634/166 635/635/148 636/636/155
f 637/637/168 638/638/166 639/639/167
f 640/640/169 641/641/170 642/642/166
f 643/643/171 644/644/172 645/645/169
f 646/646/17 647/647/173 648/648/168
f 649/649/17 650/650/19 651/651/173
f 652/652/173 653/653/174 654/654/172
f 655/655/175 656/656/170 657/657/174
f 658/658/16 659/659/17 660/660/168
f 661/661/176 662/662/168 663/663/167
f 664/664/175 665/665/177 666/666/172
f 667/667/172 668/668/177 669/669/166
f 670/670/178 671/671/177 672/672/179
f 673/673/178 674/674/180 675/675/148
f 676/676/181 677/677/182 678/678/183
f 679/679/184 680/680/161 681/681/182
f 682/682/185 683/683/186 684/684/183
f 685/685/26 686/686/187 687/687/186
f 688/688/26 689/689/188 690/690/183
f 691/691/136 692/692/26 693/693/186
f 694/694/162 695/695/182 696/696/158
f 697/697/162 698/698/189 699/699/182
f 700/700/185 701/701/190 702/702/186
f 703/703/185 704/704/189 705/705/191
f 706/706/136 707/707/186 708/708/192
f 709/709/193 710/710/194 711/711/192
f 712/712/186 713/713/191 714/714/195
f 715/715/190 716/716/196 717/717/197
f 718/718/190 719/719/197 720/720/194
f 721/721/198 722/722/17 723/723/17
f 724/724/198 725/725/17 726/726/199
f 727/727/200 728/728/199 729/729/17
f 730/730/200 731/731/200 732/732/199
f 733/733/198 734/734/199 735/735/201
f 736/736/200 737/737/200 738/738/63
f 739/739/200 740/740/63 741/741/63
f 742/742/202 743/743/201 744/744/201
f 745/745/203 746/746/201 747/747/201
f 748/748/203 749/749/201 750/750/203
f 751/751/204 752/752/205 753/753/204
f 754/754/206 755/755/205 756/756/205
f 757/757/207 758/758/26 759/759/207
f 760/760/207 761/761/26 762/762/26
f 763/763/26 764/764/26 765/765/26
f 766/766/26 767/767/26 768/768/26
f 769/769/26 770/770/26 771/771/208
f 772/772/26 773/773/208 774/774/208
f 775/775/87 776/776/208 777/777/208
f 778/778/87 779/779/87 780/780/208
f 781/781/63 782/782/63 783/783/66
f 784/784/63 785/785/66 786/786/66
f 787/787/66 788/788/66 789/789/68
f 790/790/66 791/791/68 792/792/68
f 793/793/68 794/794/68 795/795/73
f 796/796/68 797/797/73 798/798/73
f 799/799/73 800/800/73 801/801/75
f 802/802/73 803/803/75 804/804/209
f 805/805/75 806/806/75 807/807/87
f 808/808/75 809/809/87 810/810/87
f 811/811/17 812/812/17 813/813/17
f 814/814/17 815/815/17 816/816/17
f 817/817/210 818/818/210 819/819/63
f 820/820/210 821/821/63 822/822/63
f 823/823/63 824/824/63 825/825/66
f 826/826/63 827/827/66 828/828/66
f 829/829/66 830/830/66 831/831/68
f 832/832/66 833/833/68 834/834/68
f 835/835/73 836/836/68 837/837/68
f 838/838/73 839/839/68 840/840/73
f 841/841/73 842/842/73 843/843/75
f 844/844/73 845/845/75 846/846/75
f 847/847/75 848/848/75 849/849/87
f 850/850/75 851/851/87 852/852/87
f 853/853/87 854/854/87 855/855/211
f 856/856/87 857/857/211 858/858/211
f 859/859/26 860/860/26 861/861/26
f 862/862/26 863/863/26 864/864/26
f 865/865/210 866/866/212 867/867/213
f 868/868/210 869/869/213 870/870/210
f 871/871/214 872/872/210 873/873/210
f 874/874/214 875/875/215 876/876/214
f 877/877/216 878/878/214 879/879/214
f 880/880/216 881/881/214 882/882/216
f 883/883/217 884/884/217 885/885/218
f 886/886/216 887/887/219 888/888/219
f 889/889/220 890/890/221 891/891/222
f 892/892/220 893/893/221 894/894/221
f 895/895/221 896/896/223 897/897/224
f 898/898/225 899/899/226 900/900/227
f 901/901/228 902/902/229 903/903/228
f 904/904/224 905/905/229 906/906/229
f 907/907/229 908/908/229 909/909/230
f 910/910/231 911/911/230 912/912/230
f 913/913/232 914/914/213 915/915/233
f 916/916/234 917/917/235 918/918/213
f 919/919/236 920/920/232 921/921/237
f 922/922/238 923/923/234 924/924/238
f 925/925/239 926/926/240 927/927/240
f 928/928/239 929/929/239 930/930/240
f 931/931/241 932/932/239 933/933/239
f 934/934/241 935/935/239 936/936/241
f 937/937/242 938/938/243 939/939/244
f 940/940/230 941/941/245 942/942/245
f 943/943/245 944/944/245 945/945/246
f 946/946/245 947/947/247 948/948/248
f 949/949/248 950/950/248 951/951/249
f 952/952/248 953/953/249 954/954/250
f 955/955/249 956/956/251 957/957/250
f 958/958/252 959/959/251 960/960/251
f 961/961/253 962/962/251 963/963/254
f 964/964/251 965/965/255 966/966/255
f 967/967/256 968/968/241 969/969/241
f 970/970/256 971/971/256 972/972/241
f 973/973/257 974/974/256 975/975/256
f 976/976/258 977/977/256 978/978/257
f 979/979/259 980/980/260 981/981/260
f 982/982/261 983/983/261 984/984/258
f 985/985/262 986/986/259 987/987/261
f 988/988/262 989/989/262 990/990/263
f 991/991/264 992/992/262 993/993/262
f 994/994/264 995/995/264 996/996/262
f 997/997/255 998/998/265 999/999/255
f 1000/1000/266 1001/1001/265 1002/1002/265
f 1003/1003/265 1004/1004/265 1005/1005/267
f 1006/1006/265 1007/1007/268 1008/1008/267
f 1009/1009/269 1010/1010/270 1011/1011/271
f 1012/1012/268 1013/1013/272 1014/1014/272
f 1015/1015/272 1016/1016/272 1017/1017/273
f 1018/1018/270 1019/1019/273 1020/1020/274
f 1021/1021/273 1022/1022/211 1023/1023/211
f 1024/1024/275 1025/1025/276 1026/1026/275
f 1027/1027/211 1028/1028/277 1029/1029/277
f 1030/1030/277 1031/1031/278 1032/1032/277
f 1033/1033/277 1034/1034/279 1035/1035/279
f 1036/1036/280 1037/1037/278 1038/1038/278
f 1039/1039/281 1040/1040/281 1041/1041/279
f 1042/1042/273 1043/1043/211 1044/1044/282
f 1045/1045/283 1046/1046/284 1047/1047/285
f 1048/1048/283 1049/1049/284 1050/1050/286
f 1051/1051/284 1052/1052/284 1053/1053/287
f 1054/1054/285 1055/1055/288 1056/1056/288
f 1057/1057/289 1058/1058/290 1059/1059/289
f 1060/1060/290 1061/1061/264 1062/1062/264
f 1063/1063/290 1064/1064/290 1065/1065/264
f 1066/1066/289 1067/1067/290 1068/1068/290
f 1069/1069/218 1070/1070/218 1071/1071/66
f 1072/1072/218 1073/1073/66 1074/1074/66
f 1075/1075/66 1076/1076/66 1077/1077/68
f 1078/1078/66 1079/1079/68 1080/1080/68
f 1081/1081/73 1082/1082/68 1083/1083/68
f 1084/1084/73 1085/1085/68 1086/1086/73
f 1087/1087/73 1088/1088/73 1089/1089/75
f 1090/1090/73 1091/1091/75 1092/1092/75
f 1093/1093/75 1094/1094/75 1095/1095/281
f 1096/1096/75 1097/1097/281 1098/1098/281
f 1099/1099/30 1100/1100/30 1101/1101/30
f 1102/1102/30 1103/1103/30 1104/1104/30
f 1105/1105/30 1106/1106/30 1107/1107/30
f 1108/1108/30 1109/1109/30 1110/1110/30
f 1111/1111/30 1112/1112/30 1113/1113/30
f 1114/1114/30 1115/1115/30 1116/1116/30
f 1117/1117/30 1118/1118/30 1119/1119/30
f 1120/1120/30 1121/1121/30 1122/1122/30
f 1123/1123/30 1124/1124/30 1125/1125/30
f 1126/1126/30 1127/1127/30 1128/1128/30
f 1129/1129/23 1130/1130/23 1131/1131/23
f 1132/1132/23 1133/1133/23 1134/1134/23
f 1135/1135/23 1136/1136/23 1137/1137/23
f 1138/1138/23 1139/1139/23 1140/1140/23
f 1141/1141/23 1142/1142/23 1143/1143/23
f 1144/1144/23 1145/1145/23 1146/1146/23
f 1147/1147/23 1148/1148/23 1149/1149/233
f 1150/1150/23 1151/1151/233 1152/1152/286
f 1153/1153/233 1154/1154/274 1155/1155/286
f 1156/1156/233 1157/1157/222 1158/1158/274
f 1159/1159/233 1160/1160/212 1161/1161/222
f 1162/1162/233 1163/1163/213 1164/1164/220
f 1165/1165/274 1166/1166/282 1167/1167/286
f 1168/1168/274 1169/1169/222 1170/1170/23
f 1171/1171/274 1172/1172/273 1173/1173/283
f 1174/1174/274 1175/1175/23 1176/1176/23
f 1177/1177/23 1178/1178/23 1179/1179/23
f 1180/1180/23 1181/1181/23 1182/1182/23
f 1183/1183/23 1184/1184/23 1185/1185/23
f 1186/1186/23 1187/1187/23 1188/1188/23
f 1189/1189/23 1190/1190/23 1191/1191/23
f 1192/1192/23 1193/1193/23 1194/1194/23
f 1195/1195/291 1196/1196/292 1197/1197/292
f 1198/1198/293 1199/1199/293 1200/1200/294
f 1201/1201/295 1202/1202/291 1203/1203/291
f 1204/1204/295 1205/1205/295 1206/1206/293
f 1207/1207/296 1208/1208/295 1209/1209/295
f 1210/1210/296 1211/1211/296 1212/1212/295
f 1213/1213/297 1214/1214/298 1215/1215/298
f 1216/1216/299 1217/1217/299 1218/1218/296
f 1219/1219/300 1220/1220/297 1221/1221/297
f 1222/1222/300 1223/1223/300 1224/1224/297
f 1225/1225/301 1226/1226/201 1227/1227/201
f 1228/1228/301 1229/1229/301 1230/1230/201
f 1231/1231/302 1232/1232/301 1233/1233/301
f 1234/1234/303 1235/1235/303 1236/1236/301
f 1237/1237/304 1238/1238/303 1239/1239/303
f 1240/1240/304 1241/1241/304 1242/1242/303
f 1243/1243/305 1244/1244/304 1245/1245/304
f 1246/1246/305 1247/1247/305 1248/1248/304
f 1249/1249/306 1250/1250/305 1251/1251/305
f 1252/1252/306 1253/1253/306 1254/1254/305
f 1255/1255/307 1256/1256/306 1257/1257/308
f 1258/1258/307 1259/1259/307 1260/1260/306
f 1261/1261/294 1262/1262/307 1263/1263/307
f 1264/1264/294 1265/1265/294 1266/1266/307
f 1267/1267/309 1268/1268/310 1269/1269/35
f 1270/1270/309 1271/1271/35 1272/1272/35
f 1273/1273/35 1274/1274/35 1275/1275/35
f 1276/1276/35 1277/1277/311 1278/1278/312
f 1279/1279/35 1280/1280/313 1281/1281/35
f 1282/1282/35 1283/1283/35 1284/1284/35
f 1285/1285/314 1286/1286/315 1287/1287/314
f 1288/1288/316 1289/1289/315 1290/1290/316
f 1291/1291/315 1292/1292/315 1293/1293/314
f 1294/1294/315 1295/1295/317 1296/1296/315
f 1297/1297/317 1298/1298/317 1299/1299/318
f 1300/1300/317 1301/1301/317 1302/1302/317
f 1303/1303/317 1304/1304/317 1305/1305/317
f 1306/1306/319 1307/1307/320 1308/1308/320
f 1309/1309/319 1310/1310/320 1311/1311/320
f 1312/1312/319 1313/1313/320 1314/1314/319
f 1315/1315/319 1316/1316/319 1317/1317/319
f 1318/1318/319 1319/1319/319 1320/1320/319
f 1321/1321/319 1322/1322/319 1323/1323/319
f 1324/1324/319 1325/1325/319 1326/1326/319
f 1327/1327/321 1328/1328/322 1329/1329/323
f 1330/1330/311 1331/1331/324 1332/1332/322
f 1333/1333/324 1334/1334/325 1335/1335/322
f 1336/1336/324 1337/1337/326 1338/1338/325
f 1339/1339/309 1340/1340/327 1341/1341/328
f 1342/1342/309 1343/1343/329 1344/1344/327
f 1345/1345/329 1346/1346/330 1347/1347/327
f 1348/1348/329 1349/1349/331 1350/1350/332
f 1351/1351/327 1352/1352/332 1353/1353/333
f 1354/1354/327 1355/1355/333 1356/1356/334
f 1357/1357/333 1358/1358/324 1359/1359/334
f 1360/1360/333 1361/1361/335 1362/1362/324
f 1363/1363/328 1364/1364/336 1365/1365/334
f 1366/1366/337 1367/1367/324 1368/1368/311
f 1369/1369/328 1370/1370/334 1371/1371/338
f 1372/1372/337 1373/1373/311 1374/1374/338
f 1375/1375/339 1376/1376/340 1377/1377/340
f 1378/1378/339 1379/1379/341 1380/1380/339
f 1381/1381/342 1382/1382/339 1383/1383/339
f 1384/1384/342 1385/1385/339 1386/1386/342
f 1387/1387/343 1388/1388/344 1389/1389/343
f 1390/1390/342 1391/1391/345 1392/1392/345
f 1393/1393/346 1394/1394/345 1395/1395/345
f 1396/1396/346 1397/1397/345 1398/1398/346
f 1399/1399/347 1400/1400/348 1401/1401/348
f 1402/1402/349 1403/1403/346 1404/1404/349
f 1405/1405/349 1406/1406/350 1407/1407/349
f 1408/1408/349 1409/1409/350 1410/1410/351
f 1411/1411/352 1412/1412/350 1413/1413/350
f 1414/1414/352 1415/1415/350 1416/1416/352
f 1417/1417/352 1418/1418/352 1419/1419/353
f 1420/1420/352 1421/1421/354 1422/1422/354
f 1423/1423/353 1424/1424/354 1425/1425/355
f 1426/1426/354 1427/1427/355 1428/1428/355
f 1429/1429/355 1430/1430/355 1431/1431/356
f 1432/1432/357 1433/1433/358 1434/1434/358
f 1435/1435/359 1436/1436/359 1437/1437/360
f 1438/1438/356 1439/1439/360 1440/1440/360
f 1441/1441/361 1442/1442/361 1443/1443/362
f 1444/1444/361 1445/1445/362 1446/1446/362
f 1447/1447/362 1448/1448/362 1449/1449/363
f 1450/1450/362 1451/1451/363 1452/1452/363
f 1453/1453/363 1454/1454/363 1455/1455/364
f 1456/1456/363 1457/1457/340 1458/1458/340
f 1459/1459/365 1460/1460/366 1461/1461/35
f 1462/1462/367 1463/1463/35 1464/1464/368
f 1465/1465/35 1466/1466/369 1467/1467/368
f 1468/1468/35 1469/1469/370 1470/1470/369
f 1471/1471/371 1472/1472/372 1473/1473/368
f 1474/1474/373 1475/1475/374 1476/1476/375
f 1477/1477/368 1478/1478/369 1479/1479/376
f 1480/1480/377 1481/1481/378 1482/1482/379
f 1483/1483/379 1484/1484/368 1485/1485/380
f 1486/1486/381 1487/1487/374 1488/1488/382
f 1489/1489/373 1490/1490/377 1491/1491/383
f 1492/1492/384 1493/1493/371 1494/1494/383
f 1495/1495/384 1496/1496/385 1497/1497/373
f 1498/1498/384 1499/1499/385 1500/1500/385
f 1501/1501/386 1502/1502/385 1503/1503/385
f 1504/1504/386 1505/1505/385 1506/1506/386
f 1507/1507/380 1508/1508/376 1509/1509/387
f 1510/1510/388 1511/1511/386 1512/1512/386
f 1513/1513/388 1514/1514/389 1515/1515/386
f 1516/1516/390 1517/1517/388 1518/1518/388
f 1519/1519/390 1520/1520/389 1521/1521/390
f 1522/1522/391 1523/1523/392 1524/1524/392
f 1525/1525/393 1526/1526/393 1527/1527/394
f 1528/1528/395 1529/1529/396 1530/1530/382
f 1531/1531/395 1532/1532/376 1533/1533/397
f 1534/1534/398 1535/1535/393 1536/1536/393
f 1537/1537/398 1538/1538/393 1539/1539/398
f 1540/1540/399 1541/1541/398 1542/1542/398
f 1543/1543/399 1544/1544/400 1545/1545/398
f 1546/1546/395 1547/1547/401 1548/1548/399
f 1549/1549/402 1550/1550/403 1551/1551/404
f 1552/1552/405 1553/1553/406 1554/1554/407
f 1555/1555/408 1556/1556/406 1557/1557/409
f 1558/1558/410 1559/1559/405 1560/1560/408
f 1561/1561/408 1562/1562/409 1563/1563/411
f 1564/1564/412 1565/1565/408 1566/1566/413
f 1567/1567/410 1568/1568/413 1569/1569/414
f 1570/1570/410 1571/1571/415 1572/1572/416
f 1573/1573/417 1574/1574/410 1575/1575/418
f 1576/1576/417 1577/1577/415 1578/1578/419
f 1579/1579/417 1580/1580/414 1581/1581/401
f 1582/1582/417 1583/1583/420 1584/1584/415
f 1585/1585/421 1586/1586/417 1587/1587/401
f 1588/1588/422 1589/1589/420 1590/1590/417
f 1591/1591/422 1592/1592/417 1593/1593/423
f 1594/1594/423 1595/1595/401 1596/1596/382
f 1597/1597/421 1598/1598/424 1599/1599/422
f 1600/1600/376 1601/1601/424 1602/1602/423
f 1603/1603/425 1604/1604/426 1605/1605/424
f 1606/1606/369 1607/1607/427 1608/1608/424
f 1609/1609/426 1610/1610/427 1611/1611/427
f 1612/1612/404 1613/1613/403 1614/1614/428
f 1615/1615/406 1616/1616/429 1617/1617/430
f 1618/1618/431 1619/1619/432 1620/1620/430
f 1621/1621/429 1622/1622/433 1623/1623/432
f 1624/1624/409 1625/1625/406 1626/1626/434
f 1627/1627/433 1628/1628/435 1629/1629/436
f 1630/1630/437 1631/1631/430 1632/1632/436
f 1633/1633/409 1634/1634/430 1635/1635/438
f 1636/1636/433 1637/1637/439 1638/1638/435
f 1639/1639/440 1640/1640/439 1641/1641/441
f 1642/1642/442 1643/1643/432 1644/1644/435
f 1645/1645/437 1646/1646/443 1647/1647/444
f 1648/1648/435 1649/1649/441 1650/1650/445
f 1651/1651/444 1652/1652/435 1653/1653/446
f 1654/1654/446 1655/1655/435 1656/1656/447
f 1657/1657/445 1658/1658/441 1659/1659/448
f 1660/1660/446 1661/1661/449 1662/1662/450
f 1663/1663/451 1664/1664/447 1665/1665/448
f 1666/1666/448 1667/1667/452 1668/1668/453
f 1669/1669/454 1670/1670/452 1671/1671/448
f 1672/1672/455 1673/1673/455 1674/1674/452
f 1675/1675/456 1676/1676/457 1677/1677/457
f 1678/1678/456 1679/1679/456 1680/1680/457
f 1681/1681/17 1682/1682/456 1683/1683/456
f 1684/1684/17 1685/1685/17 1686/1686/456
f 1687/1687/458 1688/1688/17 1689/1689/17
f 1690/1690/458 1691/1691/458 1692/1692/17
f 1693/1693/459 1694/1694/458 1695/1695/458
f 1696/1696/459 1697/1697/459 1698/1698/458
f 1699/1699/26 1700/1700/459 1701/1701/459
f 1702/1702/26 1703/1703/26 1704/1704/459
f 1705/1705/457 1706/1706/26 1707/1707/26
f 1708/1708/457 1709/1709/457 1710/1710/26
f 1711/1711/460 1712/1712/460 1713/1713/461
f 1714/1714/460 1715/1715/461 1716/1716/461
f 1717/1717/462 1718/1718/461 1719/1719/461
f 1720/1720/462 1721/1721/462 1722/1722/461
f 1723/1723/462 1724/1724/463 1725/1725/462
f 1726/1726/462 1727/1727/463 1728/1728/463
f 1729/1729/464 1730/1730/465 1731/1731/465
f 1732/1732/464 1733/1733/464 1734/1734/465
f 1735/1735/464 1736/1736/464 1737/1737/466
f 1738/1738/464 1739/1739/466 1740/1740/466
f 1741/1741/467 1742/1742/466 1743/1743/466
f 1744/1744/467 1745/1745/466 1746/1746/467
f 1747/1747/468 1748/1748/469 1749/1749/469
f 1750/1750/468 1751/1751/469 1752/1752/468
f 1753/1753/468 1754/1754/468 1755/1755/470
f 1756/1756/468 1757/1757/470 1758/1758/470
f 1759/1759/471 1760/1760/470 1761/1761/470
f 1762/1762/472 1763/1763/472 1764/1764/470
f 1765/1765/473 1766/1766/474 1767/1767/473
f 1768/1768/473 1769/1769/474 1770/1770/474
f 1771/1771/475 1772/1772/474 1773/1773/474
f 1774/1774/475 1775/1775/475 1776/1776/474
f 1777/1777/475 1778/1778/475 1779/1779/476
f 1780/1780/475 1781/1781/476 1782/1782/476
f 1783/1783/477 1784/1784/477 1785/1785/477
f 1786/1786/478 1787/1787/478 1788/1788/478
f 1789/1789/479 1790/1790/479 1791/1791/479
f 1792/1792/480 1793/1793/480 1794/1794/480
f 1795/1795/481 1796/1796/481 1797/1797/481
f 1798/1798/481 1799/1799/481 1800/1800/481
f 1801/1801/482 1802/1802/482 1803/1803/482
f 1804/1804/482 1805/1805/482 1806/1806/482
f 1807/1807/483 1808/1808/483 1809/1809/483
f 1810/1810/483 1811/1811/483 1812/1812/483
f 1813/1813/484 1814/1814/484 1815/1815/484
f 1816/1816/484 1817/1817/484 1818/1818/484
f 1819/1819/485 1820/1820/485 1821/1821/485
f 1822/1822/485 1823/1823/485 1824/1824/485
f 1825/1825/486 1826/1826/486 1827/1827/486
f 1828/1828/487 1829/1829/487 1830/1830/487
f 1831/1831/488 1832/1832/488 1833/1833/488
f 1834/1834/488 1835/1835/488 1836/1836/488
f 1837/1837/489 1838/1838/489 1839/1839/489
f 1840/1840/490 1841/1841/490 1842/1842/490
f 1843/1843/491 1844/1844/491 1845/1845/491
f 1846/1846/491 1847/1847/491 1848/1848/491
f 1849/1849/492 1850/1850/492 1851/1851/492
f 1852/1852/492 1853/1853/492 1854/1854/492
f 1855/1855/493 1856/1856/494 1857/1857/495
f 1858/1858/493 1859/1859/496 1860/1860/497
f 1861/1861/498 1862/1862/496 1863/1863/493
f 1864/1864/494 1865/1865/496 1866/1866/499
f 1867/1867/500 1868/1868/499 1869/1869/496
f 1870/1870/500 1871/1871/501 1872/1872/499
f 1873/1873/494 1874/1874/499 1875/1875/502
f 1876/1876/503 1877/1877/504 1878/1878/500
f 1879/1879/505 1880/1880/506 1881/1881/501
f 1882/1882/507 1883/1883/499 1884/1884/504
f 1885/1885/508 1886/1886/499 1887/1887/507
f 1888/1888/506 1889/1889/505 1890/1890/509
f 1891/1891/506 1892/1892/509 1893/1893/509
f 1894/1894/502 1895/1895/507 1896/1896/510
f 1897/1897/35 1898/1898/35 1899/1899/35
f 1900/1900/35 1901/1901/35 1902/1902/35
f 1903/1903/35 1904/1904/35 1905/1905/35
f 1906/1906/35 1907/1907/35 1908/1908/35
f 1909/1909/511 1910/1910/511 1911/1911/511
f 1912/1912/511 1913/1913/511 1914/1914/511
f 1915/1915/39 1916/1916/39 1917/1917/39
f 1918/1918/39 1919/1919/39 1920/1920/39
f 1921/1921/512 1922/1922/513 1923/1923/512
f 1924/1924/512 1925/1925/513 1926/1926/513
f 1927/1927/513 1928/1928/513 1929/1929/514
f 1930/1930/513 1931/1931/514 1932/1932/514
f 1933/1933/515 1934/1934/516 1935/1935/516
f 1936/1936/515 1937/1937/515 1938/1938/516
f 1939/1939/517 1940/1940/515 1941/1941/515
f 1942/1942/517 1943/1943/517 1944/1944/515
f 1945/1945/518 1946/1946/519 1947/1947/518
f 1948/1948/518 1949/1949/519 1950/1950/519
f 1951/1951/520 1952/1952/521 1953/1953/520
f 1954/1954/520 1955/1955/521 1956/1956/521
f 1957/1957/518 1958/1958/518 1959/1959/522
f 1960/1960/518 1961/1961/522 1962/1962/522
f 1963/1963/522 1964/1964/454 1965/1965/522
f 1966/1966/522 1967/1967/523 1968/1968/455
f 1969/1969/454 1970/1970/524 1971/1971/525
f 1972/1972/523 1973/1973/526 1974/1974/525
f 1975/1975/523 1976/1976/527 1977/1977/505
f 1978/1978/528 1979/1979/529 1980/1980/527
f 1981/1981/454 1982/1982/525 1983/1983/530
f 1984/1984/531 1985/1985/529 1986/1986/529
f 1987/1987/505 1988/1988/493 1989/1989/525
f 1990/1990/520 1991/1991/529 1992/1992/529
f 1993/1993/520 1994/1994/520 1995/1995/529
f 1996/1996/525 1997/1997/495 1998/1998/530
f 1999/1999/525 2000/2000/493 2001/2001/495
f 2002/2002/505 2003/2003/532 2004/2004/493
f 2005/2005/506 2006/2006/507 2007/2007/504
f 2008/2008/533 2009/2009/534 2010/2010/507
f 2011/2011/533 2012/2012/535 2013/2013/534
f 2014/2014/506 2015/2015/536 2016/2016/535
f 2017/2017/510 2018/2018/507 2019/2019/534
f 2020/2020/536 2021/2021/537 2022/2022/538
f 2023/2023/538 2024/2024/537 2025/2025/537
f 2026/2026/534 2027/2027/539 2028/2028/427
f 2029/2029/540 2030/2030/537 2031/2031/537
f 2032/2032/510 2033/2033/534 2034/2034/541
f 2035/2035/534 2036/2036/427 2037/2037/541
f 2038/2038/542 2039/2039/427 2040/2040/539
f 2041/2041/539 2042/2042/543 2043/2043/544
f 2044/2044/542 2045/2045/535 2046/2046/542
f 2047/2047/542 2048/2048/519 2049/2049/542
f 2050/2050/544 2051/2051/537 2052/2052/544
f 2053/2053/542 2054/2054/519 2055/2055/519
f 2056/2056/544 2057/2057/521 2058/2058/544
f 2059/2059/544 2060/2060/521 2061/2061/521
f 2062/2062/35 2063/2063/35 2064/2064/35
f 2065/2065/35 2066/2066/35 2067/2067/35
f 2068/2068/35 2069/2069/35 2070/2070/35
f 2071/2071/35 2072/2072/35 2073/2073/35
f 2074/2074/35 2075/2075/35 2076/2076/35
f 2077/2077/35 2078/2078/35 2079/2079/35
f 2080/2080/35 2081/2081/35 2082/2082/35
f 2083/2083/35 2084/2084/35 2085/2085/35
f 2086/2086/35 2087/2087/35 2088/2088/35
f 2089/2089/35 2090/2090/35 2091/2091/35
f 2092/2092/35 2093/2093/35 2094/2094/35
f 2095/2095/35 2096/2096/35 2097/2097/35
f 2098/2098/35 2099/2099/35 2100/2100/35
f 2101/2101/35 2102/2102/35 2103/2103/35
f 2104/2104/35 2105/2105/35 2106/2106/35
f 2107/2107/35 2108/2108/35 2109/2109/35
f 2110/2110/35 2111/2111/35 2112/2112/35
f 2113/2113/35 2114/2114/35 2115/2115/35
f 2116/2116/35 2117/2117/35 2118/2118/35
f 2119/2119/35 2120/2120/35 2121/2121/35
f 2122/2122/35 2123/2123/35 2124/2124/35
f 2125/2125/35 2126/2126/35 2127/2127/35
f 2128/2128/35 2129/2129/35 2130/2130/35
f 2131/2131/35 2132/2132/35 2133/2133/35
f 2134/2134/35 2135/2135/35 2136/2136/35
f 2137/2137/35 2138/2138/35 2139/2139/35
f 2140/2140/35 2141/2141/35 2142/2142/35
f 2143/2143/35 2144/2144/35 2145/2145/35
f 2146/2146/35 2147/2147/35 2148/2148/35
f 2149/2149/23 2150/2150/545 2151/2151/546
f 2152/2152/23 2153/2153/23 2154/2154/545
f 2155/2155/547 2156/2156/23 2157/2157/23
f 2158/2158/547 2159/2159/547 2160/2160/23
f 2161/2161/17 2162/2162/547 2163/2163/548
f 2164/2164/17 2165/2165/549 2166/2166/547
f 2167/2167/550 2168/2168/17 2169/2169/551
f 2170/2170/550 2171/2171/552 2172/2172/17
f 2173/2173/35 2174/2174/550 2175/2175/550
f 2176/2176/35 2177/2177/35 2178/2178/550
f 2179/2179/537 2180/2180/35 2181/2181/553
f 2182/2182/537 2183/2183/537 2184/2184/35
f 2185/2185/26 2186/2186/537 2187/2187/537
f 2188/2188/26 2189/2189/26 2190/2190/537
f 2191/2191/545 2192/2192/26 2193/2193/26
f 2194/2194/545 2195/2195/545 2196/2196/26
f 2197/2197/554 2198/2198/555 2199/2199/556
f 2200/2200/557 2201/2201/558 2202/2202/555
f 2203/2203/559 2204/2204/558 2205/2205/557
f 2206/2206/559 2207/2207/560 2208/2208/558
f 2209/2209/561 2210/2210/560 2211/2211/559
f 2212/2212/562 2213/2213/563 2214/2214/560
f 2215/2215/564 2216/2216/563 2217/2217/565
f 2218/2218/566 2219/2219/567 2220/2220/563
f 2221/2221/568 2222/2222/569 2223/2223/566
f 2224/2224/568 2225/2225/570 2226/2226/567
f 2227/2227/571 2228/2228/570 2229/2229/568
f 2230/2230/571 2231/2231/572 2232/2232/570
f 2233/2233/573 2234/2234/574 2235/2235/575
f 2236/2236/573 2237/2237/576 2238/2238/574
f 2239/2239/577 2240/2240/576 2241/2241/573
f 2242/2242/578 2243/2243/579 2244/2244/576
f 2245/2245/580 2246/2246/579 2247/2247/581
f 2248/2248/582 2249/2249/583 2250/2250/579
f 2251/2251/584 2252/2252/583 2253/2253/585
f 2254/2254/586 2255/2255/587 2256/2256/583
f 2257/2257/588 2258/2258/587 2259/2259/586
f 2260/2260/589 2261/2261/590 2262/2262/587
f 2263/2263/591 2264/2264/590 2265/2265/589
f 2266/2266/592 2267/2267/593 2268/2268/594
f 2269/2269/595 2270/2270/30 2271/2271/30
f 2272/2272/595 2273/2273/595 2274/2274/30
f 2275/2275/596 2276/2276/595 2277/2277/595
f 2278/2278/596 2279/2279/596 2280/2280/595
f 2281/2281/597 2282/2282/596 2283/2283/596
f 2284/2284/597 2285/2285/597 2286/2286/596
f 2287/2287/598 2288/2288/597 2289/2289/597
f 2290/2290/598 2291/2291/598 2292/2292/597
f 2293/2293/17 2294/2294/598 2295/2295/598
f 2296/2296/17 2297/2297/17 2298/2298/598
f 2299/2299/599 2300/2300/17 2301/2301/17
f 2302/2302/599 2303/2303/599 2304/2304/17
f 2305/2305/600 2306/2306/599 2307/2307/599
f 2308/2308/600 2309/2309/600 2310/2310/599
f 2311/2311/601 2312/2312/602 2313/2313/602
f 2314/2314/601 2315/2315/601 2316/2316/602
f 2317/2317/603 2318/2318/601 2319/2319/601
f 2320/2320/603 2321/2321/603 2322/2322/601
f 2323/2323/39 2324/2324/603 2325/2325/603
f 2326/2326/39 2327/2327/604 2328/2328/603
f 2329/2329/30 2330/2330/30 2331/2331/605
f 2332/2332/30 2333/2333/605 2334/2334/605
f 2335/2335/605 2336/2336/605 2337/2337/606
f 2338/2338/605 2339/2339/606 2340/2340/606
f 2341/2341/606 2342/2342/606 2343/2343/607
f 2344/2344/606 2345/2345/607 2346/2346/607
f 2347/2347/607 2348/2348/608 2349/2349/609
f 2350/2350/607 2351/2351/609 2352/2352/609
f 2353/2353/609 2354/2354/610 2355/2355/26
f 2356/2356/609 2357/2357/26 2358/2358/26
f 2359/2359/26 2360/2360/26 2361/2361/611
f 2362/2362/26 2363/2363/611 2364/2364/611
f 2365/2365/611 2366/2366/612 2367/2367/613
f 2368/2368/611 2369/2369/613 2370/2370/613
f 2371/2371/614 2372/2372/614 2373/2373/615
f 2374/2374/614 2375/2375/615 2376/2376/615
f 2377/2377/615 2378/2378/615 2379/2379/616
f 2380/2380/615 2381/2381/616 2382/2382/616
f 2383/2383/616 2384/2384/616 2385/2385/39
f 2386/2386/616 2387/2387/39 2388/2388/617
f 2389/2389/26 2390/2390/26 2391/2391/26
f 2392/2392/26 2393/2393/26 2394/2394/26
f 2395/2395/26 2396/2396/26 2397/2397/26
f 2398/2398/26 2399/2399/26 2400/2400/26
f 2401/2401/26 2402/2402/26 2403/2403/26
f 2404/2404/26 2405/2405/26 2406/2406/26
f 2407/2407/26 2408/2408/26 2409/2409/26
f 2410/2410/26 2411/2411/26 2412/2412/26
f 2413/2413/26 2414/2414/26 2415/2415/26
f 2416/2416/26 2417/2417/26 2418/2418/26
f 2419/2419/26 2420/2420/26 2421/2421/26
f 2422/2422/26 2423/2423/26 2424/2424/26
f 2425/2425/17 2426/2426/17 2427/2427/17
f 2428/2428/17 2429/2429/17 2430/2430/17
f 2431/2431/17 2432/2432/17 2433/2433/17
f 2434/2434/17 2435/2435/17 2436/2436/17
f 2437/2437/17 2438/2438/17 2439/2439/17
f 2440/2440/17 2441/2441/17 2442/2442/17
f 2443/2443/17 2444/2444/17 2445/2445/17
f 2446/2446/17 2447/2447/17 2448/2448/17
f 2449/2449/17 2450/2450/17 2451/2451/17
f 2452/2452/17 2453/2453/17 2454/2454/17
f 2455/2455/17 2456/2456/17 2457/2457/17
f 2458/2458/17 2459/2459/17 2460/2460/17
f 2461/2461/26 2462/2462/26 2463/2463/26
f 2464/2464/26 2465/2465/26 2466/2466/26
f 2467/2467/26 2468/2468/26 2469/2469/26
f 2470/2470/26 2471/2471/26 2472/2472/26
f 2473/2473/26 2474/2474/26 2475/2475/26
f 2476/2476/26 2477/2477/26 2478/2478/26
f 2479/2479/26 2480/2480/26 2481/2481/26
f 2482/2482/26 2483/2483/26 2484/2484/26
f 2485/2485/26 2486/2486/26 2487/2487/26
f 2488/2488/26 2489/2489/26 2490/2490/26
f 2491/2491/26 2492/2492/26 2493/2493/26
f 2494/2494/26 2495/2495/26 2496/2496/26
f 2497/2497/17 2498/2498/17 2499/2499/17
f 2500/2500/17 2501/2501/17 2502/2502/17
f 2503/2503/17 2504/2504/17 2505/2505/17
f 2506/2506/17 2507/2507/17 2508/2508/17
f 2509/2509/17 2510/2510/17 2511/2511/17
f 2512/2512/17 2513/2513/17 2514/2514/17
f 2515/2515/17 2516/2516/17 2517/2517/17
f 2518/2518/17 2519/2519/17 2520/2520/17
f 2521/2521/17 2522/2522/17 2523/2523/17
f 2524/2524/17 2525/2525/17 2526/2526/17
f 2527/2527/17 2528/2528/17 2529/2529/17
f 2530/2530/17 2531/2531/17 2532/2532/17
f 2533/2533/618 2534/2534/322 2535/2535/619
f 2536/2536/322 2537/2537/379 2538/2538/619
f 2539/2539/322 2540/2540/620 2541/2541/379
f 2542/2542/312 2543/2543/619 2544/2544/621
f 2545/2545/622 2546/2546/623 2547/2547/379
f 2548/2548/379 2549/2549/329 2550/2550/619
f 2551/2551/325 2552/2552/624 2553/2553/625
f 2554/2554/619 2555/2555/309 2556/2556/621
f 2557/2557/619 2558/2558/329 2559/2559/309
f 2560/2560/626 2561/2561/627 2562/2562/628
f 2563/2563/623 2564/2564/331 2565/2565/379
f 2566/2566/379 2567/2567/629 2568/2568/630
f 2569/2569/626 2570/2570/631 2571/2571/625
f 2572/2572/625 2573/2573/632 2574/2574/633
f 2575/2575/627 2576/2576/634 2577/2577/635
f 2578/2578/623 2579/2579/636 2580/2580/634
f 2581/2581/637 2582/2582/631 2583/2583/626
f 2584/2584/637 2585/2585/638 2586/2586/631
f 2587/2587/639 2588/2588/634 2589/2589/631
f 2590/2590/640 2591/2591/631 2592/2592/638
f 2593/2593/641 2594/2594/638 2595/2595/637
f 2596/2596/641 2597/2597/642 2598/2598/638
f 2599/2599/642 2600/2600/643 2601/2601/644
f 2602/2602/645 2603/2603/646 2604/2604/642
f 2605/2605/645 2606/2606/640 2607/2607/647
f 2608/2608/642 2609/2609/644 2610/2610/648
f 2611/2611/649 2612/2612/645 2613/2613/642
f 2614/2614/650 2615/2615/642 2616/2616/648
f 2617/2617/651 2618/2618/648 2619/2619/652
f 2620/2620/653 2621/2621/654 2622/2622/648
f 2623/2623/651 2624/2624/655 2625/2625/648
f 2626/2626/655 2627/2627/651 2628/2628/656
f 2629/2629/653 2630/2630/657 2631/2631/650
f 2632/2632/653 2633/2633/658 2634/2634/659
f 2635/2635/660 2636/2636/655 2637/2637/661
f 2638/2638/662 2639/2639/663 2640/2640/655
f 2641/2641/664 2642/2642/665 2643/2643/666
f 2644/2644/665 2645/2645/667 2646/2646/666
f 2647/2647/665 2648/2648/668 2649/2649/667
f 2650/2650/669 2651/2651/670 2652/2652/668
f 2653/2653/664 2654/2654/671 2655/2655/672
f 2656/2656/672 2657/2657/673 2658/2658/670
f 2659/2659/674 2660/2660/675 2661/2661/672
f 2662/2662/674 2663/2663/676 2664/2664/677
f 2665/2665/678 2666/2666/679 2667/2667/680
f 2668/2668/681 2669/2669/677 2670/2670/682
f 2671/2671/679 2672/2672/683 2673/2673/684
f 2674/2674/679 2675/2675/685 2676/2676/685
f 2677/2677/683 2678/2678/686 2679/2679/685
f 2680/2680/685 2681/2681/687 2682/2682/687
f 2683/2683/686 2684/2684/686 2685/2685/688
f 2686/2686/686 2687/2687/688 2688/2688/688
f 2689/2689/688 2690/2690/688 2691/2691/689
f 2692/2692/690 2693/2693/674 2694/2694/691
f 2695/2695/681 2696/2696/692 2697/2697/691
f 2698/2698/693 2699/2699/671 2700/2700/694
f 2701/2701/695 2702/2702/689 2703/2703/696
f 2704/2704/697 2705/2705/689 2706/2706/698
f 2707/2707/699 2708/2708/700 2709/2709/701
f 2710/2710/702 2711/2711/703 2712/2712/704
f 2713/2713/705 2714/2714/706 2715/2715/701
f 2716/2716/699 2717/2717/707 2718/2718/708
f 2719/2719/709 2720/2720/710 2721/2721/711
f 2722/2722/707 2723/2723/711 2724/2724/712
f 2725/2725/707 2726/2726/677 2727/2727/713
f 2728/2728/701 2729/2729/714 2730/2730/715
f 2731/2731/716 2732/2732/694 2733/2733/717
f 2734/2734/691 2735/2735/718 2736/2736/719
f 2737/2737/716 2738/2738/720 2739/2739/721
f 2740/2740/671 2741/2741/722 2742/2742/723
f 2743/2743/677 2744/2744/724 2745/2745/714
f 2746/2746/677 2747/2747/725 2748/2748/726
f 2749/2749/726 2750/2750/725 2751/2751/716
f 2752/2752/727 2753/2753/716 2754/2754/721
f 2755/2755/723 2756/2756/728 2757/2757/729
f 2758/2758/725 2759/2759/730 2760/2760/716
f 2761/2761/730 2762/2762/692 2763/2763/716
f 2764/2764/730 2765/2765/731 2766/2766/694
f 2767/2767/35 2768/2768/35 2769/2769/35
f 2770/2770/35 2771/2771/35 2772/2772/35
f 2773/2773/35 2774/2774/35 2775/2775/35
f 2776/2776/35 2777/2777/35 2778/2778/35
f 2779/2779/35 2780/2780/35 2781/2781/35
f 2782/2782/35 2783/2783/35 2784/2784/35
f 2785/2785/35 2786/2786/35 2787/2787/35
f 2788/2788/35 2789/2789/35 2790/2790/35
f 2791/2791/35 2792/2792/35 2793/2793/35
f 2794/2794/35 2795/2795/35 2796/2796/35
f 2797/2797/35 2798/2798/35 2799/2799/35
f 2800/2800/35 2801/2801/35 2802/2802/35
f 2803/2803/35 2804/2804/35 2805/2805/35
f 2806/2806/35 2807/2807/35 2808/2808/35
f 2809/2809/35 2810/2810/35 2811/2811/35
f 2812/2812/35 2813/2813/35 2814/2814/35
f 2815/2815/35 2816/2816/35 2817/2817/35
f 2818/2818/35 2819/2819/35 2820/2820/35
f 2821/2821/35 2822/2822/35 2823/2823/35
f 2824/2824/35 2825/2825/35 2826/2826/35
f 2827/2827/35 2828/2828/35 2829/2829/35
f 2830/2830/35 2831/2831/35 2832/2832/35
f 2833/2833/35 2834/2834/35 2835/2835/35
f 2836/2836/35 2837/2837/35 2838/2838/35
f 2839/2839/732 2840/2840/733 2841/2841/734
f 2842/2842/732 2843/2843/735 2844/2844/733
f 2845/2845/568 2846/2846/732 2847/2847/734
f 2848/2848/732 2849/2849/35 2850/2850/735
f 2851/2851/736 2852/2852/35 2853/2853/732
f 2854/2854/737 2855/2855/736 2856/2856/732
f 2857/2857/735 2858/2858/738 2859/2859/739
f 2860/2860/735 2861/2861/35 2862/2862/740
f 2863/2863/735 2864/2864/741 2865/2865/738
f 2866/2866/742 2867/2867/35 2868/2868/743
f 2869/2869/740 2870/2870/744 2871/2871/738
f 2872/2872/745 2873/2873/743 2874/2874/746
f 2875/2875/743 2876/2876/35 2877/2877/747
f 2878/2878/746 2879/2879/743 2880/2880/747
f 2881/2881/748 2882/2882/35 2883/2883/736
f 2884/2884/749 2885/2885/35 2886/2886/750
f 2887/2887/751 2888/2888/35 2889/2889/752
f 2890/2890/746 2891/2891/749 2892/2892/753
f 2893/2893/753 2894/2894/754 2895/2895/751
f 2896/2896/752 2897/2897/35 2898/2898/755
f 2899/2899/756 2900/2900/35 2901/2901/757
f 2902/2902/564 2903/2903/736 2904/2904/737
f 2905/2905/564 2906/2906/758 2907/2907/736
f 2908/2908/759 2909/2909/35 2910/2910/760
f 2911/2911/760 2912/2912/35 2913/2913/761
f 2914/2914/753 2915/2915/751 2916/2916/762
f 2917/2917/763 2918/2918/751 2919/2919/752
f 2920/2920/764 2921/2921/755 2922/2922/765
f 2923/2923/755 2924/2924/766 2925/2925/559
f 2926/2926/755 2927/2927/767 2928/2928/554
f 2929/2929/762 2930/2930/752 2931/2931/768
f 2932/2932/752 2933/2933/554 2934/2934/768
f 2935/2935/759 2936/2936/760 2937/2937/562
f 2938/2938/561 2939/2939/760 2940/2940/769
f 2941/2941/757 2942/2942/561 2943/2943/767
f 2944/2944/565 2945/2945/748 2946/2946/564
f 2947/2947/770 2948/2948/23 2949/2949/771
f 2950/2950/771 2951/2951/23 2952/2952/772
f 2953/2953/772 2954/2954/23 2955/2955/773
f 2956/2956/773 2957/2957/44 2958/2958/774
f 2959/2959/775 2960/2960/23 2961/2961/776
f 2962/2962/776 2963/2963/23 2964/2964/570
f 2965/2965/555 2966/2966/23 2967/2967/770
f 2968/2968/570 2969/2969/777 2970/2970/567
f 2971/2971/778 2972/2972/23 2973/2973/563
f 2974/2974/563 2975/2975/23 2976/2976/560
f 2977/2977/560 2978/2978/23 2979/2979/558
f 2980/2980/558 2981/2981/23 2982/2982/555
f 2983/2983/752 2984/2984/779 2985/2985/591
f 2986/2986/752 2987/2987/755 2988/2988/779
f 2989/2989/589 2990/2990/752 2991/2991/591
f 2992/2992/752 2993/2993/35 2994/2994/755
f 2995/2995/751 2996/2996/35 2997/2997/752
f 2998/2998/780 2999/2999/751 3000/3000/752
f 3001/3001/755 3002/3002/781 3003/3003/782
f 3004/3004/755 3005/3005/35 3006/3006/766
f 3007/3007/783 3008/3008/759 3009/3009/784
f 3010/3010/785 3011/3011/35 3012/3012/760
f 3013/3013/757 3014/3014/786 3015/3015/781
f 3016/3016/785 3017/3017/760 3018/3018/787
f 3019/3019/788 3020/3020/35 3021/3021/748
f 3022/3022/787 3023/3023/760 3024/3024/758
f 3025/3025/789 3026/3026/35 3027/3027/751
f 3028/3028/748 3029/3029/35 3030/3030/736
f 3031/3031/736 3032/3032/35 3033/3033/732
f 3034/3034/786 3035/3035/769 3036/3036/790
f 3037/3037/791 3038/3038/758 3039/3039/736
f 3040/3040/732 3041/3041/35 3042/3042/735
f 3043/3043/735 3044/3044/35 3045/3045/740
f 3046/3046/584 3047/3047/751 3048/3048/588
f 3049/3049/586 3050/3050/747 3051/3051/792
f 3052/3052/740 3053/3053/35 3054/3054/793
f 3055/3055/793 3056/3056/35 3057/3057/749
f 3058/3058/791 3059/3059/736 3060/3060/794
f 3061/3061/795 3062/3062/736 3063/3063/796
f 3064/3064/796 3065/3065/735 3066/3066/797
f 3067/3067/735 3068/3068/741 3069/3069/577
f 3070/3070/735 3071/3071/577 3072/3072/797
f 3073/3073/795 3074/3074/732 3075/3075/798
f 3076/3076/732 3077/3077/573 3078/3078/798
f 3079/3079/741 3080/3080/743 3081/3081/580
f 3082/3082/585 3083/3083/743 3084/3084/799
f 3085/3085/745 3086/3086/580 3087/3087/581
f 3088/3088/580 3089/3089/749 3090/3090/584
f 3091/3091/800 3092/3092/777 3093/3093/801
f 3094/3094/801 3095/3095/23 3096/3096/802
f 3097/3097/802 3098/3098/23 3099/3099/803
f 3100/3100/803 3101/3101/23 3102/3102/804
f 3103/3103/804 3104/3104/23 3105/3105/593
f 3106/3106/593 3107/3107/23 3108/3108/594
f 3109/3109/574 3110/3110/23 3111/3111/805
f 3112/3112/594 3113/3113/23 3114/3114/587
f 3115/3115/587 3116/3116/23 3117/3117/583
f 3118/3118/583 3119/3119/23 3120/3120/806
f 3121/3121/579 3122/3122/807 3123/3123/576
f 3124/3124/576 3125/3125/23 3126/3126/574
f 3127/3127/23 3128/3128/23 3129/3129/23
f 3130/3130/23 3131/3131/23 3132/3132/23
f 3133/3133/23 3134/3134/23 3135/3135/23
f 3136/3136/23 3137/3137/23 3138/3138/23
f 3139/3139/23 3140/3140/23 3141/3141/23
f 3142/3142/23 3143/3143/23 3144/3144/23
f 3145/3145/23 3146/3146/23 3147/3147/23
f 3148/3148/23 3149/3149/23 3150/3150/23
f 3151/3151/23 3152/3152/23 3153/3153/23
f 3154/3154/23 3155/3155/23 3156/3156/23
f 3157/3157/23 3158/3158/23 3159/3159/23
f 3160/3160/23 3161/3161/23 3162/3162/23
f 3163/3163/23 3164/3164/23 3165/3165/23
f 3166/3166/23 3167/3167/23 3168/3168/23
f 3169/3169/23 3170/3170/23 3171/3171/23
f 3172/3172/23 3173/3173/23 3174/3174/23
f 3175/3175/23 3176/3176/23 3177/3177/23
f 3178/3178/23 3179/3179/23 3180/3180/23
f 3181/3181/23 3182/3182/23 3183/3183/23
f 3184/3184/23 3185/3185/23 3186/3186/23
f 3187/3187/808 3188/3188/809 3189/3189/810
f 3190/3190/810 3191/3191/811 3192/3192/812
f 3193/3193/809 3194/3194/813 3195/3195/814
f 3196/3196/808 3197/3197/815 3198/3198/811
f 3199/3199/811 3200/3200/816 3201/3201/813
f 3202/3202/815 3203/3203/817 3204/3204/811
f 3205/3205/810 3206/3206/812 3207/3207/818
f 3208/3208/819 3209/3209/815 3210/3210/808
f 3211/3211/812 3212/3212/813 3213/3213/820
f 3214/3214/819 3215/3215/821 3216/3216/815
f 3217/3217/818 3218/3218/812 3219/3219/822
f 3220/3220/812 3221/3221/820 3222/3222/822
f 3223/3223/823 3224/3224/824 3225/3225/819
f 3226/3226/818 3227/3227/822 3228/3228/825
f 3229/3229/825 3230/3230/822 3231/3231/826
f 3232/3232/822 3233/3233/820 3234/3234/827
f 3235/3235/822 3236/3236/827 3237/3237/828
f 3238/3238/825 3239/3239/826 3240/3240/829
f 3241/3241/829 3242/3242/828 3243/3243/830
f 3244/3244/826 3245/3245/827 3246/3246/831
f 3247/3247/826 3248/3248/831 3249/3249/830
f 3250/3250/829 3251/3251/830 3252/3252/832
f 3253/3253/832 3254/3254/830 3255/3255/833
f 3256/3256/830 3257/3257/831 3258/3258/834
f 3259/3259/830 3260/3260/835 3261/3261/833
f 3262/3262/832 3263/3263/836 3264/3264/837
f 3265/3265/837 3266/3266/833 3267/3267/838
f 3268/3268/833 3269/3269/834 3270/3270/839
f 3271/3271/836 3272/3272/839 3273/3273/838
f 3274/3274/837 3275/3275/838 3276/3276/840
f 3277/3277/815 3278/3278/841 3279/3279/816
f 3280/3280/821 3281/3281/841 3282/3282/815
f 3283/3283/823 3284/3284/842 3285/3285/824
f 3286/3286/838 3287/3287/839 3288/3288/843
f 3289/3289/840 3290/3290/838 3291/3291/844
f 3292/3292/838 3293/3293/845 3294/3294/844
f 3295/3295/840 3296/3296/844 3297/3297/846
f 3298/3298/844 3299/3299/843 3300/3300/847
f 3301/3301/846 3302/3302/844 3303/3303/848
f 3304/3304/844 3305/3305/849 3306/3306/850
f 3307/3307/846 3308/3308/848 3309/3309/851
f 3310/3310/848 3311/3311/847 3312/3312/852
f 3313/3313/851 3314/3314/850 3315/3315/853
f 3316/3316/850 3317/3317/852 3318/3318/853
f 3319/3319/851 3320/3320/853 3321/3321/854
f 3322/3322/853 3323/3323/852 3324/3324/855
f 3325/3325/854 3326/3326/853 3327/3327/856
f 3328/3328/853 3329/3329/857 3330/3330/858
f 3331/3331/854 3332/3332/858 3333/3333/859
f 3334/3334/856 3335/3335/857 3336/3336/860
f 3337/3337/859 3338/3338/858 3339/3339/861
f 3340/3340/858 3341/3341/860 3342/3342/861
f 3343/3343/859 3344/3344/862 3345/3345/863
f 3346/3346/862 3347/3347/860 3348/3348/864
f 3349/3349/863 3350/3350/862 3351/3351/865
f 3352/3352/862 3353/3353/864 3354/3354/865
f 3355/3355/866 3356/3356/842 3357/3357/823
f 3358/3358/842 3359/3359/867 3360/3360/821
f 3361/3361/824 3362/3362/867 3363/3363/841
f 3364/3364/863 3365/3365/865 3366/3366/868
f 3367/3367/865 3368/3368/869 3369/3369/870
f 3370/3370/868 3371/3371/865 3372/3372/871
f 3373/3373/865 3374/3374/872 3375/3375/873
f 3376/3376/868 3377/3377/871 3378/3378/874
f 3379/3379/871 3380/3380/870 3381/3381/875
f 3382/3382/874 3383/3383/873 3384/3384/876
f 3385/3385/873 3386/3386/875 3387/3387/876
f 3388/3388/874 3389/3389/876 3390/3390/877
f 3391/3391/878 3392/3392/875 3393/3393/879
f 3394/3394/880 3395/3395/876 3396/3396/881
f 3397/3397/876 3398/3398/882 3399/3399/883
f 3400/3400/877 3401/3401/883 3402/3402/884
f 3403/3403/881 3404/3404/882 3405/3405/885
f 3406/3406/884 3407/3407/883 3408/3408/886
f 3409/3409/883 3410/3410/887 3411/3411/886
f 3412/3412/884 3413/3413/888 3414/3414/866
f 3415/3415/866 3416/3416/888 3417/3417/842
f 3418/3418/888 3419/3419/885 3420/3420/889
f 3421/3421/888 3422/3422/890 3423/3423/842
f 3424/3424/842 3425/3425/890 3426/3426/867
o mtl_zombie_vending_vent_power_on
v -3.410849 1.202282 1.351378
v -3.410849 6.112804 -3.012352
v -3.410849 1.202282 -3.012353
v -3.410849 1.202282 1.351378
v -3.410849 6.112805 1.351379
v -3.410849 6.112804 -3.012352
vt 1.000000 0.000000
vt 0.500000 0.500000
vt 1.000000 0.500000
vt 1.000000 0.000000
vt 0.500000 0.000000
vt 0.500000 0.500000
vn -1.0000 -0.0000 0.0000
usemtl mtl_zombie_vending_vent_power_on
s 1
f 3427/3427/891 3428/3428/891 3429/3429/891
f 3430/3430/891 3431/3431/891 3432/3432/891
o mtl_zombie_vending_jugg_on
v 0.409848 7.535766 3.881172
v 0.386674 7.591712 3.960762
v 0.386674 7.591713 3.881172
v 0.409848 7.535766 3.881172
v 0.409848 7.535766 3.960760
v 0.386674 7.591712 3.960762
v 0.409848 7.535766 3.881172
v 0.409848 6.390948 3.960760
v 0.409848 7.535766 3.960760
v 0.409848 7.535766 3.881172
v 0.409848 6.390949 3.881173
v 0.409848 6.390948 3.960760
v 0.386674 6.335002 3.881172
v 0.409848 6.390948 3.960760
v 0.409848 6.390949 3.881173
v 0.386674 6.335002 3.881172
v 0.386674 6.335002 3.960760
v 0.409848 6.390948 3.960760
v 0.386674 7.591713 3.881172
v 0.386674 7.591712 3.960762
v 0.330727 7.614887 3.960762
v 0.386674 7.591713 3.881172
v 0.330727 7.614887 3.960762
v 0.330727 7.614888 3.881172
v -0.527394 7.614887 3.881171
v 0.330727 7.614888 3.881172
v 0.330727 7.614887 3.960762
v -0.527394 7.614887 3.881171
v 0.330727 7.614887 3.960762
v -0.527394 7.614886 3.960760
v -0.527394 7.614887 3.881171
v -0.527394 7.614886 3.960760
v -0.583341 7.591712 3.960760
v -0.527394 7.614887 3.881171
v -0.583341 7.591712 3.960760
v -0.583341 7.591712 3.881171
v 0.330727 6.311828 3.881172
v 0.386674 6.335002 3.960760
v 0.386674 6.335002 3.881172
v 0.330727 6.311828 3.881172
v 0.330727 6.311828 3.960760
v 0.386674 6.335002 3.960760
v 0.330727 6.311828 3.881172
v -0.527394 6.311828 3.960760
v 0.330727 6.311828 3.960760
v 0.330727 6.311828 3.881172
v -0.527394 6.311828 3.881171
v -0.527394 6.311828 3.960760
v -0.583341 6.335002 3.881171
v -0.527394 6.311828 3.960760
v -0.527394 6.311828 3.881171
v -0.583341 6.335002 3.881171
v -0.583341 6.335002 3.960760
v -0.527394 6.311828 3.960760
v -0.583341 7.591712 3.881171
v -0.583341 7.591712 3.960760
v -0.606515 7.535766 3.960760
v -0.583341 7.591712 3.881171
v -0.606515 7.535766 3.960760
v -0.606515 7.535766 3.881172
v -0.606515 6.390949 3.881171
v -0.606515 7.535766 3.881172
v -0.606515 7.535766 3.960760
v -0.606515 6.390949 3.881171
v -0.606515 7.535766 3.960760
v -0.606515 6.390948 3.960760
v -0.606515 6.390949 3.881171
v -0.606515 6.390948 3.960760
v -0.583341 6.335002 3.960760
v -0.606515 6.390949 3.881171
v -0.583341 6.335002 3.960760
v -0.583341 6.335002 3.881171
v 0.409848 7.614887 2.977834
v -0.606515 6.311828 2.977834
v 0.409848 6.311828 2.977834
v 0.409848 7.614887 2.977834
v -0.606515 7.614887 2.977834
v -0.606515 6.311828 2.977834
v 0.409848 7.614888 3.879126
v 0.409848 6.311828 2.977834
v 0.409848 6.311829 3.879125
v 0.409848 7.614888 3.879126
v 0.409848 7.614887 2.977834
v 0.409848 6.311828 2.977834
v -0.606515 7.614888 3.879126
v 0.409848 7.614887 2.977834
v 0.409848 7.614888 3.879126
v -0.606515 7.614888 3.879126
v -0.606515 7.614887 2.977834
v 0.409848 7.614887 2.977834
v -0.606515 6.311829 3.879125
v -0.606515 7.614887 2.977834
v -0.606515 7.614888 3.879126
v -0.606515 6.311829 3.879125
v -0.606515 6.311828 2.977834
v -0.606515 7.614887 2.977834
v 0.409848 6.311829 3.879125
v -0.606515 6.311828 2.977834
v -0.606515 6.311829 3.879125
v 0.409848 6.311829 3.879125
v 0.409848 6.311828 2.977834
v -0.606515 6.311828 2.977834
v 1.394792 22.439045 0.757796
v 0.001083 21.986200 0.896097
v 1.466515 21.986200 0.757796
v 1.466515 21.986200 0.757796
v 0.001083 21.986200 0.896097
v 1.394793 21.533358 0.757796
v 1.394793 21.533358 0.757796
v 0.001083 21.986200 0.896097
v 1.186643 21.124842 0.757796
v 1.186643 21.124842 0.757796
v 0.001083 21.986200 0.896097
v 0.862443 20.800642 0.757795
v 0.862443 20.800642 0.757795
v 0.001083 21.986200 0.896097
v 0.453926 20.592489 0.757795
v 0.453926 20.592489 0.757795
v 0.001083 21.986200 0.896097
v 0.001082 20.520765 0.757795
v 0.001082 20.520765 0.757795
v 0.001083 21.986200 0.896097
v -0.451761 20.592484 0.757795
v -0.451761 20.592484 0.757795
v 0.001083 21.986200 0.896097
v -0.860278 20.800636 0.757795
v -0.860278 20.800636 0.757795
v 0.001083 21.986200 0.896097
v -1.184478 21.124840 0.757796
v -1.184478 21.124840 0.757796
v 0.001083 21.986200 0.896097
v -1.392627 21.533358 0.757795
v 1.186642 22.847563 0.757795
v 0.001083 21.986200 0.896097
v 1.394792 22.439045 0.757796
v -1.392627 21.533358 0.757795
v 0.001083 21.986200 0.896097
v -1.464351 21.986202 0.757796
v -1.464351 21.986202 0.757796
v 0.001083 21.986200 0.896097
v -1.392627 22.439045 0.757796
v -1.392627 22.439045 0.757796
v 0.001083 21.986200 0.896097
v -1.184478 22.847561 0.757795
v -1.184478 22.847561 0.757795
v 0.001083 21.986200 0.896097
v -0.860277 23.171757 0.757795
v -0.860277 23.171757 0.757795
v 0.001083 21.986200 0.896097
v -0.451761 23.379911 0.757796
v -0.451761 23.379911 0.757796
v 0.001083 21.986200 0.896097
v 0.001082 23.451633 0.757795
v 0.001082 23.451633 0.757795
v 0.001083 21.986200 0.896097
v 0.453926 23.379915 0.757796
v 0.453926 23.379915 0.757796
v 0.001083 21.986200 0.896097
v 0.862442 23.171762 0.757795
v 0.862442 23.171762 0.757795
v 0.001083 21.986200 0.896097
v 1.186642 22.847563 0.757795
vt 0.115845 0.732422
vt 0.120483 0.741455
vt 0.116516 0.738037
vt 0.115845 0.732422
vt 0.122559 0.737305
vt 0.120483 0.741455
vt 0.115845 0.732422
vt 0.122559 0.633301
vt 0.122559 0.737305
vt 0.115845 0.732422
vt 0.115967 0.636475
vt 0.122559 0.633301
vt 0.115540 0.633789
vt 0.122559 0.633301
vt 0.115967 0.636475
vt 0.115540 0.633789
vt 0.120483 0.629150
vt 0.122559 0.633301
vt 0.116516 0.738037
vt 0.120483 0.741455
vt 0.115417 0.743408
vt 0.116516 0.738037
vt 0.115417 0.743408
vt 0.112000 0.738037
vt 0.042419 0.738037
vt 0.112000 0.738037
vt 0.115417 0.743408
vt 0.042419 0.738037
vt 0.115417 0.743408
vt 0.039001 0.743408
vt 0.042419 0.738037
vt 0.039001 0.743408
vt 0.033905 0.741455
vt 0.042419 0.738037
vt 0.033905 0.741455
vt 0.038635 0.737793
vt 0.113403 0.633545
vt 0.120483 0.629150
vt 0.115540 0.633789
vt 0.113403 0.633545
vt 0.115479 0.627197
vt 0.120483 0.629150
vt 0.113403 0.633545
vt 0.038910 0.627197
vt 0.115479 0.627197
vt 0.113403 0.633545
vt 0.041595 0.633545
vt 0.038910 0.627197
vt 0.038879 0.633545
vt 0.038910 0.627197
vt 0.041595 0.633545
vt 0.038879 0.633545
vt 0.033905 0.629150
vt 0.038910 0.627197
vt 0.038635 0.737793
vt 0.033905 0.741455
vt 0.031860 0.737305
vt 0.038635 0.737793
vt 0.031860 0.737305
vt 0.038422 0.734619
vt 0.038879 0.635986
vt 0.038422 0.734619
vt 0.031860 0.737305
vt 0.038879 0.635986
vt 0.031860 0.737305
vt 0.031860 0.633301
vt 0.038879 0.635986
vt 0.031860 0.633301
vt 0.033905 0.629150
vt 0.038879 0.635986
vt 0.033905 0.629150
vt 0.038879 0.633545
vt 0.683594 0.566650
vt 0.667969 0.546387
vt 0.683594 0.546387
vt 0.683594 0.566650
vt 0.667969 0.566650
vt 0.667969 0.546387
vt 0.683594 0.580566
vt 0.704102 0.566650
vt 0.704102 0.580566
vt 0.683594 0.580566
vt 0.683594 0.566650
vt 0.704102 0.566650
vt 0.667969 0.580566
vt 0.683594 0.566650
vt 0.683594 0.580566
vt 0.667969 0.580566
vt 0.667969 0.566650
vt 0.683594 0.566650
vt 0.647461 0.580566
vt 0.667969 0.566650
vt 0.667969 0.580566
vt 0.647461 0.580566
vt 0.647461 0.566650
vt 0.667969 0.566650
vt 0.704102 0.580566
vt 0.719727 0.566650
vt 0.719727 0.580566
vt 0.704102 0.580566
vt 0.704102 0.566650
vt 0.719727 0.566650
vt 0.731934 0.332031
vt 0.676758 0.313965
vt 0.734863 0.313965
vt 0.734863 0.313965
vt 0.676758 0.313965
vt 0.731934 0.295898
vt 0.731934 0.295898
vt 0.676758 0.313965
vt 0.723633 0.279785
vt 0.723633 0.279785
vt 0.676758 0.313965
vt 0.710938 0.266602
vt 0.710938 0.266602
vt 0.676758 0.313965
vt 0.694336 0.258789
vt 0.694336 0.258789
vt 0.676758 0.313965
vt 0.676758 0.255859
vt 0.676758 0.255859
vt 0.676758 0.313965
vt 0.658691 0.258789
vt 0.658691 0.258789
vt 0.676758 0.313965
vt 0.642090 0.266602
vt 0.642090 0.266602
vt 0.676758 0.313965
vt 0.629395 0.279785
vt 0.629395 0.279785
vt 0.676758 0.313965
vt 0.621094 0.295898
vt 0.723633 0.348145
vt 0.676758 0.313965
vt 0.731934 0.332031
vt 0.621094 0.295898
vt 0.676758 0.313965
vt 0.618164 0.313965
vt 0.618164 0.313965
vt 0.676758 0.313965
vt 0.621094 0.332031
vt 0.621094 0.332031
vt 0.676758 0.313965
vt 0.629395 0.348145
vt 0.629395 0.348145
vt 0.676758 0.313965
vt 0.642090 0.360840
vt 0.642090 0.360840
vt 0.676758 0.313965
vt 0.658691 0.369141
vt 0.658691 0.369141
vt 0.676758 0.313965
vt 0.676758 0.372070
vt 0.676758 0.372070
vt 0.676758 0.313965
vt 0.694336 0.369141
vt 0.694336 0.369141
vt 0.676758 0.313965
vt 0.710938 0.360840
vt 0.710938 0.360840
vt 0.676758 0.313965
vt 0.723633 0.348145
vn -0.9806 -0.1961 0.0000
vn -0.9224 -0.3863 0.0000
vn -0.9806 0.1961 0.0000
vn -0.9224 0.3863 -0.0000
vn -0.3863 -0.9224 -0.0000
vn -0.1961 -0.9806 -0.0000
vn 0.1961 -0.9806 0.0000
vn 0.3863 -0.9224 -0.0000
vn -0.1961 0.9806 0.0000
vn -0.3863 0.9224 -0.0000
vn 0.1961 0.9806 0.0000
vn 0.3863 0.9224 0.0000
vn 0.3864 0.9224 0.0000
vn 0.9224 -0.3863 0.0000
vn 0.9806 -0.1961 -0.0000
vn 0.9806 0.1961 0.0000
vn 0.9224 0.3863 -0.0000
vn 0.0000 -0.0000 1.0000
vn -1.0000 0.0000 0.0000
vn 0.0000 -1.0000 0.0000
vn 1.0000 0.0000 0.0000
vn 0.0000 1.0000 -0.0000
vn 0.0869 0.0316 0.9957
vn 0.0948 -0.0000 0.9955
vn 0.0869 -0.0316 0.9957
vn 0.0790 -0.0553 0.9953
vn 0.0553 -0.0790 0.9953
vn 0.0316 -0.0869 0.9957
vn -0.0000 -0.0948 0.9955
vn -0.0316 -0.0869 0.9957
vn -0.0553 -0.0790 0.9953
vn -0.0790 -0.0553 0.9953
vn -0.0869 -0.0316 0.9957
vn 0.0790 0.0553 0.9953
vn -0.0948 0.0000 0.9955
vn -0.0869 0.0316 0.9957
vn -0.0790 0.0553 0.9953
vn -0.0553 0.0790 0.9953
vn -0.0316 0.0869 0.9957
vn 0.0000 0.0948 0.9955
vn 0.0316 0.0869 0.9957
vn 0.0553 0.0790 0.9953
usemtl mtl_zombie_vending_jugg_on
s 1
f 3433/3433/892 3434/3434/893 3435/3435/893
f 3436/3436/892 3437/3437/892 3438/3438/893
f 3439/3439/892 3440/3440/894 3441/3441/892
f 3442/3442/892 3443/3443/894 3444/3444/894
f 3445/3445/895 3446/3446/894 3447/3447/894
f 3448/3448/895 3449/3449/895 3450/3450/894
f 3451/3451/896 3452/3452/896 3453/3453/897
f 3454/3454/896 3455/3455/897 3456/3456/897
f 3457/3457/898 3458/3458/897 3459/3459/897
f 3460/3460/898 3461/3461/897 3462/3462/898
f 3463/3463/898 3464/3464/898 3465/3465/899
f 3466/3466/898 3467/3467/899 3468/3468/899
f 3469/3469/900 3470/3470/901 3471/3471/901
f 3472/3472/900 3473/3473/900 3474/3474/901
f 3475/3475/900 3476/3476/902 3477/3477/900
f 3478/3478/900 3479/3479/902 3480/3480/902
f 3481/3481/903 3482/3482/902 3483/3483/902
f 3484/3484/904 3485/3485/904 3486/3486/902
f 3487/3487/905 3488/3488/905 3489/3489/906
f 3490/3490/905 3491/3491/906 3492/3492/906
f 3493/3493/907 3494/3494/906 3495/3495/906
f 3496/3496/907 3497/3497/906 3498/3498/907
f 3499/3499/907 3500/3500/907 3501/3501/908
f 3502/3502/907 3503/3503/908 3504/3504/908
f 3505/3505/909 3506/3506/909 3507/3507/909
f 3508/3508/909 3509/3509/909 3510/3510/909
f 3511/3511/910 3512/3512/910 3513/3513/910
f 3514/3514/910 3515/3515/910 3516/3516/910
f 3517/3517/911 3518/3518/911 3519/3519/911
f 3520/3520/911 3521/3521/911 3522/3522/911
f 3523/3523/912 3524/3524/912 3525/3525/912
f 3526/3526/912 3527/3527/912 3528/3528/912
f 3529/3529/913 3530/3530/913 3531/3531/913
f 3532/3532/913 3533/3533/913 3534/3534/913
f 3535/3535/914 3536/3536/909 3537/3537/915
f 3538/3538/915 3539/3539/909 3540/3540/916
f 3541/3541/916 3542/3542/909 3543/3543/917
f 3544/3544/917 3545/3545/909 3546/3546/918
f 3547/3547/918 3548/3548/909 3549/3549/919
f 3550/3550/919 3551/3551/909 3552/3552/920
f 3553/3553/920 3554/3554/909 3555/3555/921
f 3556/3556/921 3557/3557/909 3558/3558/922
f 3559/3559/922 3560/3560/909 3561/3561/923
f 3562/3562/923 3563/3563/909 3564/3564/924
f 3565/3565/925 3566/3566/909 3567/3567/914
f 3568/3568/924 3569/3569/909 3570/3570/926
f 3571/3571/926 3572/3572/909 3573/3573/927
f 3574/3574/927 3575/3575/909 3576/3576/928
f 3577/3577/928 3578/3578/909 3579/3579/929
f 3580/3580/929 3581/3581/909 3582/3582/930
f 3583/3583/930 3584/3584/909 3585/3585/931
f 3586/3586/931 3587/3587/909 3588/3588/932
f 3589/3589/932 3590/3590/909 3591/3591/933
f 3592/3592/933 3593/3593/909 3594/3594/925
